資料集名稱,主題分類,資料集描述,主要欄位說明
臺北市哺乳專線,醫療,臺北市哺乳專線。,項次、服務單位、服務時間、市話、分機
臺北市酒癮治療服務機構,醫療,臺北市酒癮治療服務機構。,機構名稱、地址、電話、分機、其他聯絡方式、項次、機構名稱、地址、電話、其他聯絡方式
臺北市醫療保健福利業務,醫療,醫療保健福利業務。,項次、名稱、原預算數、預算增減數、合計數
臺北市工務統計資料,工務,臺北市道路、橋梁涵管、防洪排水、路燈、公園綠地、污水下水道、山坡地安全治理、綜合項目及其他、工務性別統計等9大類、93個主題、10萬餘筆時間數列統計資料。  ,項次、表名、資料期、項目、統計數值
臺北市政府政風處檢舉管道,資訊,提供臺北市政府政風處受理檢舉之管道,序號、縣市代碼、機關代碼、檢舉管道、通路資訊
臺北市政府各一級機關暨列席議會二級機關首長名錄,資訊,"收錄本府各一級機關及列席議會二級機關首長資料
",編號、機關、姓名、職稱、到職日、主要學歷、主要經歷、考試、通訊處、公務電話
「臺北最High新年城 跨年晚會」活動預算及參與人數,觀光,近三年「臺北最High新年城  跨年晚會」之預算、活動參與人數、轉播觀看人次,年度、活動內容、新臺幣元、活動參與人數、轉播觀看人次
臺北捷運廣場各場地活動日期及名稱,交通,臺北捷運公司所屬廣場各場地活動日期及名稱,開始日期、結束日期、地點、活動名稱、辦理單位
臺北市街友服務_街友中途之家暨盥洗服務據點,社福,提供街友中途之家暨盥洗服務據點資訊,類型、服務單位名稱、盥洗時間、地址、電話
臺北市愛心餐食_愛心餐食補給站,社福,提供愛心餐食補給站相關資訊,機構名稱、行政區代碼、中心主任、郵遞區號、地址、電話、傳真、經度、緯度、機關代碼、提供單位、上傳日期
臺北捷運興建中路網各線工程進度累計百分比,交通,本局截至2026年3月底計算興建中捷運路網各線工程進度並依預定進度執行完成各月執行項目,"項次、縣市代碼、機關代碼、路線名稱、預定進度、實際進度
"
臺北市各行政區不動產登記統計(拍賣登記),地政,本市各行政區不動產因拍賣登記之件數、土地筆數、土地面積、建物棟數及建物面積統計。,行政區、件數、土地筆數、土地面積(平方公尺)、建物棟數、建物面積(平方公尺)
臺北市各行政區不動產登記統計(買賣登記),地政,本市各行政區不動產因買賣登記之件數、土地筆數、土地面積、建物棟數及建物面積統計。,行政區、件數、土地筆數、土地面積(平方公尺)、建物棟數、建物面積(平方公尺)
臺北市各行政區不動產登記統計(抵押權設定),地政,本市各行政區不動產因抵押權設定之件數、土地筆數及建物棟數統計。,縣市、行政區、件數、土地筆數、建物棟數
臺北市各行政區不動產登記統計(第一次登記),地政,本市各行政區不動產因第一次登記之件數、建物棟數及建物面積統計。,縣市、行政區、件數、建物棟數、建物面積(平方公尺)
臺北市徵解地政規費,地政,臺北市相關地政規費徵收數及解庫數之統計資料,規費名稱、本月徵收金額、本年累計徵收金額、本月解庫金額、累計解庫金額、登記儲金金額
臺北市未辦繼承登記土地建物列冊管理辦理標售,地政,土地法第73條之1規定，土地或建築改良物，自繼承開始之日起逾1年未辦理繼承登記者，經該管直轄市或縣市地政機關查明後，應即公告繼承人於3個月內聲請登記；逾期仍未聲請者，得由地政機關予以列冊管理。列冊管理期間為15年，逾期仍未聲請登記者，由地政機關將該土地或建築改良物清冊移請國有財產局(自102年1月1日改制為財政部國有財產署)公開標售。,開始列冊管理年、本年列冊管理數-土地筆數、本年列冊管理數-土地持分面積、本年列冊管理數-建物棟數、本年列冊管理數-建物持分面積、本年停止列冊管理數-土地筆數、本年停止列冊管理數-土地持分面積、本年停止列冊管理數-建物棟數、本年停止列冊管理數-建物持分面積、本年列冊管理期滿移請財政部國有財產署標售數-土地筆數、本年列冊管理期滿移請財政部國有財產署標售數-土地持分面積、本年列冊管理期滿移請財政部國有財產署標售數-建物棟數、本年列冊管理期滿移請財政部國有財產署標售數-建物持分面積、截至本年底列冊管理數-土地筆數、截至本年底列冊管理數-土地持分面積、截至本年底列冊管理數-建物棟數、截至本年底列冊管理數-建物持分面積
臺北市開業地政士名冊,地政,臺北市開業地政士事務所名冊,姓名、開業證書字號、執照有效期限、事務所名稱、事務所地址
臺北市土地及建物登記管理,地政,臺北市土地及建物辦理標示變更登記、所有權登記、他項權利登記及其他登記等相關資料。,工作項目、細項、筆數、土地筆數、土地面積、建物棟數、建物面積、謄本張數
臺北市地政士業務檢查紀錄,地政,臺北市政府辦理地政士業務檢查紀錄表,編號、檢查日期、承辦人、行政區、地政士姓名、檢查結果、檢查原因
臺北市執行菸害防制法稽查成果,醫療,"行政區別、總計、自動販賣、郵購電子購物或其他無法辨識消費者年齡之方式（依菸害防制法第5條第1項）、開放式貨架等可由消費者直接取得且無法辨識年齡之方式（依菸害防制法第5條第2項）、每一販賣單位以少於20支及其內容物淨重低於15公克之包裝方式（依菸害防制法第5條第3項）、菸品容器加註之文字及標示（依菸害防制法第6條第1項）、菸品容器最大外表正反面應以中文標示健康警示圖文與戒菸相關資訊（依菸害防制法第6條第2項）、尼古丁及焦油含量標示（依菸害防制法第7條第1項）、尼古丁及焦油含量不得超過最高含量（依菸害防制法第7條第2項）、促銷菸品或為菸品廣告（依菸害防制法第9條）、販賣菸品場所標示及展示（依菸害防制法第10條第1項）、營業場所不得免費供應菸品（依菸害防制法第11條）、未滿18歲吸菸者（依菸害防制法第12條第1項）、供應菸品予未滿18歲者（依菸害防制法第13條第1項）、強迫引誘等方式使孕婦吸菸（依菸害防制法第13條第2項）、不得製造輸入販賣菸品形狀之物品（依菸害防制法第14條）、全面禁菸場所不得吸菸（依菸害防制法第15條第1項）、所有入口處設置明顯禁菸標示且不得供應與吸菸有關器物（依菸害防制法第15條第2項）、未設吸菸區者全面禁菸（依菸害防制法第16條第1項）、所有入口處及其他適當地點設置明顯禁菸標示或除吸菸區外不得吸菸意旨之標示除吸菸區外不得供應與吸菸有關器物（依菸害防制法第16條第2項）、吸菸區標示及設置規定（依菸害防制法第16條第3項）、下午9時以後開始營業且18歲以上始能進入之酒吧視聽歌唱場所（依菸害防制法第15條第1項第11款）、其他經各級主管機關指定公告之場所及交通工具（依菸害防制法第16條第1項第4款）、其他
","行政區別、總計、自動販賣郵購電子購物或其他無法辨識消費者年齡之方式（依菸害防制法第5條第1項）、開放式貨架等可由消費者直接取得且無法辨識年齡之方式（依菸害防制法第5條第2項）、每一販賣單位以少於20支及其內容物淨重低於15公克之包裝方式（依菸害防制法第5條第3項）、菸品容器加註之文字及標示（依菸害防制法第6條第1項）、菸品容器最大外表正反面應以中文標示健康警示圖文與戒菸相關資訊（依菸害防制法第6條第2項）、尼古丁及焦油含量標示數（依菸害防制法第7條第1項）、尼古丁及焦油含量不得超過最高含量數（依菸害防制法第7條第2項）、促銷菸品或為菸品廣告數（依菸害防制法第9條）、販賣菸品場所標示及展示（依菸害防制法第10條第1項）、營業場所不得免費供應菸品數（依菸害防制法第11條）、未滿18歲吸菸者人數（依菸害防制法第12條第1項）、供應菸品予未滿18歲者（依菸害防制法第13條第1項）、強迫引誘等方式使孕婦吸菸（依菸害防制法第13條第2項）、不得製造輸入販賣菸品形狀之物品（依菸害防制法第14條）、全面禁菸場所不得吸菸（依菸害防制法第15條第1項）、所有入口處設置明顯禁菸標示且不得供應與吸菸有關器物（依菸害防制法第15條第2項）、未設吸菸區者全面禁菸（依菸害防制法第16條第1項）、所有入口處及其他適當地點設置明顯禁菸標示或除吸菸區外不得吸菸意旨之標示除吸菸區外不得供應與吸菸有關器物（依菸害防制法第16條第2項）、吸菸區標示及設置規定（依菸害防制法第16條第3項）、下午9時以後開始營業且18歲以上始能進入之酒吧視聽歌唱場所（依菸害防制法第15條第1項第11款）、其他經各級主管機關指定公告之場所及交通工具（依菸害防制法第16條第1項第4款）、其他、行政區別、總計、自動販賣郵購電子購物或其他無法辨識消費者年齡之方式數、開放式貨架或其他可由消費者直接取得之方式數、每一販賣單位以少於20支及其內容物淨重低於15公克之包裝方式數、菸品容器加註之文字及標示數、菸品容器最大正面及反面明顯位置處應以中文標示健康警示圖文及戒菸相關資訊且其標示面積不得低於該面積50%、菸品不得使用經中央主管機關公告禁止使用之添加物數、尼古丁及焦油含量標示、菸品指定菸品必要之組合元件之促銷或廣告數、販賣菸品場所標示數、營業場所不得免費供應菸品指定菸品必要之組合元件、不得製造輸入販賣供應展示或廣告與菸品或菸品容器形狀近似物品、任何人不得製造輸入販賣供應展示或廣告之物品數、未滿20歲者不得吸菸、不得供應菸品指定菸品必要之組合元件予未滿20歲之人亦不得以強迫引誘或其他方式使孕婦或未滿20歲之人吸菸、全面禁菸場所不得吸菸、於旅館商場餐飲店酒吧夜店雪茄館或其他供公眾消費之室內場所且未設置獨立空調及獨立隔間之吸菸室內吸菸、所有入口處設置明顯禁菸標示且不得供應與吸菸有關器物、未設吸菸區者全面禁菸、其他經各級主管機關指定公告之場所及交通工具、所有入口處及其他適當地點設置明顯禁菸標示或除吸菸區外不得吸菸意旨之標示;除吸菸區外不得供應與吸菸有關器物、吸菸區標示及設置規定、其他
"
臺北自來水事業處供水系統內水質,資訊,臺北自來水事業處供水系統內水質資訊,"項次、檢驗項目、單位、水質標準限值、方法偵測極限數值、瑠公圳公園數值、富陽公園數值、民生加壓站數值、富生公園數值、民族東路數值、進安公園數值、保福路數值、中和員山路數值、公館加壓站數值、永和區數值、三重同安東街數值、大有街數值、新店安康路數值、十四張公園數值、羅斯福路六段數值、木新路數值、中山北路一段數值、三清宮數值、研究院路數值、興南宮數值、大湖公園加壓站數值、承德路七段數值、陽明山格致路數值、士林至善路數值、龍塘綠地數值、汐止芳園街數值
"
臺北市哺集乳室,醫療,(1)臺北市依法應設置哺集乳室之公共場所：依據公共場所母乳哺育條例規範所設置之哺集乳室(2)友善臺北哺集乳室：收錄526筆本市對外開放民眾使用之哺集乳室資訊 ,機關名稱、開放時間、地址、電話、分機、手機、行政區、機構名稱、地址、電話、分機、手機、開放時間、位置指引、基本設備、友善設備或服務、優良哺集乳室認證效期、輪椅使用、貼心小提醒
臺北自來水事業處各淨水場清水水質,資訊,臺北自來水事業處各淨水場清水水質資訊,項次、檢驗項目、單位、水質標準限值、方法偵測極限數值、直潭淨水場數值、長興淨水場數值、公館淨水場數值、雙溪水源數值、士林水源數值、三角埔數值、頂北投水源數值、鹿角坑清數值
臺北自來水事業處各淨水場原水水質,資訊,臺北自來水事業處各淨水場原水水質資訊,項次、檢驗項目、單位、水源水質標準限值、方法偵測極限數值、直潭水源數值、青潭水源數值、雙溪水源數值、士林水源數值、陽明山第一水源數值、陽明山第三水源數值、陽明山第四水源數值、頂北投水源數值、鹿角坑數值、北投第一水源數值
臺北市社區輿情通報數,民政,本數據為臺北市社區中所執行之重大政策、重要措施以及公共工程之彙報資訊，以及所發生警政消防、社會救助及民政區政等不定期案件通報數總數，108-111年以年度總數公開，112年起逢每年1、3、5、7、9、11月份公告前2月份之各別數據。,編號、年、月、輿情通報案件數（單位：件）、備註
臺北市所轄面積暨行政區里鄰數量月報表,民政,臺北市所轄面積暨各行政區、里、鄰數量每月統計報表,行政區別、面積（平方公里）、區數量、里數量、鄰數量
臺北市政府職期遷調人數統計,統計,臺北市政府實施職期遷調情形統計表,序號、各類人員辦理情形、人數、總計、備註
臺北自來水事業處業務關鍵數據,經濟,本表為臺北自來水事業處有關生產、供水、營業、人事及財務等業務關鍵數據,年月、配水量（立方公尺）、自來水直飲台數量（台）、線上水質監測站數量（站）、平均水壓（kg/cm2）、輸配水管線長度（公里）、計費水量（立方公尺）、支援台水水量（立方公尺）、扣支援台水水量後之用水量（立方公尺）、供水區域之總人口數（人）、供水區域用水人口數（人）、供水普及率（%）、用戶數（戶）、每人每日平均用水量（公升）、員工人數（人）、職員（人）、工員（人）、每員工平均服務用戶數（戶）、本月收入（千元）、銷貨收入（千元）、勞務收入（千元）、其他營業收入（千元）、營業外收入（千元）、本月支出（千元）、銷貨成本（千元）、勞務成本（千元）、其他營業成本（千元）、營業外費用（千元）、本月盈餘（千元）、資產（千元）、負債（千元）、業主權益（千元）
The Key Business Data of Taipei Water Department(Taipei Water Department),經濟,本表為臺北自來水事業處有關生產、供水、營業、人事及財務等業務關鍵數據,YYYMM（ROC）、Volume of water distributed（CBM）、Place and unit of Direct Drinking Stand（Quantity）、No. of on- line water quality monitoring stations（Quantity）、Average water pressure（kg/cm2）、Length of pipelines of transportation and distribution（Km）、Revenue water volume（CBM）、Volume supporting Taiwan Water Corp.（CBM）、Water volume consumed after deducting volume supporting Taiwan Water Corp.（CBM）、Total population in the water supply area（Person）、Water consuming population in the water supply area（Person）、Prevalence rate of water supply（％）、Number of customer（Household）、Average per day per capita water consumption（Liter）、Number of employees（Person）、Staff（Person）、Worker（Person）、Average number of customer served by each employee（Household）、Revenue of current month（NTD K）、Sales revenue（NTD K）、Service revenue（NTD K）、Other business income（NTD K）、Non-operating income（NTD K）、Expenditure of current month（NTD K）、Sales cost（NTD K）、Service costs（NTD K）、Other operating costs（NTD K）、Non-operating expenses（NTD K）、Earnings of current months（NTD K）、Asset（NTD K）、Liability（NTD K）、Owens Liability（NTD K）
臺北市政府消防局楷模名冊,消防,鳳凰獎楷模,"年度、縣市代碼、機關代碼、職稱、姓名、性別、更新頻率、備註
"
臺北市政府秘書處接待國際貴賓一覽表,資訊,臺北市政府秘書處接待國際貴賓一覽表(107年迄今),國家、接待長官、日期、訪團名稱、訪團人數
臺北市與各姊妹市締結資料,統計,臺北市與國際城市締盟資料,國名、市名、日期、時任臺北市市長、時任姊妹市市長
臺北市就業促進研習班開課表,勞動,臺北市就業促進研習班開課表相關資料,序號、上課日期、上課時間、站別、辦理方式、類別、課程名稱、課綱、講師、上課地點、預約人數、地址、備註
臺北市就業服務處求職求才職缺資訊,勞動,求職求才職缺,公司名稱、職缺、工作內容、職缺數、薪資種類、薪資起、薪資迄、活動時間、活動地點
臺北市求職、求才及推介就業人數按職業別分,勞動,臺北市求職、求才及推介就業人數-按職業別分之統計報表,項目別、總計、民意代表主管及經理人員男、專業人員女、技術員及助理專業人員新登記合計、事務支援人員新登記男、服務及售貨工作人員新登記女、農林漁牧業生產人員有效合計、技術有關工作人員有效男、機械設備操作及組裝人員有效女、基層技術工及勞力工新登記合計、其他新登記合計
臺北市求職、求才及推介就業人數按教育別分,勞動,臺北市求職、求才及推介就業人數-按教育別分之統計報表,項目別、求職人數新登記總計、求職人數新登記男、求職人數新登記女、求職人數有效總計、求職人數有效男、求職人數有效女、求才人數新登記、求才人數有效、求職推介就業人數新登記總計、求職推介就業人數新登記男、求職推介就業人數新登記女、求職推介就業人數有效總計、求職推介就業人數有效男、求職推介就業人數有效女、求才僱用人數新登記、求才僱用人數有效、推介人次新登記總計、推介人次新登記男、推介人次新登記女、推介人次有效總計、推介人次有效男、推介人次有效女
臺北市有效求職者未能推介就業之原因－按職業分,勞動,臺北市有效求職者未能推介就業之原因－按職業分之統計報表,項目別、總計、民意代表主管及經理人員、專業人員、技術員及助理專業人員、事務支援人員、服務及售貨工作人員、農林漁牧業生產人員、技術有關工作人員、機械設備操作及組裝人員、基層技術工及勞力工、其他
臺北市求職、求才及推介就業人數按年齡別分,勞動,臺北市求職、求才及推介就業人數-按年齡別分之統計報表,項目別、求職人數新登記總計、求職人數新登記男、求職人數新登記女、求職人數有效總計、求職人數有效男、求職人數有效女、求才人數新登記、求才人數有效、求職推介就業人數新登記總計、求職推介就業人數新登記男、求職推介就業人數新登記女、求職推介就業人數有效總計、求職推介就業人數有效男、求職推介就業人數有效女、求才僱用人數新登記、求才僱用人數有效、推介人次新登記總計、推介人次新登記男、推介人次新登記女、推介人次有效總計、推介人次有效男、推介人次有效女
臺北市就業服務處聯絡資訊,勞動,臺北市就業服務處各單位(含處內及本處外站)聯絡資訊,名稱、地區、地址、電話、網址、備註
臺北市就職求才人數及求供倍數,勞動,臺北市就職求才人數及求供倍數資料,項目別、求職人數新登記、求職人數有效、求才人數新登記、求才人數有效、求供倍數新登記、求供倍數有效
臺北市青年創業融資貸款,經濟,臺北市青年創業融資貸款。,"期間、申請件數-累計、核准件數-累計、核准金額-累計-萬元、受理機關、機關代碼
"
臺北市新生兒聽力篩檢/確診合約醫院,醫療,新生兒聽力篩檢/確診合約醫院,項次、縣市、醫事機構代碼、醫療院所名稱、地址、聯絡資訊
臺北市第3胎(含)以上鼓勵生育措施,醫療,臺北市第3胎(含)以上鼓勵生育措施。,資料集名稱、電話、分機、備註、相關資料
臺北小巨蛋場地租用資訊,交通,臺北捷運每月臺北小巨蛋場地租用資訊,廠商、租用起始日、租用結束日、活動名稱、活動類型
臺北小巨蛋主場館活動使用空間租用資訊,交通,臺北捷運每月臺北小巨蛋主場館活動使用空間租用資訊,廠商、租用起始日、租用結束日、活動名稱、租用項目
臺北小巨蛋廣場租用資訊,交通,臺北捷運每月臺北小巨蛋廣場租用資訊,廠商、租用起始日、租用結束日、活動名稱、租用項目
臺北小巨蛋冰上樂園場地使用資訊,交通,臺北捷運每月臺北小巨蛋冰上樂園場地使用資訊,申請單位、租用起始日、租用結束日、活動名稱、使用類別
臺北小巨蛋廣告租用資訊,交通,臺北捷運每月臺北小巨蛋廣告租用資訊,廠商、租用起始日、租用結束日、活動名稱、租用項目
臺北市原住民人口數按民族別分,統計,依據戶籍登記資料產製,年份、月份、性別、總計、阿美族數量、泰雅族數量、排灣族數量、布農族數量、魯凱族數量、卑南族數量、鄒族數量、賽夏族數量、雅美族數量、邵族數量、噶瑪蘭族數量、太魯閣族數量、撒奇萊雅族數量、賽德克族數量、拉阿魯哇族數量、卡那卡那富族數量、尚未申報、西拉雅族數量、凱達格蘭族數量、道卡斯族數量、巴宰族數量、拍瀑拉族數量、巴布薩族數量、洪雅族數量、噶哈巫族數量、大武壠族數量、馬卡道族數量
臺北市 今日施工資訊,工務,臺北市道路挖掘即時施工通報資訊，含Ac_no(核備文號)、sno(序號)、AppMode(通報類別)、X(X座標)、Y(Y座標)、AppTime(通報時間)、App_Name(施工單位)、C_Name(行政區)、Addr(施工位置)、Cb_Da(核准施工起日)、Ce_Da(核准施工迄日)、Co_Ti(施工時段)、Tc_Ma(監工)、Tc_Tl(監工電話)、Tc_Ma3(廠商現場施工人員)、Tc_Tl3(現場施工人員手機)、NPurp(挖掘目的)、DType(逾時原因)、DLen(挖掘長度)、IsStay(是否長設工區)、IsBlock(是否影響通行)、PlanB(替代方案)、WItem(施工工項)、Positions(施工位置)等欄位,Ac_no、sno、AppMode、X、Y、AppTime、App_Name、C_Name、Addr、Cb_Da、Ce_Da、Co_Ti、Tc_Ma、Tc_Tl、Tc_Ma3、Tc_Tl3、NPurp、DType、DLen、IsStay、IsBlock、PlanB、WItem、Positions
臺北市道路申請活動使用管制圖資,資訊,臺北市道路申請活動使用管制圖資，含geometry(幾何坐標)、er_name(活動名稱)、rnote(活動描述)、road(管制路段)、st_date(管制起始日期)、en_date(管制終止日期)、ha_unitn(主辦機關)、ma_unitn(主管機關)、contman(聯絡人)、contact(聯絡方式)等欄位,geometry、er_name、rnote、road、st_date、en_date、ha_unitn、ma_unitn、contman、contact
臺北市今日即時施工影像,工務,臺北市今日即時施工影像案件資訊，含Ac_no(核備文號)、sno(序號)、AppMode(通報類別)、X(X座標)、Y(Y座標)、AppTime(通報時間)、App_Name(施工單位)、C_Name(行政區)、Addr(施工位置)、Cb_Da(核准施工起日)、Ce_Da(核准施工迄日)、Co_Ti(施工時段)、Tc_Ma(監工)、Tc_Tl(監工電話)、Tc_Ma3(廠商現場施工人員)、Tc_Tl3(現場施工人員手機)、NPurp(挖掘目的)、DType(逾時原因)、DLen(挖掘長度)、IsStay(是否長設工區)、IsBlock(是否影響通行)、PlanB(替代方案)、WItem(施工工項)、Positions(施工位置)等欄位,Ac_no、sno、AppMode、X、Y、AppTime、App_Name、C_Name、Addr、Cb_Da、Ce_Da、Co_Ti、Tc_Ma、Tc_Tl、Tc_Ma3、Tc_Tl3、NPurp、DType、DLen、IsStay、IsBlock、PlanB、WItem、Positions
臺北市明日道路施工預約資訊,工務,"臺北市明日道路施工預約資訊，含geometry(幾何坐標)、rmode(施工類別：0：挖掘施工, 3：銑鋪, 5：道路維護, 6：人手孔施工, B：建案復舊)、ac_no(核備文號)、ap_name(施工單位)、 addr(施工地點)、wdate(施工日期)、co_ti(施工時間)、rtime(預約時間)、tc_na(施工廠商)、tc_ma(監工人員)、tc_tl(監工人員手機)、tc_ma3(廠商現場人員)、tc_tl3(廠商現場人員手機)、rtype(施工位置)等欄位",geometry、rmode、ac_no、ap_name、addr、wdate、co_ti、rtime、tc_na、tc_ma、tc_tl、tc_ma3、tc_tl3、rtype
臺北市政府工務局採購案件,工務,113年臺北市政府工務局暨所屬工程處採購案件,機關名稱、標案案號、標案名稱、標的分類、總決標金額
臺北市張掛旗幟路段參考一覽表,環保,臺北市路燈桿旗幟申請參考路段、已核可活動及時間等資訊,路段名稱、路段級數、每個活動可掛組數、路段活動編號、張掛起日、張掛止日、活動名稱、張掛起日、張掛止日、活動名稱、張掛起日、張掛止日、活動名稱、張掛起日、張掛止日、活動名稱、張掛起日、張掛止日、活動名稱
臺北市行人專用清潔箱,環保,提供民眾本市行人專用清潔箱位置查詢，另民眾可用手機下載「台北通」APP，開啟定位設定並由服務專區進入周邊服務後，自「垃圾清潔、舊衣回收」類別點選「清潔箱」服務項目，即可搜尋鄰近之清潔箱。,行政區、地址、經度、緯度、備註
臺北市稅捐稽徵處辦理政策及業務宣導之執行情形表,統計,辦理政策及業務宣導之執行情形表,"項次、宣導項目、媒體類型、宣導期程、預算來源、預算科目、執行金額、受委託廠商名稱、預期效益、刊登或託播對象




"
臺北市立動物園_植物資料,環保,大自然裡除了有各式各樣的動物活躍其間，還有許多美麗繽紛的植物共榮共存，經由動植物間的交互作用進而創造了地球上的生態系多樣性。本資料集提供臺北市立動物園園區之植物展示導覽資訊，帶領社會大眾一同探索植物的奧秘。(本資料集開放授權應用內容僅限文字範圍，圖片、聲音及影片等多媒體資訊不在開放授權範圍),中文名、摘要說明、關鍵字、別名、經度、緯度、位置、英文名、學名、分類學_科、分類學_屬、簡介、地理分布、編號代號、照片說明及URL(4組)、PDF說明及URL(2組)、聲音說明及URL(3組)、影片URL、資料更新日期、序號
臺北市政府所屬政風機構聯絡資訊,資訊,臺北市政府所屬政風機構聯繫電話,序號、行政區域代碼、機關代碼、機關、電話
臺北市代收稅款金融機構,財稅,金融機構,序號、銀行代號、名稱、區碼、連絡電話
臺北市最近5年土地增值稅稅源統計表,財稅,臺北市最近5年土地增值稅稅源統計表(110-114年),年度別、稅種、筆數（筆）、面積（平方公尺）、移轉現值（千元）、調整後原地價（千元）、改良土地費用（千元）、漲價總數額（千元）、長期持有減徵（千元）、查定稅額（千元）、增繳地價抵繳（千元）、重劃減徵（千元）、其他減徵（含都更減徵）（千元）、應納稅額（千元）
臺北市都市更新審議會議程及紀錄,都更,都市更新審議會議程及記錄。,民國年、民國年月日（民國日期）、agenda（議程）、record（會議記錄）、CountyCode。
臺北市學齡前幼兒新生學童預防接種檢查與補種工作手冊,醫療,有關臺北市學齡前幼兒新生學童預防接種檢查與補種工作手冊資料。,編號、資料集名稱、相關資訊、檔案格式、更新日期
臺北市市有尚未利用建物供給資料清冊,財稅,臺北市政府財政局_臺北市市有尚未利用建物供給資料清冊,序號、管理機關、原使用用途、行政區、建物標示、門牌、建物樓層、建築完成日期、AREA_㎡、預定處理方式
臺北市市有尚未利用土地供給資料清冊,財稅,臺北市政府財政局_臺北市市有尚未利用土地供給資料清冊,序號、行政區、段代碼_段小段_地號、面積_m2、管理機關
臺北市測量申請案件統計,地政,臺北市土地複丈、建物測量申請案件統計數,地政事務所、土地分割件數、土地合併件數、鑑界、土地法院囑託、土地其他、建物一般案件、建物門牌基地號勘查及建物滅失、建物法院囑託
臺北市土地登記印鑑設置及使用情形統計,地政,臺北市土地登記印鑑設置及使用情形統計之使用情形。,地政事務所別、申請設置印鑑人數、註銷印鑑人數、累計印鑑設置人數、新增印鑑使用案件數、累計印鑑使用案件數
臺北市實價登錄每季動態分析,地政,配合內政部政策，進行臺北市實價登錄每季動態分析。,行政區、提供查詢之買賣實價案件數_件、住宅區房地買賣實價案件數_件、商業區房地買賣實價案件數_件、工業區房地買賣實價案件數_件、實價登錄動態分析
臺北捷運系統票價,交通,提供臺北捷運系統各票種之票價,起站、訖站、全票票價[金額]、敬老卡愛心卡愛心陪伴卡及臺北市與新北市兒童優惠票價[金額]、距離
臺北捷運藝文廊各場地展覽資訊,交通,臺北捷運公司所屬藝文廊各場地展覽資訊,"起始日期、結束日期、地點、活動名稱、辦理單位

"
臺北市契稅稅源統計表,財稅,臺北市契稅稅源統計表(每年),項目別、應稅件數、免稅件數、應稅契價、免稅契價、應稅本稅、免稅本稅、合計件數、合計契價、合計本稅
臺北市聽力所,醫療,臺北市聽力所。,序號、機構名稱、行政區域代碼、郵遞區號、地址
臺北市醫療機構科別,醫療,有關臺北市醫療機構科別資料。,序號、科別名稱、縣市別代碼、檔案格式、更新日期
臺北市政府各機關學校統一編號,資訊,臺北市各機關學校統一編號,項次、縣市代碼、機關學校名稱、統一編號、資料說明
臺北市稅務小常識電子書,財稅,稅務小常識文宣電子書資料,機關名稱、年度、說明、頁數、資料說明
臺北市稅捐稽徵處中英文簡介,財稅,臺北市稅捐稽徵處中英文簡介資料,項次、機關名稱、年度、說明、頁數
臺北市年度勞資爭議統計依主要爭議類別區分,勞動,依主要爭議類別區分勞資爭議統計報表,年度、轄區、性質、主要爭議類別、案件數（數量）
臺北市年度勞資爭議統計依行業別區分,勞動,依行業別區分勞資爭議統計報表,年度、統計月份、轄區、行業別、案件數（數量）
臺北市免費勞工法令律師諮詢時段,勞動,免費諮詢律師的地點及諮詢時段,地點、郵遞區號、地址、方式、時段
臺北市調處勞資爭議調解之民間團體簡介,勞動,民間團體簡介,名稱、郵遞區號、區域、地址、電話
臺北捷運車站電梯維修預排時程表,交通,臺北捷運車站最近2個月電梯預防檢修預排時程表(不含臨時性故障)，本表僅為預定排程，實際檢修時間仍依車站現場告示為主。,保養日期(年月日)、線別、車站、電梯位置、設備編號、保養週期、保養時段
臺北市國民住宅配售(租)情形,統計,年度臺北市國民住宅配售(租)統計表,項次、國宅別、興建戶數/A、數量、出售承購戶數、出售簽約戶數、出租承租戶數、出租簽約戶數、待售戶數/B1、待租戶數/B2、累計配售租戶數/A-B1-B2、備註
臺北市 都市更新事業(重建區段)建築物工程造價要項,都更,"臺北市都市更新事業(重建區段)建築物工程造價要項。
",民國年月、DocNo（文號）、Description（內容）、ArticleType、CountyCode。
臺北市都市更新事業及權利變換計畫內有關費用提列總表,都更,"都市更新事業及權利變換計畫內有關費用提列總表。
",民國年月、DocNo（文號）、Description（內容）、ArticleType、CountyCode。
臺北市自行劃定更新單元查詢,都更,自行劃定更新單元查詢之更新單元案件清單。,ItemName(項目名稱)、URL(網址)、Description(說明)、Area(涵蓋區域)、CountyCode(縣市別代碼)。
臺北市已核准自行劃定更新單元案件,都更,已核准自行劃定更新單元案件。,民國年月、areaName（行政區）、DocNo（文號）、caseName（案名）、Description（內容）。
臺北市都市更新容積獎勵案件統計表,都更,臺北都市更新容積獎勵案件統計表。,"Year（西元年）、Quantity（核定案件數量）、Area（總計獲得容積獎勵單位平方公尺）、Region、CountyCode。
"
臺北市 都市更新相關法規,都更,"臺北市都市更新相關法規。
",SeqNo（編號）、ItemName（標題）、民國年月日（民國日期）、ArticleType、CountyCode。
臺北市立動物園_服務設施,觀光,本資料集提供臺北市立動物園園區之服務設施，包含諮詢售票、醫護急救、交通服務、設施服務和餐飲服務等五大類服務設施簡介及位置座標，提供各種貼心的遊園服務。(本資料集開放授權應用內容僅限文字範圍，圖片、聲音及影片等多媒體資訊不在開放授權範圍),S_Category、S_Item、S_Title、S_Summary、S_Memo、S_Brief、S_Meal、S_Shop、S_Keywords、S_Location、S_Longitude、S_Latitude、S_Web_URL、S_Pic01_ALT、S_Pic01_URL、S_Pic02_ALT、S_Pic02_URL、S_Pic03_ALT、S_Pic03_URL、S_Pic04_ALT、S_Pic04_URL、S_Pic05_ALT、S_Pic05_URL、S_Page
臺北市政府兵役局補助民間團體經費報告,統計,補助民間團體經費報告,年、受補助民間團體名稱、實施日期、活動名稱、活動內容摘要、列之科目名稱、補助金額核定額、補助金額已撥付額、補助金額實支數、審核及處理結果
臺北市狗便清潔袋箱,環保,"提供民眾本市狗便清潔袋箱箱位置查詢
狗便隨手清、北市好乾淨",行政區、路名、位置、經度、緯度、備註
臺北市稅捐稽徵處未徵數情形,財稅,分析本年度及以前年度各稅未徵數情形,年度及稅目別、總計件數、總計金額、繳款書未送達未徵數件數、繳款書未送達未徵數金額、未逾限繳日未徵數件數、未逾限繳日未徵數金額、行政救濟未徵數件數、行政救濟未徵數金額、分期繳納未徵數件數、分期繳納未徵數金額、特殊原因未徵數件數、特殊原因未徵數金額、送達未逾滯納期欠稅數件數、送達未逾滯納期欠稅數金額、待移送執行欠稅數件數、待移送執行欠稅數金額、移送執行未結欠稅數件數、移送執行未結欠稅數金額、取得執行憑證欠稅數合計件數、取得執行憑證欠稅數合計金額、取得執行憑證欠稅數未逾徵收期間件數、取得執行憑證欠稅數未逾徵收期間金額、取得執行憑證欠稅數已逾徵收期間惟未逾執行期間件數、取得執行憑證欠稅數已逾徵收期間惟未逾執行期間金額、移送執行結銷案欠稅數件數、移送執行結銷案欠稅數金額、無法執行欠稅數件數、無法執行欠稅數金額
臺北市未變性酒精販賣業者登記資料一覽表,財稅,臺北市未變性酒精販賣業者登記資料,編號、業者公司名稱、營利事業暨扣繳單位統一編號、負責人姓名、公司地址、核准文號
臺北市替代役申請人數統計表,統計,臺北市替代役申請人數統計,年、一般資格人數、家庭因素人數、宗教因素人數、專長資格人數、志工資格人數、研發或產業訓儲人數
臺北市食藥粧網路地圖(IMAP),醫療,食藥粧網路地圖稽查結果。,編號、資料集名稱、相關資料、檔案格式、更新日期
臺北市12區健康服務中心公衛護理師(士)人數,醫療,臺北市12區健康服務中心公衛護理師(士)人數。,項次、12區健康服務中心、公衛護理師（士）人數、地址、郵遞區號
臺北市各區健康服務中心人員統計表,統計,臺北市各區健康服務中心年底人員數。,行政區健康服務中心、主任編制員額專任、主任實際員額其他行政人員員額、秘書及組長編制員額數、秘書及組長實際員額數、護理長編制員額（兼任）、護理長實際員額（兼任）、護理師編制員額數、護理師實際員額數、護士實際員額、辦事員（組員及書記）編制員額數、辦事員（組員及書記）實際員額數、技士及技佐編制員額、技士及技佐實際員額、工友編制員額、工友實際員額、其他（雇員替代役委外約聘僱及臨時人員）編制員額、其他（雇員替代役委外約聘僱及臨時人員）非編制員額、其他（雇員替代役委外約聘僱及臨時人員）實際員額
臺北市政府衛生局在職人員專業證照統計表,統計,臺北市政府衛生局年底在職人員專業證照人數。,性別、總計數、一般行政及技術人員數、醫事人員合計數、西醫師、藥師、醫事檢驗師、護理師數、護士、營養師數、物理治療師、職能治療師、臨床心理師、諮商心理師
臺北市政府勞動局暨所屬機關聯絡資訊,勞動,提供臺北市政府勞動局、臺北市勞動檢查處、臺北市就業服務處（含各就業服務站）、臺北市勞動力重建運用處及臺北市職能發展學院聯絡資訊,名稱、地區、地址、電話、網址
臺北市公有耕地三七五租約統計表,地政,114年度臺北市公有耕地三七五租約統計表,年度、佃農戶數、土地筆數、租約件數、訂約面積
臺北市違反身心障礙者權益保障法第38條規定未足額進用名單,勞動,依據身心障礙者權益保障法第103條規定：「各級政府勞工主管機關對於違反第38條第1項或第2項之規定者，得公告之。」,年度、月、投保單位名稱、身障總人數、法定人數、不足人數、不足進用之比率
臺北市政府消防局核准燃氣熱水器承裝業及其技術士名冊,消防,臺北市政府消防局核准燃氣熱水器承裝業名稱、地址、負責人及其技術士姓名、證號、證號生效日期,承裝業名稱、營業場所地址、營業場所電話、負責人姓名、技術士姓名、技術士證號、技術士證生效日期、任職日期、最近一次受訓日期
臺北市燃氣熱水器承裝業營業登記收費標準,消防,臺北市燃氣熱水器承裝業營業登記收費標準規定、營業登記費、變更登記費、登記證書換發、補發費,"縣市別代碼、機關代碼、項次、收費項目、收費金額
"
臺北市燃氣熱水器遷移或更換補助申請資訊,消防,臺北市遷移或更換燃氣熱水器補助申請表單、一般戶及低收戶申請表單,補助期程、行政區、聯絡電話、分機、補助金額
臺北市身障就業資源地圖,勞動,"身障就業資源地圖(職業重建暨就業服務、職業輔導評量服務、職務再設計、就業服務機構、庇護工場)
依身心障礙者權益保障法第三十四條第一項規定，各級勞工主管機關對於具有就業意願及就業能力，而不足以獨立在競爭性就業市場工作之身心障礙者，應依其工作能力，提供個別化就業安置、訓練及其他工作協助等支持性就業服務。
而影響身障者就業穩定的重要因素之一即是交通，讓身障者可以就近在居住一定範圍內，或在交通便利上可以方便找到服務單位，一直是本處提供便利服務的重要指標。
因此建立身障就業資源地圖，讓有需要服務的身障者可以就近尋求服務，就是重要的工作原則之一。在網站上將各種不同服務方案，標列在地圖上，而且把各服務據點的地址、電話一一列出，可以讓身障者可依自行方便的區域尋求服務，既符合法令規定，在實務上也可更貼近便民的服務理念。 
",SEQNO、Year、name、type、business item、contact、address、telephone
臺北市政府許可仲介本國人在國內工作之私立就業服務機構暨分支機構停業情形,勞動,依私立就業服務機構許可及管理辦法第39條規定公告。,編號、許可證字號、機構名稱、暫停營業日期、復業日期、終止營業日期、註銷或廢止日期、停業處分（起）日、停業處分（止）日、廢止日期
臺北市政府許可仲介本國人在國內工作之私立就業服務機構暨分支機構名冊,勞動,依私立就業服務機構許可及管理辦法第39條規定公告,編號、許可證字號、機構名稱、機構地址、機構電話、負責人姓名、許可證有效期限、資本額、專業人員姓名及證照字號
臺北美術獎近期徵件資料,文化,「2025臺北美術獎」徵件作品數量資料,年度、總計/入選、入選率、CountyCode、機關代碼
臺北市立美術館申請展近期統計資料,文化,臺北市立美術館115年申請展作品類統計資料,民國年、平面、立體、影音複合媒體、總計/入選、入選率、機關代碼
臺北市辦理身心障礙者促進就業業務概況表,勞動,本市各項身心障礙者就業促進相關業務辦理情形統計資料,項次ID、項目別、總經費合計、公務預算、身心障礙者就業基金、勞動部就業安定基金、獎勵人數、獎勵家數、服務人數、委託單位數、專業人員人數、視障按摩師總人數、補助視障按摩據點家數
臺北市政府法令諮詢案件統計表,法律,統計臺北市政府法務局每年度提供法令諮詢意見數量,年度、提供法令疑義諮詢意見總計數量、提供法令疑義諮詢意見法令疑義解釋數量、提供法令疑義諮詢意見契約疑義協處數量、處理一般法令案件總計數量、處理一般法令案件市法規發布數量、處理一般法令案件中央法令轉頒數量、處理一般法令案件市法規審議案數量、參與各項法令適用研商會議/總計數量、參與各項法令適用研商會議/法規委員會議數量、參與各項法令適用研商會議/國家賠償事件處理委員會議數量、參與各項法令適用研商會議/出席各單位法令研商會議數量
臺北市土地筆數面積及公告土地現值統計,地政,本市自101年迄今各行政區已辦竣所有權登記之土地筆數、面積及公告土地現值總額統計,行政區、筆數總計、面積總計_公頃、公告土地現值總額總計_千元、都市土地公有筆數、都市土地公有面積_公頃、都市土地公有公告土地現值總額_千元、都市土地私有筆數、都市土地私有面積_公頃、都市土地私有公告土地現值總額_千元、都市土地公私共有筆數、都市土地公私共有面積_公頃、都市土地公私共有公告土地現值總額_千元
臺北捷運車站無障礙設施異常公告,交通,捷運車站無障礙設施異常公告,六張犁站、電梯、檢修、完成
臺北市立動物園_動物資料,教育,本資料集提供臺北市立動物園園區之動物導覽整合資訊，藉由文字、圖片、影音等解說媒，融合保育及教育的觀點解說動物的生態習性，帶領社會大眾一同探索野生動物的奧秘。(本資料集開放授權應用內容僅限文字範圍，圖片、聲音及影片等多媒體資訊不在開放授權範圍),中文名、摘要說明、關鍵字、別名、經度、緯度、館區、POI群組、英文名、學名、分類學_門、分類學_綱、分類學_目、分類學_科、保育等級、地理分布、棲地型態、形態特徵、生態習性、食性、面臨問題、解說、主題網頁、主題網頁URL、動物認養焦點物種、編號代號、照片說明及URL(4組)、PDF說明及URL(2組)、聲音說明及URL(3組)、影片URL、資料更新日期、序號
臺北市實價周報,地政,臺北市不動產成交案件實際資訊申報登錄資訊(係為產製當時之資料，後續系統維護致資料異動，可利用臺北地政雲(https://cloud.land.gov.taipei/)所提供不動產交易實價查詢功能查閱最新實價資訊狀態，該系統會同步更新買賣、預售屋及租賃之交易實價資料。,成交案件類型(CASE_T)、行政區(DISTRICT)、交易標的/租賃標的(CASE_F)、預售屋建案名稱(BUILD_NAME)、土地區段位置或建物區門牌(LOCATION)、土地移轉總面積(坪)/土地租賃總面積(坪)(LANDA)、都市土地使用分區(LANDA_Z)、交易年月(SDATE)、交易筆棟數/租賃筆棟數(SCNT)、預售屋交易標的(TRANS_TARGET)、移轉層次(SBUILD)、總樓層數(TBUILD)、建物型態(BUITYPE)、主要用途(PBUILD)、主要建材(MBUILD)、建築完成年月(FDATE)、建物移轉總面積(坪)/租賃總面積(坪)(FAREA)、建物現況格局_房(BUILD_R)、建物現況格局_廳(BUILD_L)、建物現況格局_衛(BUILD_B)、建物現況格局_隔間(BUILD_P)、有無管理組織(RULE)、有無附傢俱(BUILD_C)、交易總價(萬元)/租賃總價(萬元)(TPRICE)、交易單價(萬元/坪)/租賃單價(元/坪)(UPRICE)、單價是否含車位(UPNOTE)、車位類別及數量(PARKTYPE)、車位移轉總面積(坪)/車位租賃總面積(坪)(PAREA)、車位移轉總價(萬元)/車位租賃總價(元)(PPRICE)、有無電梯(ELEVATOR)、主建物總面積(MB_AREA)、附屬建物總面積(SB_AREA)、共有部分總面積(PU_AREA)、備註(RMNOTE)、建物出租型態(RENT_TYPE)、租賃期間(RENT_PERIOD)、有無管理員(MANAGE)、租賃住宅服務(RENT_SERVICE)
臺北市立動物園_館區簡介,觀光,本資料集提供臺北市立動物園園區所屬之館區簡介，包含戶外、室內及特展等三大類展示場域之館區簡介。(本資料集開放授權應用內容僅限文字範圍，圖片、聲音及影片等多媒體資訊不在開放授權範圍),排序、區域、館名、圖片URL、館區導覽、備註、經度、緯度、相關連結
臺北市勞動事務學院,勞動,勞動事務學院開課情形及筆數　,"年度、期別、課程總門數（筆數）、開課月份、課程名稱、授課講師、課程時間、上課人數、備註 
"
臺北市電力開發協助金運用情形,民政,協助臺北市區公所輸變電促協金辦理情形以及協辦臺北市政府輸變電促協金辦理情形,受撥單位、促協金類型、用途摘要說明、使用金額、完成日期、撥付理由、備註（撥付日期）
臺北市政府警察局締妨害風化場所件數,治安,警察局取締妨害風化場所件數統計,序號、機關、機關代碼、單位、取締妨害風化場所件數
臺北市消防安全設備檢修申報,消防,臺北市甲類場所及非甲類場所消防安全設備檢修申報家數、申報率、複查情形、違規處理情形,區域別、甲類場所_本期應申報家數、甲類場所_上年同期申報家數、甲類場所_上年同期申報率、甲類場所_本期申報家數、甲類場所_本期申報率、甲類場所_合格申報家數、甲類以外場所_本期應申報家數、甲類以外場所_上年同期申報家數、甲類以外場所_上年同期申報率、甲類以外場所_本期申報家數、甲類以外場所_本期申報率、甲類以外場所_合格申報家數、甲類場所專業性複查情形_複查本期申報總家數、甲類場所專業性複查情形_複查本期複查總家數、甲類場所專業性複查情形_本期複查率、甲類場所以外專業性複查情形_本期申報總家數、甲類場所以外專業性複查情形_本期複查總家數、甲類場所以外專業性複查情形_本期複查率、違規處理_逾期未檢修申報罰鍰件次、違規處理_消防專技人員違規罰鍰件次、違規處理_檢修機構違規罰鍰件次、違規處理_總件次、違規處理_總金額、罰鍰收繳件次、罰鍰收繳金額、強制執行件次
各類場所辦理消防安全分散申報時程一覽表,消防,各類場所辦理消防安全設備檢修申報期限,類別、場所用途分類、申報期限、縣市別、備註
臺北市消防安全檢查重大不合格場所,消防,公告臺北市消防安全檢查重大不合格場所名稱、場所地址、違規項目、檢查日期、場所用途,項次、場所名稱、場所地址、違規項目、檢查日期、場所用途
臺北市政府採購申訴審議委員會委員,法律,臺北市政府採購申訴審議委員會委員職稱、姓名、學歷、現職經歷、性別,"職稱、姓名、學歷、現職／經歷、性別（M:男,F:女,X:第三性別）"
臺北市政府採購爭議案件處理情形年度統計,法律,申訴會之申訴案件及履約調解爭議案件分析統計情形。,年度、申訴案件數、申訴案件比例、調解案件數、調解案件比例、總數
臺北市議員所提地方建設建議事項明細表(108年度以後),財稅,議員所提地方建設建議事項明細表(108年度以後),編號、議員姓名、建議項目及內容、建議地點、行政區代號
臺北市第18屆調解委員名冊,民政,臺北市各區公所調解委員相關資料,屆別（序號）、編號、縣市、區別、職稱、姓名、性別、經歷
臺北市調解債權債務案件調查表(109年至110年),民政,臺北市各區調解債權債務相關調查。,"區別、分類、年度、聲請件數量、成立件數量、不成立件數量、其他件數量
"
臺北市各區調解親屬、繼承案件調查表(111年1至6月),民政,臺北市各區調解親屬、繼承案件相關調查,編號、區別、類別、分類、細項、案件序號、案件來源、受理時間、開會時間、開會次數（統計數值）、調解結果、備註
臺北市各區公所免費市民法律諮詢服務資料,民政,臺北市各區公所法律諮詢服務相關資料,district(區別)、Mediation Committee secretary(調解會秘書)、LocalCall Service(市話)、Extension(分機)、address(機關地址)
臺北市各級學校分布圖(含國小.國中.高中職.特教學校.市立大專院校),教育,臺北市各級學校地址聯繫方式,項次、school、schoolname、postalcode、address、telephone
臺北市新世代智慧永續校園推動進度,教育,校舍改建進度_CSV,序號、學校、計畫名稱、行政區、地址、建築類別、階段、地上樓層數、地下樓層數、工程基地緯度、工程基地經度
臺北市政府公報閱覽地點,資訊,提供民眾閱覽臺北市政府公報實體刊物地點,城市、區、閱覽室、郵遞區號、地址
臺北市政府公報,資訊,臺北市政府機關公報發刊紀錄,DI_TXT_NUM、TB_CONTENT_TXT、DI_CONTENTS_TEXT、SIGNATURE、EXPECTED_PUBLISH_DATE
臺北市政府訴願決定經行政法院裁判撤銷理由分析表,法律,統計訴願人臺北市政府訴願決定提起行政訴訟，每年度經行政法院裁判撤銷之理由,年度、行政法院見解前後不一致數量、行政法院法令見解事實認定與行政機關不一致數量、原處分或原決定不當數量、認定事實未臻明確數量
臺北市政府訴願審議委員會委員,法律,臺北市政府訴願審議委員會委員相關資料,"職稱(職稱)、姓名(姓名)、學歷(文字內容)、現職／經歷(文字內容)、性別（M:男,F:女,X:第三性別）"
臺北市政府訴願案件收辦統計表,法律,依臺北市政府法務局政施報告公開臺北市政府訴願案件收辦統計表,年度、收辦案件（含）前未結數量、收案數量、駁回數量、撤銷數量、撤回數量、移文數量、其他數量、正在辦理中案件數量
臺北市政府訴願決定經行政法院裁判結果統計表,法律,統計訴願人臺北市政府訴願決定提起行政訴訟，每年度經行政法院裁判之結果,年度、駁回數量、撤銷數量、和解數量、其他數量
臺北市政府審議訴願案件類型分析表,法律,統計臺北市政府訴願審議委員會每年度審議訴願案件之類別,年度、工務數量、文化數量、民政數量、交通數量、地政數量、社會數量、原民數量、消防數量、財稅數量、區政數量、捷運數量、教育數量、產發數量、都發數量、勞工數量、衛生數量、環保數量、警察數量、體育數量、觀傳數量、其他數量
臺北市兒童預防保健服務醫療院所,醫療,兒童預防保健服務醫療院所,項次、醫事機構代碼、醫事機構、電話、地址
臺北市社區血壓量測網絡地圖一覽表。,醫療,臺北市社區血壓量測網絡地圖一覽表,編號、縣市、行政區、設站據點、地址、開放量血壓時間（依現場公告為主）
臺北市孔廟管理概況,民政,臺北孔廟管理概況,縣市代碼、名稱、土地面積-平方公尺、地面層面積-平方公尺、總樓地板面積-平方公尺
臺北市都市計畫委員會委員名單,都更,本年度臺北市都市計畫委員會委員名單,序號、職稱、姓名、性別、現職
臺北市政府一級機關經管公有公用土地清冊(國有),財稅,臺北市政府財政局_本府一級機關經管公有公用土地清冊(國有),序號、管理機關、標示名稱、宗地面積（平方公尺）、持分面積（平方公尺）
臺北市成人預防保健特約醫事機構名單,醫療,臺北市成人預防保健特約醫事機構名單。,行政區、醫事機構、地址、電話、分機、服務項目、服務項目
臺北市新生兒危急型先天心臟病篩檢合約醫院,醫療,新生兒危急型先天心臟病篩檢合約醫院。,編號、行政區域代碼、特約醫療院所名稱、地址、電話
臺北市學童塗氟及窩溝封填合約醫院,醫療,學童塗氟及窩溝封填合約醫院。,項次、行政區域代碼、牙科醫療院所、地址、電話
臺北翡翠水庫水質月報表,水利,翡翠水庫水質月報表，包含水庫水域採樣站之各項水質監測數據及上游各支流、水庫放流水、鄰近溪流及下游採樣站之各項水質監測數據　,檢驗項目、水位m（數值）、氣溫℃（數值）、水深m（數值）、透明度m（數值）、水溫℃（數值）、濁度NTU、酸鹼值（數值）、氨氮mg/L、溶氧量mg/L（數值）、生化需氧量mg/L、化學需氧量mg/L、懸浮固體量mg/L、導電度μS/cm（數值）、錳mg/L、大腸桿菌群CFU/100mL、總有機碳mg/L、總磷μg/L、葉綠素aμg/L、藻類數cell/mL
臺北市政府公務人員訓練處實體班期訓練概況,統計,提供臺北市政府公務人員訓練處實體班期訓練概況統計資料,年度、班期名稱-期別、期數、結訓人數、結訓-男、結訓-女、訓練期程、訓練人天次、人天次-男、人天次-女
臺北市行人專用時相路口及時段,交通,行人專用時相路口及時段,流水號、號誌編號、路口名稱、分區、實施時段、對角行穿線、WGSX(WGS84經度座標)、WGSY(WGS84緯度座標)
臺北市消費資（警）訊,法律,臺北市政府法務局消費資（警）訊,"日期、企業經營者名稱、統一編號、消費資（警）訊內容、連結
"
臺北市政府訂定自治規則統計表,法律,統計臺北市政府每年度訂定自治規則之類別及數量,年度、秘書處數量、民政局數量、財政局數量、產發局數量、教育局數量、工務局數量、交通局數量、社會局數量、勞動局數量、警察局數量、衛生局數量、環保局數量、都發局數量、消防局數量、捷運局數量、翡管局數量、地政局數量、觀傳局數量、兵役局數量、主計處數量、人事處數量、政風處數量、北水處數量、研考會數量、法務局數量、原民會數量、公訓處數量、文化局數量、客委會數量、都委會數量、資訊局數量、青年局數量、體育局數量、其他數量
臺北市政府所屬機關單位主管法規數量統計,法律,臺北市政府各機關主管法規數量統計,主管機關、自治條例數量、自治規則數量、委辦規則數量、自律規則數量、行政規則數量、合計數量
臺北市政府制定自治條例統計表,法律,統計臺北市政府每年度制定自治條例之類別及數量,年度、秘書處數量、民政局數量、財政局數量、產發局數量、教育局數量、工務局數量、交通局數量、社會局數量、勞動局數量、警察局數量、衛生局數量、環保局數量、都發局數量、消防局數量、捷運局數量、翡管局數量、地政局數量、觀傳局數量、兵役局數量、主計處數量、人事處數量、政風處數量、北水處數量、研考會數量、法務局數量、原民會數量、公訓處數量、文化局數量、客委會數量、都委會數量、資訊局數量、青年局數量、體育局數量、其他數量
臺北市政府主管法規統計表,法律,統計臺北市政府自治法規及行政規則數量,年度、自治條例數量、自治規則數量、行政規則數量、廢止或停止適用數量、現行有效法規數數量
臺北市政府及所屬各機關訂定行政規則統計表,法律,統計臺北市政府及所屬各機關每年度訂定行政規則之類別及數量,年度、秘書處數量、民政局數量、財政局數量、產發局數量、教育局數量、工務局數量、交通局數量、社會局數量、勞動局數量、警察局數量、衛生局數量、環保局數量、都發局數量、消防局數量、捷運局數量、翡管局數量、地政局數量、觀傳局數量、兵役局數量、主計處數量、人事處數量、政風處數量、北水處數量、研考會數量、法務局數量、原民會數量、公訓處數量、文化局數量、客委會數量、都委會數量、資訊局數量、體育局數量、其他數量
臺北市政府國家賠償事件處理委員會委員,法律,臺北市政府國家賠償事件處理委員會委員相關資料,"職稱、姓名、學歷、現職／經歷、性別（M:男,F:女,X:第三性別）"
臺北市政府年度消費申訴案件統計結果,法律,臺北市政府受理消費申訴案依類型、案量年度排名資料,名次、消費類型、案件數量、榜首業者、榜首案數量
臺北市政府法務局法規委員會委員,法律,臺北市政府法務局法規委員會委員簡介,"職稱(職稱)、姓名(姓名)、學歷(文字內容)、現職／經歷(文字內容)、性別（M:男,F:女,X:第三性別）"
臺北市消費爭議調解委員會委員,法律,臺北市消費爭議調解委員會委員相關資料,"職稱、姓名、學歷、現職／經歷、性別（M:男,F:女,X:第三性別）"
臺北市消費爭議無故不到場協商之被申訴企業經營者列表,法律,臺北市消費爭議無故不到場協商之被申訴企業經營者依臺北市消費者保護自治條例第24條第1款規定予以公告之「無故不到場協商之被申訴企業經營者」。,年度、被申訴人、申訴人、協商日、爭議內容
臺北市政府受理消費申訴案件數(以月份統計),法律,本資料為臺北市政府受理消費案件統計資料,年度、一月件數、二月件數、三月件數、四月件數、五月件數、六月件數、七月件數、八月件數、九月件數、十月件數、十一月件數、十二月件數、小計
臺北市政府國家賠償事件處理情形分析表,法律,依臺北市政府法務局施政報告公開臺北市政府國家賠償事件處理情形分析表,年度、有賠償責任協議成立件數、有賠償責任協議不成立件數、和解撤回件數、拒絕賠償件數、其他件數
臺北市政府自治條例性別影響評估統計表,法律,統計臺北市政府機關每年度制定或修正自治條例草案辦理性別影響評估數量,年度、工務數量、文化數量、民政數量、交通數量、地政數量、社會數量、原民數量、消防數量、財稅數量、區政數量、捷運數量、教育數量、產發數量、都發數量、勞工數量、衛生數量、環保數量、警察數量、體育數量、觀傳數量、建管數量、法制數量、總計數量
臺北市政府法規委員會會議審理成果,法律,依臺北市政府法務局施政報告公開臺北市政府法規委員會會議審理成果,年度、開會次數、審理情形制（訂）定件數、審理情形修正件數、審理情形廢止件數
臺北市政府法務局日間法律諮詢,法律,臺北市政府法務局日間法律諮詢服務時段說明,年度、序號、服務方式、服務地點、服務時間
臺北市消保官處理申訴案件辦理情形表,法律,依臺北市政府法務局施政報告公開臺北市消保官處理申訴案件辦理情形表,年度、協商成立件數、協商無結果（當事人兩造意見不一致或當事人一造或兩造未到場）件數、其他（達成其他協議）件數、會前自行和解件數、撤回件數、移轉管轄件數、函覆處理件數、不予受理件數、其他處理件數、合計
臺北市消費爭議調解委員會處理調解案件辦理情形表,法律,依臺北市政府法務局施政報告公開臺北市消費爭議調解委員會處理調解案件辦理情形表,年度、調解成立件數、調解不成立（當事人兩造意見不一致或當事人一造或兩造未到場）件數、其他（達成其他協議）件數、會前自行和解件數、撤回件數、移轉管轄件數、函覆處理件數、不予受理件數、其他處理件數、合計
臺北市政府各機關年度聘僱用計畫人數,統計,本府各機關115年度聘用人員及約僱人員人數,序號、機關名稱、聘用、約僱、合計
臺北市生育補助合約醫院,醫療,生育補助合約醫院。,編號、行政區、醫療機構、孕前健康檢查生理男性門診、孕前健康檢查生理女性門診、孕前健康檢查生理女性加選抗穆勒氏管荷爾蒙檢查AMH、初期孕婦唐氏症篩檢、中期孕婦唐氏症篩檢、非侵入性胎兒染色體檢測NIPT、子癲前症篩檢
臺北孔廟明倫講堂講座時間表,民政,臺北孔廟明倫講堂講座時間,縣市代碼、日期、講座時間、講座名稱、講師
臺北市 都市更新及爭議處理審議會歷次會議通案重要審議原則,都更,臺北市都市更新及爭議處理審議會歷次會議通案重要審議原則。,民國年月、DocNo（文號）、Description（內容）、ArticleType、CountyCode。
臺北市都市更新停看聽,都更,都市更新停看聽。,ArticleNo（條號）、ArticleType（條文型態）、ItemName（注意事項）、Description（內容）、CountyCode。
臺北市都市更新及爭議處理審議會委員,都更,臺北市都市更新及爭議處理審議會委員。,民國年、session（屆次）、tenure（任期）、jobtitle（職稱）、name（姓名）、Gender（性別）、Description（附註）。
臺北市更新地區範圍圖,都更,更新(地區)範圍圖資訊。,ItemName(項目名稱)、URL(網址)、Description(說明)、Area(涵蓋區域)、CountyCode(縣市別代碼)。
臺北市列管後備軍人動態統計表,統計,臺北市列管後備軍人動態統計,年、月、役別、上月列管人數、小計增加人數、退伍報到增加人數、停役報到增加人數、零退報到增加人數、遷入增加人數、轉役入增加人數、其他增加人數、小計減少人數、遷出減少人數、志願服役減少人數、轉役出減少人數、免役減少人數、回役減少人數、除役減少人數、禁役減少人數、死亡減少人數、其他減少人數、本月列管人數、本月中出國人數、本月中失蹤人口人數、本月中失蹤撤銷人數、本月中回國人數、本月中區內住變人數
臺北市替代役備役列管人數分析統計表,統計,臺北市替代役備役列管人數分析統計,年、月、組別、役別、梯退人數、零退人數、遷入人數、小計人數
臺北捷運民生汐止線郵寄問卷內容與調查結果報告,交通,捷運民生汐止線辦理環評期間，因應部分民眾反應及環評調查需求，辦理民生社區路段及民權東路替代路段郵寄問卷調查，提供問卷內容及結果報告。,項次、說明、郵寄件數、期限內回收件數、後續回收至107年11月、總共回收件數、贊成原方案比例%、不贊成原方案比例%、問卷下載107年、報告下載107年、民生汐止線最新辦理情形
臺北捷運局路網說明,交通,規劃中、興建中及已通車捷運路網說明,序號、縣市代碼、機關代碼、路網名稱、路網進度、備註
臺北都會區大眾捷運系統路網圖,交通,臺北都會區大眾捷運系統路網GIS圖資,路線名稱、點位資料
臺北都會區大眾捷運系統車站點位圖,交通,臺北都會區大眾捷運系統車站點位GIS圖資,車站名稱、車站位置
臺北都市計畫變更案,交通,捷運局辦理之都市計畫變更案,"序號、縣市代碼、機關代碼、都市計畫變更名稱、變更法源依據、辦理情形
"
臺北市抽籤人數統計表,統計,臺北市役男抽籤人數統計,年、月、區別、陸軍人數、海軍艦艇兵人數、海軍陸戰隊人數、空軍人數、替代役人數、家屬代抽人數、法定代抽人數
臺北市役男申請複檢案件統計表,統計,臺北市役男申請複檢案件統計,年、月、複檢醫院、公費人數、自費人數、合計人數
臺北市役男驗退停訓處理人數統計表,統計,臺北市役男驗退停訓處理人數統計,年、月、鄉鎮市區、徵集人數、五官人數、視力人數、一般人數、內科人數、外科人數、精神人數、神經人數、其他人數、常備役人數、替代役人數、免役人數、體位未定人數、未到人數、未判人數、其它人數
臺北市離婚\終止結婚雙方教育程度分,統計,依據戶籍登記資料產製統計數,年份、類別、配偶另一方_女方教育程度、配偶一方_男方教育程度總計、配偶一方_男方博士畢業數量、配偶一方_男方碩士畢業數量、配偶一方_男方大學畢業數量、配偶一方_男方專科畢業、配偶一方_男方高中畢業、配偶一方_男方國中畢業、配偶一方_男方國小畢業以下
臺北市勞動力重建運用處職務再設計補助民間團體及個人情形季報表,勞動,臺北市勞動力重建運用處第1季職務再設計補助民間團體及個人情形季報表,工作計畫、核准日期、補助事項或用途、補助對象、本機關補助金額、他機關補助金額、合計、本季撥款金額、截至本季累計撥款金額、備註
臺北市超額進用身障者獎勵金季報,勞動,當年度每季各單位獎勵金發放之統計資料,編號、補助對像、本機構補助金額、他機構補助金額、合計、本季撥款金額、截至本季累計撥款金額
臺北市仲介公司資料,勞動,有關仲介公司評鑑、名稱、地址、聯絡資訊等資料。,編號、評鑑等級、機構名稱、機構地址、電話、傳真、經營業務範圍、所屬仲介公會、負責人/經理人姓名、負責人/經理人英文姓名、公司統一編號、營業項目、專業人員人數、聘僱許可雙語人員人數、從業人員人數
臺北市勞動力重建運用處委託辦理年度身心障礙者職能加值培育(職業訓練)計畫一覽表(公告資料),勞動,委託辦理身心障礙者職業訓練資訊,編號、年度、訓練單位、訓練職類、訓練類別、報名期程、訓練期間、招收障別、訓練時數、課程內容、參訓人數、訓練單位聯絡人、聯絡電話、單位地址、辦訓地址
臺北市政府警察局受(處)理刑事案件嫌疑犯人數（職業別統計資訊）,治安,臺北市政府警察局115年01-02月刑事案件嫌疑犯人數-職業別統計表,職業別、總計人數、竊盜類小計總數、重大竊盜總數、普通竊盜總數、總數、機車竊盜總數、贓物總數、賭博總數、傷害類小計總數、重傷害總數、一般傷害總數、詐欺背信類小計總數、詐欺總數、背信總數、妨害自由總數、殺人類小計總數、故意殺人總數、過失殺人總數、駕駛過失總數、妨害婚姻及家庭總數、妨害風化總數、妨害性自主罪類小計總數、強制性交總數、共同強制性交總數、對幼性交總數、性交猥褻總數、內亂總數、恐嚇取財類小計總數、重大恐嚇取財總數、一般恐嚇取財總數、擄人勒贖總數、侵占總數、偽造文書印文總數、違反毒品危害防制條例類小計總數、第一級毒品總數、第二級毒品總數、第三級毒品總數、第四級毒品總數、其他毒品總數、毀棄損壞總數、妨害公務總數、違反著作權法總數、違反商標法總數、妨害電腦使用總數、強盜搶奪類小計總數、強盜總數、搶奪總數、竊佔總數、偽造有價證券總數、妨害秩序總數、違反藥事法總數、違反國家總動員法總數、違反森林法總數、公共危險總數、侵害墳墓屍體總數、重利總數、妨害名譽總數、違反選罷法總數、妨害祕密總數、遺棄總數、違反貪污治罪條例總數、懲治走私條例總數、妨害兵役總數、偽造貨幣總數、偽造度量衡總數、偽證總數、誣告總數、湮滅證據總數、瀆職總數、脫逃總數、藏匿頂替總數、違反槍砲彈藥刀械管制條例總數、違反就業服務法總數、其他總數
臺北市政府警察局受(處)理刑事案件嫌疑犯人數（教育程度別統計資訊）,治安,臺北市政府警察局115年01-02月刑事案件嫌疑犯人數-教育程度別統計表,教育程度別、總計人數、竊盜類小計人數、重大竊盜人數、普通竊盜人數、汽車竊盜人數、機車竊盜人數、贓物人數、賭博人數、傷害類小計人數、重傷害人數、一般傷害人數、詐欺背信類小計人數、詐欺人數、背信人數、妨害自由人數、殺人類小計人數、故意殺人人數、過失殺人人數、駕駛過失人數、妨害婚姻及家庭人數、妨害風化人數、妨害性自主罪類小計人數、強制性交人數、共同強制性交人數、對幼性交人數、性交猥褻人數、內亂人數、恐嚇取財類小計人數、重大恐嚇取財人數、一般恐嚇取財人數、擄人勒贖人數、侵占人數、偽造文書印文人數、違反毒品危害防制條例類小計人數、第一級毒品人數、第二級毒品人數、第三級毒品人數、第四級毒品人數、其他毒品人數、毀棄損壞人數、妨害公務人數、違反著作權法人數、違反商標法人數、妨害電腦使用人數、強盜搶奪類小計人數、強盜人數、搶奪人數、竊佔人數、偽造有價證券人數、妨害秩序人數、違反藥事法人數、違反國家總動員法人數、違反森林法人數、公共危險人數、侵害墳墓屍體人數、重利人數、妨害名譽人數、違反選罷法人數、妨害祕密人數、遺棄人數、違反貪污治罪條例人數、懲治走私條例人數、妨害兵役人數、偽造貨幣人數、偽造度量衡人數、偽證人數、誣告人數、湮滅證據人數、瀆職人數、脫逃人數、藏匿頂替人數、違反槍砲彈藥刀械管制條例人數、違反就業服務法人數、其他人數
臺北市政府政風處公開性別統計項目,資訊,依本府強化性別統計體系推動計畫及本府暨各機關構落實性別主流化暨推展性別平等工作總計畫按年更新及檢討本處性別統計項目,統計項目名稱、性別、填報機關、單位、114年人數、113年人數、112年人數、111年人數、110年人數、109年人數、108年人數、107年人數、106年人數、105年人數、104年人數、103年人數、102年人數、指標定義
臺北市政府政風處公開性別統計指標,資訊,依本府強化性別統計體系推動計畫及本府暨各機關構落實性別主流化暨推展性別平等工作總計畫按年更新及檢討本處性別統計指標,統計指標名稱、性別、單位、114年比率數值、113年比率數值、112年比率數值、111年比率數值、110年比率數值、109年比率數值、108年比率數值、107年比率數值、106年比率數值、105年比率數值、104年比率數值、103年比率數值、102年比率數值、指標定義
臺北市政府政風處受理人民陳情檢舉案件類別統計資料,資訊,臺北市政府各政風機構受理人民陳情檢舉案件類別統計,年度、採購件數、工程件數、都市計畫及更新件數、建管件數、警政件數、衛生醫療件數、聯合開發BOT案件數、教育件數、消防件數、地政件數、環保件數、殯葬件數、勞動件數、財政件數、社福件數、補助款件數、其他
臺北市政府政風處受理公務員涉嫌貪瀆或其他不法違規案件統計資料,資訊,臺北市政府各政風機構受理本府公務人員涉嫌不法違規之查處案件統計,年度、函送涉嫌貪瀆案件數、函送涉嫌一般刑案件數、函送涉嫌洩密案件數、追究行政責任案件數、澄清結案件數、行政處理件數
臺北市政府政風處預防工作績效統計,資訊,政風處預防工作績效統計，包括再防貪案件、業務稽核、預警作為、廉政倫理事件登錄、表揚獎勵廉能、政風法令宣導、受理公職人員財產申報、實質審查抽籤比例、辦理財產申報資料實質審核、召開廉政透明委員會。,年度、再防貪案件數、業務稽核件數、預警作為件數、廉政倫理事件登錄件數、表揚獎勵廉能人數、政風法令宣導次數、受理公職人員財產申報件數、實質審查抽籤比例、辦理財產申報資料實質審核件數、召開廉政透明委員會次數
臺北市政府政風處維護工作績效統計,資訊,期間、維護宣導件數、維護檢查件數、專案維護措施件數、安全維護會報件數、協處陳情請願抗爭事件件數,期間、維護宣導次數、維護檢查次數、專案維護措施次數、安全維護會報次數、協處陳情請願抗爭事件次數
臺北市義勇消防人員人數統計,消防,臺北市義勇消防人員人數統計資料,年份、總人數、男、女、總隊長、副總隊長、總幹事、副總幹事、幹事、顧問、大隊長、副大隊長、總幹事、副總幹事、幹事、助理幹事、顧問、中隊長、副中隊長、幹事、助理幹事、顧問、分隊長、副分隊長、幹事、助理幹事、顧問、小隊長、副小隊長、隊員、未滿25歲、25-29歲、30-34歲、35-39歲、40-44歲、45-49歲、50-54歲、55-59歲、60-64歲、65歲以上
臺北市義勇消防人員傷亡統計,消防,臺北市義勇消防人員傷亡統計資料,年份、合計、因公殉職、因公死亡、因公全殘、因公半殘、因公受傷、意外死亡、因病死亡
臺北市義消楷模,消防,臺北市義消楷模名冊,年、國家、縣市代碼、職稱、姓名
臺北市受保護樹木,文化,受保護樹木,樹木編號、樹種名稱、樹種學名、樹胸徑寬度公尺、樹胸圍長度公尺、地址、緯度、經度、地理位置名稱、管理單位、英文名
臺北市政府114年度歲入預算執行情形,財稅,"揭露臺北市歲入預算執行狀況
",序號、類型、科目(主管機關)、全年預算數、實收累計數
臺北市政府101年度至113年度歲入預決算比較表,財稅,"1.主計處網站公告00年度臺北市政府地方總預算資料。
2.依前開地方總預算資料編製臺北市政府歲入預決算比較表。
",年度、項目、預算、決算、超（短）收數
臺北市政府近5年歲入結構表,財稅,"1.主計處網站公告00年度臺北市政府地方總預決算資料。
2.依前開地方總預決算資料編製臺北市政府歲入結構表。
",序號、年度、項目、金額、縣市別代碼
臺北市實施集中支付近5年庫款支付金額(單位：元),財稅,"臺北市政府財政局_臺北市實施集中支付近5年庫款支付金額(單位：元)
",序號、年度、年度預算支付數、應付歲出款支付數、特別預算(含保留數)支付數、應收墊付款、特種基金支付數、保管款支付數
臺北市娛樂稅稅源,財稅,娛樂稅稅收來源各項目資料,資料年月、課稅方式、營業項目、家數、本月報繳稅額、本月實徵稅額
臺北市藝文館所,文化,文化局藝文館所基本資料,編號、館所名稱、建物屬性、館所市話、所在縣市、詳細地址、館所網址、文化局對應頁面連結
臺北市臺北旅遊網住宿資料(英文),觀光,臺北旅遊網-住宿資料,"Legal accommodation、Hotel name、Address、TEL、FAX、The Total Number of Rooms
"
臺北市公費人類乳突病毒疫苗接種特約醫療院所名單,醫療,臺北市公費人類乳突病毒疫苗接種特約醫療院所名單。,項次、行政區、醫療院所名稱、地址、聯絡電話
台北國際藝術村/寶藏巖國際藝術村出、來訪藝術家名冊,文化,台北國際藝術村/寶藏巖國際藝術村出、來訪藝術家名冊。,SeqNo、Year、Location、Programe、Type、Name、Art Type、Country、City、Sister City、StartDate、EndDate
臺北市私有文化資產補助案,文化,收錄近年來臺北市私有文化資產補助案,年度、區域、私有資產名稱、同意補助項目、核定補助經費
臺北市政府文化局街頭藝人,文化,街頭藝人資料集描述,Type、Name、Project、Describe、Url、Stagename、Sex、Moblie、Email
臺北市街頭藝人展演場地資訊,文化,提供臺北市開放街頭藝人展演場地之位置、管理機關及開放時間等資訊。,項次、展演地、主管機關、市話、分機、開放時段、開放表演類型、申請方式
財團法人台北市文化基金會預算書,財稅,財團法人台北市文化基金會預算書(議會審定)。,民國年、名稱、主管機關、主管機關代碼、提供資料單位、檔案連結
臺北市政府文化局文化快遞資訊,文化,臺北市藝文活動資訊,ID、Category、Caption、Company、StartDate、EndDate、TicketType、TicketPrice、TicketPurchaseLink、ContactPerson、ContactTel、Introduction、WebsiteLink、YoutubeLink、ImageFile、CreateDate、Venue、SessionStartDate、SessionEndDate、City、Area、Address、Longitude、Latitude、RelatedLink
臺北市批發市場質譜化學快檢不合格統計資料,經濟,臺北市批發市場質譜化學快檢不合格資料統計,編號、抽驗日期、檢體名稱、供應代號、來源廠商、件數、總重量(公斤)、加強抽驗/到貨日期、加強抽驗結果、備註
臺北市松山區、南港區、信義區已登記公私有土地筆數面積統計表,統計,統計臺北市松山地政事務所轄區內已登記公私有土地之面積及筆數,年度、區域別、已登記土地總面積、已登記公有土地面積、已登記私有土地面積、已登記公私共有土地面積、已登記土地總筆數、已登記公有土地筆數、已登記私有土地筆數、已登記公私共有土地筆數
臺北市公有零售市場行情,經濟,公有零售市場臺北市行情,序號、項目、平均（元/台斤）
臺北市政府優秀工友人數統計表,統計,為統計近6年臺北市政府優秀工友人數,序號、年度、男性、女性、當選人數
臺北市歷次天然災害停止上班上課訊息,民政,臺北市停止上班上課情形,民國年、月、日、天然災害名稱、臺北市停止上班上課情形
臺北市政府行政機關辦公日曆表,民政,辦公日曆表,Date(日期)、name(紀念日節日名稱)、isHoliday(是否放假)、holidayCategory(放假類別)、description(放假說明)
臺北市屆滿或即將屆滿15年未領歸屬國庫案件,地政,因受領遲延、拒絕受領或不能受領之土地徵收補償費，存入國庫專戶保管並自通知送達發生效力之日起，逾15年未領取將歸屬國庫之案件。,序號、工程編號、保管號碼、應受補償人、被徵收土地或地上物登記住址、未領金額、預計歸屬國庫日期
臺北市行道樹分布圖,工務,提供臺北市行道樹位置。,"臺北市行道樹分布位置座標(TWD97)
行道樹：TreeID(編號)、Dist(行政區)、Region(路段位置)、RegionRemark (路段備註)、TreeType(樹種)、Diameter(樹胸徑)、TreeHeight(樹高)、SurveyDate(調查日期)、TWD97X(TWD97 X座標)、TWD97Y(TWD97 Y座標)、Update(更新日期)

樹穴：TreeHoleID(樹穴編碼)、ShapeType(穴形)、Length(周長)、Area(面積)、Region(路段)、Remark(備註)、Update(更新日期)"
臺北市防災公園,消防,臺北市公園裡各項設施說明。,pm_name(公園名稱)、pm_Longitude(經度)、pm_Latitude(緯度)、di_area(空間面積)、di_capacity(容納人數)、di_Amount1(安置登記站個數)、di_Amount2(醫護站個數)、di_Amount3(播音站個數)、di_Amount4(物資管理站個數)、di_Amount5(器材倉庫個數)、di_Amount6(指揮中心個數)、di_Amount7(伙食區個數)、di_Amount8(帳篷區個數)、di_Amount9(沐浴區個數)、di_Amount10(曬衣場個數)、di_Amount11(公共廁所個數)、di_Amount12(垃圾場個數)、di_Amount13(公共電話個數)、di_Amount14(消防蓄水設施個數)、di_Amount15(消防栓個數)、di_Amount16(自來水取水站個數)、di_Amount17(維生貯水槽個數)、di_Amount18(臨時廁所設置區個數)、di_hospital(週邊醫院資源)、di_fire(週邊消防資源)、di_police(週邊警政資源)
臺北市公園設施資料,工務,提供臺北市公園設施資料，包含兒童遊戲場及體健設施。,臺北市公園設施資料、包含兒童遊戲場及體健設施
臺北市行道樹公園綠地廣場認養人資料,工務,提供臺北市行道樹、公園、綠地、廣場之認養人資料。,序號、管理單位、行政區、行政區代碼、認養標的名稱、屬性、認養位置、認養單位名稱
臺北市田園城市點位圖資,農業,臺北市田園城市點位圖資介紹(包含：快樂農園、綠屋頂、小田園、市民農園點位圖資),bi_title(基地名稱)、bi_category(基地類別)、bi_agency(管理機關)、bi_unit(所屬單位)、bi_address(基地地址)、bi_lat(GPS 座標-緯度)、bi_lng(GPS 座標-經度)、bi_area(可耕作面積)、bi_method(耕作方式)、bi_period_s(認養期間-開始日期)、bi_period_e(認養期間-結束日期)、bi_introduction(基地介紹)
臺北市路燈維修資料,工務,提供臺北市路燈維修資料。,查報序號、行政區、查報地點、故障情形、查報日期
臺北市路燈位置分布圖,工務,提供臺北市路燈位置及分佈圖。,"臺北市路燈分佈位置座標圖(TWD97)
SerialNumber(路燈編號)、Dist(行政區)、Quantity(燈數量)、LightKind1(燈種)、LightWatt1(瓦數)、LightKind2(燈種)、LightWatt2(瓦數)、LightKind3(燈種)、LightWatt3(瓦數)、LightKind4(燈種)、LightWatt4(瓦數)、LightKind5(燈種)、LightWatt5(瓦數)、LightHeight(燈桿高)、LightYear(使用年)、TWD97X(X座標)、TWD97Y(Y座標)、UpdDate(更新日期)"
臺北市各公園水域安全告示牌及救生設備位置資訊,工務,"臺北市政府工務局公園路燈工程管理處所轄公園內水池及湖畔水域安全告示及救生設備座標位置
經緯度表示法(TWD97)","位置、設施名稱、設備編碼、座標(經度)、座標(緯度)
"
臺北市公園基本資料,工務,臺北市公園、綠地、廣場基本資料。,pm_name(公園名稱)、pm_overview(公園概述)、pm_Longitude(經度)、pm_Latitude(緯度)、pm_unit(管理單位)、pm_const_year(建造年度)、pm_location(公園位置)、pm_area(公園面積)、pm_opening_s(開放時間-開始)、pm_opening_e(開放時間-結束)、pm_libie(里別)、pm_phone(聯絡電話)、pm_sports(體健設施)、pm_recreation(遊樂設施)、pm_service(服務設施)、pm_other(古蹟設施)、pm_transit(交通資訊)、pm_name_eng(公園英文名稱)、pm_ecology(是否為生態公園)、pm_type(類別)
臺北市路燈迴路開關箱資料,工務,提供臺北市路燈迴路開關箱資料及位置。,路燈ID、位置、行政區、里、Latitude、Longitude、類別碼、設施類型、分區
臺北市貓纜站藝術裝置,工務,臺北市貓纜站藝術裝置資料。,裝置名稱、序號、X座標、Y座標、說明
臺北市文化資產,文化,文化資產,個案名稱、資產類別、資產種類、所屬主管機關、機關代碼、所在地理區域、縣市別代碼
臺北市容積代金申請案辦理情形,統計,統計自103年6月30日起統計至115年3月20日止之容積代金申請案辦理情形,容積移轉類型、核發年度、接受基地、接受基地面積、接受基地總移入容積、接受基地以代金方式移入容積、接受基地以公保地移入容積、私有未徵收之公共設施保留地面積
臺北市登記家數統計表(依行業別及行政區),統計,臺北市登記家數統計表(依行業別及行政區)(CSV),行業別\行政區、松山區、信義區、大安區、中山區、中正區、大同區、萬華區、文山區、南港區、內湖區、士林區、北投區、合計
臺北市商業登記報表,統計,臺北市商業登記報表(CSV),行業別、行政區、家數
臺北市核准商業設立、變更及歇業登記等異動資料清冊,統計,臺北市核准商業設立、變更及歇業登記等業者異動資料清冊,統一編號、商業名稱、商業地址、設立日期、歇業日期、變更日期、經度、緯度
設址臺北市所營事業含餐館業清冊,經濟,設址臺北市所營事業含餐館業業者清冊,設址臺北市所營事業含餐館業清冊(統一編號、商業名稱、商業地址、Longitude、Latitude)
臺北市營業場所投保公共意外險清冊,觀光,臺北市營業場所投保公共意外險業者清冊,序號、統一立案編號、類別、名稱、營業地址、保單到期日、經度、緯度
臺北市公司登記報表,統計,臺北市公司登記報表(CSV),行政區、行業別、組織別
臺北市核准公司設立變更解散清冊,統計,臺北市核准公司設立變更解散清冊 (CSV),"設立(統一編號、公司名稱、公司地址、核准日期、經度、緯度)
解散(統一編號、公司名稱、公司地址、核准解散日期、經度、緯度)
變更(統一編號、公司名稱、公司地址、核准變更日期、經度、緯度)"
臺北市政府依檔案中央主管機關訂定之檔案閱覽抄錄複製收費標準,資訊,民眾申請閱覽、抄錄或複製臺北市政府各機關檔案時，依檔案中央主管機關訂定之檔案閱覽抄錄複製收費標準辦理,服務類型與外觀形式、複製或交付方式與複製格式、收費標準，依原檔案外觀形式為計價單位、金額元（新臺幣）、備註
臺北市政府各一級機關及區公所歸檔案件統計表,統計,臺北市政府各一級機關及區公所自104年起各年度歸檔案件統計表,年度、機關名稱、紙本歸檔數量、線上簽核歸檔數量、其他媒體類型歸檔數量、永久保存數量、定期保存數量
臺北市公眾區免費無線上網熱點資料(新版),資訊,臺北市臺北公眾區免費無線上網(Taipei Free)熱點資料,SITE_ID(Taipei-Free熱點代碼)、Agency Codes(機關代碼)、MINISTRY(部會英文名稱)、AGENCY(機關名稱)、STYPE(熱點類別)、NAME(熱點名稱)、VENDOR_ID(業者)、HOTSPOT_ID(熱點ID)、ZipCode(郵遞區號)、county(縣市名稱)、AREA(行政區)、ADDR(地址)、LATITUDE(緯度)、LONGITUDE(經度)、E-MINISTRY(部會英文名稱)、E_AGENCY(機關英文名稱)、E_STYPE(熱點類別英文名稱)、E_NAME(熱點英文名稱)、E_CITY(縣市英文名稱)、E_AREA(行政區英文名稱)、E_ADDR(地址英文名稱)
臺北市信用合作社存放款餘額,財稅,本局所轄信用合作社年底存放款餘額統計,編號、年度、項目名稱、金額千元、幣別
臺北市信用合作社概況,財稅,本局所轄信用合作社概況之統計,標號、類型、項目名稱、人數／股數、備註
臺北市政府財政局所轄金融機構,財稅,本市所轄信用合作社及所屬動產質借處各行政區總社處及分社處之統計,編號、郵遞區號、行政區、信用合作社總社、信用合作社分社、動產質借處總處、動產質借處分處
臺北市政府一級機關經管公有公用土地清冊(市有),財稅,臺北市政府財政局_本府一級機關經管公有公用土地清冊(市有),管理機關、土地標示名稱、宗地面積（平方公尺）、持分面積（平方公尺）、列帳金額（元）
近5年臺北市市有財產總目錄,財稅,臺北市政府財政局_近5年臺北市市有財產總目錄,年度、月份、財產性質別、項目、金額（元）
臺北市公辦市地重劃成果,地政,本市公辦市地重劃土地分配結果公告確定後且抵費地尚未全部標售完竣之案件。,aa01(重劃區期別及名稱別)、aa02(辦理期間起訖_年月)、aa03(總面積_公頃)、aa04(重劃前建築用地面積_公頃)、aa05(重劃後建築用地面積_公頃)、aa06(重劃前公共設施用地面積_公頃)、aa07(重劃後公共設施用地面積_公頃)、aa08(土地所有權人用地平均負擔比率_%)、aa09(土地所有權人費用平均負擔比率_%)、aa10(抵費地筆數)、aa11(抵費地面積_公頃)、aa12(重劃前平均地價_元/平方公尺)、aa13(重劃後平均地價_元/平方公尺)
臺北市公辦市地重劃成果財務狀況,地政,本市公辦市地重劃土地分配結果公告確定案件。,field1(重劃區期別及名稱別)、field2(辦理完成時間)、field3(總面積_公頃)、field4(結算與否)、field5(抵費地已出售筆數)、field6(抵費地已出售面積_公頃)、field7(抵費地未出售筆數)、field8(抵費地未出售面積_公頃)、field9(支出_新臺幣元)、field10(盈餘_新臺幣元)
臺北市區段徵收成果財務狀況,地政,統計本市80年以後公告施行區段徵收，並已完成土地分配結果公告案件。,aa01(地區名稱)、aa02(辦理時間起訖_年月)、aa03(辦理面積_公頃)、aa04(政府取得土地累計已處分筆數)、aa05(政府取得土地累計已處分面積_公頃)、aa06(政府取得土地累計尚未處分筆數)、aa07(政府取得土地累計尚未處分面積_公頃)、aa08(累計開發費用_千元)、aa09(盈餘_千元)	
臺北市區段徵收開發案已標售土地一覽表,地政,統計本市區段徵收案中標售土地資料。,field1(行政區)、field2(開發區)、field3(地段)、field4(00010000地號為1地號 00010001地號為1-1地號)、field5(面積_平方公尺)、field6(標售年度)
臺北市各行政區不動產登記統計(建物第一次登記後30日內買賣移轉),地政,本市各行政區建物第一次登記後30日內買賣移轉之件數、建物棟數及建物面積統計。,縣市、行政區、件數、建物棟數、建物面積（平方公尺）
臺北市各行政區新舊地號對照資料,地政,臺北市各行政區之新舊地號、段別及小段等對照資料,行政區、新段名、新母地號、新子地號、舊段名、舊母地號、舊子地號
臺北市各行政區地段代碼表,地政,臺北市各行政區段別、小段之代碼對照資料,縣市、行政區、段別、小段、編碼
臺北市各行政區名稱代碼表,地政,臺北市各行政區名稱代碼對照,縣市、縣市代碼、機關名稱、行政區編碼、行政區名稱
臺北市住宅價格季指數,地政,以實價登錄資料庫為基礎，分別編製各次分類及12行政區住宅價格指數，呈現全市、公寓、大樓、小宅及各行政區之住宅價格在不同時期之實際變動情形，俾協助各界掌握本市住宅價格之變動趨勢,住宅價格季指數類別、期別、季指數、季指數變動率(%)、標準住宅總價（新台幣萬元）、標準住宅單價（新台幣萬元每坪）
臺北市地價及標準地價評議委員會評議案件統計表,地政,本局統計自100年迄今地價及標準地價評議委員會評議案件之相關資料,縣市別、縣市代碼、年度、地評會次數、評議案件數
臺北市住宅價格月指數,地政,以實價登錄資料庫為基礎，分別編製各次分類的住宅價格指數，呈現全市、全市公寓、大樓及小宅之住宅價格在不同時期之實際變動情形，俾協助各界掌握本市住宅價格之變動趨勢。,住宅價格月指數類別、期別、月指數、季移動平均數、半年移動平均數、月指數變動率(%)、季移動平均數變動率(%)、半年移動平均數變動率(%)、標準住宅總價（新台幣萬元）、標準住宅單價（新台幣萬元每坪）
臺北市政府消防局大事紀,消防,臺北市政府消防局歷年大事紀（火災/災害重大傷亡、天坑/本局辦理重要事項/國內外獲獎事蹟等）,年度、月份、日期、大事紀要內容、機關代號
臺北市液化石油氣分裝場、儲存場、驗瓶場、瓦斯行清冊,消防,臺北市液化石油氣分裝場、儲存場、驗瓶場、瓦斯行場所名稱、場所地址,項次、場所名稱、郵遞區號、縣市別代碼、場所地址、用途名稱
臺北市液化石油氣消防安全檢查及違規取締,消防,"臺北市液化石油氣列管家數、消防安全檢查情形及違規取締件次
","區域別、期底列管家數-合計、期底列管家數-分銷商、期底列管家數-分裝場、期底列管家數-容器檢驗場、期底列管家數-容器儲存場所、期底列管家數-串接使用場所、檢查件次-合計、檢查件次-分銷商、檢查件次-分裝場、檢查件次-容器檢驗場、檢查件次-容器儲存場所、檢查件次-串接使用場所、檢查合格件次-合計、檢查合格件次-分銷商、檢查合格件次-分裝場、檢查合格件次-容器檢驗場、檢查合格件次-容器儲存場所、檢查合格件次-串接使用場所、檢查不合格件次-合計、檢查不合格件次-分銷商、檢查不合格件次-分裝場、檢查不合格件次-容器檢驗場、檢查不合格件次-容器儲存場所、檢查不合格件次-串接使用場所、違規取締件次-合計、違規取締件次-分銷商-違規儲存液化石油氣、違規取締件次-分銷商-違規使用逾期容器、違規取締件次-分銷商-違規使用偽造合格標示、違規取締件次-分銷商-非法分裝液化石油氣、違規取締件次-其他分銷商位置構造設備或安全管理不合格、違規取締件次-分裝場-違規灌裝逾期容器、違規取締件次-其他分裝場位置構造設備或安全管理不合格、違規取締件次-檢驗場-容器檢驗不實、違規取締件次-其他檢驗場位置構造設備或安全管理不合格、違規取締件次-儲存場所位置構造設備或安全管理不合格、違規取締件次-串接使用場所位置構造設備或安全管理不合格、違規取締件次-消防安全設備檢查不合格、違規取締件次-其他、裁處件次-合計、裁處件次-罰鍰、裁處件次-限期改善、裁處件次-停業或停止使用、已收繳罰鍰件次、強制執行件次
"
臺北市政府消防局各年度救護義消協勤次數及人次,消防,年度、協勤次數、協勤人次、協勤人次次數比、協勤次數人次比,"年度、協勤次數、協勤人次、協勤人次次數比、協勤次數人次比
"
臺北自來水事業處支援台水月統計表,資訊,支援台灣自來水公司清水量月報表,序號、日期、合計水量、支援第一區處水量、支援第十二區處水量
臺北市政府建築諮詢,都更,委請臺北市建築師公會輪派義務建築師免費提供諮詢服務,服務項⽬、服務內容、服務時間、郵遞區號、服務地點
臺北市中山區各里簡易疏散避難地圖資訊,民政,提供臺北市中山區各里簡易疏散避難圖資訊。,District、AreaCode、Village、Language、FILE_URL
臺北市低收、中低收入戶服務_平價住宅,社福,提供低收、中低收入戶服務_平價住宅資訊,機構名稱、地址、行政區代碼、電話、傳真
臺北市市地重劃區,地政,臺北市市地重劃圖資,開發案、狀態、狀態碼、ID、序號、街廓碼、縣市別
臺北市公辦市地重劃區重劃前後地號對照表,地政,臺北市公辦市地重劃區重劃前後地號對照表（計41案）,序號、重劃區名稱、重劃前行政區、重劃前行政區代碼、重劃前地段號說明、重劃後行政區、重劃後行政區代碼、重劃後地段號說明、備註
臺北市日據時期重劃區重劃前後地號對照表,地政,臺北市日據時期重劃區重劃前後地號對照表（計3案）,序號、縣市別代碼、重劃區名稱、重劃前地段號說明、重劃後地段號說明、備註
臺北市自辦市地重劃區重劃前後地號對照表,地政,臺北市自辦市地重劃區重劃前後地號對照表（計11案）,序號、重劃區名稱、重劃前行政區、重劃前行政區代碼、重劃前地段號說明、重劃後行政區、重劃後行政區代碼、重劃後地段號說明、備註
臺北市公辦市地重劃區抵費地90年迄今標售成果一覽表,地政,臺北市公辦市地重劃區抵費地90年迄今標售成果一覽表（含北投六期、內湖四期、內湖五期、松山一期、松山二期、南港一期、南港二期、南港三期、木柵二期、文山一期等10案）,序號、重劃區名稱、行政區代碼、區、段、小段、地號、面積-平方公尺、得標單價-元/平方公尺、得標總價-元、標脫日期
臺北市自辦市地重劃成果,地政,臺北市自辦市地重劃成果（計11案）,重劃區名稱、辦理期間、重劃總面積-公頃、提供建築用地面積-公頃、無償取得公設面積-公頃、其地公設用地面積-公頃、節省政府用地徵購及工程建設費用、節省用地徵購地價、節省工程建設費用、重劃總負擔比率-百分比、都市計畫公告日期、備註
臺北市公辦市地重劃區100年迄今公告相關資訊,地政,臺北市公辦市地重劃區100年迄今公告相關資訊（含文山一期、南港三期等2案）,序號、年度、重劃區名稱、公告主旨、公告依據、公告期間、公告文號
臺北市都市計畫委員會議紀錄,都更,委員會議紀錄,年度、日期、會次、案名、決議
公務人員執行職務意外傷亡慰問金發給標準,消防,有關公務人員執行職務意外傷亡慰問金發放標準及補助金額,種類、發給標準、發給金額 、有否抵充、有否額外投保
臺北市政府警察局錄影監視系統設置區位,治安,警察局錄影監視系統設置區位資料,縣市別代碼、編號、所屬單位、安裝地址、攝影方向
臺北市觀摩匯演演出檔期表,文化,臺北市掌中戲觀摩匯演&歌仔戲觀摩匯演演出日期、演出劇團與演出地點等資料,年度、演出日期、星期、劇團名稱、演出地點
臺北市藝文推廣處各場館開放時間,文化,臺北市藝文推廣處轄下各場館(藝文大樓、城市舞台、親子劇場、文山劇場、大稻埕戲苑)開放時間,場館、空間、開放時間、地址、市話、分機
臺北市道路交通事故原因,統計,"臺北市道路交通事故原因時間數列統計資料
",統計期、件數/總計、件數/駕駛人過失/合計、件數/駕駛人過失/超速失控、件數/駕駛人過失/酒後駕車、件數/駕駛人過失/未注意前車狀況、件數/駕駛人過失/肇事逃逸、件數/駕駛人過失/未保持行車安全間距、件數/駕駛人過失/未依規定讓車、件數/駕駛人過失/行駛疏忽、件數/駕駛人過失/違反號誌管制、件數/駕駛人過失/違反標誌標線、件數/駕駛人過失/逆向行駛、件數/駕駛人過失/轉彎不當、件數/駕駛人過失/搶越行人穿越道、件數/駕駛人過失/其他、件數/機件故障、件數/行人或乘客過失、件數/交通管制設施缺陷、件數/其他
臺北市廢巷及改道公告,統計,民眾為利建築等原因申請現有巷道廢止或改道辦理公告事宜,項次、標題、公告年度、公告日期、附件網址
臺北市事業單位成立勞資會議家數,勞動,統計臺北市事業單位成立勞資會議家數　,縣市別代碼、項目、年度、新成立/新簽訂家數、累計成立/累計簽訂家數
臺北市標線型人行道,交通,標線型人行道圖資(shp格式) 資料欄位說明：標線型人行道圖資(shp格式)，欄位說明：RDITCD(路口碼)、RDCODE(路段碼)、LICODE(圖形標線代碼)、LIAREA(面積)、RDDATE(設置日期)、SIREAN(設置原因代碼)、RDLBLG(長度)、RDLBWT(寬度),KEYID、DXF_ANGLE、RDITCD(路口碼)、RDCODE(路段碼)、LICODE(圖形標線代碼)、LIAREA(面積)、RDDATE(設置日期)、RDSNCN、SIREAN(設置原因代碼)、RDCTNB、GEOM、GEOM4326、EDITBY、RDLBLG(長度)、RDLBWT(寬度)、WORKC_KEYI、STREETVIEW、STREETV_01、STREETV_02、STREETV_03、STREETV_04、WORKC_IN_U、WORKC_IN_T、EDITTIME、ZLOCATION、PAREFE、WALKERROAD、PROJ_NAME、PROJ_NO、RPFROM、RPAREA、RPLOCATION、RPDATE、WALKERR_01、WALKERSTAT、ROADID
臺北市行穿線,交通,行穿線圖資(shp格式壓縮) 資料欄位說明、更新頻率以實際檔案內為主。,RDITCD(路口碼)、RDCODE(路段碼)、LICODE(圖形標線代碼)、LIAREA(面積)、RDDATE(設置日期)、SIREAN(設置原因代碼)、RDLBLG(長度)、RDLBWT(寬度)
臺北市爆竹煙火安全檢查及違法取締情形,消防,臺北市爆竹煙火安全檢查次數、合格次數、不合格次數,民國年、月份、區域別、場所數量、本期檢查次數-合計、本期檢查合格次數-合計、本期檢查不合格次數-合計、取締次數-合計、裁處次數-合計
臺北市公私有土地徵收面積及補償金額,統計,臺北市公私有土地徵收面積及補償金額時間數列統計資料,統計期、筆數[筆]、徵收面積/總計[公頃]、徵收面積/國防事業[公頃]、徵收面積/交通事業[公頃]、徵收面積/公用事業[公頃]、徵收面積/水利事業[公頃]、徵收面積/公共衛生及環境保護[公頃]、徵收面積/政府機關地方自治機關及其他公共建築[公頃]、徵收面積/教育學術及文化事業[公頃]、徵收面積/其他[公頃]、補償費/總計[千元]、補償費/地價補償[千元]、補償費/改良物補償費[含遷移費][千元]、補償費/其他[千元]
臺北市土地筆數面積及公告地價統計,地政,本市自102年迄今各行政區已辦竣所有權登記之土地筆數、面積及公告地價總額統計(公告地價為每2年公告1次，必要時得延長；105年以前每3年公告1次。),⾏政區、筆數總計、面積總計_公頃、公告地價總額總計_千元、都市土地公有筆數、都市土地公有面積_公頃、都市土地公有公告地價總額_千元、都市土地私有筆數、都市土地私有面積_公頃、都市土地私有公告地價總額_千元、都市土地公私共有筆數、都市土地公私共有面積_公頃、都市土地公私共有公告地價總額_千元
臺北市公告土地現值劃分地價區段及最高最低地價,地政,本市自101年迄今各行政區公告土地現值劃分地價區段數及最高最低區段地價,行政區、區段數總計筆數、一般區段價區段筆數、繁榮街道路線價區段筆數、一般路線價區段筆數、最高一般區段價_元/平方公尺、最低一般區段價_元/平方公尺、最高繁榮街道路線價_元/平方公尺、最低繁榮街道路線價_元/平方公尺、最高一般路線價_元/平方公尺、最低一般路線價_元/平方公尺、最高宗地地價_元/平方公尺
臺北市公告土地現值漲跌幅一覽表,地政,本市自92年迄今臺北市公告土地現值漲跌幅(公告土地現值每年公告1次。),行政區、92年公告公告土地現值漲跌幅（比率）(%)、93年公告公告土地現值漲跌幅（比率）(%)、94年公告公告土地現值漲跌幅（比率）(%)、95年公告公告土地現值漲跌幅（比率）(%)、96年公告公告土地現值漲跌幅（比率）(%)、97年公告公告土地現值漲跌幅（比率）(%)、98年公告公告土地現值漲跌幅（比率）(%)、99年公告公告土地現值漲跌幅（比率）(%)、100年公告公告土地現值漲跌幅（比率）(%)、101年公告公告土地現值漲跌幅（比率）(%)、102年公告公告土地現值漲跌幅（比率）(%)、103年公告公告土地現值漲跌幅（比率）(%)、104年公告公告土地現值漲跌幅（比率）(%)、105年公告公告土地現值漲跌幅（比率）(%)、106年公告公告土地現值漲跌幅（比率）(%)、107年公告公告土地現值漲跌幅（比率）(%)、108年公告公告土地現值漲跌幅（比率）(%)、109年公告公告土地現值漲跌幅（比率）(%)、110年公告公告土地現值漲跌幅（比率）(%)、111年公告公告土地現值漲跌幅（比率）(%)、112年公告公告土地現值漲跌幅（比率）(%)、113年公告公告土地現值漲跌幅（比率）(%)、114年公告公告土地現值漲跌幅（比率）(%)、115年公告公告土地現值漲跌幅（比率）(%)
臺北市公告地價漲跌幅一覽表,地政,本市自93年迄今臺北市公告地價漲跌幅(公告地價為每2年公告1次，必要時得延長；105年以前每3年公告1次。),行政區、93年公告地價漲跌幅（比率）(%)、96年公告地價漲跌幅（比率）(%)、99年公告地價漲跌幅（比率）(%)、102年公告地價漲跌幅（比率）(%)、105年公告地價漲跌幅（比率）(%)、107年公告地價漲跌幅（比率）(%)、109年公告地價漲跌幅（比率）(%)、111年公告地價漲跌幅（比率）(%)、113年公告地價漲跌幅（比率）(%)、115年公告地價漲跌幅（比率）(%)
臺北市土地徵收補償市價查估案件統計,地政,本局統計自101年迄今辦理土地徵收補償市價查估案件之相關資料,辦理查估作業年度、件數、土地筆數、土地面積(㎡)、查估總額(元)
臺北市地價調查用建築改良物標準單價、耐用年數及折舊率表,地政,臺北市地價查估⽤建築改良物標準單價(係依據地價調查估計規則第24條訂定之資料，本資料單價係以⺠國112年12⽉為基期。)、耐用年數及折舊率,構造類別、地上樓層數、標準單價(元/每平方公尺)、耐用年數、每年折舊率(%)
臺北市商辦租金指數,地政,以實價登錄資料庫為基礎，分別編製全市及主要路段商辦租金指數，呈現全市及主要路段之商辦租金在不同時期之實際變動情形，俾協助各界掌握本市商辦租金之變動趨勢。,商辦租金指數類別、期別、季指數、季變動率（%）、標準租金單價（元/坪/月）
臺北市住宅租金指數,地政,以實價登錄資料庫為基礎編製住宅租金指數，呈現全市租金在不同時期之實際變動情形，俾協助各界掌握本市住宅租金之變動趨勢。,住宅租金指數類別、期別、季指數、季變動率、標準租金單價（新台幣元每坪每月）
臺北市地政服務據點,地政,臺北市地政服務據點，包括臺北市政府地政局、各地政事務所及地政便民工作站之地址、電話、經度、緯度及網址,name（名稱）、PostalCode（郵遞區號）、address（地址）、tel（電話）、latitude（緯度）、longitude（經度）、website（網址）
台北花博農民市集全國農特產品展售會業績表,農業,台北花博農民市集~全國農特產品展售會業績表。,"週次、場次、日期、攤數、展售攤數、小計（來客數）、小計（營業額）
"
臺北市結核病個案年齡統計,醫療,臺北市結核病年齡別發生率,有效日期、資料集名稱、相關資料、檔案格式、更新時間
臺北市結核病個案統計,醫療,臺北市結核病個案監測,有效日期、資料集名稱、檔案連結、檔案格式、更新時間
臺北市土地使用分區,資訊,提供臺北市土地使用分區情形之資訊,項次、區段代碼、行政區代碼、行政區、大段、小段、母號、子號、分區說明
臺北市營業場所衛生優良自主管理分級認證業者名冊【旅館業】,醫療,臺北市營業場所衛生優良自主管理分級認證評核結果,報名類別、業者名稱、營業場所地址、評核結果、認證有效日期
臺北市營業場所衛生優良自主管理分級認證業者名冊【浴室業】,醫療,臺北市營業場所衛生優良自主管理分級認證評核結果,報名類別、業者名稱、營業場所地址、評核結果、認證有效日期
臺北市結核病接觸者胸部X光檢查暨丙型干擾素血液測驗(IGRA)合作醫療院所名單,醫療,臺北市結核病潛伏結合感染檢查合作醫療院所名單,編號、縣市、醫療機構名稱、醫師姓名、專科別、門診時間  
臺北市結核病接觸者胸部X光檢查醫院及結核菌素測驗服務單位,醫療,有關臺北市結核病接觸者胸部X光檢查醫院及結核菌素測驗服務單位。,醫院名稱、縣市別、行政區域代碼、地址、結核病接觸者胸部X光檢查醫院、可提供未滿5歲接觸者結核菌素測驗（免費）服務單位、可提供開立結核菌素測驗證明（需自費）服務單位
臺北市海葬使用情形,社福,臺北市(含北北基桃聯合海葬)各年度海葬使用人數統計,序號、民國年度、西元年度、人數、單位
臺北市火葬設施資訊(含座標位置),民政,提供臺北市火化設施位置及座標資訊,設施名稱、郵遞區號、設施地址、連絡電話、座標資訊
臺北市公立骨灰（骸）存放設施位址,資訊,市立殯儀館及公立納骨塔設施位置及連絡方式,設施名稱、郵遞區號、設施地址、服務時間、電話
臺北市以外之縣市殯葬禮儀服務業備查核准一覽表,民政,外縣市殯葬禮儀服務業備查清冊,"公司名稱、負責人、郵遞區號、公司所在地、電話
"
臺北市美容醫學醫療機構,醫療,臺北市美容醫學醫療機構。,序號、機構名稱、行政區、地址、電話
臺北市健檢醫療機構,醫療,臺北市健檢醫療機構。,序號、機構名稱、行政區、地址、電話
臺北市政府民政局暨所屬機關電話及地址,民政,臺北市政府民政局暨所屬機關通訊資料,機關名稱、電話、傳真、地址
臺北市市政網站整合平台之常見問答,資訊,臺北市政府市政網站整合平台之常見問答最新50筆資料,DataSN、ArticleType、FileName、Link、Source、title、內容、日期時間、下版日期、相關檔案、title、url、相關連結、相關圖片、相關影音、發布單位
臺北市市政網站整合平台之新聞稿,資訊,臺北市政府市政網站整合平台之新聞稿最新50筆資料,DataSN、ArticleType、FileName、Link、Source、title、內容、聯絡人、聯絡資訊、日期時間、分類、相關檔案、相關連結、相關圖片、title、url、相關影音、發布單位
臺北市市政網站整合平台之熱門活動,資訊,臺北市政府市政網站整合平台之熱門活動最新50筆資料,DataSN、ArticleType、FileName、Link、Source、title、內容、主辦單位、活動開始時間、活動結束時間、協辦單位、聯絡人、聯絡電話、連絡e-mail、地點、活動地址、報名方式、限制對象、人數限制、費用、購票資訊、發布單位(科室)、類別、相關檔案、title、url、相關連結、相關圖片、相關影音、活動地點經緯度、發布單位
臺北市市政網站整合平台之最新消息,資訊,臺北市政府市政網站整合平台之最新消息最新50筆資料,DataSN、ArticleType、FileName、Link、Source、title、內容、聯絡人、聯絡資訊、類別、日期時間、相關檔案、相關連結、相關圖片、相關影音、電子地圖、發布單位
臺北市政府民政局115年度提升服務品質執行計畫,民政,提升服務品質執行計畫,編號、年度、實施範圍、執行要項、執行重點
臺北市使用牌照稅稽徵,財稅,臺北市使用牌照稅稽徵月報,資料年月、車種別、項目、總計件數、總計稅額、一般車輛件數、一般車輛稅額、臨時牌照車輛件數、臨時牌照車輛稅額、試車牌照車輛件數、試車牌照車輛稅額、免稅車輛件數
臺北市網癮治療服務機構,醫療,臺北市網癮治療服務機構。,行政區、機構名稱、機構地址、聯絡電話、其他聯絡方式、網路成癮服務類型、官方網頁
臺北市環保志義工大隊,環保,臺北市環保義工大隊人數概況,序號、中隊名稱、中隊數、分隊數、志義工人數
臺北市各區原住民人口數,統計,依據戶政事務所受理民眾戶籍登記資料產製人口統計數。,年月、區域別、性別、原住民人口數_合計數量、原住民人口數_平地原住民數量、原住民人口數_山地原住民數量、原住民人口數_平埔原住民數量
臺北市守望相助隊統計表,治安,臺北市守望相助隊統計,"單位、里守望相助隊隊數、里守望相助隊人數、社區守望相助隊隊數、社區守望相助隊人數、公寓大廈守望相助隊隊數、公寓大廈守望相助隊人數、家戶聯防數、警民連線數、錄影監視器數
"
臺北市政府警察局施政計畫,治安,"警察局施政計畫
",機關代碼、年度、名稱、相關網址、內容說明
臺北市各區戶政事務所規費收費一覽表,民政,戶所受理民眾申辦各項規費項目繳納金額基準,縣市、類別、項目名稱、單位、單價
臺北市戶籍罰鍰處罰金額基準表,民政,民眾違反戶籍法相關規定，戶所依照處罰金額開罰,類別、項目、法定申報期間、主事由、次事由、處罰金額、依據
臺北市109年9月後戶籍登記案件及核發證明文件統計,民政,臺北市各區戶籍登記案件及核發證明文件統計表(新增相同性別結婚證明書等案件統計),月份、區別、戶籍登記案件數量、國民身分證_初發補發換發數量、空白證毀損數量、門牌數量、門牌證明數量、戶口統計資料數量、催告戶籍登記數量、家暴跟騷註記、本地戶籍謄本數量、代發本市戶籍謄本數量、代發他縣市戶籍謄本數量數量、印鑑證明與登記數量、戶口名簿數量、閱覽數量、本地英文戶籍謄本數量、代發本市英文戶籍謄本、代發他縣市英文戶籍謄本、結婚證明書、英文結婚證明書、離婚證明書、英文離婚證明書、親等關聯資料、巡迴查對更正、里鄰改編改註、非現住人口處理案件、婚姻紀錄證明書、遷徙紀錄證明書、姓名更改紀錄證明書、相同性別結婚證明書、英文相同性別結婚證明書、終止結婚證明書、英文終止結婚證明書、戶籍罰鍰、單區案件總數
臺北市重大災害財物損失統計報表災害撤離情形,民政,撤離情形統計,年度、縣市別、行政區別、累計實際撤離人數、備註
臺北市交通事件裁決所駕牌照吊扣銷件數統計表,交通,駕牌照吊扣銷件數統計表（依駕牌照吊扣銷分列）,年度月份、吊扣駕照件數、吊銷駕照件數、吊扣牌照件數、吊銷牌照件數
臺北市交通事件裁決所交通違規罰鍰繳納管道概況,交通,交通違規罰鍰繳納管道概況(依代收項目分列),項目、繳納管道、支付方式、數量、金額元（新台幣)
臺北市車輛行車事故鑑定案件分類統計,交通,本市車輛行車事故鑑定案件依申請方式分類之統計（自109年1月起）,民國年、月份、民眾申請、司法機關囑託、總收案件
臺北市五癌篩檢醫療院所,醫療,臺北市五癌篩檢醫療院所。,行政區、醫事機構代碼、院所名稱、地址、聯絡電話、子宮頸癌篩檢門診、口腔癌篩檢門診、大腸癌篩檢、乳癌篩檢、肺癌篩檢、貼心小提醒
臺北市藥商、醫療器材商許可清冊,醫療,臺北市藥商、醫療器材商許可清冊。,項次、資料集名稱、內容、網址、更新日期
臺北市廣告審查件數統計表,醫療,廣告審查件數統計表。,項次、縣市別代碼、分類、申請件數、核准件數
臺北市藥局,醫療,全區藥局,縣市別代碼、機構名稱、地址、電話、其他電話、x、y
臺北市預立醫療照護諮商機構(ACP),醫療,預立醫療照護諮商機構。,序號、機構名稱、地址、連絡電話、其他聯絡方式、機構諮詢網址
臺北市安寧療護機構資源查詢,醫療,安寧療護資源查詢服務。,業務組別、特約類別、縣市別、醫事機構名稱、各類病床使用情形網址
臺北市捐血中心固定捐血點,醫療,臺北市捐血中心固定捐血點。,序號、捐血室名稱、行政區、設站地址、電話
臺北市兒童醫療補助特約院所名冊,醫療,臺北市兒童醫療補助特約院所清冊,院所代碼、診所名稱、行政區、地址、電話
臺北市政府衛生局指定開設身心障礙牙科門診醫院一覽表,醫療,臺北市政府衛生局指定開設身心障礙牙科門診醫院,醫院名稱、地址、門診時刻表、電話、其他掛號方式網路掛號網址
臺北市自殺死亡概況,統計,臺北市歷年自殺死亡概況。,年份、性別、行政區別、死亡人數、粗死亡率
臺北市歷年死亡概況,統計,臺北市歷年死亡概況。,年份、性別、疾病死因、順位、死亡人數、死亡率、標準化死亡率、死亡人數結構比
臺北市公費HPV疫苗特約醫療院所,醫療,臺北市提供公費HPV疫苗接種服務之醫療院所。,項次、行政區、醫療院所名稱、地址、聯絡電話
臺北市腸病毒重症責任醫院名冊,醫療,腸病毒重症責任醫院名冊。,序號、縣市別、縣市別代碼、責任醫院、地址
臺北市社區心理諮商服務,醫療,臺北市社區心理諮商服務。,項次、行政區、預約電話、地址、服務時段、備註
臺北市老人健康檢查特約醫事機構,醫療,老人健康檢查特約醫事機構,醫事機構名稱、顯示用地址、系統辨識用地址、電話、分機、手機
大臺北地區消防栓分布點位圖,消防,大臺北地區(包括臺北市、新北市三重區、中和區、永和區、新店區及汐止區7個里)消防栓分布點位,序號、圖號、編號、WPID、97X座標、97Y座標、WGS84經度、WGS84緯度、型式、所在地區
臺北市消防人員講習訓練年度統計,消防,講習訓練年度統計,年、縣市、機關代碼、人次、備註
臺北市政府消防局辦理各項訓練統計,消防,各項訓練統計,月份、每梯人數
臺北市政府年度因公出國及赴大陸地區計畫,民政,收錄本府年度因公派員出國及赴大陸地區計畫資料,序號、優先順序、提報機關、機關代碼、類別、項目名稱、擬前往國家、出國日數、出國人數、核定情形
臺北市政府行政機關公務人員人事異動概況,統計,各年度臺北市政府行政機關公務人員人事異動概況,年度、類別、男、女、總計
臺北市政府女性主管比率,統計,本府女性主管比率之統計資料,編號、項目名稱、男性、女性、小計
臺北市環保局操作維護之水質淨化設施資料,環保,操作維護之水質淨化設施資料,年、月、位置、pH數值、水溫數值（℃）、溶氧數值（mg/L）、導電度（μmho/cm）、鹽度（psu）、生化需氧量（mg/L）、懸浮固體數值（mg/L）、氨氮數值（mg/L）、污染指數 
臺北市加密控制點資料,地政,提供臺北市各區加密控制點資料,點位名稱、TM2度分帶97X坐標、TM2度分帶97Y坐標、行政區、標石種類、高程
Taipeizoo_Services,教育,About Taipeizoo_Services Data,S_Category、S_Item、S_Longitude、S_Latitude、S_Pic01_ALT、S_Pic01_URL
臺北市太陽光電發電設備之核准情形,經濟,臺北市太陽光電發電設備之核准情形(114年7月至12月)(單位：件、瓩)。,項目別、同意備案本期核准件數、同意備案本期核准總裝置容量、同意備案本年累計核准件數、同意備案本年累計核准總裝置容量、設備登記本期核准件數、設備登記本期核准總裝置容量、設備登記本年累計核准件數、設備登記本年累計核准總裝置容量
臺北市再生能源發電設備之核准資料,經濟,臺北市再生能源發電設備之核准情形(114年7月至12月)(單位：件、千瓦)。,項目別、同意備案本期核准件數、同意備案本期核准總裝置容量、同意備案本年累計核准件數、同意備案本年累計核准總裝置容量、設備登記本期核准件數、設備登記本期核准總裝置容量、設備登記本年累計核准件數、設備登記本年累計核准總裝置容量
臺北市政府歷年投資富邦金控股權及獲配股利一覽表,財稅,臺北市政府歷年投資富邦金控獲配股利及持股比例,年度、現金股利(元/股)、股票股利(元/股)、股利合計(元/股)、現金股利(億元)、持股比率(%)、發行公司
臺北市政府派兼富邦金控公股董事及推薦獨立董事名單,財稅,臺北市政府財政局_本府派兼富邦金控公股董事及推薦獨立董事名單,序號、職稱、姓名、任期、異動年份
臺北市南港區各里簡易疏散避難地圖資訊,民政,提供臺北市南港區各里簡易疏散避難圖資訊,District(區)、AreaCode(行政區域代碼)、Village(里)、Language(語系)、FILE_URL(圖檔連結網址)
臺北市高再犯危險之性侵害加害人人數統計表,治安,臺北市高再犯危險之性侵害加害人人數統計,縣市別代碼、民國年、月份、再犯評估、人數
臺北市身心障礙者服務_身心障礙者服務中心,社福,提供身心障礙者服務中心相關資訊,機構類型、機構名稱、地址、電話、傳真
臺北市兒童與少年服務_兒童及少年安置教養機構,社福,提供臺北市兒童及少年安置教養機構相關資訊,機構名稱、地址、電話、行政區代碼、屬性、服務對象、核定服務床位數量、可申請床位數量、說明、評鑑
臺北市空氣污染防制基金管理委員會委員名單,環保,114-115年臺北市空氣污染防制基金管理委員會委員名單 ,項次、委員姓名、性別、任期（起）、任期（訖）
臺北市政府消防局歲出預算表,消防,科目名稱、本年度預算數（金額）、上年度預算數（金額）、前年度決算數（金額）、本年度與上年度比較（金額）,科目名稱、本年度預算數（金額）、上年度預算數（金額）、前年度決算數（金額）、本年度與上年度比較（金額）
臺北市資源回收分類方式,環保,生活中所遇到難分類的垃圾，提供快速的查詢讓民眾知道該如何垃圾分類及何時有回收。,序號、機關名稱、機關代碼、大類別、子類別、說明、回收時間
臺北市航空噪音防制區圖,環保,臺北松山機場航空噪音防制區圖(臺北市部分)範圍及分級表,序號、行政區編碼、行政區、行政區級別、里
臺北市環保志義工環境清潔執行成果,環保,歷年環保志義工環境清潔成果相關資料,年度、參與清掃人次、環境清掃整理處次、環境整潔宣導場次、環境整潔宣導人次
臺北市水環境巡守志工人數,環保,本市水環境巡守志工人數,縣市、年、男性（人數）、女性（人數）、合計（人數）
臺北市政府各機關年度預算員額總數,統計,年度預算員額總數，包含公務人員、約聘僱、職工及駐衛警察員額,編號、機關名稱、機關代碼、預算員額數、備註
臺北市政府依法進用原住民概況,統計,為統計臺北市政府各機關學校依臺北市促進原住民就業自治條例規定進用原住民概況,序號、項目、總計、符合中央法規進用人數、備註
臺北市水土保持法違規案件,工務,臺北市水土保持違規案件相關資料查詢,違規案件編號、處分日期、案件狀態、地籍_區、地籍_段、地籍_小段、地籍_地號、違規面積_平方公尺、違規類別、暫停開發兩年、暫停開發到期日、罰鍰金額
臺北市列管邊坡紅黃色雨量警戒值,消防,"1. 24hr累積雨量達到黃色警戒值，即通知區公所及里長準備進行疏散。
2. 24hr累積雨量達到紅色警戒值，即建議災害應變中心下令進行疏散。
","列管邊坡編號、行政區、村里、列管邊坡位名稱、黃色警戒雨量值（mm／24hr）、紅色警戒雨量值（mm／24hr）、參考雨量站
"
臺北市山坡地範圍圖,工務,本範圍圖係依照「臺北市山坡地範圍檢討劃定及變更作業要點」劃定。,OBJECTID、FID_2016_、AREA、LENGTH、Designatio、County、FID_dissol、Name、descriptio、timestamp、begin、end、altitudeMo、tessellate、extrude、visibility、drawOrder、icon、Shape_Leng、Shape_Area
臺北市老舊聚落紅黃色雨量警戒值,消防,"1、24hr累積雨量達到300mm為黃色警戒，即建議市級災害應變中心下達疏散避難勸告。
2、24hr累積雨量達到400mm為紅色警戒，即建議市級災害應變中心下達進行聚落疏散。","流水號、行政區、村里、山坡地老舊聚落編號及名稱、參考雨量站、保全住戶人數、保全住戶戶數、黃色警戒雨量值（mm／24hr）、紅色警戒雨量值（mm／24hr）
"
臺北市列管登山步道,工務,目前臺北市親山步道系統列管有154條步道，總長約117公里，並因應步道長度、高低起伏及體適能條件等規劃完成步道路線。引領民眾便捷地親近山林，輕鬆享受自然多樣的生態野趣，同時懷想起含其中的歷史人文事蹟。,序號、行政區、登山步道路線、總長M、單程步行時間min、步道分級、起點、起點經度座標、起點緯度座標、起點是否為階梯、迄點、迄點經度座標、迄點緯度座標、迄點是否為階梯、步道口是否有路擋、是否適合輪椅通行、輪椅可通行段平均坡度、輪椅可通行段長度M、行動電話通訊情形、是否有流動廁所、流動廁所位置、是否為無障礙廁所
臺北市各水域告示牌及救生器材設置地點及數量清冊,工務,防溺告示牌、救生器材之設置地點及數量,編碼、設置設備、權管單位、設置地點、經度、緯度
臺北市工務局大地工程處11處土石流觀測影像CCTV,消防,土石流潛勢溪流觀測影像,SeqNo、no、AreaCode、station、areano、URL
臺北市山坡地人工邊坡位置圖,工務,臺北市山坡地人工邊坡調查建檔結果,MSISID、LEVEL、URL、DIST、TYPE
臺北市土石流雨量警戒值,消防,"114年本市土石流保全住戶調查結果共涵蓋4個行政轄區、8個里、10條土石流潛勢溪流，截至114.8.31調查結果，土石流保全住戶實際居住人數總計共100戶、戶籍人數279人、實居227人。
",溪流編號、行政區、村里、土石流警戒雨量值（mm／24hr）、參考雨量站、保全住戶戶數、保全住戶人數
臺北市山坡地自主防災社區推動列表,工務,本市山坡地自主防災社區推動列表,序號、年度、社區名稱、行政區、里
臺北市水土保持校園宣導列表,工務,本市水土保持校園宣導列表,序號、年度、學校名稱、行政區、里
臺北市列管山區道路,工務,已調查山坡地範圍內列管山區道路。,OID_、Name、FolderPath、SymbolID、AltMode、Base、Clamped、Extruded、Snippet、PopupInfo、Shape_Leng
臺北市老舊聚落分布圖,資訊,臺北市24處山坡地老舊聚落所在位置,ENTITY、HANDLE、LAYER、LYRFRZN、LYRLOCK、LYRON、LYRVPFRZN、LYRHANDLE、COLOR、ENTCOLOR、LYRCOLOR、BLKCOLOR、LINETYPE、ENTLINETYP、LYRLNTYPE、BLKLINETYP、ELEVATION、THICKNESS、LINEWT、ENTLINEWT、LYRLINEWT、BLKLINEWT、REFNAME、LTSCALE、EXTX、EXTY、EXTZ、DOCNAME、DOCPATH、DOCTYPE、DOCVER
臺北捷運每日貓空纜車系統旅運量統計表,交通,臺北捷運每日貓空纜車系統旅運量統計,月份、營運日、星期、總運量、平日/假日
臺北捷運貓空纜車團體預約統計資料,交通,臺北捷運貓空纜車團體預約統計,年、月、日、星期、預約搭乘人數
臺北市加油站及加氣站分布圖,經濟,臺北市加油站及加氣站分布圖。,CITYZONE(行政區)、NAME(名稱)、S_NAME(站名)、SUPPLIER(供油廠商)、ADDRESS(地址)、電話、DUTY_TIME(營業時間)、HAVEOIL(加油站)、HAVEGAS(加氣站)、HAVESELF(提供自助加油服務)、ADDR_X(座標X)、ADDR_Y(座標Y)
臺北市大同區各里簡易疏散避難地圖資訊,民政,提供臺北市大同區各里簡易疏散避難圖資訊。 ,District(區)、AreaCode(行政區域代碼)、Village(里)、Language(語系)、FILE_URL(圖檔連結網址) 
臺北市大同區區民活動中心設置無障礙設施資料,民政,臺北市大同區各區民活動中心之無障礙設施名稱及數量,location(區民活動中心名稱)、address(地址)、data(無障礙設施名稱)、ItemValue(統計數值)、Management unit code(機關代碼)
臺北市信義區各里簡易疏散避難地圖資訊,民政,提供臺北市信義區各里簡易疏散避難圖資訊。,District(區)、AreaCode(行政區代碼)、Village(里)、Language(語系)、FILE_URL(圖檔連結網址)
臺北市領有溫泉標章之溫泉使用事業名單,觀光,臺北市領有溫泉標章之溫泉使用事業名單一覽表,旅宿名稱、縣市、鄉鎮、地址、營業類型
臺北市政府發文統計表,統計,發文機關全銜為臺北市政府之發文件數，包含普通、密及機密等級之每月發文件數統計資訊,年度、月份、普通、密、機密
臺北市政府補助本市公務人員協會歷年經費表,統計,臺北市政府補助本市公務人員協會歷年經費,年度、補助民間團體名稱、預算數、累積補助金額、補助項目
臺北市公務人員協會歷年聯誼暨教育訓練活動人次統計表,統計,臺北市公務人員協會聯誼暨教育訓練活動人次統計表,年度、活動名稱、梯次、辦理時間、參加人次
臺北市政府消防局歲入預算表,消防,科目名稱、本年度預算數（金額）、上年度預算數（金額）、前年度決算數（金額）、本年度與上年度比較（金額）,科目名稱、本年度預算數（金額）、上年度預算數（金額）、前年度決算數（金額）、本年度與上年度比較（金額）
臺北市政府財政局經管市有非公用閒置建物清冊,地政,臺北市政府財政局_臺北市政府財政局經管市有非公用閒置建物清冊,編號、管理機關、門牌、閒置面積_㎡
臺北市赴事業單位辦理勞動教育課程,勞動,臺北市赴事業單位辦理勞動教育課程補助統計。,年度、補助場次（數）、參與男性數、參與女性數、參與總人數
臺北市特教資源中心,教育,"臺北市特教資源中心基本資料
",單位名稱、郵遞區號、地址、所在學校、電話、分機、網址
臺北市政府財政局經管市有非公用閒置土地清冊,地政,臺北市政府財政局_臺北市政府財政局經管市有非公用閒置土地清冊,土地標示、列管面積_㎡、都市計畫使用分區、年月、公告地價_金額_元、年月、公告現值_金額_元
臺北市政府暨所屬機關規費徵收項目及收費基準一覽表,財稅,機關規費徵收項目及收費基準 ,年度、機關名稱、規費項目、收費內容概述、法令依據
臺北市稅捐稽徵處滯納案件移送執行情形─以前年度,財稅,臺北市稅捐稽徵處滯納案件移送執行情形─以前年度(114年),項目、本月數量、本月金額、累計數量、累計金額
臺北市市長致贈各界人士喜喪用件數量統計表,統計,臺北市市長致贈各界人士婚、喪、壽、慶用件數量統計資訊,年度、月份、中堂數量、鏡屏數量、結婚賀卡數量、電子輓聯數量、慰問函數量
臺北市稅捐稽徵處滯納案件移送執行情形─本年度,財稅,臺北市稅捐稽徵處滯納案件移送執行情形─本年度(114年) ,項目、本月數量、本月金額、累計數量、累計金額
臺北市家禽批發市場附屬屠宰場,經濟,宰場名稱、臺北市場址、電話、登記屠宰畜禽種類,序號、宰場名稱、臺北市場址、電話、登記屠宰畜禽種類
臺北市攤販集中場,經濟,市集販賣內容簡介,seqno(序號)、stitle(行政區別)、xbody(法人名稱)、xcreatedDate(營業日)、xstartTime(營業開始時間)、xendTime(營業結束時間)、xAddress(範圍)、GTag_longitude(經度)、GTag_latitude(緯度)
107年度臺北市傳統市場休市日資訊,經濟,傳統市場休市日資訊,縣市名、縣市別代碼、西元年、月、日
106至113年臺北市樂活名攤獲獎名單,經濟,臺北市106-113年樂活名攤獲獎名單,序號、市集名稱、攤名、年度、星等
106至108年臺北市品牌市集獲獎名單,經濟,臺北市106至108年品牌市集獲獎名單,序號、縣市名、縣市別代碼、市集名稱、年度
臺北市農產品批發市場,經濟,臺北市農產品批發市場資訊,序號、市場別、行政區別、土地總面積[平方公尺]、交易總量[公斤]、交易總額[元]、管理費收入[元]、交易天數[日]、員工人數[人]
臺北市超級市場,經濟,市集販賣內容簡介、座標(84),seqno(序號)、stitle(名稱)、xbody(內容)、xcreatedDate(建立日期)、xAddress(地址)、GTag_longitude(經度)、GTag_latitude(緯度)
臺北市傳統市(商)場,經濟,市集販賣內容簡介、座標(84),seqno(序號)、stitle(名稱)、xbody(內容)、xcreatedDate(建立日期)、xAddress(地址)、GTag_longitude(經度)、GTag_latitude(緯度)
臺北市民有市場,經濟,臺北市民有市場名冊,行政區、市場名稱、市場地址、攤鋪位數、備註
108年臺北市各區公有零售市場面積、租金及員工人數,經濟,108年臺北市各區公有零售市場面積、租金及員工人數一覽,行政區、市場別、市場地址、土地總面積/平方公尺、樓地板面積/平方公尺、租金收入/元/年、固定攤位數/個、臨時攤位數/個、職員數/人、場工數/人
臺北市各區公有零售市(商)場攤位數,經濟,臺北市各區公有零售市(商)場攤位數量,序號、行政區、市場名稱、總計、蔬菜（數量）、青果（數量）、獸肉（數量）、漁產（數量）、家禽（數量）、糧食（數量）、花卉（數量）、雜貨（數量）、百貨（數量）、飲食（數量）、其他
臺北市地下街,經濟,市集販賣內容簡介、座標(84),SeqNo(序號)、stitle(名稱)、xbody(內容)、xcreatedDate(建立日期)、xAddress(地址)、GTag_longitude(經度)、GTag_latitude(緯度)
臺北市批發市場,經濟,市集販賣內容簡介、座標(84),seqno(序號)、stitle(名稱)、xbody(內容)、xcreatedDate(建立日期)、xAddress(地址)、GTag_longitude(經度)、GTag_latitude(緯度)
106至113年臺北市優良市集獲獎名單,經濟,106-113年臺北市優良市集獲獎名單,縣市名、縣市別代碼、市集名稱、年度、星等
臺北市夜市友善廁所名單,資訊,夜市友善廁所名單,編號、夜市名稱、店家名稱、地址、開放時間、結束時間、公休日
臺北市政府警察局重要警政統計指標,統計,提供臺北市政府警察局105年度起重要警政統計指標。,年度、全般刑案發生件數、全般刑案破獲件數、全般刑案破獲率、全般刑案嫌疑犯人數、暴力犯罪發生件數、暴力犯罪破獲件數、暴力犯罪破獲率、暴力犯罪嫌疑犯人數、竊盜發生件數、竊盜破獲件數、竊盜破獲率、竊盜嫌疑犯人數、普通竊盜發生件數、普通竊盜破獲件數、普通竊盜破獲率、重大竊盜發生件數、重大竊盜破獲件數、重大竊盜破獲率、汽車竊盜發生件數、汽車竊盜破獲件數、汽車竊盜破獲率、機車竊盜發生件數、機車竊盜破獲件數、機車竊盜破獲率、少年嫌疑犯總人數、少年嫌疑犯暴力人數、少年嫌疑犯竊盜人數、少年嫌疑犯毒品人數、少年嫌疑犯其他人數、詐欺發生件數、詐欺破獲件數、詐欺破獲率、詐欺嫌疑犯人數、詐欺損失金額、查緝毒品破獲件數、查緝毒品重量公克數、查緝毒品嫌疑犯人數
臺北市政府警察局主題專區,治安,警察局六大主題專區,序號、主題專區名稱、網址、承辦單位、聯絡電話
臺北市公有零售市場休市日程表,經濟,傳統市場休市日資訊,序號、民國年、西元年、月、日
臺北市市場處無障礙設施,交通,臺北市市場處無障礙設施設置情形,序號、場地名稱、地址、無障礙設施內容、備註
臺北市政府求職徵才職缺資訊,資訊,臺北市政府各機關學校所釋出之職缺資料，包含職缺機關、職稱、工作地點、應徵期限等詳細資料。,No(流水號)、dept_code(機關代碼)、dept_name(機關名稱)、Job_no、Modify_date、tel(公務電話)、level(官職等或薪點)、job_Kind_Name(職系)、title(職稱)、pop_Kind_Name(人員區分)、member_no_desc(名額)、org_type_Name(機關類型)、apply_sdate(應徵開始日期)、apply_edate(應徵結束日期)、apply_rule(資格條件)、job_desc(工作項目)、job_location_Name(工作地點)、job_address(工作地址)、official_rule(是否須具公務人員任用資格)、is_duty(是否須輪值)、Special_rule(特殊條件註記)、contact(聯絡方式)、File_Path(附件路徑)、Note(備註)
臺北市批發市場休市日,經濟,臺北市批發市場休市日資訊,編號、民國年、西元年、月、日、市場名稱
臺北市政府補助本市公教退休人員協會歷年經費表,統計,臺北市政府人事處歷年補助民間團體情形表,民國年、補助民間團體名稱、預算數、累積補助金額、補助項目
臺北市路邊停車格位,交通,停車格位資訊,pktype（01：小型車、02：機車、03：身心障礙專用（汽、04：身心障礙專用（機、05：警車、06：大型車、07：貨車裝卸專用、08：計程車、09：限時停車、10：時段性禁停汽車、11：機慢車停放區、12：公用汽車、13：公用機車、14：警用機車、15：汽車停車彎、16：機慢車停放區（警車）、17：消防車、18：機慢車停放區（身心障礙專用）、19：時段禁停車機車、20：限時停車機車、21：垃圾車專用（時段管制）、22：汽機車彈性共用、23：大客車與小型車共用格位）、pktype1、pkid、pkdoc、pknote、pkpern、pkdate、pkwork、pkgoup、zone（01：北投區、02：士林區、03：大同區、04：中山區、05：松山區、06：內湖區、07：萬華區、08：中正區、09：大安區、11：南港區、12：文山區）、pkrate、pktime、pkdel、pkaply、pkredw、pkaltr、pkadrs、pkzone、pknos、pkkind(01：順向、02：垂直、03：斜向)、pkroad、pknum、pkchk、editby、keyid、workc_keyi、streetview、streetvi_1、streetvi_2、streetvi_3、streetvi_4、workc_in_u、workc_in_t、edittime、rdcode、mainnet_ke、width、len、workunit、park11keyi、areakeyid、motoctol、ctoldate、linereco、hardreco、pkterm、varcode、roadname
臺北市政府智慧支付辦理情形,統計,臺北市政府智慧支付辦理情形時間數列統計資料,統計期、台北智慧支付平台累計收繳單數[萬張]、台北智慧支付平台累計收繳金額[萬元]、台北智慧支付平台累計收繳單數增減率[%]、台北智慧支付平台累計收繳金額增減率[%]
臺北市辦理建物登記概況,統計,臺北市辦理建物登記概況時間數列統計資料,統計期、標示變更/棟數[棟]、標示變更/面積[公頃]、所有權變更/棟數[棟]、所有權變更/面積[公頃]、他項權利/總計/棟數[棟]、他項權利/抵押權/棟數[棟]、他項權利/典權/棟數[棟]、他項權利/其他/棟數[棟]、他項權利/總計/面積[公頃]、他項權利/抵押權/面積[公頃]、他項權利/典權/面積[公頃]、他項權利/其他/面積[公頃]
臺北市30日臨時使用道路路段,交通,30日內已核准臨時使用道路路段資訊(含申請日期與使用道路範圍),BILL_CODE、URGENT_RCV_DATE、URGENT_START_DATE、 URGENT_END_DATE、URGENT_ADDRESS1、X1、Y1、URGENT_ADDRESS2、X2、Y2
臺北市30日使用道路集會路段,資訊,30日內已核准使用道路集會路段資訊(含申請日期與集會地點),RAL_CODE、RAL_RCV_DATE、RAL_START_DATE、RAL_END_DATE、RAL_ADDRESS1、X1、Y1、RAL_ADDRESS2、X2、Y2
臺北市政府新工處施作路寬8公尺以上道路銑鋪期程維護管制區,工務,臺北市政府新工處施作路寬8公尺以上道路之路段及施工起訖期程維護管制區，含施工路段。,編號、工程名稱、行政區、路段、施作範圍、預計開工日期、預計完工日期、實際開工日期、實際竣工日期、備註
臺北市政府新建工程處道路公共設施維護管理資訊公開系統,工務,臺北市政府新建工程處道路公共設施維護管理資訊公開系統資訊，含養護管理機關,序號、主類別、次類別、設施名稱、主管法規之中央目的事業主管機關、養護機關、上一級養護管理機關、中央部會或地方政府、養護頻率_年數量、養護紀錄_檔案民國年月、最近一次養護日期、維護管理狀況為、近期維護管理執行情形
臺北市市區道路新建及改善工程完成數量,工務,臺北市市區道路新建及改善工程完成數量--近年已完工市區道路資訊(含行政區、工程項目、長、寬、開工日期、完工日期)  　　,"項次、行政區、工程項目、長、寬、開工日期、完工日期
"
臺北市人行道固定設施物_人行道出入口類設施,工務,臺北市人行道固定設施物各項相關人行道出入口類設施，本項資料所採用座標系統為TWD97。,type(資料類型)、properties(屬性資料)、OBJECTID(編號)、Name(名稱)、Town_N(行政區)、X_3826(TWD97X座標)、Y_3826(TWD97Y座標)、geometry(幾何資訊)、type(幾何位置種類)、coordinates(幾何位置座標)
臺北市人行道固定設施物_人行道桿類設施,工務,臺北市人行道固定設施物有關人行道桿類設施之相關資料，包含桿類種類、行政區、XY座標、幾何位置資料種類及幾何位置相對座標，本項資料所採用座標系統為TWD97。,type(資料類型)、properties(屬性資料)、OBJECTID(編號)、Name(名稱)、Town_N(行政區)、X_3826(TWD97X座標)、Y_3826(TWD97Y座標)、geometry(幾何資訊)、type(幾何位置種類)、coordinates(幾何位置座標)
臺北市人行道固定設施物_人行道範圍圖,工務,臺北市人行道固定設施施有關人行道範圍相關圖資，本項資料所採用座標系統為TWD97。　　,type(資料類型)、properties(屬性資料)、ID(編號)、Town_N(行政區)、NAME_Road(路名)、PSTART(起點)、PEND(訖點)、SW_DIRECT(人行道方向)、SW_LENG_ItemValue(長度)、SW_WTH_ItemValue(寬度)、Shape_AR_ItemValue(面積)、SWW_WTH(人行道淨寬)、code(類型)、geometry(幾何資訊)、type(幾何位置種類)、coordinates(幾何位置座標)
臺北市人行道固定設施物_人手孔設施,工務,臺北市人行道固定設施物有關人手孔設施相關圖資，本項資料所採用座標系統為TWD97。,type(資料類型)、properties(屬性資料)、OBJECTID(編號)、NAME(名稱)、Town_N(行政區)、X_3826(TWD97X座標)、Y_3826(TWD97Y座標)、geometry(幾何資訊)、type(幾何位置種類)、coordinates(幾何位置座標)
臺北市大安區各里簡易疏散避難地圖資訊,民政,提供臺北市大安區各里簡易疏散避難圖資訊。,District(區)、AreaCode(行政區域代碼) 、Village(里)、Language(語系)、FILE_URL(圖檔連結網址)
臺北市大安區區民活動中心無障礙設施設置資料,民政,提供本所權管區民活動中心無障礙設施設置資料表,location、address、installation、quantity、Management unit code
臺北市人行道固定設施物_人行道公共藝術品,工務,臺北市人行道固定設施物有關纜線管理之相關資料，包含名稱、行政區、XY座標、幾何位置資料種類及幾何位置相對座標，本項資料所採用座標系統為TWD97。 　　,type(資料類型)、properties(屬性資料)、ObjectID(編號)、Name(名稱)、Town_N(行政區)、X_3826(TWD97X座標)、Y_3826(TWD97Y座標)、geometry(幾何資訊)、type(幾何位置種類)、coordinates(幾何位置座標)
臺北市人行道固定設施物_人行道其他設施(點圖),工務,臺北市人行道固定設施物有關人行道其他設施等相關圖資，本項資料所採用座標系統為TWD97。,type(資料類型)、properties(屬性資料)、OBJECTID(編號)、Name(名稱)、Town_N(行政區)、X_3826(TWD97X座標)、Y_3826(TWD97Y座標)、geometry(幾何資訊)、type(幾何位置種類)、coordinates(幾何位置座標)
臺北市人行道固定設施物_人行道箱類設施(面圖),工務,臺北市人行道固定設施物有關人行道各種箱類設施包含平面圖及點資料，本項資料所採用座標系統為TWD97。,type(資料類型)、properties(屬性資料)、OBJECTID(編號)、NAME(名稱)、Town_N(行政區)、X_3826(TWD97X座標)、Y_3826(TWD97Y座標)、geometry(幾何資訊)、type(幾何位置種類)、coordinates(幾何位置座標)
臺北市人行道固定設施物_人行道箱類設施(點圖),工務,臺北市人行道固定設施物有關箱類設施的點位相關資料，包含名稱、行政區、XY座標、幾何位置資料種類及幾何位置相對座標，本項資料所採用座標系統為TWD97。,type(資料類型)、properties(屬性資料)、OBJECTID(編號)、NAME(名稱)、Town_N(行政區)、X_3826(TWD97X座標)、Y_3826(TWD97Y座標)、geometry(幾何資訊)、type(幾何位置種類)、coordinates(幾何位置座標)
臺北市人行道固定設施物_無障礙斜坡道,工務,臺北市人行道固定設施物有關無障礙斜坡道相關圖資。,type(資料類型)、properties(屬性資料)、ObjectID(編號)、Name(名稱)、Town_N(行政區)、X_3826(TWD97X座標)、Y_3826(TWD97Y座標)、SW_WTH(斜坡道寬度)、Slope(坡度)、geometry(幾何資訊)、type(幾何位置種類)、coordinates(幾何位置座標)
臺北市人行道固定設施物_人行道纜線管路,工務,臺北市人行道固定設施物有關纜線管理之相關資料，包含名稱、行政區、XY座標、幾何位置資料種類及幾何位置相對座標。 ,type(資料類型)、properties(屬性資料)、ObjectID(編號)、Name(名稱)、Town_N(行政區)、X_3826(TWD97X座標)、Y_3826(TWD97Y座標)、geometry(幾何資訊)、type(幾何位置種類)、coordinates(幾何位置座標)
臺北市人行道固定設施物_樹穴,工務,臺北市人行道固定設施物有關樹穴等相關圖資，本項資料所採用座標系統為TWD97。,type(資料類型)、properties(屬性資料)、ObjectID(編號)、NAME(名稱)、Town_N(行政區)、X_3826(TWD97X座標)、Y_3826(TWD97Y座標)、geometry(幾何資訊)、type(幾何位置種類)、coordinates(幾何位置座標)
臺北市人行道固定設施物_停車類設施,工務,臺北市人行道固定設施物有關停車設施等相關資料，本項資料所採用座標系統為TWD97。,type(資料類型)、properties(屬性資料)、ObjectID(編號)、NAME(名稱)、Town_N(行政區)、X_3826(TWD97X座標)、Y_3826(TWD97Y座標)、geometry(幾何資訊)、type(幾何位置種類)、coordinates(幾何位置座標)
臺北市人行道固定設施物_人行道其他設施(面圖),工務,臺北市人行道固定設施物有關人行道其他設施之面圖資料集，本項資料所採用座標系統為TWD97。　　　　,type(資料類型)、properties(屬性資料)、OBJECTID(編號)、NAME(名稱)、Town_N(行政區)、X_3826(TWD97X座標)、Y_3826(TWD97Y座標)、geometry(幾何資訊)、type(幾何位置種類)、coordinates(幾何位置座標)
臺北市道路銑鋪區塊圖資,工務,配合道路施工依路型、路段繪製道路區塊圖，以利道路維護及更新銑鋪作業　　,AREACODE( 行政區編號)、ROAD( 道路名稱)、ROADX( 交叉路口)、STA_ROAD ( 開始道路)、END_ROAD( 截止道路)、MAP_AREA( 幾何面積)、WIDTH( 寬度)、NFCL_CODE( 銑鋪區塊編號)
臺北市橋梁檢測及維修資料,工務,序號、橋梁名稱、轄區、管轄單位、最近一期檢測年度、檢測結果、最近一期維護年度、委託維修單位、年度維修經費金額、維修結果　　,序號、橋梁名稱、轄區、管轄單位、管轄單位機關代碼、最近一期檢測年度、檢測結果、最近一期維護年度、委託維修單位、年度維修經費金額、維修結果
臺北市今日使用道路集會路段,工務,臺北市每日已核准使用道路集會路段資訊(含申請日期與集會地點)　　,RAL_CODE、RAL_RCV_DATE、RAL_START_DATE、RAL_END_DATE、RAL_ADDRESS1、X1、Y1、RAL_ADDRESS2、X2、Y2
臺北市共同管道圖資,工務,臺北市共同管道圖資shape file格式壓縮檔案，zip檔案內容包含共同管道幹管、支管、電纜溝及纜線管路等4種SHP檔案格式，本項資料所採用座標系統為TWD97　　,DUCT_ID(管道ID)、CAPTION(管道名稱)、DUCT(管道別)、SECTION(管道別稱)、CLASS1(管道分類1)、CLASS2(管道分類2)、START_STA(起點里程)、END_STA(終點里程)、CENTER_STA(中心里程)、LENGTH(長度)、ID1(編號)
臺北市路平專案工程成果,工務,臺北市98-103年路平專案工程成果　　,年度、編號、行政區域、路段、施作範圍、經費、長度、面積、施工期程
臺北市今日臨時使用道路路段,工務,每日已核准臨時使用道路路段資訊(含申請日期與使用道路範圍)　　,BILL_CODE、URGENT_RCV_DATE、URGENT_START_DATE、URGENT_END_DATE、URGENT_ADDRESS1、X1、Y1、URGENT_ADDRESS2、X2、Y2
臺北市共同管道圖資_支管,工務, 臺北市共同管道支管圖資shape file格式壓縮檔案，zip檔案內容包含共同管道支管SHP檔案格式，本項資料所採用座標系統為TWD97。　　,DUCT_ID(管道ID)、CAPTION(管道名稱)、DUCT(管道別)、SECTION(管道別稱)、CLASS1(管道分類1)、CLASS2(管道分類2)、START_STA(起點里程)、END_STA(終點里程)、CENTER_STA(中心里程)、LENGTH(長度)、ID1(編號)
臺北市共同管道圖資_電纜溝,工務,臺北市共同管道電纜溝圖資shape file格式壓縮檔案，zip檔案內容包含共同管道電纜溝SHP檔案格式，本項資料所採用座標系統為TWD97。　　,DUCT_ID(管道ID)、CAPTION(管道名稱)、DUCT(管道別)、SECTION(管道別稱)、CLASS1(管道分類1)、CLASS2(管道分類2)、START_STA(起點里程)、END_STA(終點里程)、CENTER_STA(中心里程)、LENGTH(長度)、FEATID1(原始編號)、ID1(編號)
臺北市共同管道圖資_幹管,工務, 臺北市共同管道幹管圖資shape file格式壓縮檔案，zip檔案內容包含共同管道幹管SHP檔案格式，本項資料所採用座標系統為TWD97。　　,DUCT_ID(管道ID)、CAPTION(管道名稱)、DUCT(管道別)、SECTION(管道別稱)、CLASS1(管道分類1)、CLASS2(管道分類2)、START_STA(起點里程)、END_STA(終點里程)、CENTER_STA(中心里程)、LENGTH(長度)、ID1(編號)
臺北市共同管道圖資_纜線管路,工務, 臺北市共同管道纜線管路圖資shape file格式壓縮檔案，zip檔案內容包含共同管道纜線管路SHP檔案格式，本項資料所採用座標系統為TWD97。　　,DUCT_ID(管道ID)、CAPTION(管道名稱)、DUCT(管道別)、SECTION(管道別稱)、CLASS1(管道分類1)、CLASS2(管道分類2)、START_STA(起點里程)、END_STA(終點里程)、CENTER_STA(中心里程)、LENGTH(長度)、ID1(編號)
臺北市開闢道路用地徵收取得統計,工務,自109年度起臺北市開闢道路用地徵收取得土地累計資料　　,年度、縣市、縣市代碼、行政區、行政區代碼、累計徵收土地_筆數、累計徵收面積_公頃、備註欄
臺北市政府新工處施作路寬8公尺以上道路調降人孔蓋下地數量,工務,歷年臺北市政府新工處施作路寬8公尺以上道路調降之人孔蓋下地數量　　,年月、縣市別、縣市代碼、行政區、行政區代碼、數量
臺北市地下道資訊,工務,臺北市地下道資訊json file格式檔案，內容包含地下道編號、地下道名稱、地下道類型(A：人行、B：車行)、轄下機關、所在區鄉、認養情況、設計單位、監造單位、施工單位、地下道總長(m)、最大淨寬(m)、最小淨寬(m)、點位座標等資訊。 　　,ID(系統ID)、Nether_id(地下道編號)、Nether_name(地下道名稱)、NetherKind(地下道類型)、AdminUnit(管理機關)、CountyCode(所在縣市)、AreaCode(所在區鄉)、Route(道路等級)、CrossoverObject(跨越道路)、adopt_status(認養情況)、DesignEngineers(設計單位)、SuperviseEngineers(監造單位)、BuildEngineers(施工單位)、Length(地下道總長)、Area(地下道總總投影面積)、Length1(主通道結構體長度)、Length2(出入口副通道/引道長度)、MaxWidth(最大淨寬)、MinWidth(最小淨寬)、UpHeight(主通道最小淨高)、DriveWay(總車道數)、Obj_Longitude(GMap經度座標)、Obj_Latitude(GMap緯度座標)、Exits(地下道-出入口資料)、No(出入口編號)、Longitude_exit(出入口GPS經度)、Latitude_exit(出入口GPS緯度)
臺北市人行道更新工程完工資料概要,工務,臺北市各行政區人行道更新面積，本項資料所採用座標系統為TWD97。　　,民國年、縣市別、縣市代碼、行政區、行政區代碼、面積_平方公尺
臺北市寬度超過8公尺道路GIS圖資,工務,臺北市寬度超過8公尺道路GIS圖層為臺北市工務局新建工程處於103-105年辦理「臺北市區道路資料測繪調查及建置(寬度超過8公尺道路)」計畫所建置，為SHP檔案格式，本項資料所採用座標系統為TWD97。,OBJECTID、RoadLenght、RoadWidth、Road_ID、TT、RoadName、TOWNNAME、Omission、POINT_X、POINT_Y、POINT_Z、SWalk_Area、Ditch_Area、Cen_Median、Car_Median、Admin_NO、Admit_Dir、Intersect、Shape_Leng、AVG、Max、Min、Shape_Le_1、Shape_Area
臺北市都市計畫區域內現有已開闢道路長度及面積,工務,歷年度臺北市都市計畫區域內現有已開闢道路長度及面積，含行政區、長度及面積資訊　　,"序號、縣市、行政區、行政區代碼、長度數量_公尺、面積_平方公尺
"
臺北市人行陸橋資訊,工務,臺北市人行陸橋資訊json file格式檔案，內容包含人行陸橋名稱、人行陸橋編號、認養狀況、轄下機關、所在區鄉、設計單位、監造單位、施工單位、點位座標等資訊。,ID、Footbridge_id、Footbridge_name、AdminUnit、CountyCode、AreaCode、Route、CrossoverObject、adopt_status、DesignEngineers、SuperviseEngineers、BuildEngineers、Obj_Longitude、Obj_Latitude、Bridges、BridgeNo、Length、Area、MaxWidth、MinWidth、Height、DnHeight、Longitude_start、Latitude_start、Longitude_end、Latitude_end、StructureType
臺北市隧道資訊,工務,臺北市隧道資訊json file格式檔案，內容包含隧道名稱、隧道編號、隧道類型(單線/雙線)、轄下機關、所在區鄉、設計單位、監造單位、施工單位、點位座標、隧道長度、隧道面積、車道數、高度、隧道限高等資訊。　,ID、tunnel_name、tunnel_id、TunnelKind、AdminUnit、CountyCode、AreaCode、Route、DesignEngineers、SuperviseEngineers、BuildEngineers、Obj_Longitude、Obj_Latitude、Lines、DoubleName、DoubleNo、TotalLength、Area、TunnelWidth、DriveWay、TunnelHeight、DnHeight、Longitude_start、Latitude_start、Longitude_end、Latitude_end
臺北市橋梁資訊,工務,臺北市橋梁資訊json file格式檔案，內容包含橋梁編號、橋梁名稱、橋梁英文名稱、管理機關、轄下機關、所在縣市、所在區鄉、設計單位、監造單位、施工單位、定期檢測週期(月/次)、橋梁總長(公尺)、最大淨寬(公尺)、最小淨寬(公尺)、總車道數、點位座標等資訊。　,ID、non_bridge、bridge_id、bridge_name、bridge_name_eng、adm、section、CountyCode、AreaCode、route、river_cross、double_bridge、designer、engineer、builder、inspect_rate、locational、structure、total_length、area、spans、width_max、width_min、driveways、Longitude_start、Latitude_start、Longitude_end、Latitude_end、Obj_Longitude、Obj_Latitude
臺北捷運萬大中和樹林線第一期工程交通即時影像位置資料集,交通,臺北捷運萬大-中和-樹林線第一期工程交通即時影像位置(第二區工程處),線別、標別、車站名、監造單位、監造工務所、工地主任、聯絡電話、聯絡地址、鏡頭位置、經度、緯度、來源網址
臺北捷運信義線東延段工程交通即時影像位置資料集,交通,臺北捷運信義線東延段工程交通即時影像位置相關資料(第二區工程處),線別、標別、車站名、監造單位、監造工務所、工地主任、聯絡電話、聯絡地址、鏡頭位置、經度、緯度、來源網址
臺北都會區大眾捷運系統萬大線第一期工程範圍示意圖(第二區工程處),交通,臺北都會區大眾捷運系統萬大線第一期工程範圍示意圖(第二區工程處施作範圍),線別、標別、車站名、監造單位、監造工務所、工地主任、聯絡電話、聯絡地址、位置、來源網址
臺北市政府創意提案競賽成果彙編,民政,臺北市政府創意提案競賽成果彙編(96年起辦理),資料名稱、年度、獲獎件數、檔案格式、全文下載連結
臺北市商業登記現有家數及資本額(96年以後),統計,臺北市商業登記現有家數及資本額(96年以後)時間數列統計資料,統計期、現有家數[家]/ 總計、現有家數[家]/ 農林漁牧業、現有家數[家]/ 礦業及土石採取業、現有家數[家]/ 製造業、現有家數[家]/ 電力及燃氣供應業、現有家數[家]/ 用水供應及污染整治業、現有家數[家]/ 營建工程業、現有家數[家]/ 批發及零售業、現有家數[家]/ 運輸及倉儲業、現有家數[家]/ 住宿及餐飲業、現有家數[家]/ 出版影音及資通訊業、現有家數[家]/ 金融及保險業、現有家數[家]/ 不動產業、現有家數[家]/ 專業科學及技術服務業、現有家數[家]/ 支援服務業、現有家數[家]/ 公共行政及國防；強制性社會安全、現有家數[家]/ 教育業、現有家數[家]/ 醫療保健及社會工作服務業、現有家數[家]/ 藝術娛樂及休閒服務業、現有家數[家]/ 其他服務業、資本額[百萬元]/ 總計、資本額[百萬元]/ 農林漁牧業、資本額[百萬元]/ 礦業及土石採取業、資本額[百萬元]/ 製造業、資本額[百萬元]/ 電力及燃氣供應業、資本額[百萬元]/ 用水供應及污染整治業、資本額[百萬元]/ 營建工程業、資本額[百萬元]/ 批發及零售業、資本額[百萬元]/ 運輸及倉儲業、資本額[百萬元]/ 住宿及餐飲業、資本額[百萬元]/ 出版影音及資通訊業、資本額[百萬元]/ 金融及保險業、資本額[百萬元]/ 不動產業、資本額[百萬元]/ 專業科學及技術服務業、資本額[百萬元]/ 支援服務業、資本額[百萬元]/ 公共行政及國防；強制性社會安全、資本額[百萬元]/ 教育業、資本額[百萬元]/ 醫療保健及社會工作服務業、資本額[百萬元]/ 藝術娛樂及休閒服務業、資本額[百萬元]/ 其他服務業
臺北市松山區各里簡易疏散避難地圖資訊,民政,提供臺北市松山區各里簡易疏散避難圖資訊。,District(區)、AreaCode(行政區域代碼) 、Village(里)、Language(語系)、FILE_URL(圖檔連結網址)
臺北市松山區公所無障礙設施設置資料,民政,提供臺北市松山區公所權管區民活動中心無障礙設施設置資料表。,location、address、installation、quantity、Management unit code
臺北市商業登記家數(96年以後),統計,臺北市商業登記家數(96年以後)時間數列統計資料,統計期、行業別、設立登記家數[家]、歇業登記家數[家]、現有家數[家]
臺北市家禽及魚類交易情形,統計,臺北市家禽及魚類交易情形時間數列統計資料,統計期、雞/交易量[公噸]、雞/平均價格[元/公斤]、鴨/交易量[公噸]、鴨/平均價格[元/公斤]、魚/交易量[公噸]、魚/平均價格[元/公斤]
臺灣菸酒公司臺北市菸酒銷售量值,統計,臺灣菸酒公司臺北市菸酒銷售量值時間數列統計資料,統計期、總值[元]、菸草類/價值合計[元]、菸草類/國產/捲菸/數量[支]、菸草類/國產/捲菸/價值[元]、菸草類/國產/菸絲/數量[支]、菸草類/國產/菸絲/價值[元]、菸草類/國產/雪茄/數量[支]、菸草類/國產/雪茄/價值[元]、菸草類/外國產/捲菸/數量[支]、菸草類/外國產/捲菸/價值[元]、菸草類/外國產/菸絲/數量[支]、菸草類/外國產/菸絲/價值[元]、菸草類/外國產/雪茄/數量[支]、菸草類/外國產/雪茄/價值[元]、酒類/價值合計[元]、酒類/國產酒類/數量[公石]、酒類/國產酒類/價值[元]、酒類/外製酒類/數量[公石]、酒類/外製酒類/價值[元]
臺北市自然人新申請專利案件,統計,"臺北市自然人新申請專利案件時間數列統計資料
","統計期、件數/總計[件]、件數/發明專利[件]、件數/新型專利[件]、件數/設計專利[件]
"
臺北市各瓦斯公司供氣量,統計,臺北市各瓦斯公司供氣量時間數列統計資料,統計期、用戶數/總計[戶]、用戶數/大台北區瓦斯股份有限公司/合計[戶]、用戶數/大台北區瓦斯股份有限公司/天然瓦斯[戶]、用戶數/大台北區瓦斯股份有限公司/煤炭瓦斯[戶]、用戶數/陽明山瓦斯股份有限公司/天然瓦斯[戶]、用戶數/欣欣天然氣股份有限公司/天然瓦斯[戶]、用戶數/欣湖天然氣股份有限公司/天然瓦斯[戶]、供氣量/總計[立方公尺]、供氣量/大台北區瓦斯股份有限公司/合計[立方公尺]、供氣量/大台北區瓦斯股份有限公司/天然瓦斯[立方公尺]、供氣量/大台北區瓦斯股份有限公司/煤炭瓦斯[立方公尺]、供氣量/陽明山瓦斯股份有限公司/天然瓦斯[立方公尺]、供氣量/欣欣天然氣股份有限公司/天然瓦斯[立方公尺]、供氣量/欣湖天然氣股份有限公司/天然瓦斯[立方公尺]
臺北市申報地價,地政,臺北市核定申報地價情形(土地所有權人參考公告地價，增減百分之二十以內申報地價。),行政區、段小段、地號(00010000地號為1地號、00010001地號為1-1地號)、標示部面積(㎡)、所有權登記次序、所有權持分類別(A：所有權全部、B：公同共有)、所有權持分分母、所有權持分分子、公告地價（新臺幣元每平方公尺）、申報地價（新臺幣元每平方公尺）、核定申報地價情形
臺北市地政人員人數異動統計,統計,提供臺北市地政人員人數異動統計資料		,機關、資料截止日期、現有人數、現有人數-男、現有人數-女、現有人數編制員額課/股長以上、現有人數編制員額課/股長以上-男、現有人數編制員額課/股長以上-女、現有人數編制員額其他人員、現有人數編制員額其他人員-男、現有人數編制員額其他人員-女、現有人數編制員額其他人員女性比率、現有約聘僱人員、現有約聘僱人員-男、現有約聘僱人員-女、現有約聘僱人員女性比率、現有測量助理、現有測量助理-男、現有測量助理-女、現有測量助理女性比率、異動人數、異動人數-男、異動人數-女、異動人數退休、異動人數退休-男、	異動人數退休-女、異動人數離職編制員額、異動人數離職編制員額-男、異動人數離職編制員額-女、異動人數離職約聘僱人員、異動人數離職約聘僱人員-男、異動人數離職約聘僱人員-女、異動人數離職測量助理、異動人數離職測量助理-男、異動人數離職測量助理-女、離職原因商調、離職原因商調-男、離職原因商調-女、離職原因辭職、離職原因辭職-男、離職原因辭職-女、離職原因其他、離職原因其他-男、離職原因其他-女、商調地政機關、商調地政機關-男、商調地政機關-女、商調非地政機關、商調非地政機關-男、商調非地政機關-女
臺北市稅捐稽徵處網路申辦案件統計表,財稅,臺北市稅捐稽徵處網路申辦案件,"資料年度、稅目別、網路申報件數、縣市別代碼、機關代號


"
臺北市網路與臨櫃申報件數統計表,財稅,105年至113年臺北市地方稅網路與臨櫃申報件數統計表,"資料年度、稅目別、網路申報件數、臨櫃件數、縣市別代碼、機關代號
"
臺北市稅捐稽徵處牌照稅徵績下期滯納期滿,財稅,臺北市稅捐稽徵處牌照稅徵績-下期滯納期滿,車種別、查定數輛數、查定數稅額、徵起數輛數、徵起數稅額、徵績輛數百分比、徵績稅額百分比
臺北市15歲以上同性婚姻人口之教育程度,統計,臺北市15歲以上同性婚姻人口之教育程度時間數列統計資料,"統計期、性別、總計[人]、博士畢業[人]、碩士畢業[人]、大學畢業[人]、專科畢業[人]、高中畢業[人]、國中畢業[人]、國小畢業以下[人]
"
臺北市15歲以上同性婚姻人口按年齡別,統計,臺北市15歲以上同性婚姻人口按年齡別時間數列統計資料,統計期、年齡別、性別、總計[人]、有偶[人]、終止結婚[人]、喪偶[人]
臺北市辦理調解業務按方式別,統計,"臺北市辦理調解業務按方式別時間數列統計資料
",統計期、成立別、結案件數/總計[件]、結案件數/委員集體開會調解[件]、結案件數/委員獨任調解[件]、結案件數/協同調解[件]
臺北市辦理調解業務按案件別,統計,"臺北市辦理調解業務按案件別時間數列統計資料
",統計期、成立別、結案件數總計[件]、民事結案件數/合計[件]、民事結案件數/債權債務[件]、民事結案件數/物權[件]、民事結案件數/親屬[件]、民事結案件數/繼承[件]、民事結案件數/商事[件]、民事結案件數/營建工程[件]、民事結案件數/其他[件]、刑事結案件數/合計[件]、刑事結案件數/妨害風化[件]、刑事結案件數/妨害婚姻及家庭[件]、刑事結案件數/傷害[件]、刑事結案件數/妨害自由名譽信用及祕密[件]、刑事結案件數/竊盜及侵占詐欺[件]、刑事結案件數/毀棄損壞[件]、刑事結案件數/其他[件]
臺北e大數位學習網課程清單,統計,"「臺北e大數位學習網」自90年11月正式開站以來，呈現穩定成長趨勢，目前會員人數已逾147萬人，課程數2,026餘門。
此一資料集係提供可免登入直接觀看之課程清單。",編號、主類別、副類別、次類別、課名、課程介紹連結、選課人數、認證時數
臺北e大數位學習107年度報名人次統計,統計,提供臺北e大107年度報名人次資料,課程主類別、課程副類別、課程次類別、課程名稱、報名人次總計
臺北市死亡者處理,統計,臺北市死亡者處理時間數列統計資料,統計期、性別、總數[具]、土葬數[具]、火化數[具]
臺北市金融市場行情(79年以後),統計,"臺北市金融市場行情(79年以後)時間數列統計資料
",統計期、黃金[飾金]市價[元/臺錢]、美元匯率官價[元]、美元匯率市價[元]、日圓匯率官價/買價[元]、日圓匯率官價/賣價[元]、日圓匯率市價[元]、港幣匯率官價/買價[元]、港幣匯率官價/賣價[元]、港幣匯率市價[元]、民間遠期支票借款平均利率[月息百分比率]、民間信用拆借平均利率[月息百分比率]、公定利息[每萬元月息]
臺北市金融機構存放款餘額,統計,臺北市金融機構存放款餘額時間數列統計資料,統計期、存款/總計[百萬元]、存款/本國銀行[百萬元]、存款/外國銀行在臺分行[百萬元]、存款/大陸地區銀行在臺分行[百萬元]、存款/基層金融機構[百萬元]、存款/信託投資公司[百萬元]、存款/中華郵政公司[百萬元]、中華郵政公司儲匯處轉存款/本國銀行[百萬元]、中華郵政公司儲匯處轉存款/外國銀行在臺分行[百萬元]、放款/總計[百萬元]、放款/本國銀行[百萬元]、放款/外國銀行在臺分行[百萬元]、放款/大陸地區銀行在臺分行[百萬元]、放款/基層金融機構[百萬元]、放款/信託投資公司[百萬元]、存放比率[%]
臺北市金融機構,統計,"臺北市金融機構時間數列統計資料
",統計期、總計[家]、本國銀行[家]、外國銀行在臺分行[家]、陸商銀行在臺分行[家]、信託投資公司[家]、信用合作社[家]、農會信用部[家]、漁會信用部[家]、票券金融公司[家]、證券金融公司[家]、本國人壽保險公司[家]、本國產物保險公司[家]、本國再保險公司[家]、外國人壽保險公司[家]、外國產物保險公司[家]、外國再保險公司[家]、金融控股公司[家]
臺北市15歲以上原住民之教育程度,統計,臺北市15歲以上原住民之教育程度時間數列統計資料,統計期、原住民別、性別、總計、博士/計[人]、博士/畢業[人]、博士/肄業[人]、碩士/計[人]、碩士/畢業[人]、碩士/肄業[人]、大學/計[人]、大學/畢業[人]、大學/肄業[人]、專科/合計/計[人]、專科/合計/畢業[人]、專科/合計/肄業[人]、專科/二或三年制/計[人]、專科/二或三年制/畢業[人]、專科/二或三年制/肄業[人]、專科/五年制/後兩年/計[人]、專科/五年制/後兩年/畢業[人]、專科/五年制/後兩年/肄業[人]、高級中等/普通教育[高中]/計[人]、高級中等/普通教育[高中]/畢業[人]、高級中等/普通教育[高中]/肄業[人]、高級中等/職業教育[高職]/計[人]、高級中等/職業教育[高職]/五專前三年肄業[人]、高級中等/職業教育[高職]/畢業[人]、高級中等/職業教育[高職]/肄業[人]、國中/計[人]、國中/畢業[人]、國中/肄業[人]、初職/計[人]、初職/畢業[人]、初職/肄業[人]、國小/計[人]、國小/畢業[人]、國小/肄業[人]、自修[人]、不識字[人]
臺北市15歲以上人口之教育程度按年齡別,統計,"臺北市15歲以上人口之教育程度按年齡別時間數列統計資料
",統計期、年齡別、總計[人]、博士/計[人]、博士/畢業[人]、博士/肄業[人]、碩士/計[人]、碩士/畢業[人]、碩士/肄業[人]、大學/計[人]、大學/畢業[人]、大學/肄業[人]、專科/合計/計[人]、專科/合計/畢業[人]、專科/合計/肄業[人]、專科/二或三年制/計[人]、專科/二或三年制/畢業[人]、專科/二或三年制/肄業[人]、專科/五年制/後兩年/計[人]、專科/五年制/後兩年/畢業[人]、專科/五年制/後兩年/肄業[人]、高級中等/普通教育[高中]/計[人]、高級中等/普通教育[高中]/畢業[人]、高級中等/普通教育[高中]/肄業[人]、高級中等/職業教育[高職]/計[人]、高級中等/職業教育[高職]/五專前三年肄業[人]、高級中等/職業教育[高職]/畢業[人]、高級中等/職業教育[高職]/肄業[人]、國中/計[人]、國中/畢業[人]、國中/肄業[人]、初職/計[人]、初職/畢業[人]、初職/肄業[人]、國小/計[人]、國小/畢業[人]、國小/肄業[人]、自修[人]、不識字[人]
臺北市15歲以上人口之教育程度,統計,"臺北市15歲以上人口之教育程度時間數列統計資料
",統計期、性別、總計[人]、博士/計[人]、博士/畢業[人]、博士/肄業[人]、碩士/計[人]、碩士/畢業[人]、碩士/肄業[人]、大學/計[人]、大學/畢業[人]、大學/肄業[人]、專科/合計/計[人]、專科/合計/畢業[人]、專科/合計/肄業[人]、專科/二或三年制/計[人]、專科/二或三年制/畢業[人]、專科/二或三年制/肄業[人]、專科/五年制/後兩年/計[人]、專科/五年制/後兩年/畢業[人]、專科/五年制/後兩年/肄業[人]、高級中等/普通教育[高中]/計[人]、高級中等/普通教育[高中]/畢業[人]、高級中等/普通教育[高中]/肄業[人]、高級中等/職業教育[高職]/計[人]、高級中等/職業教育[高職]/五專前三年肄業[人]、高級中等/職業教育[高職]/畢業[人]、高級中等/職業教育[高職]/肄業[人]、國中/計[人]、國中/畢業[人]、國中/肄業[人]、初職/計[人]、初職/畢業[人]、初職/肄業[人]、國小/計[人]、國小/畢業[人]、國小/肄業[人]、自修[人]、不識字[人]
臺北市人口離婚情形,統計,"臺北市人口離婚情形時間數列統計資料
",統計期、登記/發生日期、離婚對數/總計[對]、離婚對數/相同性別[對]、離婚對數/對象為本國國籍配偶[對]、離婚對數/對象為大陸港澳配偶[對]、離婚對數/對象為其他外籍配偶[對]、離婚對數中配偶為大陸港澳及其他外籍人士之對數比率[%]、平均離婚年齡/男[歲]、平均離婚年齡/女[歲]
臺北市人口結婚情形,統計,"臺北市人口結婚情形時間數列統計資料
",統計期、登記/發生日期、結婚對數/總計[對]、結婚對數/相同性別[對]、結婚對數/對象為本國國籍配偶[對]、結婚對數/對象為大陸港澳配偶[對]、結婚對數/對象為其他外籍配偶[對]、結婚對數中配偶為大陸港澳及其他外籍人士之對數比率[%]、結婚人數中大陸港澳及其他外籍配偶之人數比率[%]、結婚人數/總計/男[人]、結婚人數/總計/女[人]、結婚人數/初婚/男[人]、結婚人數/初婚/女[人]、結婚人數/離婚或終止結婚/男[人]、結婚人數/離婚或終止結婚/女[人]、結婚人數/喪偶再婚/男[人]、結婚人數/喪偶再婚/女[人]、結婚平均年齡/全體/男[歲]、結婚平均年齡/全體/女[歲]、結婚平均年齡/初婚/男[歲]、結婚平均年齡/初婚/女[歲]、結婚平均年齡/離婚或終止結婚再婚/男[歲]、結婚平均年齡/離婚或終止結婚再婚/女[歲]、結婚平均年齡/喪偶再婚/男[歲]、結婚平均年齡/喪偶再婚/女[歲]
臺北市原住民婚姻狀況,統計,"臺北市原住民婚姻狀況時間數列統計資料
",統計期、原住民別、總計/計[人]、總計/男[人]、總計/女[人]、15歲以上/合計/計[人]、15歲以上/合計/男[人]、15歲以上/合計/女[人]、15歲以上/未婚/計[人]、15歲以上/未婚/男[人]、15歲以上/未婚/女[人]、15歲以上/有偶/計[人]、15歲以上/有偶/男[人]、15歲以上/有偶/女[人]、15歲以上/有偶/相同性別/計[人]、15歲以上/有偶/相同性別/男[人]、15歲以上/有偶/相同性別/女[人]、15歲以上/離婚或終止結婚/計[人]、15歲以上/離婚或終止結婚/男[人]、15歲以上/離婚或終止結婚/女[人]、15歲以上/離婚或終止結婚/相同性別/計[人]、15歲以上/離婚或終止結婚/相同性別/男[人]、15歲以上/離婚或終止結婚/相同性別/女[人]、15歲以上/喪偶/計[人]、15歲以上/喪偶/男[人]、15歲以上/喪偶/女[人]、15歲以上/喪偶/相同性別/計[人]、15歲以上/喪偶/相同性別/男[人]、15歲以上/喪偶/相同性別/女[人]、未滿15歲/合計/計[人]、未滿15歲/合計/男[人]、未滿15歲/合計/女[人]、未滿15歲/未婚/計[人]、未滿15歲/未婚/男[人]、未滿15歲/未婚/女[人]、未滿15歲/有偶/計[人]、未滿15歲/有偶/男[人]、未滿15歲/有偶/女[人]、未滿15歲/離婚或終止結婚/計[人]、未滿15歲/離婚或終止結婚/男[人]、未滿15歲/離婚或終止結婚/女[人]
臺北市人口之婚姻狀況按年齡別,統計,"臺北市人口之婚姻狀況按年齡別時間數列統計資料
",統計期、婚姻狀況別、性別、總計[人]、未滿15歲[人]、15~19歲[人]、20~24歲[人]、25~29歲[人]、30~34歲[人]、35~39歲[人]、40~44歲[人]、45~49歲[人]、50~54歲[人]、55~59歲[人]、60~64歲[人]、65歲以上[人]
臺北市人口之婚姻狀況,統計,"臺北市人口之婚姻狀況時間數列統計資料
",統計期、總計/計[人]、總計/男[人]、總計/女[人]、未婚/計[人]、未婚/男[人]、未婚/女[人]、有偶/合計/計[人]、有偶/合計/男[人]、有偶/合計/女[人]、有偶/不同性別/計[人]、有偶/不同性別/男[人]、有偶/不同性別/女[人]、有偶/相同性別/計[人]、有偶/相同性別/男[人]、有偶/相同性別/女[人]、離婚或終止婚姻/合計/計[人]、離婚或終止婚姻/合計/男[人]、離婚或終止婚姻/合計/女[人]、離婚或終止婚姻/不同性別/計[人]、離婚或終止婚姻/不同性別/男[人]、離婚或終止婚姻/不同性別/女[人]、離婚或終止婚姻/相同性別/計[人]、離婚或終止婚姻/相同性別/男[人]、離婚或終止婚姻/相同性別/女[人]、喪偶/合計/計[人]、喪偶/合計/男[人]、喪偶/合計/女[人]、喪偶/不同性別/計[人]、喪偶/不同性別/男[人]、喪偶/不同性別/女[人]、喪偶/相同性別/計[人]、喪偶/相同性別/男[人]、喪偶/相同性別/女[人]
臺北市戶政管理及便民服務案件,統計,臺北市戶政管理及便民服務案件時間數列統計資料,統計期、發給國民身分證、填發戶口名簿、核發戶籍謄本、辦理印鑑、門牌/總計、門牌/編釘門牌、門牌/里鄰整編改註戶數、門牌/門牌證明、更正戶籍登記出生年月日、更改姓名、取得國籍之申請、戶政便民服務件數/總計、戶政便民服務件數/電話傳真申請戶籍資料、戶政便民服務件數/通信網路申請戶籍資料、戶政便民服務件數/派員到家辦理服務、戶政便民服務件數/填發一次告知單、戶政便民服務件數/辦理護照人別確認、戶政便民服務件數/辦理自然人憑證、戶政便民服務件數/網路預約辦理戶籍登記、戶政便民服務件數/國民身分證掛失[含撤銷]、戶政便民服務件數/派員查明居住事實服務、戶政便民服務件數/跨機關通報服務、戶政便民服務件數/到校受理初領國民身分證
臺北市原住民年齡分配,統計,"臺北市原住民年齡分配時間數列統計資料
",統計期、性別、總計、0~4歲、5~9歲、10~14歲、15~19歲、20~24歲、25~29歲、30~34歲、35~39歲、40~44歲、45~49歲、50~54歲、55~59歲、60~64歲、65~69歲、70~74歲、75~79歲、80~84歲、85~89歲、90歲以上
臺北市原住民戶口數,統計,"臺北市原住民戶口數時間數列統計資料
",統計期、原住民戶數/總計[戶]、原住民戶數/平地[戶]、原住民戶數/山地[戶]、原住民人口數/總計/合計[人]、原住民人口數/總計/男[人]、原住民人口數/總計/女[人]、原住民人口數/平地/合計[人]、原住民人口數/平地/男[人]、原住民人口數/平地/女[人]、原住民人口數/山地/合計[人]、原住民人口數/山地/男[人]、原住民人口數/山地/女[人]、原住民占全市人口比率[%]、原住民戶量[人/戶]、原住民人口密度[人/平方公里]、原住民性比例[男/百女]
臺北市人口自然增加及社會增加,統計,"臺北市人口自然增加及社會增加時間數列統計資料
",統計期、人口增加數[人]、自然增加/出生人數/總計[人]、自然增加/出生人數/男[人]、自然增加/出生人數/女[人]、自然增加/粗出生率[千分比]、自然增加/死亡人數/總計[人]、自然增加/死亡人數/男[人]、自然增加/死亡人數/女[人]、自然增加/粗死亡率[千分比]、自然增加數[人]、自然增加率[千分比]、社會增加/遷入人數/總計[人]、社會增加/遷入人數/男[人]、社會增加/遷入人數/女[人]、社會增加/遷入率[千分比]、社會增加/遷出人數/總計[人]、社會增加/遷出人數/男[人]、社會增加/遷出人數/女[人]、社會增加/遷出率[千分比]、社會增加/遷入人數[含同區住址邊更][人]、社會增加/遷出人數[含同區住址邊更][人]、社會增加/同區住址邊更遷入人數[人]、社會增加/同區住址邊更遷出人數[人]、社會增加數[人]、社會增加率[千分比]、人口總移動率[千分比]
臺北市人口動態登記(99年12月以後),統計,臺北市人口動態登記(99年12月以後)時間數列統計資料,統計期、遷入人數依來源地/總計、遷入人數依來源地/本市/他區、遷入人數依來源地/臺灣省、遷入人數依來源地/新北市、遷入人數依來源地/桃園市、遷入人數依來源地/臺中市、遷入人數依來源地/臺南市、遷入人數依來源地/高雄市、遷入人數依來源地/福建省、遷入人數依來源地/其他省市、遷入人數依來源地/外國、遷入人數依來源地/初設戶籍、遷入人數依來源地/其他、同區住址變更遷入人數、遷出人數依目的地/總計、遷出人數依目的地/本市/他區、遷出人數依目的地/臺灣省、遷出人數依目的地/新北市、遷出人數依目的地/桃園市、遷出人數依目的地/臺中市、遷出人數依目的地/臺南市、遷出人數依目的地/高雄市、遷出人數依目的地/福建省、遷出人數依目的地/其他省市、遷出人數依目的地/外國、遷出人數依目的地/廢止戶籍、遷出人數依目的地/其他、同區住址變更遷出人數
臺北市人口數按出生地,統計,臺北市人口數按出生地時間數列統計資料,統計期、性別、總計[人]、本國/合計[人]、本國/新北市[人]、本國/臺北市[人]、本國/桃園市[人]、本國/臺中市[人]、本國/臺南市[人]、本國/高雄市[人]、本國/宜蘭縣[人]、本國/新竹縣[人]、本國/苗栗縣[人]、本國/彰化縣[人]、本國/南投縣[人]、本國/雲林縣[人]、本國/嘉義縣[人]、本國/屏東縣[人]、本國/臺東縣[人]、本國/花蓮縣[人]、本國/澎湖縣[人]、本國/基隆市[人]、本國/新竹市[人]、本國/嘉義市[人]、本國/金門縣[人]、本國/連江縣[人]、大陸地區[人]、港澳地區[人]、東南亞地區[人]、其他地區[人]、未詳[人]
臺北市扶養比及老化指數,統計,臺北市扶養比及老化指數時間數列統計資料,統計期、幼年人口數[人]、幼年人口占全市人口比率[%]、青壯年人口數[人]、青壯年人口占全市人口比率[%]、老年人口數[人]、老年人口占全市人口比率[%]、扶老比、扶幼比、扶養比、老化指數
臺北市人口之年齡分配(單齡),統計,臺北市人口之年齡分配(單齡)時間數列統計資料,統計期、性別、總計、未滿1~4歲、未滿1歲、1歲、2歲、3歲、4歲、5~9歲、5歲、6歲、7歲、8歲、9歲、10~14歲、10歲、11歲、12歲、13歲、14歲、15~19歲、15歲、16歲、17歲、18歲、19歲、20~24歲、20歲、21歲、22歲、23歲、24歲、25~29歲、25歲、26歲、27歲、28歲、29歲、30~34歲、30歲、31歲、32歲、33歲、34歲、35~39歲、35歲、36歲、37歲、38歲、39歲、40~44歲、40歲、41歲、42歲、43歲、44歲、45~49歲、45歲、46歲、47歲、48歲、49歲、50~54歲、50歲、51歲、52歲、53歲、54歲、55~59歲、55歲、56歲、57歲、58歲、59歲、60~64歲、60歲、61歲、62歲、63歲、64歲、65~69歲、65歲、66歲、67歲、68歲、69歲、70~74歲、70歲、71歲、72歲、73歲、74歲、75~79歲、75歲、76歲、77歲、78歲、79歲、80~84歲、80歲、81歲、82歲、83歲、84歲、85~89歲、85歲、86歲、87歲、88歲、89歲、90~94歲、90歲、91歲、92歲、93歲、94歲、95~99歲、95歲、96歲、97歲、98歲、99歲、100歲以上
臺北市人口之年齡分配(五歲組),統計,臺北市人口之年齡分配(五歲組)時間數列統計資料,統計期、性別、總計、未滿1~4歲、5~9歲、10~14歲、15~19歲、20~24歲、25~29歲、30~34歲、35~39歲、40~44歲、45~49歲、50~54歲、55~59歲、60~64歲、65~69歲、70~74歲、75~79歲、80~84歲、85~89歲、90~94歲、95~99歲、100歲以上
臺北市戶口之戶量,統計,臺北市戶口之戶量時間數列統計資料,"統計期、戶別、戶數[戶]、人口數[人]、戶量[人/戶]
"
臺北市人口、密度及性比例,統計,臺北市人口、密度及性比例時間數列統計資料,統計期、土地面積[平方公里]、人口數/總計[人]、人口數/男[人]、人口數/女[人]、人口密度[人/平方公里]、性比例[男/百女]
臺北市土地面積,統計,臺北市土地面積時間數列統計資料,統計期、總面積[公頃]、山坡面積[公頃]、平原面積[公頃]、已登記土地面積/合計[公頃]、已登記土地面積/公有地[公頃]、已登記土地面積/私有地[公頃]、已登記土地面積/公私共有地[公頃]、已登記土地占全市面積百分比[%]、未登記土地面積/合計[公頃]、未登記土地面積/已建立標示[公頃]、未登記土地面積/未建立標示[公頃]、未登記土地占全市面積百分比[%]
臺北市徵兵及齡男子兵籍調查概況,統計,徵兵及齡男子兵籍調查概況,年次、兵籍調查人數、教育程度大學專科畢業人數、教育程度大學專科肄業人數、教育程度高中高職畢業人數、教育程度高中高職肄業人數、教育程度國中畢業人數、教育程度國中肄業人數、教育程度國小以下人數、教育程度其他人數、技術專長駕駛人數、技術專長機械修理人數、技術專長土木建築人數、技術專長電器人數、技術專長化學人數、技術專長五金礦冶人數、技術專長測繪人數、技術專長編織縫紉皮革人數、技術專長醫護人數、技術專長藝工人數、技術專長理髮人數、技術專長外語人數、技術專長方言人數、技術專長游泳騎術人數、技術專長財務人數、技術專長資訊工程人數、技術專長食品人數、技術專長汽車修護人數、技術專長烹飪人數、技術專長美工人數、技術專長印刷人數、技術專長軍樂人數、技術專長攝影人數、技術專長爆破人數、技術專長儀隊人數、技術專長水中機械人數、技術專長重機械操作人數、技術專長機工廠車銑磨沖壓技工人數、技術專長鉗工鈑金工人數、技術專長電氣焊工人數、技術專長儀器光學製造器材修理技工人數、技術專長電機（力）技工人數、技術專長電話機及有線電修護技工人數、技術專長無線電修理技工人數、技術專長電子儀器修理技工人數、技術專長其他人數、兵役狀況羈押或因案入矯正機關執行中人數、兵役狀況身心障礙或重大傷病人數、兵役狀況在學中人數、兵役狀況僑民役男人數、兵役狀況行方不明人數、兵役狀況已服役人數、兵役狀況出境役男人數、兵役狀況未在學有報考大專升學意願人數
替代役役男薪俸標準表,統計,替代役役男薪俸標準資訊,區分、薪俸標準薪額金額、薪俸標準管理加給金額、薪俸標準專業加給金額、合計金額、比照國軍級別
新兵訓練中心郵政信箱及連絡電話,統計,提供各新兵訓練中心郵政信箱及連絡電話資訊,新兵訓練中心單位、所在縣市、地點、郵政信箱、連絡電話
替代役役男地域加給支給標準表,統計,替代役役男地域加給支給標準資訊,地域、地域等級、地點、職務、月支標準金額
替代役役男主副食費發放標準表,統計,替代役役男主、副食費發放標準資訊,身份別、服役地區、範圍、每月金額開伙、每月金額不開伙
臺北市政府各役政單位地址及連絡電話,統計,提供臺北市各役政單位地址及連絡電話資訊,役政單位、郵遞區號、地址、連絡電話、傳真
臺北市張貼板欄核准地點一覽,環保,"臺北市張貼板欄核准設置地點,許可期限,許可文號,設置人,管理人/聯絡電話,收費標準等資訊",序號、設置地點、核准期限、核准文號、申請人
臺北市文山區、中正區已登記公私有土地筆數面積統計表,地政,臺北市文山區及中正區(愛國東、西路以南)已登記公私有土地筆數面積年報,年度、區域別、土地總面積、已登記公私有土地面積、已登記公有土地面積、已登記私有土地面積、已登記公私共有土地面積、未登記土地總面積、土地總筆數、已登記公私有土地筆數、已登記公有土地筆數、已登記私有土地筆數、已登記公私共有土地筆數、未登記土地筆數
臺北市排水溝渠清疏統計表,環保,年度排水溝渠統計,序號、單位別、溝體別、分析項目、1月（數值）、2月（數值）、3月（數值）、4月（數值）、5月（數值）、6月（數值）、7月（數值）、8月（數值）、9月（數值）、10月（數值）、11月（數值）、（數值）、12月（數值）、合計（數值）
臺北市徵收營建工程空氣污染防制費統計,統計,年度徵收金額,"年度、地區、工程類別、申報金額、申報件數、資料時間日期、更新頻率、繳費櫃檯地址、聯絡電話、分機
"
臺北市布建90顆感測器位置明細,環保,本資料集介接環境部資料開放平臺,資料集名稱、資料集介接說明、報告連結、資料集研究機關、機關代碼、承辦人員、資料類型、更新頻率、關鍵詞、內容摘要
臺北市空氣品質微型感測資料,環保,臺北市各行政區空氣品質微型感測資料,資料集名稱、資料集介接說明、報告連結、資料集研究機關、機關代碼、承辦人員、資料類型、更新頻率、關鍵詞、內容摘要
臺北市空氣品質微型感測器屬性資料,環保,本資料集提供臺北市環保局污染源稽查(查核)處分概況資訊  ,資料集名稱、資料集介接說明、報告連結、資料集研究（主辦）機關、機關代碼、承辦人員、資料類型、更新頻率、關鍵詞、內容摘要
臺北市民眾檢舉違反廢棄物清理法與獎勵金發放辦法,環保,說明民眾檢舉獎勵金檢舉及發放之流程、相關依據、檢舉方式及注意事項,序號、問題、說明、修正年度、更新頻率
臺北市VOCs監測資料,環保,本資料集介接環境部環境資料開放平臺,資料集名稱、資料集介接說明、報告連結、資料集研究機關、機關代碼、承辦人員、資料類型、更新頻率、關鍵詞、內容摘要
臺北市環保局污染源稽查(查核)處分概況,環保,臺北市環保局污染源稽查處分概況(年度、空氣污染、水污染、廢棄物污染、噪音污染),年度、空氣污染、水污染、廢棄物污染、噪音污染
臺北市公害陳情案件受理統計,環保,臺北市受理民眾陳情公害陳情案件之統計資料,"名稱、資料、網址、更新時間、更新頻率
"
臺北市民眾繳納違反環保法令行政罰鍰方式及其他相關注意事項,環保,說明民眾違反臺北市環保法令所受之行政罰鍰如何繳納，民眾可依選擇之繳款方式不同，產出相對應之繳款地點或平台以及支付方式等注意事項,繳款方式、說明、注意事項、修正年度、更新頻率
臺北市移動污染源稽查次數統計年報,環保,臺北市移動污染源稽查次數統計,資料集名稱、資料集介接說明、資料連結、資料集研究（主辦）機關、機關代碼資料範圍、更新頻率、內容摘要
臺北市政府環境保護局洗街車資料,環保,洗街車路段等相關資訊,車輛、車號、路線、道路名稱、路線起點、路線迄點、街道長度、洗掃次數、維護里程數
臺北市巨大廢棄物清運,環保,12行政區巨大廢棄物清運預約時間及預約電話,"行政區、地址-行政區域代碼、分隊、市話、各分隊收運轄區里、預約時間
"
臺北市役男免役禁役緩徵處理情形統計表,統計,臺北市役男免役禁役緩徵處理情形統計,年、行政區域、合計人數、免禁役小計人數、免禁役免役人數、免禁役禁役人數、緩徵小計人數、緩徵兵役法第三十五條第一項第一款專科以上學校學生人數、緩徵兵役法第三十五條第一項第一款高級中學學校學生人數、緩徵兵役法第三十五條第一項第二款人數
臺北市萬華區各里簡易疏散避難地圖資訊,民政,提供臺北市萬華區各里簡易疏散避難圖資訊,District(區)、AreaCode(行政區域代碼)、Village(里)、Language(語系)、FILE_URL(圖檔連結網址)
臺北市政府民政局暨所屬機關志工性別統計,統計,臺北市政府民政局暨所屬機關志工性別統計相關資訊,機關名稱、女性(統計數值)、男性(統計數值)、性比例每百名女子對男子數、女性比例、男性比例
臺北市政府工務局自行開發系統列表,資訊,表列臺北市政府工務局及所屬機關建立應用系統名稱、使用對象、機關代碼、承辦單位、功能摘要等資料列表,系統名稱、使用對象、機關代碼、承辦單位、功能摘要
臺北市公私立醫院病床數統計,醫療,臺北市公私立醫院病床數統計。,機構名稱、地址、電話、急性一般病床數、急性精神病床數、慢性一般病床數、慢性精神病床數、安寧病床數、加護病床、亞急性呼吸照護病床、慢性呼吸照護病床、燒傷病床、急診觀察床、其他觀察病床、手術恢復床、嬰兒床、嬰兒病床、血液透析病床、腹膜透析病床、精神科加護病床、燒傷加護病床、普通隔離病床、正壓隔離病床、負壓隔離病床、骨髓移植病床、整合醫學急診後送病床
臺北市政府衛生局公告食品、藥品、醫療器材及化粧品違規廣告處罰案件統計表,醫療,臺北市政府衛生局公告食品、藥品、醫療器材及化粧品違規廣告處罰案件統計表。,行政區域代碼、資料集名稱、檔案連結、檔案格式、更新時間
臺北市各區清潔隊資源回收量,環保,臺北市各區清潔隊資源回收量之列表,年度、月、行政區域代碼、區隊、回收量（噸）
臺北市戒菸合約醫事機構,醫療,戒菸合約醫事機構。,醫事機構代碼、層級、院所名稱、電話、分機、地址、可給藥、可衛教、僅調劑
臺北市流感疫苗合約醫療院所(3歲以下幼兒),醫療,"臺北市流感疫苗合約醫療院所名冊(3歲以下幼兒)
",序號、行政區、院所名稱、地址、電話
臺北市流感疫苗合約醫療院所(3歲以上(含3歲)幼童),醫療,"臺北市流感疫苗合約醫療院所名冊(3歲以上(含3歲)幼童)
",序號、行政區、院所名稱、地址、電話、語音預約
臺北市辦理建物登記概況(他項權利登記),統計,臺北市辦理建物登記概況(他項權利登記)時間數列統計資料,統計期、棟數/總計[棟]、棟數/典權/合計[棟]、棟數/典權/設定[棟]、棟數/典權/移轉[棟]、棟數/典權/變更[棟]、棟數/典權/塗銷[棟]、棟數/抵押權/合計[棟]、棟數/抵押權/設定[棟]、棟數/抵押權/移轉[棟]、棟數/抵押權/變更[棟]、棟數/抵押權/塗銷[棟]、棟數/法院判決調解和解[棟]、棟數/其他[棟]、面積/總計[公頃]、面積/典權/合計[公頃]、面積/典權/設定[公頃]、面積/典權/移轉[公頃]、面積/典權/變更[公頃]、面積/典權/塗銷[公頃]、面積/抵押權/合計[公頃]、面積/抵押權/設定[公頃]、面積/抵押權/移轉[公頃]、面積/抵押權/變更[公頃]、面積/抵押權/塗銷[公頃]、面積/法院判決調解和解[公頃]、面積/其他[公頃]
台北市政府環境保護局毒性及關注化學物質管理法裁處案件明細,環保,說明違反毒性及關注化學物質管理法之裁處案件資料,序號、行為人姓名、違反日期、開立日期、違反地點、違反事實、違反法令、罰款金額
臺北市政府優秀公務人員國外短期研習,統計,本府優秀公務人員國外短期研習,序號、民國年、男生、女生、合計
臺北市自行車竊盜點位資訊,治安,臺北市104年1月-115年2月份自行車竊盜點位資訊,編號、案類、發生日期、發生時段、發生地點
臺北市住宅竊盜點位資訊,治安,臺北市104年1月-115年2月份住宅竊盜點位資訊,編號、案類、發生日期、發生時段、發生地點
臺北市汽車竊盜點位資訊,治安,臺北市104年1月-115年2月份汽車竊盜點位資訊,編號、案類、發生日期、發生時段、發生地點
臺北市機車竊盜點位資訊,治安,臺北市107年1月-115年2月份機車竊盜點位資訊,編號、案類、發生日期、發生時段、發生地點
臺北市街頭隨機強盜案件點位資訊,治安,臺北市107年1月-115年2月份街頭隨機強盜案件點位資訊,編號、案類、發生日期、發生時段、發生地點、備註
臺北市街頭隨機搶奪案件點位資訊,治安,臺北市107年1月-115年2月份街頭隨機搶奪案件點位資訊,編號、案類、發生日期、發生時段、發生地點、備註
臺北市政府警察局治安顧慮人口數量統計表,治安,臺北市政府警察局111年迄今治安顧慮人口數量統計表,年度及月份、總數、妨害自由罪總數、妨害性自主罪總數、受毒品戒治人罪總數、放火罪總數、毒品犯罪總數、恐嚇取財罪總數、強盜罪總數、殺人罪總數、組織犯罪總數、詐欺罪總數、搶奪罪總數、槍砲彈藥罪總數、擄人勒贖罪總數、竊盜罪總數
臺北市政府勞動局違反勞工退休金條例事業單位及事業主公布總表,勞動,臺北市政府勞動局違反勞工退休金條例事業單位及代表人公布總表,公告日期、處分日期、處分字號、事業單位名稱/自然人姓名、事業單位代表人、違反勞工退休金條例條款、違反法規內容、罰鍰金額、備註
臺北市可執行通訊心理諮商之心理機構,醫療,臺北市可執行通訊心理諮商業務之心理治療所、諮商所及基金會。,序號、機構類型、行政區、機構名稱、地址、電話、分機、手機
臺北市AED自動體外心臟去顫器設置地點,醫療,北市AED自動體外心臟去顫器放置地點,縣市別代碼、場所名稱、場所地址、行政區域代碼、緯度、經度、場所分類、場所類型、AED放置地點、AED地點描述
臺北市居家護理所,醫療,臺北市居家護理機構。,序號、縣市別代碼、機構名稱、地址、電話
臺北市精神科診所,醫療,臺北市精神科診所。,序號、行政區域代碼、診所名稱、地址、電話
臺北市流感疫苗合約醫療院所(成人),醫療,"臺北市流感疫苗合約醫療院所名冊(成人)
",序號、行政區域代碼、院所名稱、地址、電話
臺北市藥物檢查暨查獲違法情形,醫療,臺北市藥物檢查暨查獲違法情形。,年度、月、藥物檢查家次數、不法藥品查獲數、不良醫療器材及不法醫療器材查獲數、藥品標示稽查數、醫療器材標示稽查數、非正規場所不法藥物、非正規場所酒精藥品
臺北市孔洞檢測清單,交通,台北新工處_道路孔洞檢測清單,項次、年度、孔洞代碼、縣市別、行政區、路名、緯度、經度、孔洞位置（M）、孔洞長度（M）、孔洞寬度（M）、危險程度、檢測日期、提送日期、鑽心日期、鑽心結果、開挖日期、開挖結果
臺北市立動物園_行事曆,觀光,本資料集提供臺北市立動物園之園區活動行事曆，包含文字簡介、圖片、網站連結及座標等資訊。(本資料集開放授權應用內容僅限文字範圍，圖片、聲音及影片等多媒體資訊不在開放授權範圍),類別、標題、摘要說明、簡介、起始日期、結束日期、時間、地點、WGS84座標系統(WKT格式)、上架日期、下架日期、關鍵字、圖片說明、圖片URL、網頁URL位址、地標、資料更新日期
臺北市環境檢驗樣品分類統計,統計,臺北市政府環保局環境檢驗樣品分類統計表 ,年、月、統計類別、固定污染源數值、移動污染源數值、周界空氣數值、事業廢水數值、地面水體數值、地下水及山泉水數值、飲用水數值、廢棄物數值、毒性及關注化學物質數值、環境用藥數值、噪音振動數值、土壤數值、其他數值
臺北市精神科醫療機構,醫療,有關臺北市精神科醫療機構資料。,序號、機構名稱、郵遞區號、地址、電話
臺北市公私立醫院診療科別,醫療,臺北市公私立醫院診療科別。,機構名稱、地址、電話、家庭醫學科門診、內科門診、外科門診、整形外科門診、兒科門診、婦產科門診、骨科門診、泌尿科門診、耳鼻喉科、眼科、皮膚科、精神科、神經科、神經外科、復健科、麻醉科、放射診斷科、放射腫瘤科、解剖病理科、臨床病理科、核子醫學科、急診醫學科、職業醫學科、西醫一般科、牙髓病科、牙周病科、齒顎矯正科、兒童牙科、口腔顎面外科、口腔病理科、復補綴牙科、家庭牙醫科、牙體復形科、特殊需求者口腔醫學科、牙醫一般科、中醫一般科
臺北市公私立醫院血液透析資源,醫療,有關臺北市公私立醫院血液透析資源資料。,項次、機構名稱、行政區域代碼、地址、電話
臺北市公私立醫院呼吸照護資源,醫療,有關臺北市公私立醫院呼吸照護資源資料。,序號、行政區域代碼、機構名稱、地址、電話
臺北市公園無障礙出入口點位,資訊,臺北市政府工務局公園路燈工程管理處所轄公園無障礙出入口點位資料,ID、行政區、公園名稱、無障礙出入口名稱、TW97座標X、TW97座標Y、人行道寬度(最小淨寬，公尺)、坡度(%)
臺北市污水下水道新建改善工程統計,統計,臺北市污水下水道新建改善工程統計月報(CSV),工程名稱、預算年度、工程費新臺幣千元、開工年月、預定完工年月、預定進度百分比、實際進度百分比
臺北市公共管線圖資_一般電信系統管線,工務,提供臺北市一般電信系統管線圖資，其圖資僅供參考，確切圖資仍請洽詢相關管線機構；配合資料大小切割為4個檔案，如需應用請全部下載。,geometry、類別碼、識別碼、起點編號、終點編號、管理單位、作業區分、設置日期、管線編號、尺寸單位、管徑寬度、管徑高度、涵管條數、管線材料、起點埋設深度、終點埋設深度、管線長度、管線型態、使用狀態、資料狀態、備註
臺北市公共管線圖資_一般電信系統人手孔,工務,提供臺北市一般電信系統人手孔圖資，其圖資僅供參考，確切圖資仍請洽詢相關管線機構。,geometry、類別碼、識別碼、管理單位、作業區分、設置日期、人手孔編號、孔蓋種類、尺寸單位、蓋部寬度、蓋部長度、閘門名稱、地盤高、孔深、孔蓋型態、使用狀態、資料狀態、內容物、備註
臺北市公共管線圖資_一般電信系統電桿,工務,提供臺北市一般電信系統電桿圖資，其圖資僅供參考，確切圖資仍請洽詢相關管線機構。,geometry、類別碼、識別碼、管理單位、作業區分、設置日期、電桿編號、長度、材質、使用狀態、資料狀態、備註
臺北市公共管線圖資_一般電信系統其他設施,工務,提供臺北市一般電信系統其他設施圖資，其圖資僅供參考，確切圖資仍請洽詢相關管線機構。,geometry、類別碼、識別碼、管理單位、作業區分、設置日期、設施編號、設施名稱、設施長度、設施寬度、設施高度、設施型態、使用狀態、資料狀態、備註
臺北市公共管線圖資_警訊系統管線,工務,提供臺北市警訊系統管線圖資，其圖資僅供參考，確切圖資仍請洽詢相關管線機構。,geometry、類別碼、識別碼、起點編號、終點編號、管理單位、作業區分、設置日期、管線編號、尺寸單位、管徑寬度、管徑高度、涵管條數、管線材料、起點埋設深度、終點埋設深度、管線長度、管線型態、使用狀態、資料狀態、備註
臺北市公共管線圖資_警訊系統人手孔,工務,提供臺北市警訊系統人手孔圖資，其圖資僅供參考，確切圖資仍請洽詢相關管線機構。,geometry、類別碼、識別碼、管理單位、作業區分、設置日期、人手孔編號、孔蓋種類、尺寸單位、蓋部寬度、蓋部長度、閘門名稱、地盤高、孔深、孔蓋型態、使用狀態、資料狀態、內容物、備註
臺北市公共管線圖資_警訊系統電桿,工務,提供臺北市警訊系統電桿圖資，其圖資僅供參考，確切圖資仍請洽詢相關管線機構。,geometry、類別碼、識別碼、管理單位、作業區分、設置日期、電桿編號、長度、材質、使用狀態、資料狀態、備註
臺北市公共管線圖資_警訊系統其他設施,工務,提供臺北市警訊系統其他設施圖資，其圖資僅供參考，確切圖資仍請洽詢相關管線機構。,geometry、類別碼、識別碼、管理單位、作業區分、設置日期、設施編號、設施名稱、設施長度、設施寬度、設施高度、設施型態、使用狀態、資料狀態、備註
臺北市公共管線圖資_有線電視系統管線,工務,提供臺北市有線電視系統管線圖資，其圖資僅供參考，確切圖資仍請洽詢相關管線機構。,geometry、類別碼、識別碼、起點編號、終點編號、管理單位、作業區分、設置日期、管線編號、尺寸單位、管徑寬度、管徑高度、涵管條數、管線材料、起點埋設深度、終點埋設深度、管線長度、管線型態、使用狀態、資料狀態、備註
臺北市公共管線圖資_有線電視系統人手孔,工務,提供臺北市有線電視系統人手孔圖資，其圖資僅供參考，確切圖資仍請洽詢相關管線機構。,geometry、類別碼、識別碼、管理單位、作業區分、設置日期、人手孔編號、孔蓋種類、尺寸單位、蓋部寬度、蓋部長度、閘門名稱、地盤高、孔深、孔蓋型態、使用狀態、資料狀態、內容物、備註
臺北市公共管線圖資_有線電視系統其他設施,工務,提供臺北市有線電視系統其他設施圖資，其圖資僅供參考，確切圖資仍請洽詢相關管線機構。,geometry、類別碼、識別碼、管理單位、作業區分、設置日期、設施編號、設施名稱、設施長度、設施寬度、設施高度、設施型態、使用狀態、資料狀態、備註
臺北市公共管線圖資_交通號誌系統管線,工務,提供臺北市交通號誌系統管線圖資，其圖資僅供參考，確切圖資仍請洽詢相關管線機構。,geometry、類別碼、識別碼、起點編號、終點編號、管理單位、作業區分、設置日期、管線編號、尺寸單位、管徑寬度、管徑高度、涵管條數、管線材料、起點埋設深度、終點埋設深度、管線長度、管線型態、使用狀態、資料狀態、備註
臺北市公共管線圖資_交通號誌系統電桿,工務,提供臺北市交通號誌系統電桿圖資，其圖資僅供參考，確切圖資仍請洽詢相關管線機構。,geometry、類別碼、識別碼、管理單位、作業區分、設置日期、電桿編號、長度、材質、使用狀態、資料狀態、備註
臺北市公共管線圖資_交通號誌系統號誌,工務,"提供臺北市交通號誌系統號誌圖資，其圖資僅供參考，確切圖資仍請洽詢相關管線機構。
",geometry、類別碼、識別碼、管理單位、作業區分、設置日期、號誌編號、號誌種類、號誌架設方式、長度、使用狀態、資料狀態、備註
臺北市公共管線圖資_交通號誌系統其他設施,工務,提供臺北市交通號誌系統其他設施圖資，其圖資僅供參考，確切圖資仍請洽詢相關管線機構。,geometry、類別碼、識別碼、管理單位、作業區分、設置日期、設施編號、設施名稱、設施長度、設施寬度、設施高度、設施型態、使用狀態、資料狀態、備註
臺北市公共管線圖資_廣播系統管線,工務,提供臺北市廣播系統管線圖資，其圖資僅供參考，確切圖資仍請洽詢相關管線機構。,geometry、類別碼、識別碼、起點編號、終點編號、管理單位、作業區分、設置日期、管線編號、尺寸單位、管徑寬度、管徑高度、涵管條數、管線材料、起點埋設深度、終點埋設深度、管線長度、管線型態、使用狀態、資料狀態、備註
臺北市公共管線圖資_廣播系統其他設施,工務,提供臺北市廣播系統其他設施圖資，其圖資僅供參考，確切圖資仍請洽詢相關管線機構。,geometry、類別碼、識別碼、管理單位、作業區分、設置日期、設施編號、設施名稱、設施長度、設施寬度、設施高度、設施型態、使用狀態、資料狀態、備註
臺北市公共管線圖資_廣播系統場站,工務,提供臺北市廣播系統場站圖資，其圖資僅供參考，確切圖資仍請洽詢相關管線機構。,geometry、類別碼、識別碼、管理單位、作業區分、設置日期、場站名稱、使用狀態、資料狀態、備註
臺北市公共管線圖資_配電系統管線,工務,提供臺北市配電系統管線圖資，其圖資僅供參考，確切圖資仍請洽詢相關管線機構；配合資料大小切割為4個檔案，如需應用請全部下載。,geometry、類別碼、識別碼、起點編號、終點編號、管理單位、作業區分、設置日期、管道編號、尺寸單位、管徑寬度、管徑高度、涵管條數、管線材料、起點埋設深度、終點埋設深度、管線長度、管線型態、使用狀態、資料狀態、備註
臺北市公共管線圖資_配電系統人手孔,工務,提供臺北市配電系統人手孔圖資，其圖資僅供參考，確切圖資仍請洽詢相關管線機構。,geometry、類別碼、識別碼、管理單位、作業區分、設置日期、人手孔編號、孔蓋種類、尺寸單位、蓋部寬度、蓋部長度、閘門名稱、地盤高、孔深、孔蓋型態、使用狀態、資料狀態、內容物、備註
臺北市公共管線圖資_配電系統電桿,工務,提供臺北市配電系統電桿圖資，其圖資僅供參考，確切圖資仍請洽詢相關管線機構。,geometry、類別碼、識別碼、管理單位、作業區分、設置日期、電桿編號、長度、材質、使用狀態、資料狀態、備註
臺北市公共管線圖資_配電系統其他設施,工務,提供臺北市配電系統其他設施圖資，其圖資僅供參考，確切圖資仍請洽詢相關管線機構。,geometry、類別碼、識別碼、管理單位、作業區分、設置日期、設施編號、設施名稱、設施長度、設施寬度、設施高度、設施型態、使用狀態、資料狀態、備註
臺北市公共管線圖資_配電系統場站,工務,提供臺北市配電系統場站圖資，其圖資僅供參考，確切圖資仍請洽詢相關管線機構。,geometry、類別碼、識別碼、管理單位、作業區分、設置日期、場站名稱、使用狀態、資料狀態、備註
臺北市公共管線圖資_路燈電力系統管線,工務,提供臺北市路燈電力系統管線圖資，其圖資僅供參考，確切圖資仍請洽詢相關管線機構；配合資料大小切割為2個檔案，如需應用請全部下載。,geometry、類別碼、識別碼、起點編號、終點編號、管理單位、作業區分、設置日期、管道編號、尺寸單位、管徑寬度、管徑高度、涵管條數、管線材料、起點埋設深度、終點埋設深度、管線長度、管線型態、使用狀態、資料狀態、備註
臺北市公共管線圖資_路燈電力系統人手孔,工務,提供臺北市路燈電力系統人手孔圖資，其圖資僅供參考，確切圖資仍請洽詢相關管線機構。,geometry、類別碼、識別碼、管理單位、作業區分、設置日期、人手孔編號、孔蓋種類、尺寸單位、蓋部寬度、蓋部長度、閘門名稱、地盤高、孔深、孔蓋型態、使用狀態、資料狀態、內容物、備註
臺北市公共管線圖資_路燈電力系統電桿,工務,提供臺北市路燈電力系統電桿圖資，其圖資僅供參考，確切圖資仍請洽詢相關管線機構。,geometry、類別碼、識別碼、管理單位、作業區分、設置日期、電桿編號、長度、材質、使用狀態、資料狀態、備註
臺北市公共管線圖資_路燈電力系統開關,工務,提供臺北市路燈電力系統開關圖資，其圖資僅供參考，確切圖資仍請洽詢相關管線機構。,geometry、類別碼、識別碼、管理單位、作業區分、設置日期、開關閥編號、閥類編號、口徑、名稱、地盤高、埋設深度、開關閥型態、使用狀態、資料狀態、備註
臺北市公共管線圖資_路燈電力系統其他設施,工務,提供臺北市路燈電力系統其他設施圖資，其圖資僅供參考，確切圖資仍請洽詢相關管線機構。,geometry、類別碼、識別碼、管理單位、作業區分、設置日期、設施編號、設施名稱、設施長度、設施寬度、設施高度、設施型態、使用狀態、資料狀態、備註
臺北市公共管線圖資_交通號誌電力系統管線,工務,提供臺北市交通號誌電力系統管線圖資，其圖資僅供參考，確切圖資仍請洽詢相關管線機構。,geometry、類別碼、識別碼、起點編號、終點編號、管理單位、作業區分、設置日期、管道編號、尺寸單位、管徑寬度、管徑高度、涵管條數、管線材料、起點埋設深度、終點埋設深度、管線長度、管線型態、使用狀態、資料狀態、備註
臺北市公共管線圖資_交通號誌電力系統人手孔,工務,提供臺北市交通號誌電力系統人手孔圖資，其圖資僅供參考，確切圖資仍請洽詢相關管線機構。,geometry、類別碼、識別碼、管理單位、作業區分、設置日期、人手孔編號、孔蓋種類、尺寸單位、蓋部寬度、蓋部長度、閘門名稱、地盤高、孔深、孔蓋型態、使用狀態、資料狀態、內容物、備註
臺北市公共管線圖資_交通號誌電力系統電桿,工務,提供臺北市交通號誌電力系統電桿圖資，其圖資僅供參考，確切圖資仍請洽詢相關管線機構。,geometry、類別碼、識別碼、管理單位、作業區分、設置日期、電桿編號、長度、材質、使用狀態、資料狀態、備註
臺北市公共管線圖資_交通號誌電力系統其他設施,工務,提供臺北市交通號誌電力系統其他設施圖資，其圖資僅供參考，確切圖資仍請洽詢相關管線機構。,geometry、類別碼、識別碼、管理單位、作業區分、設置日期、設施編號、設施名稱、設施長度、設施寬度、設施高度、設施型態、使用狀態、資料狀態、備註
臺北市公共管線圖資_輸電系統管線,工務,提供臺北市輸電系統管線圖資，其圖資僅供參考，確切圖資仍請洽詢相關管線機構。,geometry、類別碼、識別碼、起點編號、終點編號、管理單位、作業區分、設置日期、管道編號、尺寸單位、管徑寬度、管徑高度、涵管條數、管線材料、起點埋設深度、終點埋設深度、管線長度、管線型態、使用狀態、資料狀態、備註
臺北市公共管線圖資_輸電系統人手孔,工務,提供臺北市輸電系統人手孔圖資，其圖資僅供參考，確切圖資仍請洽詢相關管線機構。,geometry、類別碼、識別碼、管理單位、作業區分、設置日期、人手孔編號、孔蓋種類、尺寸單位、蓋部寬度、蓋部長度、閘門名稱、地盤高、孔深、孔蓋型態、使用狀態、資料狀態、內容物、備註
臺北市公共管線圖資_輸電系統其他設施,工務,提供臺北市輸電系統其他設施圖資，其圖資僅供參考，確切圖資仍請洽詢相關管線機構。,geometry、類別碼、識別碼、管理單位、作業區分、設置日期、設施編號、設施名稱、設施長度、設施寬度、設施高度、設施型態、使用狀態、資料狀態、備註
臺北市公共管線圖資_輸電系統場站,工務,提供臺北市輸電系統場站圖資，其圖資僅供參考，確切圖資仍請洽詢相關管線機構。,geometry、類別碼、識別碼、管理單位、作業區分、設置日期、場站名稱、使用狀態、資料狀態、備註
臺北市公共管線圖資_自來水系統管線,工務,提供臺北市自來水系統管線圖資，其圖資僅供參考，確切圖資仍請洽詢相關管線機構；配合資料大小切割為6個檔案，如需應用請全部下載。,posList、類別碼、識別碼、起點編號、終點編號、管理單位、作業區分、timePosition、管線編號、尺寸單位、管徑寬度、管徑高度、涵管條數、管線材料、起點埋設深度、終點埋設深度、管線長度、管線型態、使用狀態、資料狀態、備註、輸送物質
臺北市公共管線圖資_自來水系統人手孔,工務,提供臺北市自來水系統人手孔圖資，其圖資僅供參考，確切圖資仍請洽詢相關管線機構。,geometry、類別碼、識別碼、管理單位、作業區分、設置日期、人手孔編號、孔蓋種類、尺寸單位、蓋部寬度、蓋部長度、閘門名稱、地盤高、孔深、孔蓋型態、使用狀態、資料狀態、內容物、備註
臺北市公共管線圖資_自來水系統消防栓,工務,提供臺北市自來水系統消防栓圖資，其圖資僅供參考，確切圖資仍請洽詢相關管線機構。,geometry、類別碼、識別碼、管理單位、作業區分、設置日期、消防栓編號、管身口徑、出水口口徑、埋設深度、消防栓型態、使用狀態、資料狀態、備註
臺北市公共管線圖資_自來水系統閥類,工務,提供臺北市自來水系統閥類圖資，其圖資僅供參考，確切圖資仍請洽詢相關管線機構。,geometry、類別碼、識別碼、管理單位、作業區分、設置日期、開關閥編號、閥類編號、口徑、名稱、地盤高、埋設深度、開關閥型態、使用狀態、資料狀態、備註
臺北市公共管線圖資_自來水系統其他設施,工務,提供臺北市自來水系統其他設施圖資，其圖資僅供參考，確切圖資仍請洽詢相關管線機構。,geometry、類別碼、識別碼、管理單位、作業區分、設置日期、設施編號、設施名稱、設施長度、設施寬度、設施高度、設施型態、使用狀態、資料狀態、備註
臺北市公共管線圖資_污水系統管線,工務,提供臺北市污水系統管線圖資，其圖資僅供參考，確切圖資仍請洽詢相關管線機構；配合資料大小切割為2個檔案，如需應用請全部下載。,geometry、類別碼、識別碼、起點編號、終點編號、管理單位、作業區分、設置日期、管線編號、尺寸單位、管徑寬度、管徑高度、涵管條數、管線材料、起點埋設深度、終點埋設深度、管線長度、管線型態、使用狀態、資料狀態、備註
臺北市公共管線圖資_污水系統人手孔及清除孔,工務,提供臺北市污水系統人手孔及清除孔圖資，其圖資僅供參考，確切圖資仍請洽詢相關管線機構；配合資料大小切割為2個檔案，如需應用請全部下載。,geometry、類別碼、識別碼、管理單位、作業區分、設置日期、人手孔編號、孔蓋種類、尺寸單位、蓋部寬度、蓋部長度、閘門名稱、地盤高、孔深、孔蓋型態、使用狀態、資料狀態、內容物、備註
臺北市公共管線圖資_污水系統陰井,工務,提供臺北市污水系統陰井圖資，其圖資僅供參考，確切圖資仍請洽詢相關管線機構。,geometry、類別碼、識別碼、管理單位、作業區分、設置日期、人手孔編號、孔蓋種類、尺寸單位、蓋部寬度、蓋部長度、閘門名稱、地盤高、孔深、孔蓋型態、使用狀態、資料狀態、內容物、備註
臺北市公共管線圖資_雨水系統管線,工務,提供臺北市雨水系統管線圖資，其圖資僅供參考，確切圖資仍請洽詢相關管線機構。,geometry、類別碼、識別碼、起點編號、終點編號、管理單位、作業區分、設置日期、管線編號、尺寸單位、管徑寬度、管徑高度、涵管條數、管線材料、起點埋設深度、終點埋設深度、管線長度、管線型態、使用狀態、資料狀態、備註
臺北市公共管線圖資_雨水系統人手孔,工務,提供臺北市雨水系統人手孔圖資，其圖資僅供參考，確切圖資仍請洽詢相關管線機構。,geometry、類別碼、識別碼、管理單位、作業區分、設置日期、人手孔編號、孔蓋種類、尺寸單位、蓋部寬度、蓋部長度、閘門名稱、地盤高、孔深、孔蓋型態、使用狀態、資料狀態、內容物、備註
臺北市公共管線圖資_雨水側溝管線,工務,提供臺北市雨水側溝管線圖資，其圖資僅供參考，確切圖資仍請洽詢相關管線機構。,geometry、類別碼、識別碼、起點編號、終點編號、管理單位、作業區分、設置日期、管線編號、尺寸單位、管徑寬度、管徑高度、涵管條數、管線材料、起點埋設深度、終點埋設深度、管線長度、管線型態、使用狀態、資料狀態、備註
臺北市公共管線圖資_供氣系統管線,工務,提供臺北市供氣系統管線圖資，其圖資僅供參考，確切圖資仍請洽詢相關管線機構；配合資料大小切割為3個檔案，如需應用請全部下載。,posList、類別碼、識別碼、起點編號、終點編號、管理單位、作業區分、timePosition、管線編號、尺寸單位、管徑寬度、管徑高度、涵管條數、管線材料、起點埋設深度、終點埋設深度、管線長度、管線型態、使用狀態、資料狀態、備註、壓力區分、輸送物質
臺北市公共管線圖資_供氣系統人手孔,工務,提供臺北市供氣系統人手孔圖資，其圖資僅供參考，確切圖資仍請洽詢相關管線機構。,geometry、類別碼、識別碼、管理單位、作業區分、設置日期、人手孔編號、孔蓋種類、尺寸單位、蓋部寬度、蓋部長度、閘門名稱、地盤高、孔深、孔蓋型態、使用狀態、資料狀態、內容物、備註
臺北市公共管線圖資_供氣系統開關,工務,提供臺北市供氣系統開關圖資，其圖資僅供參考，確切圖資仍請洽詢相關管線機構。,geometry、類別碼、識別碼、管理單位、作業區分、設置日期、開關閥編號、閥類編號、口徑、名稱、地盤高、埋設深度、開關閥型態、使用狀態、資料狀態、備註
臺北市公共管線圖資_供氣系統其他設施,工務,提供臺北市供氣系統其他設施圖資，其圖資僅供參考，確切圖資仍請洽詢相關管線機構。,geometry、類別碼、識別碼、管理單位、作業區分、設置日期、設施編號、設施名稱、設施長度、設施寬度、設施高度、設施型態、使用狀態、資料狀態、備註
臺北市公共管線圖資_供氣系統場站,工務,提供臺北市供氣系統場站圖資，其圖資僅供參考，確切圖資仍請洽詢相關管線機構。,geometry、類別碼、識別碼、管理單位、作業區分、設置日期、場站名稱、使用狀態、資料狀態、備註
臺北市公共管線圖資_灌排系統管線,工務,提供臺北市灌排系統管線圖資，其圖資僅供參考，確切圖資仍請洽詢相關管線機構。,geometry、類別碼、識別碼、起點編號、終點編號、管理單位、作業區分、設置日期、管線編號、尺寸單位、管徑寬度、管徑高度、涵管條數、管線材料、起點埋設深度、終點埋設深度、管線長度、管線型態、使用狀態、資料狀態、備註
臺北市公共管線圖資_共同管道,工務,提供臺北市共同管道圖資，其圖資僅供參考，確切圖資仍請洽詢相關管線機構。,geometry、類別碼、識別碼、起點編號、終點編號、管理單位、作業區分、設置日期、管道編號、尺寸單位、管徑寬度、管徑高度、涵管條數、管線材料、起點埋設深度、終點埋設深度、管線長度、管線型態、使用狀態、資料狀態、備註
臺北市公共管線圖資_共同管道人手孔,工務,提供臺北市共同管道人手孔圖資，其圖資僅供參考，確切圖資仍請洽詢相關管線機構。,geometry、類別碼、識別碼、管理單位、作業區分、設置日期、人手孔編號、孔蓋種類、尺寸單位、蓋部寬度、蓋部長度、閘門名稱、地盤高、孔深、孔蓋型態、使用狀態、資料狀態、內容物、備註
臺北市公共管線圖資_連接管管道,工務,提供臺北市連接管管道圖資，其圖資僅供參考，確切圖資仍請洽詢相關管線機構。,geometry、類別碼、識別碼、起點編號、終點編號、管理單位、作業區分、設置日期、管道編號、尺寸單位、管徑寬度、管徑高度、涵管條數、管線材料、起點埋設深度、終點埋設深度、管線長度、管線型態、使用狀態、資料狀態、備註
臺北市公共管線圖資_連接管人手孔,工務,提供臺北市連接管人手孔圖資，其圖資僅供參考，確切圖資仍請洽詢相關管線機構。,geometry、類別碼、識別碼、管理單位、作業區分、設置日期、人手孔編號、孔蓋種類、尺寸單位、蓋部寬度、蓋部長度、閘門名稱、地盤高、孔深、孔蓋型態、使用狀態、資料狀態、內容物、備註
臺北市公共管線圖資_纜線管路管道,工務,提供臺北市纜線管路管道圖資，其圖資僅供參考，確切圖資仍請洽詢相關管線機構。,geometry、類別碼、識別碼、起點編號、終點編號、管理單位、作業區分、設置日期、管道編號、尺寸單位、管徑寬度、管徑高度、涵管條數、管線材料、起點埋設深度、終點埋設深度、管線長度、管線型態、使用狀態、資料狀態、備註
臺北市公共管線圖資_纜線管路人手孔,工務,提供臺北市纜線管路人手孔圖資，其圖資僅供參考，確切圖資仍請洽詢相關管線機構。,geometry、類別碼、識別碼、管理單位、作業區分、設置日期、人手孔編號、孔蓋種類、尺寸單位、蓋部寬度、蓋部長度、閘門名稱、地盤高、孔深、孔蓋型態、使用狀態、資料狀態、內容物、備註
臺北市房屋單位及面積,統計,"臺北市房屋單位及面積時間數列統計資料
",統計期、房屋別、公私有別、總計/課免稅單位[間]、總計/面積[千平方公尺]、總計/現值[百萬元]、鋼骨混凝土造/課免稅單位[間]、鋼骨混凝土造/面積[千平方公尺]、鋼骨混凝土造/現值[百萬元]、鋼筋混凝土及預鑄造/課免稅單位[間]、鋼筋混凝土及預鑄造/面積[千平方公尺]、鋼筋混凝土及預鑄造/現值[百萬元]、加強磚造/課免稅單位[間]、加強磚造/面積[千平方公尺]、加強磚造/現值[百萬元]、鋼鐵造/課免稅單位[間]、鋼鐵造/面積[千平方公尺]、鋼鐵造/現值[百萬元]、磚石造/課免稅單位[間]、磚石造/面積[千平方公尺]、磚石造/現值[百萬元]、石造/課免稅單位[間]、石造/面積[千平方公尺]、石造/現值[百萬元]、木造/課免稅單位[間]、木造/面積[千平方公尺]、木造/現值[百萬元]、土磚造/課免稅單位[間]、土磚造/面積[千平方公尺]、土磚造/現值[百萬元]、竹造/課免稅單位[間]、竹造/面積[千平方公尺]、竹造/現值[百萬元]、其他/課免稅單位[間]、其他/面積[千平方公尺]、其他/現值[百萬元]
內湖污水處理廠水質水量速報,統計,內湖污水處理廠水質水量速報(CSV),西元年統計期、月、污水處理量ItemValue[立方公尺]、進流水水質pH（酸鹼值）、進流水水質水中懸浮固體量SS數值[mg/L]、進流水水質化學需氧量COD數值[mg/L]、進流水水質生化需氧量BOD5數值[mg/L]、進流水水質氨氮數值[mg/L]、進流水水質總氮數值[mg/L]、進流水水質大腸桿菌數值[CFU/100mL]、放流水pH（酸鹼值）、放流水水質水中懸浮固體量SS數值[mg/L]、放流水水質化學需氧量COD數值[mg/L]、放流水水質生化需氧量BOD5數值[mg/L]、放流水水質氨氮數值[mg/L]、放流水水質總氮數值[mg/L]、放流水水質大腸桿菌群數值[CFU/100mL]、回收水總使用量ItemValue[立方公尺]、回收水外部取用量ItemValue[立方公尺]、回收水內部取用量ItemValue[立方公尺]
迪化污水處理廠水質水量速報,統計,迪化污水處理廠水質水量速報(CSV),西元年統計期、月、污水處理量ItemValue[立方公尺]、進流水水質pH（酸鹼值）、進流水水質水中懸浮固體量SS數值[mg/L]、進流水水質化學需氧量COD數值[mg/L]、進流水水質生化需氧量BOD5數值[mg/L]、進流水水質氨氮數值[mg/L]、進流水水質總氮數值[mg/L]、進流水水質大腸桿菌數值[CFU/100mL]、放流水pH（酸鹼值）、放流水水質水中懸浮固體量SS數值[mg/L]、放流水水質化學需氧量COD數值[mg/L]、放流水水質生化需氧量BOD5數值[mg/L]、放流水水質氨氮數值[mg/L]、放流水水質總氮數值[mg/L]、放流水水質大腸桿菌群數值[CFU/100mL]、回收水總使用量ItemValue[立方公尺]、回收水外部取用量ItemValue[立方公尺]、回收水內部取用量ItemValue[立方公尺]
臺北市污水下水道用戶接管概況,統計,臺北市用戶接管普及率速報(CSV),年月、行政區、公共污水下水道門牌用戶接管戶數、建築物自設專用污水下水道設置戶數、建築物自設污水處理設施設置戶數、合計、臺北市轄區內門牌總戶數、門牌戶數接管普及率百分比
八里污水處理廠水質水量速報,統計,八里污水處理廠水質水量速報(csv),西元年統計期、月、污水處理量ItemValue[立方公尺]、進流水水質pH（酸鹼值）、進流水水質水中懸浮固體量SS數值[mg/L]、進流水水質化學需氧量COD數值[mg/L]、進流水水質生化需氧量BOD5數值[mg/L]、進流水水質大腸桿菌數值[CFU/100mL]、放流水pH（酸鹼值）、放流水水質水中懸浮固體量SS數值[mg/L]、放流水水質化學需氧量COD數值[mg/L]、放流水水質生化需氧量BOD5數值[mg/L]、放流水水質大腸桿菌群數值[CFU/100mL]、回收水總使用量ItemValue[立方公尺]、回收水內部取用量ItemValue[立方公尺]
北市警政APP_防空避難設備位置,統計,北市警政APP防空避難設備位置,項次、行政區、分局、名稱、里別、地址、地下層數位址、容納人數、座標x、座標y、場所名稱
臺北市愛滋病指定醫院,醫療,愛滋病指定醫院。,序號、醫事機構代碼、醫療院所名稱、特約類別、聯絡電話、分機、行政區、地址
臺北市性健康友善門診,醫療,性健康友善門診。,序號、所在縣市、所在鄉鎮市區、醫療院所名稱、醫師專科別、醫師姓名、性別、醫療院所地址、醫療院所電話
臺北市清潔針具佈點名單,醫療,臺北市清潔針具交換衛教諮詢站名單。,序號、行政區域代碼、設置項目、設置點類別、機構代碼、設置地點、電話、分機、地址、服務時間、備註
臺北市執行定額進用身心障礙者概況表,勞動,本市定額進用身心障礙者義務機關(構)、進用人數及差額補助費等資料,項次、單位性質、總計數量、超額家數、足額家數、不足額家數、欠繳差額補助費機構數、法定進用人數、實際進用人數、實際進用人數、加權進用人數、超額進用人數、未足額進用人數、應繳納差額補助費、已繳納差額補助費、未繳納差額補助費、溢繳差額補助費、註銷金額、累計滯納金、已繳滯納金、未繳納滯納金、當月催繳家數、累計強制執行家數、累計強制執行金額、取得債權憑證張數、取得債權憑證金額
臺北市垃圾車點位路線資訊,資訊,垃圾車清運路線、時間等詳細資料,"行政區、里別、分隊、局編、車號、路線、車次、抵達時間、離開時間、地點、緯度、經度
"
臺北捷運各站分時進出量統計,交通,臺北捷運每日分時各車站進出站(OD)流量統計,SeqNo、西元年、月、URL、說明/備註
臺北捷運全系統旅運量統計,交通,臺北捷運公司全系統旅客運送量統計,西元年、月、日、星期、人次
臺北松山機場營運量,統計,"臺北松山機場營運量時間數列統計資料
","統計期、起降總架次/總計、起降總架次/國際航線、起降總架次/國內航線、客運總人次/總計/合計、客運總人次/總計/入境、客運總人次/總計/出境、客運總人次/國際航線/入境、客運總人次/國際航線/出境、客運總人次/國內航線/入境、客運總人次/國內航線/出境、貨運噸數/總計/合計、貨運噸數/總計/入境、貨運噸數/總計/出境、貨運噸數/總計/轉口、貨運噸數/國際航線/入境、貨運噸數/國際航線/出境、貨運噸數/國內航線/入境、貨運噸數/國內航線/出境
"
臺北市旅宿業及來臺旅客,統計,臺北市旅宿業及來臺旅客時間數列統計資料,統計期、旅行社家數[家]、觀光旅館/家數/國際旅館[家]、觀光旅館/家數/一般旅館[家]、觀光旅館/客房數數值/國際旅館[間]、觀光旅館/客房數數值/一般旅館[間]、觀光旅館/住房人次/國際旅館[人次]、觀光旅館/住房人次/一般旅館[人次]、觀光旅館/住用率/總計[%]、觀光旅館/住用率/國際旅館[%]、觀光旅館/住用率/一般旅館[%]、觀光旅館/平均房價金額/國際旅館[元]、觀光旅館/平均房價金額/一般旅館[元]、觀光旅館/業務檢查家次[家次]、一般旅館/家數[家]、一般旅館/客房數數值[間]、一般旅館/業務檢查家次[家次]、來臺旅客/到訪人次[人次]、來臺旅客/平均每人每日消費金額[美金]
臺北市實施三七五減租後承租人承買耕地概況,統計,臺北市實施三七五減租後承租人承買耕地概況時間數列統計資料,統計期、面積/總計[公頃]、面積/水田[公頃]、面積/旱田[公頃]、面積/其他[公頃]、戶數[戶]、人數[人]
臺北市實施三七五減租成果,統計,臺北市實施三七五減租成果時間數列統計資料,統計期、佃農戶數[戶]、地主戶數[戶]、土地筆數[筆]、租約件數[件]、租約面積/總計[公頃]、租約面積/水田[公頃]、租約面積/旱田[公頃]、租約面積/其他[公頃]、承租人人數/總計[人]、承租人人數/男[人]、承租人人數/女[人]、承租人人數/非自然人[人]、出租人人數/總計[人]、出租人人數/男[人]、出租人人數/女[人]、出租人人數/非自然人[人]
臺北市辦理建物登記概況(標示變更登記),統計,臺北市辦理建物登記概況(標示變更登記)時間數列統計資料,統計期、棟數/總計[棟]、棟數/分割[棟]、棟數/合併[棟]、棟數/滅失[棟]、棟數/建物增建改建[棟]、棟數/門牌整編[棟]、棟數/其他[棟]、面積/總計[公頃]、面積/分割[公頃]、面積/合併[公頃]、面積/滅失[公頃]、面積/建物增建改建[公頃]、面積/門牌整編[公頃]、面積/其他[公頃]
臺北市辦理土地登記概況(所有權變更登記),統計,臺北市辦理土地登記概況(所有權變更登記)時間數列統計資料,統計期、筆數/總計[筆]、筆數/買賣[筆]、筆數/繼承[筆]、筆數/贈與[筆]、筆數/徵收[筆]、筆數/拍賣[筆]、筆數/其他[筆]、面積/總計[公頃]、面積/買賣[公頃]、面積/繼承[公頃]、面積/贈與[公頃]、面積/徵收[公頃]、面積/拍賣[公頃]、面積/其他[公頃]
臺北市辦理土地登記概況(他項權利登記),統計,臺北市辦理土地登記概況(他項權利登記)時間數列統計資料,統計期、筆數/總計[筆]、筆數/地上權/合計[筆]、筆數/地上權/設定[筆]、筆數/地上權/移轉[筆]、筆數/地上權/變更[筆]、筆數/地上權/塗銷[筆]、筆數/不動產役權/合計[筆]、筆數/不動產役權/設定[筆]、筆數/不動產役權/移轉[筆]、筆數/不動產役權/變更[筆]、筆數/不動產役權/塗銷[筆]、筆數/典權/合計[筆]、筆數/典權/設定[筆]、筆數/典權/移轉[筆]、筆數/典權/變更[筆]、筆數/典權/塗銷[筆]、筆數/抵押權/合計[筆]、筆數/抵押權/設定[筆]、筆數/抵押權/移轉[筆]、筆數/抵押權/變更[筆]、筆數/抵押權/塗銷[筆]、筆數/其他[筆]、面積/總計[公頃]、面積/地上權/合計[公頃]、面積/地上權/設定[公頃]、面積/地上權/移轉[公頃]、面積/地上權/變更[公頃]、面積/地上權/塗銷[公頃]、面積/不動產役權/合計[公頃]、面積/不動產役權/設定[公頃]、面積/不動產役權/移轉[公頃]、面積/不動產役權/變更[公頃]、面積/不動產役權/塗銷[公頃]、面積/典權/合計[公頃]、面積/典權/設定[公頃]、面積/典權/移轉[公頃]、面積/典權/變更[公頃]、面積/典權/塗銷[公頃]、面積/抵押權/合計[公頃]、面積/抵押權/設定[公頃]、面積/抵押權/移轉[公頃]、面積/抵押權/變更[公頃]、面積/抵押權/塗銷[公頃]、面積/其他[公頃]
臺北市辦理土地登記概況(標示變更登記),統計,臺北市辦理土地登記概況(標示變更登記)時間數列統計資料,統計期、筆數/總計[筆]、筆數/分割[筆]、筆數/合併[筆]、筆數/滅失[筆]、筆數/地目變更[筆]、筆數/法院判決調解和解[筆]、筆數/其他[筆]、面積/總計[公頃]、面積/分割[公頃]、面積/合併[公頃]、面積/滅失[公頃]、面積/地目變更[公頃]、面積/法院判決調解和解[公頃]、面積/其他[公頃]
臺北市辦理建物登記概況(所有權變更登記),統計,臺北市辦理建物登記概況(所有權變更登記)時間數列統計資料,統計期、棟數/總計[棟]、棟數/買賣[棟]、棟數/繼承[棟]、棟數/贈與[棟]、棟數/拍賣[棟]、棟數/信託[棟]、棟數/其他[棟]、面積/總計[公頃]、面積/買賣[公頃]、面積/繼承[公頃]、面積/贈與[公頃]、面積/拍賣[公頃]、面積/信託[公頃]、面積/其他[公頃]
臺北市辦理土地登記概況,統計,臺北市辦理土地登記概況時間數列統計資料,統計期、標示變更/筆數[筆]、標示變更/面積[公頃]、所有權變更/筆數[筆]、所有權變更/面積[公頃]、他項權利/總計/筆數[筆]、他項權利/抵押權/筆數[筆]、他項權利/地上權/筆數[筆]、他項權利/不動產役權/筆數[筆]、他項權利/其他/筆數[筆]、他項權利/總計/面積[公頃]、他項權利/抵押權/面積[公頃]、他項權利/地上權/面積[公頃]、他項權利/不動產役權/面積[公頃]、他項權利/其他/面積[公頃]
臺北市消防救護服務,統計,"臺北市消防救護服務時間數列統計資料

",統計期、火災接獲民眾報案出勤次數[次]、出動人次/總計[人次]、出動人次/消防人員[人次]、出動人次/義消人員[人次]、出動人次/其他[人次]、出動車輛船艇直升機/總計[輛艘架]、出動車輛船艇直升機/水箱消防車[輛]、出動車輛船艇直升機/一般型救護車[輛]、出動車輛船艇直升機/救生艇[艘]、出動車輛船艇直升機/直升機[架]、出動車輛船艇直升機/其他車輛[輛]、火災救護救出人數[人]、緊急救護出勤次數/總計[次]、緊急救護出勤次數/送醫次數[次]、緊急救護出勤次數/未送醫次數/合計[次]、緊急救護出勤次數/未送醫次數/未接觸[次]、緊急救護出勤次數/未送醫次數/有接觸未運送[次]、緊急救護出勤次數/未送醫次數/出勤待命[次]、緊急救護急救送醫人次/總計[人次]、緊急救護急救送醫人次/非創傷類[人次]、緊急救護急救送醫人次/創傷類[人次]、其他服務出勤次數[次]、消防緊急救護到院前心肺功能停止/傷病患人次[人次]、消防緊急救護到院前心肺功能停止/急救成功處置人次[人次]、消防緊急救護到院前心肺功能停止/康復出院人數[人]、開設一二級防災中心次數[次]
臺北市火災起火原因及損失情形,統計,"臺北市火災起火原因及損失情形時間數列統計資料

",統計期、火災發生次數[次]、每日火災發生次數[次]、每千戶火災發生次數[次]、按起火原因/總計、按起火原因/燈燭、按起火原因/爐火烹調、按起火原因/敬神掃墓祭祖、按起火原因/電氣因素、按起火原因/菸蒂、按起火原因/機械設備、按起火原因/自殺、按起火原因/縱火、按起火原因/玩火、按起火原因/烤火、按起火原因/施工不慎、按起火原因/易燃品自[復]燃、按起火原因/瓦斯漏氣爆炸、按起火原因/化學物品、按起火原因/燃放爆竹、按起火原因/交通事故、按起火原因/天然災害、按起火原因/遺留火種、按起火原因/因燃燒雜草垃圾、按起火原因/原因不明、按起火原因/其他、按起火時間/總計、按起火時間/0:00~3:00、按起火時間/3:00~6:00、按起火時間/6:00~9:00、按起火時間/9:00~12:00、按起火時間/12:00~15:00、按起火時間/15:00~18:00、按起火時間/18:00~21:00、按起火時間/21:00~24:00、按起火處所/總計、按起火處所/客廳、按起火處所/臥室、按起火處所/廚房、按起火處所/辦公室、按起火處所/倉庫、按起火處所/路邊、按起火處所/其他、死亡人數/總計、死亡人數/男、死亡人數/女、受傷人數/總計、受傷人數/男、受傷人數/女、被毀損房屋數[戶]、被毀損車輛數[輛]、財物損失/總計[千元]、財物損失/房屋[千元]、財物損失/其他[千元]
臺北市違反社會秩序維護法案件,統計,臺北市違反社會秩序維護法案件時間數列統計資料,統計期、件數總計[件]、人數總計[人]、妨害安寧秩序件數[件]、妨害安寧秩序人數[人]、妨害善良風俗件數[件]、妨害善良風俗人數[人]、妨害他人身體財產件數[件]、妨害他人身體財產人數[人]、妨害公務件數[件]、妨害公務人數[人]、發生率[件/萬人]
臺北市失蹤人口,統計,臺北市失蹤人口時間數列統計資料,統計期、警政年齡層、性別、發生數[件]、查獲數[件]
臺北市警察機關處理集會遊行,統計,臺北市警察機關處理集會遊行時間數列統計資料,統計期、件數總計[件]、件數按活動方式/室外集會[件]、件數按活動方式/室外遊行[件]、件數按活動方式/室內集會[件]、件數按活動狀況/舉行[件]、件數按活動狀況/未舉行[件]、使用警力/總計[人次]、使用警力/現場部署[人次]、使用警力/現場待命[人次]、使用警力/駐地待命[人次]
臺北市役男徵集人數,統計,"臺北市役男徵集人數時間數列統計資料
","統計期、徵集人數/ 總計、徵集人數/ 常備兵、徵集人數/ 常備兵役軍事訓練、徵集人數/ 補充兵、徵集人數/ 替代役、徵集人數/ 預官、徵集人數/ 預士
"
臺北市警力配置,統計,臺北市警力配置時間數列統計資料,統計期、員警編制人數[人]、實際員警人數[人]、每萬人員警人數[人]、平均每一員警維護治安人數[人]、警勤區數[區]、派出所數[所]、守望相助巡守隊數[隊]
臺北市營利事業登記開歇業家數及資本額,統計,臺北市營利事業登記開歇業家數及資本額時間數列統計資料,統計期、開業/家數[家]、開業/資本額[百萬元]、歇業/家數[家]、歇業/資本額[百萬元]、增資/家數[家]、增資/資本額[百萬元]、減資/家數[家]、減資/資本額[百萬元]
臺北市營利事業登記家數及資本額(97年以後),統計,臺北市營利事業登記家數及資本額(97年以後)時間數列統計資料,年別、公司組織別、行業別、家數[家]、資本額[百萬元]
臺北市現有營造建築物棟數,統計,"臺北市現有營造建築物棟數時間數列統計資料
",統計期、總數量[棟]、樓層別/平房數量[棟]、樓層別/2層數量[棟]、樓層別/3層數量[棟]、樓層別/4層數量[棟]、樓層別/5~6層數量[棟]、樓層別/7~9層數量[棟]、樓層別/10~12層數量[棟]、樓層別/13~15層數量[棟]、樓層別/16層以上數量[棟]、屋齡別/未滿30年數量[棟]、屋齡別/30年以上數量[棟]
臺北市現有營造建築物總面積,統計,"臺北市現有營造建築物總面積時間數列統計資料
",統計期、總計[千平方公尺]、鋼骨鋼筋混凝土及預鑄造[千平方公尺]、加強磚造[千平方公尺]、磚石造[千平方公尺]、木造[千平方公尺]、其他[千平方公尺]
臺北市居民平均餘命,統計,"臺北市居民平均餘命時間數列統計資料
",統計期、性別、0歲、1歲、2歲、3歲、4歲、5歲、6歲、7歲、8歲、9歲、10歲、11歲、12歲、13歲、14歲、15歲、16歲、17歲、18歲、19歲、20歲、21歲、22歲、23歲、24歲、25歲、26歲、27歲、28歲、29歲、30歲、31歲、32歲、33歲、34歲、35歲、36歲、37歲、38歲、39歲、40歲、41歲、42歲、43歲、44歲、45歲、46歲、47歲、48歲、49歲、50歲、51歲、52歲、53歲、54歲、55歲、56歲、57歲、58歲、59歲、60歲、61歲、62歲、63歲、64歲、65歲、66歲、67歲、68歲、69歲、70歲、71歲、72歲、73歲、74歲、75歲、76歲、77歲、78歲、79歲、80歲、81歲、82歲、83歲、84歲、85歲以上
臺北市都會區捷運路線工程計畫與主要設備,統計,"臺北市都會區捷運路線工程計畫與主要設備時間數列統計資料
",統計期、捷運路線別、路線里程/全線[公里]、路線里程/新北市境[公里]、車站數/全線[站]、車站數/新北市境[站]、建造型式里程站數/高架/里程[公里]、建造型式里程站數/高架/站數[站]、建造型式里程站數/地面/里程[公里]、建造型式里程站數/地面/站數[站]、建造型式里程站數/地下/里程[公里]、建造型式里程站數/地下/站數[站]、捷運公共設施、進度/預定[%]、進度/實際[%]、已通車路網里程[公里]
臺北市醫院診所家數,統計,臺北市醫院診所家數時間數列統計資料,統計期、總計/合計[家]、總計/公立/省立[家]、總計/公立/市立[家]、總計/公立/其他公立[家]、總計/非公立[家]、醫院/合計[家]、醫院/公立/省立[家]、醫院/公立/市立[家]、醫院/公立/其他公立[家]、醫院/非公立[家]、診所/合計[家]、診所/公立/市立[家]、診所/公立/其他公立[家]、診所/非公立[家]
臺北市醫院診所病床數,統計,臺北市醫院診所病床數時間數列統計資料,統計期、總病床數、醫院病床數/合計、醫院病床數/一般病床/急性/一般病床、醫院病床數/一般病床/急性/精神病床、醫院病床數/一般病床/慢性/一般病床、醫院病床數/一般病床/慢性/精神病床、醫院病床數/一般病床/慢性/結核病床、醫院病床數/一般病床/慢性/漢生病病床、醫院病床數/特殊病床/加護病床、醫院病床數/特殊病床/燒傷病床、醫院病床數/特殊病床/燒傷加護病床、醫院病床數/特殊病床/嬰兒病床、醫院病床數/特殊病床/安寧病床、醫院病床數/特殊病床/慢性呼吸照護病床、醫院病床數/特殊病床/亞急性呼吸照護病床、醫院病床數/特殊病床/急性結核病床、醫院病床數/特殊病床/精神科加護病床、醫院病床數/特殊病床/手術恢復床、醫院病床數/特殊病床/嬰兒床、醫院病床數/特殊病床/血液透析床、醫院病床數/特殊病床/腹膜透析床、醫院病床數/特殊病床/普通隔離病床、醫院病床數/特殊病床/正壓隔離病床、醫院病床數/特殊病床/負壓隔離病床、醫院病床數/特殊病床/骨髓移植病床、醫院病床數/特殊病床/性侵害犯罪加害人強制治療病床、醫院病床數/特殊病床/急性後期照護病床、醫院病床數/特殊病床/整合醫學急診後送病床、醫院病床數/特殊病床/戒護病床、醫院病床數/特殊病床/司法精神病床、醫院病床數/特殊病床/觀察病床/急診、醫院病床數/特殊病床/觀察病床/其他、醫院病床數/特殊病床/其他、精神科日間照護單位[人]、診所病床數/合計、診所病床數/觀察病床、診所病床數/嬰兒床、診所病床數/血液透析床、診所病床數/產科病床
臺北市醫療(事)機構執業醫事人員數,統計,臺北市醫療(事)機構執業醫事人員數時間數列統計資料,統計期、總人數、西醫師人數、中醫師人數、牙醫師人數、藥師人數、藥劑生人數、醫事檢驗師人數、醫事檢驗生人數、醫事放射師人數、醫事放射士人數、護理師人數、護士人數、助產師人數、助產士人數、鑲牙生人數、營養師人數、物理治療師人數、物理治療生人數、職能治療師人數、職能治療生人數、臨床心理師人數、諮商心理師人數、呼吸治療師人數、語言治療師人數、聽力師人數、牙體技術師人數、牙體技術生人數、驗光師人數、驗光生人數、每萬人醫療院所執業醫事人員數
臺北市機動車輛登記數,統計,臺北市機動車輛登記數時間數列統計資料,統計期、總數、汽車數/合計、汽車數/大客車/計、汽車數/大客車/自用、汽車數/大客車/營業、汽車數/大貨車/計、汽車數/大貨車/自用、汽車數/大貨車/營業、汽車數/小客車/計、汽車數/小客車/自用、汽車數/小客車/營業、汽車數/小貨車/計、汽車數/小貨車/自用、汽車數/小貨車/營業、汽車數/特種車、汽車數/大型自用特種車、汽車數/小型自用特種車、機車數/合計、機車數/大型重型、機車數/普通重型、機車數/輕型、電動汽車數、電動機車數、每千人擁有汽車數、每千人擁有機車數
臺北市停車位數,統計,臺北市停車位數時間數列統計資料,統計期、現有停車位數、按車種別/汽車停車位數、按車種別/機車停車位數、按類別/市有路邊停車場停車位/計停車位數、按類別/市有路邊停車場停車位/收費停車位數、按類別/市有路邊停車場停車位/不收費停車位數、按類別/市有路邊停車場停車位/身心障礙停車位數、按類別/市有路邊停車場停車位/大汽車停車位數、按類別/市有路邊停車場停車位/大汽車收費停車位數、按類別/市有路邊停車場停車位/大汽車不收費停車位數、按類別/市有路邊停車場停車位/大汽車身心障礙停車位數、按類別/市有路邊停車場停車位/小汽車停車位數、按類別/市有路邊停車場停車位/小汽車收費停車位數、按類別/市有路邊停車場停車位/小汽車不收費停車位數、按類別/市有路邊停車場停車位/小汽車身心障礙停車位數、按類別/市有路邊停車場停車位/機車停車位數、按類別/市有路邊停車場停車位/機車收費停車位數、按類別/市有路邊停車場停車位/機車不收費停車位數、按類別/市有路邊停車場停車位/機車身心障礙停車位數、按類別/市有路外停車位/計停車位數、按類別/市有路外停車位/收費停車位數、按類別/市有路外停車位/不收費停車位數、按類別/市有路外停車位/身心障礙停車位數、按類別/市有路外停車位/大汽車停車位數、按類別/市有路外停車位/大汽車收費停車位數、按類別/市有路外停車位/大汽車不收費停車位數、按類別/市有路外停車位/大汽車身心障礙停車位數、按類別/市有路外停車位/小汽車停車位數、按類別/市有路外停車位/小汽車收費停車位數、按類別/市有路外停車位/小汽車不收費停車位數、按類別/市有路外停車位/小汽車身心障礙停車位數、按類別/市有路外停車位/機車停車位數、按類別/市有路外停車位/機車收費停車位數、按類別/市有路外停車位/機車不收費停車位數、按類別/市有路外停車位/機車身心障礙停車位數、按類別/市有委外經營停車位/計停車位數、按類別/市有委外經營停車位/收費停車位數、按類別/市有委外經營停車位/不收費停車位數、按類別/市有委外經營停車位/身心障礙停車位數、按類別/市有委外經營停車位/汽車停車位數、按類別/市有委外經營停車位/汽車收費停車位數、按類別/市有委外經營停車位/汽車不收費停車位數、按類別/市有委外經營停車位/汽車身心障礙停車位數、按類別/市有委外經營停車位/機車停車位數、按類別/市有委外經營停車位/機車收費停車位數、按類別/市有委外經營停車位/機車不收費停車位數、按類別/市有委外經營停車位/機車身心障礙停車位數、按類別/建築物附設停車位/汽車停車位數、按類別/建築物附設停車位/機車停車位數、按類別/非建築物附設停車位/大汽車停車位數、按類別/非建築物附設停車位/小汽車停車位數、按類別/非建築物附設停車位/機車停車位數
臺北市市立醫療院所門診及住院人次數,統計,臺北市市立醫療院所門診及住院人次數時間數列統計資料,統計期、門診人次數/總計[人次]、門診人次數/一般[人次]、門診人次數/急診[人次]、住院人次數/本年入院人次數[人次]、住院人次數/本年出院人次數/合計[人次]、住院人次數/本年出院人次數/活存數[人次]、住院人次數/本年出院人次數/死亡[人次]、住院人次數/現住院人次數[人次]、本年住院總人日[人日]、北市聯醫陪病率[％]
臺北市醫院醫療服務量,統計,臺北市醫院醫療服務量時間數列統計資料,統計期、出院[人次]、門診[人次]、急診[人次]、門診體檢[人次]、住院體檢[人次]、門診手術[人次]、住院手術[人次]、血液透析[人次]、接生[人次]、剖腹產[人次]、剖腹產率[%]、住院期間純母乳哺育率[%]
臺北市醫院病床平均住院人日數,統計,臺北市醫院病床平均住院人日數時間數列統計資料,統計期、住院總人日數/急性一般病床[人日]、住院總人日數/慢性一般病床[人日]、住院總人次/急性一般病床[人次]、住院總人次/慢性一般病床[人次]、平均住院日數/急性一般病床[日]、平均住院日數/慢性一般病床[日]、住院總人日數/加護病床[人日]、住院總人次/加護病床[人次]、平均住院日數/加護病床[日]
臺北市醫院病床占床率,統計,臺北市醫院病床占床率時間數列統計資料,統計期、占床率/總計、占床率/一般病床/急性/一般病床、占床率/一般病床/急性/精神病床、占床率/一般病床/慢性/一般病床、占床率/一般病床/慢性/精神病床、占床率/一般病床/慢性/結核病床、占床率/一般病床/慢性/漢生病病床、占床率/特殊病床/加護病床、占床率/特殊病床/燒傷病床、占床率/特殊病床/燒傷加護病床、占床率/特殊病床/嬰兒病床、占床率/特殊病床/嬰兒床、占床率/特殊病床/安寧病床、占床率/特殊病床/慢性呼吸照護病床、占床率/特殊病床/亞急性呼吸照護病床、占床率/特殊病床/急性結核病床、占床率/特殊病床/精神科加護病床、占床率/特殊病床/手術恢復床、占床率/特殊病床/血液透析床、占床率/特殊病床/腹膜透析床、占床率/特殊病床/普通隔離病床、占床率/特殊病床/正壓隔離病床、占床率/特殊病床/負壓隔離病床、占床率/特殊病床/骨髓移植病床、占床率/特殊病床/性侵害犯罪加害人強制治療病床、占床率/特殊病床/急性後期照護病床、占床率/特殊病床/整合醫學急診後送病床、占床率/特殊病床/戒護病床、占床率/特殊病床/司法精神病床、占床率/特殊病床/其他
臺北市救護車設置,統計,臺北市救護車設置時間數列統計資料,統計期、救護車輛數/總計、一般型救護車輛數/合計、一般型救護車輛數/衛生機關、一般型救護車輛數/消防機關、一般型救護車輛數/醫療機構/醫院/公立、一般型救護車輛數/醫療機構/醫院/私立、一般型救護車輛數/醫療機構/診所/公立、一般型救護車輛數/醫療機構/診所/私立、一般型救護車輛數/護理機構/公立、一般型救護車輛數/護理機構/私立、一般型救護車輛數/救護車營業機構、一般型救護車輛數/其他、加護型救護車輛數/合計、加護型救護車輛數/衛生機關、加護型救護車輛數/消防機關、加護型救護車輛數/醫療機構/醫院/公立、加護型救護車輛數/醫療機構/醫院/私立、加護型救護車輛數/醫療機構/診所/公立、加護型救護車輛數/醫療機構/診所/私立、加護型救護車輛數/護理機構/公立、加護型救護車輛數/護理機構/私立、加護型救護車輛數/救護車營業機構、加護型救護車輛數/其他
臺北市藥政管理與服務,統計,臺北市藥政管理與服務時間數列統計資料,統計期、藥商家數/合計、藥商家數/西藥商/藥品販賣業、藥商家數/西藥商/藥品製造業、藥商家數/中藥商/藥品販賣業、藥商家數/中藥商/藥品製造業、藥商家數/醫療器材商/醫療器材販賣業、藥商家數/醫療器材商/醫療器材製造業、藥商家數/藥局、藥商家數/其他、北市聯醫及醫學中心處方箋釋出/慢性病[張]、北市聯醫及醫學中心處方箋釋出/一般[張]、北市聯醫及醫學中心送藥到宅服務[人次]
臺北市傳染病預防接種完成率,統計,臺北市傳染病預防接種完成率時間數列統計資料,統計期、卡介苗接種率、白喉百日咳破傷風混合疫苗接種率、小兒痲痺口服疫苗接種率、五合一疫苗接種率、破傷風減量白喉混合疫苗接種率、減量破傷風白喉非細胞性百日咳混合疫苗接種率、白喉破傷風非細胞性百日咳及不活化小兒麻痺混合疫苗接種率、B型肝炎疫苗接種率、日本腦炎疫苗接種率、活性減毒日本腦炎疫苗接種率、13價結合型肺炎鏈球菌疫苗接種率、痲疹腮腺炎德國痲疹混合疫苗接種率、水痘疫苗接種率、A型肝炎疫苗接種率
臺北市傳染病預防接種工作(97年以後),統計,臺北市傳染病預防接種工作(97年以後)時間數列統計資料,統計期、總計[人次]、卡介苗/合計[人次]、卡介苗/單一劑[人次]、卡介苗/其他[人次]、白喉百日咳破傷風混合[人次]、五合一/合計[人次]、五合一/第一劑[人次]、五合一/第二劑[人次]、五合一/第三劑[人次]、五合一/第四劑[人次]、五合一/其他[人次]、減量破傷風白喉非細胞性百日咳混合[人次]、白喉破傷風白喉非細胞性百日咳及不活化小兒麻痺混合[人次]、破傷風減量白喉混合[人次]、不活化小兒麻痺[人次]、B肝免疫球蛋白[人次]、B肝/合計[人次]、B肝/第一劑[人次]、B肝/第二劑[人次]、B肝/第三劑[人次]、B肝/第四劑[人次]、水痘/合計[人次]、水痘/單一劑[人次]、水痘/其他[人次]、麻疹腮腺炎德國麻疹混合/合計[人次]、麻疹腮腺炎德國麻疹混合/第一劑[人次]、麻疹腮腺炎德國麻疹混合/第二劑[人次]、麻疹腮腺炎德國麻疹混合/其他[人次]、麻疹腮腺炎德國麻疹混合/育齡婦女[人次]、日本腦炎/合計[人次]、日本腦炎/第一劑[人次]、日本腦炎/第二劑[人次]、日本腦炎/第三劑[人次]、日本腦炎/第四劑[人次]、日本腦炎/其他[人次]、活性減毒日本腦炎/合計[人次]、活性減毒日本腦炎/第一劑[人次]、活性減毒日本腦炎/第二劑[人次]、不活化日本腦炎[人次]、A肝/合計[人次]、A肝/第一劑[人次]、A肝/第二劑[人次]、A肝/其他[人次]、13價結合型肺炎鏈球/合計[人次]、13價結合型肺炎鏈球/第一劑[人次]、13價結合型肺炎鏈球/第二劑[人次]、13價結合型肺炎鏈球/第三劑[人次]、13價結合型肺炎鏈球/其他[人次]
臺北市電動車充電停車位概況,統計,臺北市電動車充電停車位概況時間數列統計資料,統計期、車輛種類別、總停車位數、路外停車位數、路邊停車位數
臺北市通用及敬老愛心計程車營運概況,統計,"臺北市通用及敬老愛心計程車營運概況時間數列統計資料
","統計期、通用計程車/車輛數[輛]、通用計程車/載客總趟次[趟]、通用計程車/無障礙趟次[趟]、通用計程車/其他趟次[趟]、身心障礙者搭乘敬老愛心計程車/車輛數[輛]、身心障礙者搭乘敬老愛心計程車/補助趟次[趟]、身心障礙者搭乘敬老愛心計程車/補助金額[元]
"
臺北市機動車輛檢驗(101年以後),統計,"臺北市機動車輛檢驗(101年以後)時間數列統計資料
",統計期、機動車輛檢驗數總計、汽車檢驗/合計、汽車檢驗/監理機關檢驗/初驗合格新車數、汽車檢驗/監理機關檢驗/初驗合格重領牌照數、汽車檢驗/監理機關檢驗/初驗合格定檢數、汽車檢驗/監理機關檢驗/覆驗合格數、汽車檢驗/監理機關檢驗/覆驗不合格數、汽車檢驗/委託代檢/製造廠初驗合格數、汽車檢驗/委託代檢/代檢廠初驗合格數、汽車檢驗/委託代檢/覆驗合格數、汽車檢驗/委託代檢/覆驗不合格數、汽車檢驗/逾檢數、機車檢驗/合計、機車檢驗/監理機關檢驗數、機車檢驗/委託代檢數、機車檢驗/逾檢數
臺北市領有駕駛執照數,統計,"臺北市領有駕駛執照數時間數列統計資料
",統計期、汽車/合計[人]、汽車/普通/計[人]、汽車/普通/聯結車[人]、汽車/普通/大客車[人]、汽車/普通/大貨車[人]、汽車/普通/小型車[人]、汽車/職業/計[人]、汽車/職業/聯結車[人]、汽車/職業/大客車[人]、汽車/職業/大貨車[人]、汽車/職業/小型車[人]、機車/合計[人]、機車/重型/大型[人]、機車/重型/普通[人]、機車/輕型[人]、平均每百人領有汽車執照數[人]、平均每百人領有機車執照數[人]
臺北市營業場所衛生管理工作,統計,臺北市營業場所衛生管理工作時間數列統計資料,統計期、現有家數、稽查家次/總計、稽查家次/旅館業、稽查家次/理髮美髮美容業、稽查家次/浴室業、稽查家次/劇院歌廳舞廳場、稽查家次/錄影節目帶播映業及其他娛樂業、稽查家次/游泳池、稽查家次/電影片映演業、稽查家次/衛生服務業、稽查家次/其他、改善家次/總計、改善家次/旅館業、改善家次/理髮美髮美容業、改善家次/浴室業、改善家次/劇院歌廳舞廳場、改善家次/錄影節目帶播映業及其他娛樂業、改善家次/游泳池、改善家次/電影片映演業、改善家次/衛生服務業、改善家次/其他
臺北市食品衛生管理工作,統計,臺北市食品衛生管理工作時間數列統計資料,統計期、食品衛生管理稽查工作/稽查家次[家次]、食品衛生管理稽查工作/餐飲店/稽查家次[家次]、食品衛生管理稽查工作/冷飲店/稽查家次[家次]、食品衛生管理稽查工作/飲食攤販/稽查家次[家次]、食品衛生管理稽查工作/傳統市場/稽查家次[家次]、食品衛生管理稽查工作/超級市場/稽查家次[家次]、食品衛生管理稽查工作/自動販賣機/稽查家次[家次]、食品衛生管理稽查工作/雜貨便利商店/稽查家次[家次]、食品衛生管理稽查工作/製造廠商/稽查家次[家次]、食品衛生管理稽查工作/其他/稽查家次[家次]、食品衛生管理稽查工作/不合格飭令改善家次[家次]、食品衛生管理稽查工作/餐飲店/不合格飭令改善家次[家次]、食品衛生管理稽查工作/冷飲店/不合格飭令改善家次[家次]、食品衛生管理稽查工作/飲食攤販/不合格飭令改善家次[家次]、食品衛生管理稽查工作/傳統市場/不合格飭令改善家次[家次]、食品衛生管理稽查工作/超級市場/不合格飭令改善家次[家次]、食品衛生管理稽查工作/自動販賣機/不合格飭令改善家次[家次]、食品衛生管理稽查工作/雜貨便利商店/不合格飭令改善家次[家次]、食品衛生管理稽查工作/製造廠商/不合格飭令改善家次[家次]、食品衛生管理稽查工作/其他/不合格飭令改善家次[家次]、食品中毒人數[人]
臺北市食品衛生管理查驗工作,統計,臺北市食品衛生管理查驗工作時間數列統計資料,統計期、查驗件數/總計[件]、查驗件數/查核[件]、查驗件數/檢驗[件]、與規定不符件數/總計[件]、與規定不符件數/查核[件]、與規定不符件數/檢驗[件]、不符規定比率[%]、與規定不符件數按原因別/違規標示[件]、與規定不符件數按原因別/違規廣告[件]、與規定不符件數按原因別/食品添加物[件]、與規定不符件數按原因別/食品器皿容器包裝檢驗[件]、與規定不符件數按原因別/微生物[件]、與規定不符件數按原因別/真菌毒素[件]、與規定不符件數按原因別/動物用藥殘留[件]、與規定不符件數按原因別/化學成分[件]、與規定不符件數按原因別/成分分析[件]、 與規定不符件數按原因別/其他[件]、移外縣市未結案[件]
臺北市違反道路交通管理事件處罰原因,統計,"臺北市違反道路交通管理事件處罰原因時間數列統計資料
",統計期、總件數、牌照未領用偽變借用及污穢件數、拆除消音器或損壞不修件數、計程車不按錶收費件數、無照或越級駕駛件數、未帶駕照駕駛件數、不依規定繳交高速公路通行費件數、裝載超重或載運人員違反規定件數、行駛快速道路未繫安全帶件數、騎乘機車未戴安全帽件數、違反高快速公路管制規定件數、疲勞酒醉或患病駕車件數、赤足穿木屐或拖鞋駕車件數、不照規定路線行駛件數、違反速率規定行駛件數、不依規定按鳴喇叭及減速慢行件數、不依規定使用燈光件數、不依規定超車件數、不依規定轉彎迴車倒車件數、闖平交道闖紅燈及紅燈右轉件數、不依規定停車或臨時停車件數、未保持行車距離件數、車輛拋錨未依規定處理件數、不遵守標線標誌號誌指示件數、不服交通警察取締件數、肇事致人傷亡或撞傷警員件數、肇事逃逸件數、道路障礙件數、其他件數
臺北市違反道路交通管理事件處理情形,統計,"臺北市違反道路交通管理事件處理情形時間數列統計資料
","統計期、舉發件數/總計[件]、舉發件數/汽車違規[件]、舉發件數/機車違規[件]、舉發件數/行人違規[件]、舉發件數/道路障礙[件]、舉發件數/其他[件]、處罰件數/總計[件]、處罰件數/罰鍰[件]、處罰件數/罰鍰之沒入[件]、處罰件數/吊扣駕駛執照或牌照[件]、處罰件數/吊銷駕駛執照或牌照[件]、處罰件數/行人違規[件]、罰鍰金額[元]、移公路監理機關處理之舉發件數[件]、移公路監理機關處理之舉發件數占舉發數百分比[%]、取締移動式道路障礙[件]
"
臺北捷運營運業務,統計,"臺北捷運營運業務時間數列統計資料
","統計期、營運路線數、營運里程、營運車站數、每日列車延車公里數[車公里]、每日列車延人千公里數[人千公里]、客運人次總計[人次]、平均每日客運人次[人次]、中運量客運人次[人次]、平均每日中運量客運人次[人次]、高運量客運人次[人次]、平均每日高運量客運人次[人次]、雙向轉乘優惠運量[千人次]、客運收入[千元]、悠遊卡累計發卡量[張]
"
臺北市貓空纜車營運概況,統計,"臺北市貓空纜車營運概況時間數列統計資料
",統計期、營運里程[公里][年底數]、營運車站數[站][年底數]、客運人次[人次]、客運人次/平均每日客運量[人次]、客運收入[元]、各站旅運量/動物園站入站[人次]、各站旅運量/動物園站出站[人次]、各站旅運量/園內站入站[人次]、各站旅運量/園內站出站[人次]、各站旅運量/指南宮站入站[人次]、各站旅運量/指南宮站出站[人次]、各站旅運量/貓空站入站[人次]、各站旅運量/貓空站出站[人次]
臺北市政府衛生局檢驗工作,統計,臺北市政府衛生局檢驗工作時間數列統計資料,統計期、檢驗件數/飲食品一般衛生檢驗[件]、檢驗件數/飲用水檢驗[件]、檢驗件數/煙毒嫌疑物品檢驗[件]、檢驗件數/病原微生物及食物中毒檢驗[件]、檢驗件數/食品容器器具包裝及餐具清潔劑檢驗[件]、檢驗件數/食品中添加物檢驗[件]、檢驗件數/殘留農藥量檢驗[件]、檢驗件數/有害性重金屬檢驗[件]、檢驗件數/受理申請付費檢驗服務[件]、檢驗試劑發送數量[份]
臺北市藥粧管理及菸害防制,統計,臺北市藥粧管理及菸害防制時間數列統計資料,統計期、藥品管理檢查家次[家次]、藥品管理違法家次[家次]、藥品管理查獲違法藥品件數[件]、藥品管理查獲違法藥品種數[種]、醫療器材管理檢查家數[家數]、醫療器材管理違法家數[家數]、醫療器材管理查獲違法醫療器材件數[件]、醫療器材管理查獲違法醫療器材種數[種]、藥物廣告管理申請件數[件]、藥物廣告管理核准件數[件]、藥物廣告管理違規件數[件]、化粧品衛生管理抽查件數[件]、化粧品衛生管理查獲違法件數[件]、化粧品廣告管理申請件數[件]、化粧品廣告管理核准件數[件]、菸害防制稽查次數[次]、菸害防制處份件數[件]
臺北市交通資訊服務概況,統計,"臺北市交通資訊服務概況時間數列統計資料
",統計期、交通資訊中心參訪團數[團]、交通資訊中心參訪參加人次[人次]、公車動態資訊系統查詢次數[千次]、臺北好行APP下載次數[次]、停車資訊系統查詢次數[千次]、北市好停車APP下載次數[次]
臺北市全民健康保險投保概況,統計,臺北市全民健康保險投保概況時間數列統計資料,統計期、投保單位[個]、投保人數對象[人]、醫療費用核付/總計/件數[千件]、醫療費用核付/總計/金額[百萬元]、醫療費用核付/住院/件數[千件]、醫療費用核付/門診/件數[千件]、醫療費用核付/住院/金額[百萬元]、醫療費用核付/門診/金額[百萬元]
臺北市兒童醫療補助,統計,臺北市兒童醫療補助時間數列統計資料,統計期、補助人次/總計[人次]、補助金額/總計[元]、補助人次/門診/合計[人次]、補助金額/門診/合計[元]、補助人次/門診/門診[人次]、補助金額/門診/門診[元]、補助人次/門診/急診[人次]、補助金額/門診/急診[元]、補助金額/門診/健康諮詢[元]、補助金額/門診/其他[元]、補助人次/住院/合計[人次]、補助金額/住院/合計[元]、補助人次/住院/住院[人次]、補助金額/住院/住院[元]、補助金額/住院/其他[元]
臺北市主要死亡原因,統計,臺北市主要死亡原因時間數列統計資料,統計期、死因別、順位、死亡人數/合計[人]、死亡人數/男[人]、死亡人數/女[人]、死亡率/合計[人/十萬人口]、死亡率/男[人/十萬人口]、死亡率/女[人/十萬人口]
臺北市主要癌症死因死亡率,統計,臺北市主要癌症死因死亡率時間數列統計資料,統計期、死亡率/ 所有癌症死亡原因、死亡率/ 氣管支氣管和肺癌、死亡率/ 肝和肝內膽管癌、死亡率/ 結腸直腸和肛門癌、死亡率/ 女性乳癌、死亡率/ 胃癌、死亡率/ 前列腺[攝護腺]癌、死亡率/ 胰臟癌、死亡率/ 口腔癌、死亡率/ 子宮頸及部位未明示子宮癌、死亡率/ 食道癌、死亡率/ 卵巢癌、死亡率/ 非何杰金淋巴癌、死亡率/ 白血病、標準化死亡率/ 所有癌症死亡原因、標準化死亡率/ 氣管支氣管和肺癌、標準化死亡率/ 肝和肝內膽管癌、標準化死亡率/ 結腸直腸和肛門癌、標準化死亡率/ 女性乳癌、標準化死亡率/ 胃癌、標準化死亡率/ 前列腺[攝護腺]癌、標準化死亡率/ 胰臟癌、標準化死亡率/ 口腔癌、標準化死亡率/ 子宮頸及部位未明示子宮癌、標準化死亡率/ 食道癌、標準化死亡率/ 卵巢癌、標準化死亡率/ 非何杰金淋巴癌、標準化死亡率/ 白血病
臺北市新生兒、嬰兒及孕產婦死亡率,統計,臺北市新生兒、嬰兒及孕產婦死亡率時間數列統計資料,統計期、新生兒死亡人數/總計[人]、新生兒死亡人數/男[人]、新生兒死亡人數/女[人]、新生兒死亡人數占總死亡人數之百分比[%]、新生兒死亡率[人/千活嬰]、嬰兒死亡人數/總計[人]、嬰兒死亡人數/男[人]、嬰兒死亡人數/女[人]、嬰兒死亡人數占總死亡人數之百分比[%]、嬰兒死亡率[人/千活嬰]、孕產婦死亡人數[人]、孕產婦死亡人數占總死亡人數之百分比[%]、孕產婦死亡率[人/十萬活嬰]
臺北市主要死因死亡率,統計,臺北市主要死因死亡率時間數列統計資料,統計期、死亡率/ 所有死亡原因、死亡率/ 惡性腫瘤、死亡率/ 心臟疾病、死亡率/ 腦血管疾病、死亡率/ 肺炎、死亡率/ 糖尿病、死亡率/ 慢性下呼吸道疾病、死亡率/ 腎炎腎徵候群及腎性病變、死亡率/ 敗血症、死亡率/ 高血壓性疾病、死亡率/ 事故傷害、死亡率/ 慢性肝病及肝硬化、死亡率/ 自殺、死亡率/ 結核病、標準化死亡率/ 所有死亡原因、標準化死亡率/ 惡性腫瘤、標準化死亡率/ 心臟疾病、標準化死亡率/ 腦血管疾病、標準化死亡率/ 肺炎、標準化死亡率/ 糖尿病、標準化死亡率/ 慢性下呼吸道疾病、標準化死亡率/ 腎炎腎徵候群及腎性病變、標準化死亡率/ 敗血症、標準化死亡率/ 高血壓性疾病、標準化死亡率/ 事故傷害、標準化死亡率/ 慢性肝病及肝硬化、標準化死亡率/ 自殺、標準化死亡率/ 結核病
臺北市年齡別癌症死亡概況,統計,臺北市年齡別癌症死亡概況時間數列統計資料,統計期、死亡人數/總計[人]、每十萬人口死亡率/總計[人/每十萬人口]、死亡人數/0歲[人]、每十萬人口死亡率/0歲[人/每十萬人口]、死亡人數/1-4歲[人]、每十萬人口死亡率/1-4歲[人/每十萬人口]、死亡人數/5-14歲[人]、每十萬人口死亡率/5-14歲[人/每十萬人口]、死亡人數/15-24歲[人]、每十萬人口死亡率/15-24歲[人/每十萬人口]、死亡人數/25-44歲[人]、每十萬人口死亡率/25-44歲[人/每十萬人口]、死亡人數/45-64歲[人]、每十萬人口死亡率/45-64歲[人/每十萬人口]、死亡人數/65歲以上[人]、每十萬人口死亡率/65歲以上[人/每十萬人口]、男性癌症死亡平均年齡[歲]、女性癌症死亡平均年齡[歲]、男性癌症死亡年齡中位數[歲]、女性癌症死亡年齡中位數[歲]
臺北市年齡別死亡概況,統計,臺北市年齡別死亡概況時間數列統計資料,統計期、死亡人數/總計[人]、每十萬人口死亡率/總計[人/每十萬人口]、死亡人數/0歲[人]、每十萬人口死亡率/0歲[人/每十萬人口]、死亡人數按死因別分/1-4歲[人]、每十萬人口死亡率/1-4歲[人/每十萬人口]、死亡人數/ 5-14歲[人]、每十萬人口死亡率/ 5-14歲[人/每十萬人口]、死亡人數/15-24歲[人]、每十萬人口死亡率/15-24歲[人/每十萬人口]、死亡人數/25-44歲[人]、每十萬人口死亡率/25-44歲[人/每十萬人口]、死亡人數/45-64歲[人]、每十萬人口死亡率/45-64歲[人/每十萬人口]、死亡人數/65歲以上[人]、每十萬人口死亡率/65歲以上[人/每十萬人口]、男性死亡平均年齡[歲]、女性死亡平均年齡[歲]、男性死亡年齡中位數[歲]、女性死亡年齡中位數[歲]
臺北市主要癌症死亡原因,統計,臺北市主要癌症死亡原因時間數列統計資料,統計期、死因別、主要死亡原因順位、死亡人數/合計[人]、死亡人數/男[人]、死亡人數/女[人]、死亡率/合計[人/十萬人口]、死亡率/男[人/十萬人口]、死亡率/女[人/十萬人口]
臺北市辦理三高篩檢概況,統計,臺北市辦理三高篩檢概況時間數列統計資料,統計期、篩檢情形別、總計[人]、血壓[人]、血糖[人]、血膽固醇[人]
臺北市受聘僱外國人(移工)健康管理工作,統計,"臺北市受聘僱外國人(移工)健康管理工作時間數列統計資料
",統計期、性別、健檢人數/總計[人]、健檢人數/合格[人]、健檢人數/不合格[人]、健檢人數/不合格/腸內寄生蟲檢查[人]、健檢不合格率[%]、健檢不合格人次/總計[人次]、健檢不合格人次/X光肺部檢查[人次]、健檢不合格人次/HIV抗體WB檢查[人次]、健檢不合格人次/梅毒血清檢查[人次]、健檢不合格人次/腸內寄生蟲檢查[人次]、健檢不合格人次/其他[人次]
臺北市政府國家賠償事件處理情形–104年以後,統計,臺北市政府國家賠償事件處理情形-104年以後時間數列統計資料,統計期、受理件數[件]、已結案件數/總計[件]、已結案件數/協議階段/合計[件]、已結案件數/協議階段/成立[件]、已結案件數/協議階段/不成立[件]、已結案件數/協議階段/拒絕賠償[件]、已結案件數/協議階段/撤回[件]、已結案件數/協議階段/其他[件]、已結案件數/訴訟階段/合計[件]、已結案件數/訴訟階段/勝訴[件]、已結案件數/訴訟階段/敗訴[件]、已結案件數/訴訟階段/一部敗訴一部勝訴[件]、已結案件數/訴訟階段/法院和解[件]、已結案件數/訴訟階段/駁回[件]、已結案件數/訴訟階段/其他[件]、賠償情形/總計件數[件]、賠償情形/總計金額[千元]、賠償情形/協議成立賠償件數[件]、賠償情形/協議成立賠償金額[千元]、賠償情形/判決確定賠償件數[件]、賠償情形/判決確定賠償金額[千元]、依國家賠償法賠償件數/第2條[件]、依國家賠償法賠償件數/第3條[件]、行使求償權/求償件數[件]、行使求償權/求償金額[千元]、行使求償權/獲償件數[件]、行使求償權/獲償金額[千元]、未結案件數/總計[件]、未結案件數/協議中[件]、未結案件數/訴訟中[件]
臺北市政府暨所屬機關進用身心障礙者人數,統計,臺北市政府暨所屬機關進用身心障礙者人數時間數列統計資料,統計期、應進用人數[人]、實際進用人數[人]、進用比率[%]、進用比率增減數[百分點]
臺北市政府暨所屬機關進用原住民人數,統計,臺北市政府暨所屬機關進用原住民人數時間數列統計資料,統計期、應進用人數[人]、實際進用人數[人]、進用比率[%]、進用比率增減數[百分點]
臺北市氣候,統計,臺北市氣候時間數列統計資料,"統計期、平均氣溫[0C]、平均相對溼度[%]、日照時數[小時]、降水量[毫米]、降水日數[日]
"
臺北市廣播電視媒體家數及有線電視訂戶數,統計,臺北市廣播電視媒體家數及有線電視訂戶數時間數列統計資料,"統計期、電臺家數[家]、無線電視臺家數[家]、有線電視公司家數[家]、有線電視訂戶數[戶]
"
臺北市飲用水水質抽驗結果概況,統計,臺北市飲用水水質抽驗結果概況時間數列統計資料,統計期、自來水檢驗件數[件]、自來水檢驗不合格件數[件]、自來水檢驗件數不合格率[%]、自來水檢驗項次[項次]、自來水檢驗不合格項次[項次]、自來水檢驗項次不合格率[%]、簡易自來水檢驗件數[件]、簡易自來水檢驗不合格件數[件]、簡易自來水檢驗件數不合格率[%]、簡易自來水檢驗項次[項次]、簡易自來水檢驗不合格項次[項次]、簡易自來水檢驗項次不合格率[%]
臺北市消防設備(86年以後),統計,"臺北市消防設備(86年以後)時間數列統計資料
",統計期、消防車輛數/總計[輛]、消防車輛數/雲梯消防車[輛]、消防車輛數/水塔消防車[輛]、消防車輛數/化學消防車[輛]、消防車輛數/水庫消防車[輛]、消防車輛數/水箱消防車[輛]、消防車輛數/超高壓消防車[輛]、消防車輛數/泡沫消防車[輛]、消防車輛數/幫浦消防車[輛]、救災車輛數/總計[輛]、救災車輛數/救助器材車[輛]、救災車輛數/排煙車[輛]、救災車輛數/照明車[輛]、救災車輛數/空氣壓縮車[輛]、救災車輛數/特種通訊車[輛]、救災車輛數/救災指揮車[輛]、救災車輛數/水陸兩用車[輛]、救災車輛數/災情勘查車[輛]、救災車輛數/化學災害處理車[輛]、救災車輛數/火場現場勘驗車[輛]、救災車輛數/消防警備車[輛]、救災車輛數/消防救災越野車[輛]、救災車輛數/消防救護機車[輛]、消防勤務汽車輛數/總計[輛]、消防勤務汽車輛數/消防後勤車[輛]、消防勤務汽車輛數/消防查察車[輛]、消防勤務汽車輛數/災害預防宣傳車[輛]、消防勤務汽車輛數/地震體驗車[輛]、消防勤務汽車輛數/高塔訓練車[輛]、消防勤務汽車輛數/緊急修護車[輛]、消防勤務機車輛數[輛]、救護車輛數/總計[輛]、救護車輛數/一般型[輛]、救護車輛數/加護型[輛]、消防裝備數/救生艇[艘]、消防裝備數/防煙面罩[個]、消防裝備數/空氣瓶[瓶]、消防裝備數/空氣呼吸器[組]、消防裝備數/消防衣帽鞋[件]、消防裝備數/耐高溫消防衣[套]、消防裝備數/破壞器材組[組]、消防裝備數/空氣壓縮機[臺]、消防裝備數/潛水用裝備[套]、消防裝備數/橡皮艇[個]、消防裝備數/移動式幫浦[臺]、消防裝備數/熱顯像儀[套]、消防裝備數/個人用救命器[個]、消防裝備數/氣體偵測器[套]、消防栓數量[支]
臺北市消防通道概況,統計,"臺北市消防通道概況時間數列統計資料
",統計期、行政區別、消防通道數[處]、巡查消防通道違規停車/協助通報件數[件]、巡查消防通道違規停車/拍照舉證件數[件]
臺北市特定場所容留人數及消防安全設備查察,統計,"臺北市特定場所容留人數及消防安全設備查察時間數列統計資料

",統計期、特定場所容留人數檢查件次[件次]、特定場所容留人數檢查合格率[%]、消防安全設備查察列管家數[家]、消防安全設備查察檢查件次[件次]、消防安全設備查察檢查合格件次[件次]、消防安全設備查察檢查合格率[%]、消防安全設備查察複查合格率[%]、供公眾使用建築物安全檢查家次[家次]
臺北市消防人員數,統計,"臺北市消防人員數時間數列統計資料

",統計期、消防人員[含義消][人]、每萬人消防人員[含義消][人/萬人]、消防人員[不含義消][人]、每萬人消防人員[不含義消][人/萬人]、義消人員[人]、每萬人義消人員[人/萬人]
臺北市機動車輛排放空氣污染物查驗告發情形,統計,"臺北市機動車輛排放空氣污染物查驗告發情形時間數列統計資料
",統計期、查驗件數/總計[件]、查驗件數/粒狀污染物/合計[件]、查驗件數/粒狀污染物/檢查[件]、查驗件數/粒狀污染物/檢驗[件]、查驗件數/氣狀污染物/合計[件]、查驗件數/氣狀污染物/檢查[件]、查驗件數/氣狀污染物/檢驗[件]、告發件數/總計[件]、告發件數/粒狀污染物/合計[件]、告發件數/粒狀污染物/檢查[件]、告發件數/粒狀污染物/檢驗[件]、告發件數/氣狀污染物/合計[件]、告發件數/氣狀污染物/檢查[件]、告發件數/氣狀污染物/檢驗[件]、告發率[%]
臺北市水污染測定結果,統計,"臺北市水污染測定結果時間數列統計資料
","統計期、河川別、PH數值、溶氧量數值[毫克/公升]、生化需氧量數值[毫克/公升]、化學需氧量數值[毫克/公升]、懸浮固體數值[毫克/公升]、陰離子界面活性劑數值[毫克/公升]、大腸菌類密度[菌落數/100毫升]
"
臺北市一般廢棄物處理工作,統計,"臺北市一般廢棄物處理工作時間數列統計資料
","統計期、一般廢棄物產生量[公噸]、一般廢棄物處理量/總計[公噸]、一般廢棄物處理量/一般垃圾清運量/合計[公噸]、一般廢棄物處理量/一般垃圾清運量/處理方式/焚化[公噸]、一般廢棄物處理量/一般垃圾清運量/處理方式/焚化巨大垃圾[公噸]、一般廢棄物處理量/一般垃圾清運量/處理方式/衛生掩埋[公噸]、一般廢棄物處理量/一般垃圾清運量/處理方式/衛生掩埋巨大垃圾[公噸]、一般廢棄物處理量/一般垃圾清運量/其他[公噸]、一般廢棄物處理量/一般垃圾清運量/清運單位/環保單位自行清運[公噸]、一般廢棄物處理量/一般垃圾清運量/清運單位/環保單位自行清運巨大垃圾[公噸]、一般廢棄物處理量/一般垃圾清運量/清運單位/環保單位委託清運[公噸]、一般廢棄物處理量/一般垃圾清運量/清運單位/公私處所自行或委託清運[公噸]、一般廢棄物處理量/一般垃圾清運量/清運單位/公私處所自行或委託清運巨大垃圾[公噸]、一般廢棄物處理量/資源回收量/合計[公噸]、一般廢棄物處理量/資源回收量/環保單位[公噸]、一般廢棄物處理量/資源回收量/社區學校機關[公噸]、一般廢棄物處理量/巨大垃圾回收再利用量[公噸]、一般廢棄物處理量/廚餘回收再利用量/合計[公噸]、一般廢棄物處理量/廚餘回收再利用量/處理方式/堆肥[公噸]、一般廢棄物處理量/廚餘回收再利用量/處理方式/養豬[公噸]、一般廢棄物處理量/廚餘回收再利用量/處理方式/其他[公噸]、一般廢棄物處理量/廚餘回收再利用量/回收管道/環保單位[公噸]、一般廢棄物處理量/廚餘回收再利用量/回收管道/社區學校機關[公噸]、每人一般廢棄物產生量[公斤]、每日一般垃圾清運量[公噸]、一般廢棄物妥善處理率[%]、資源回收率[%]、垃圾清理車輛機具數[輛]、垃圾處理廠[場]回饋設施使用人次/游泳池[人次]、垃圾處理廠[場]回饋設施使用人次/健身房[人次]、清潔隊員人數[人]、清運工員人數[人]、清運人員數[人]
"
臺北市廢棄車輛查報及拖吊,統計,"臺北市廢棄車輛查報及拖吊時間數列統計資料
",統計期、查報數/ 總計、查報數/ 有牌、查報數/ 無牌、拖吊數/ 總計、拖吊數/ 有牌、拖吊數/ 無牌
臺北市違規小廣告處理,統計,"臺北市違規小廣告處理時間數列統計資料
",統計期、違規小廣告清除件數、違規小廣告清除件數增減率[%]、違規小廣告裁處件數、違規小廣告停話件數
臺北市公害污染陳情案件受理件數,統計,"臺北市公害污染陳情案件受理件數時間數列統計資料
",統計期、總件數[件]、按陳情對象別件數/機關團體學校醫院[件]、按陳情對象別件數/軍事機關所屬單位[件]、按陳情對象別件數/商業[件]、按陳情對象別件數/工業[廠][件]、按陳情對象別件數/營建工程[件]、按陳情對象別件數/交通工具[件]、按陳情對象別件數/一般居民[件]、按陳情對象別件數/公共場所[件]、按陳情對象別/其他[件]、按污染項目別件數/空氣污染[不含異味污染物][件]、按污染項目別件數/異味污染物[件]、按污染項目別件數/噪音[件]、按污染項目別件數/水污染[件]、按污染項目別件數/事業廢棄物[件]、按污染項目別件數/環境衛生[件]、按污染項目別件數/振動[件]、按污染項目別件數/其他[件]
臺北市環保稽查概況,統計,"臺北市環保稽查概況時間數列統計資料
",統計期、稽查次數/總計[次]、稽查次數/水污染[次]、稽查次數/廢棄物[次]、稽查次數/空氣污染[次]、稽查次數/噪音[次]、稽查次數/毒性及關注化學物質[次]、稽查次數/環境用藥[次]、稽查次數/飲用水[次]、稽查次數/環境影響評估[次]、稽查次數/土壤地下水污染[次]、稽查次數/海洋污染[次]、稽查次數/其他[次]、罰鍰次數/總計[次]、罰鍰次數/水污染[次]、罰鍰次數/廢棄物[次]、罰鍰次數/空氣污染[次]、罰鍰次數/噪音[次]、罰鍰次數/毒性及關注化學物質[次]、罰鍰次數/環境用藥[次]、罰鍰次數/飲用水[次]、罰鍰次數/環境影響評估[次]、罰鍰次數/土壤地下水污染[次]、罰鍰次數/海洋污染[次]、罰鍰次數/其他[次]、罰鍰金額/總計[千元]、罰鍰金額/水污染[千元]、罰鍰金額/廢棄物[千元]、罰鍰金額/空氣污染[千元]、罰鍰金額/噪音[千元]、罰鍰金額/毒性及關注化學物質[千元]、罰鍰金額/環境用藥[千元]、罰鍰金額/飲用水[千元]、罰鍰金額/環境影響評估[千元]、罰鍰金額/土壤地下水污染[千元]、罰鍰金額/海洋污染[千元]、罰鍰金額/其他[千元]、應收金額/總計[千元]、應收金額/水污染[千元]、應收金額/廢棄物[千元]、應收金額/空氣污染[千元]、應收金額/噪音[千元]、應收金額/毒性及關注化學物質[千元]、應收金額/環境用藥[千元]、應收金額/飲用水[千元]、應收金額/環境影響評估[千元]、應收金額/土壤地下水污染[千元]、應收金額/海洋污染[千元]、應收金額/其他[千元]、實收罰鍰/總計[千元]、實收罰鍰/水污染[千元]、實收罰鍰/廢棄物[千元]、實收罰鍰/空氣污染[千元]、實收罰鍰/噪音[千元]、實收罰鍰/毒性及關注化學物質[千元]、實收罰鍰/環境用藥[千元]、實收罰鍰/飲用水[千元]、實收罰鍰/環境影響評估[千元]、實收罰鍰/土壤地下水污染[千元]、實收罰鍰/海洋污染[千元]、實收罰鍰/其他[千元]、稽查人力/環保局[人]、稽查人力/委外協辦[人]
臺北市網路服務,統計,臺北市網路服務時間數列統計資料,統計期、市府網站造訪人次[人次]、市民e點通上網人次[人次]、市民服務大平臺造訪人次[人次]、台北通累計開通數[件]、臺北公眾區免費無線上網[Taipei Free]熱點數[處]、臺北公眾區免費無線上網[Taipei Free]申辦帳號數[個]、臺北公眾區免費無線上網[Taipei Free]使用人次[人次]、市民免費上網訓練參訓累計人次[人次]、市府行動應用服務APP項目數[項]、市府行動應用服務APP累計下載使用人次[人次]、臺北好行APP累計下載使用人次[人次]、開放資料資料集項目數[項]、開放資料累計使用次數[次]
臺北市國民中、小學學生中途輟學概況,統計,"臺北市國民中、小學學生中途輟學概況時間數列統計資料
","統計期、全體學生數/國中/總計[人]、全體學生數/國中/男[人]、全體學生數/國中/女[人]、輟學人數/國中/總計[人]、輟學人數/國中/男[人]、輟學人數/國中/女[人]、輟學率/國中/總計[％]、輟學率/國中/男[％]、輟學率/國中/女[％]、復學人數/國中[人]、復學率/國中[％]、全體學生數/國小/總計[人]、全體學生數/國小/男[人]、全體學生數/國小/女[人]、輟學人數/國小/總計[人]、輟學人數/國小/男[人]、輟學人數/國小/女[人]、輟學率/國小/總計[％]、輟學率/國小/男[％]、輟學率/國小/女[％]、復學人數/國小[人]、復學率/國小[％]

"
臺北市國民中、小學原住民學生中途輟學概況,統計,臺北市國民中、小學原住民學生中途輟學概況時間數列統計資料,統計期、原住民學生數/國中/總計[人]、原住民學生數/國中/男[人]、原住民學生數/國中/女[人]、輟學人數/國中/總計[人]、輟學人數/國中/男[人]、輟學人數/國中/女[人]、輟學率/國中/總計[％]、輟學率/國中/男[％]、輟學率/國中/女[％]、復學人數/國中[人]、復學率/國中[％]、原住民學生數/國小/總計[人]、原住民學生數/國小/男[人]、原住民學生數/國小/女[人]、輟學人數/國小/總計[人]、輟學人數/國小/男[人]、輟學人數/國小/女[人]、輟學率/國小/總計[％]、輟學率/國小/男[％]、輟學率/國小/女[％]、復學人數/國小[人]、復學率/國小[％]
臺北市幼兒園招生概況,統計,"臺北市幼兒園招生概況時間數列統計資料，核定招收人數及實際招數人數包含互助式教保服務機構。
",統計期、隸屬別、核定招收/所數[所]、核定招收/招收人數[人]、實際招收/所數[所]、實際招收/招收人數[人]、實際招收/招收人數/男[人]、實際招收/招收人數/女[人]
臺北市自來水用戶動態,統計,臺北市自來水用戶動態時間數列統計資料,統計期、新裝/用戶數[戶]、新裝/水表數[具]、停用/用戶數[戶]、停用/水表數[具]、復用/用戶數[戶]、復用/水表數[具]、本年底總數/用戶數[戶]、本年底總數/水表數[具]
臺北市自來水用水人口及配水情形,統計,臺北市自來水用水人口及配水情形時間數列統計資料,統計期、供水區域人數/人數[人]、供水區域人數/臺北市人數[人]、實際供水人數/人數[人]、實際供水人數/臺北市人數[人]、供水普及率[%]、供水普及率/臺北市普及率[%]、配水量/配水總量[立方公尺]、配水量/每人每日配水量[立方公尺]、享有改善水源人數/人數[人]、享有改善水源人數/臺北市人數[人]
臺北市勞工保險給付概況,統計,臺北市勞工保險給付概況時間數列統計資料,年別、保險給付總件數[件]、保險給付總金額[千元]、保險給付現金件數[件]、保險給付職業災害現金件數[件]、保險給付現金金額[千元]、保險給付職業災害現金金額[千元]、保險給付住院件數[件]、保險給付住院金額[千元]、保險給付門診件數[件]、保險給付門診金額[千元]
臺北市勞工保險投保概況,統計,臺北市勞工保險投保概況時間數列統計資料,統計期、總投保單位[家]、總投保人數/合計[人]、總投保人數/男[人]、總投保人數/女[人]、產業勞工及交通公用事業之員工/投保單位[家]、產業勞工及交通公用事業之員工/投保人數[人]、公司行號之員工/投保單位[家]、公司行號之員工/投保人數[人]、新聞文化公益及合作事業之員工/投保單位[家]、新聞文化公益及合作事業之員工/投保人數[人]、政府機關及公私立學校員工/投保單位[家]、政府機關及公私立學校員工/投保人數[人]、受僱從事漁業生產之勞動者/投保單位數[家]、受僱從事漁業生產之勞動者/投保人數[人]、職業訓練機構接受訓練者/投保單位[家]、職業訓練機構接受訓練者/投保人數[人]、職業勞工/投保單位[家]、職業勞工/投保人數[人]、漁會之甲類會員/投保單位[家]、漁會之甲類會員/投保人數[人]、自願投保者/投保單位[家]、自願投保者/投保人數[人]
臺北市職工福利機構概況,統計,臺北市職工福利機構概況時間數列統計資料,統計期、新設立數/總計[家]、新設立數/事業單位[家]、新設立數/工會[家]、新設立數/職工福利金提撥金額[千元]、新設立數/職工福利金受益人數[人]、撤銷數/總計[家]、撤銷數/事業單位[家]、撤銷數/工會[家]、現有數/總計[家]、現有數/事業單位[家]、現有數/工會[家]
臺北市勞工資遣解僱概況,統計,"臺北市勞工資遣解僱概況時間數列統計資料
","統計期、資遣通報資遣員工人數[人]、大量解僱計畫解僱人數[人]、就業保險失業認定申請人數[人]、資遣通報資遣員工人數增減率[%]、大量解僱計畫解僱人數增減率[%]、就業保險失業認定申請人數增減率[%]
"
臺北市勞工重大職業災害,統計,"臺北市勞工重大職業災害時間數列統計資料
","年別、發生件數[件]、營造業發生件數[件]、營造業公共工程發生件數[件]、營造業公共工程發生件數占營造業百分比[%]、死亡人數[人]、營造業死亡人數[人]
"
臺北市育嬰留職停薪勞工關懷措施執行情形,統計,"臺北市育嬰留職停薪勞工關懷措施執行情形時間數列統計資料
",統計期、育嬰留職停薪勞工關懷人數[人]/ 總計、育嬰留職停薪勞工關懷人數[人]/ 男、育嬰留職停薪勞工關懷人數[人]/ 女、育嬰留職停薪勞工關懷人數增減率[%]/ 總計、育嬰留職停薪勞工關懷人數增減率[%]/ 男、育嬰留職停薪勞工關懷人數增減率[%]/ 女
臺北市森林面積,統計,臺北市森林面積時間數列統計資料,統計期、總計[公頃]、樹林/合計[公頃]、樹林/針葉樹林[公頃]、樹林/闊葉樹林[公頃]、樹林/針闊樹葉混淆林[公頃]、竹林[公頃]
臺北市道路新建、拓寬及改善完工工程,統計,"臺北市道路新建、拓寬及改善完工工程時間數列統計資料
","統計期、新建完工工程/項數[項]、新建完工工程/長度[公尺]、新建完工工程/總面積[平方公尺]、拓寬完工工程/項數[項]、拓寬完工工程/長度[公尺]、拓寬完工工程/總面積[平方公尺]、改善完工工程/項數[項]、改善完工工程/長度[公尺]、改善完工工程/總面積[平方公尺]
"
臺北市道路經常養護工程,統計,"臺北市道路經常養護工程時間數列統計資料
",統計期、瀝青路面維護面積[平方公尺]、路基修護面積[平方公尺]、人行道地磚修護面積[平方公尺]、安全島分界島緣石等修護[公尺]、護欄欄杆等修護[公尺]
臺北市一般道路改善工程,統計,"臺北市一般道路改善工程時間數列統計資料
",統計期、一般道路路面更新面積[平方公尺]、人手孔累計減少處數[處]、列管山區道路路面更新改善面積[平方公尺]、登山步道鋪面更新改善面積[平方公尺]
臺北市道路挖掘及透水鋪面鋪設,統計,"臺北市道路挖掘及透水鋪面鋪設時間數列統計資料
",年別、道路申請挖掘案件數/新案/總計[案]、道路申請挖掘案件數/新案/中華電信股份有限公司[案]、道路申請挖掘案件數/新案/台灣電力公司[案]、道路申請挖掘案件數/新案/臺北自來水事業處[案]、道路申請挖掘案件數/新案/臺北市政府其他機關[案]、道路申請挖掘案件數/新案/瓦斯公司[案]、道路申請挖掘案件數/新案/視訊公司[案]、道路申請挖掘案件數/新案/其他[案]、道路申請挖掘案件數/變更[案]、道路申請挖掘案件數/延期[案]、道路申請挖掘案件數/續期[案]、道路申請挖掘案件數/註銷[案]、道路申請挖掘案件數/結案[案]、道路申請挖掘長度/總計[公尺]、道路申請挖掘長度/依道路類別分/車道[公尺]、道路申請挖掘長度/依道路類別分/人行道[公尺]、道路申請挖掘長度/依道路類別分/其他[公尺]、道路申請挖掘長度/依申請單位分/中華電信股份有限公司[公尺]、道路申請挖掘長度/依申請單位分/台灣電力公司[公尺]、道路申請挖掘長度/依申請單位分/臺北自來水事業處[公尺]、道路申請挖掘長度/依申請單位分/臺北市政府其他機關[公尺]、道路申請挖掘長度/依申請單位分/瓦斯公司[公尺]、道路申請挖掘長度/依申請單位分/視訊公司[公尺]、道路申請挖掘長度/依申請單位分/其他[公尺]、透水鋪面鋪設面積/總計[平方公尺]、透水鋪面鋪設面積/人行道[平方公尺]、透水鋪面鋪設面積/其他[平方公尺]
臺北市路燈(104年以後),統計,"臺北市路燈(104年以後)時間數列統計資料
",統計期、總數[盞]、複金屬燈數/合計[盞]、複金屬燈數/100W以下[盞]、複金屬燈數/101W至200W[盞]、複金屬燈數/400W[盞]、複金屬燈數/其他[盞]、鈉光燈數/合計[盞]、鈉光燈數/150W以下[盞]、鈉光燈數/250W[盞]、鈉光燈數/400W[盞]、鈉光燈數/其他[盞]、LED燈數/合計[盞]、LED燈數/50W以下[盞]、LED燈數/51W至100W[盞]、LED燈數/101W至250W[盞]、LED燈數/其他[盞]、日光燈數[盞]、其他路燈數[盞]
臺北市污水下水道接管概況,統計,臺北市污水下水道接管概況時間數列統計資料,年別、接管戶數/總計[戶]、接管戶數/公共污水下水道[戶]、接管戶數/專用污水下水道[戶]、接管戶數/建築物污水處理設施設置戶數[戶]、年底累計接管戶數/總計[戶]、年底累計接管戶數/公共污水下水道[戶]、年底累計接管戶數/專用污水下水道[戶]、年底累計接管戶數/建築物污水處理設施設置戶數[戶]、門牌戶數接管普及率[%]、污水處理率[%]
臺北市共同管道,統計,臺北市共同管道時間數列統計資料,統計期、共同管道數數值[條]、幹管長度/總計[公尺]、幹管長度/電力管道[公尺]、幹管長度/電信管道[公尺]、幹管長度/自來水管道[公尺]、幹管長度/瓦斯管道[公尺]、供給管長度/總計[公尺]、供給管長度/支管[公尺]、供給管長度/電纜溝[公尺]、供給管長度/纜線電路[公尺]、結構體長度[公尺]
臺北市管線整合,統計,臺北市管線整合時間數列統計資料,年別、計畫性整合/件數[件]、計畫性整合/整合長度[公尺]、計畫性整合/配合長度[公尺]、機動性案件整合/件數[件]、機動性案件整合/整合長度[公尺]、機動性案件整合/配合長度[公尺]
臺北市公共設施認養,統計,臺北市公共設施認養時間數列統計資料,統計期、人行道認養/件數[件]、人行道認養/面積[平方公尺]、人行天橋認養/座數[座]、人行天橋認養/面積[平方公尺]、人行地下道認養/座數[座]、人行地下道認養/面積[平方公尺]、堤坡認養/數量[處]、堤坡認養/面積[平方公尺]、河濱公園認養/件數[件]、河濱公園認養/面積[平方公尺]、公園綠地及行道樹認養/數量[處]、公園綠地及行道樹認養/面積[平方公尺]、路燈認捐/累計人數[人]、路燈認捐/累計盞數[盞]、登山步道認捐及認養/人數[人]、登山步道認捐及認養/面積[平方公尺]
臺北市都市計畫區域內違反建築法令處理情形(83年以後),統計,"臺北市都市計畫區域內違反建築法令處理情形(83年以後)時間數列統計資料
",統計期、違反建築法令件數/合計、違反建築法令件數/違反改善方案、違反建築法令件數/執照逾期、違反建築法令件數/先行動工、違反建築法令件數/未報工程中止、違反建築法令件數/先行拆除、違反建築法令件數/先行使用、違反建築法令件數/違規使用、違反建築法令件數/逾期竣工展期、違反建築法令件數/逾期報開工、違反建築法令件數/其他、違建拆除件數
臺北市外僑人口數,統計,"臺北市外僑人口數時間數列統計資料
",統計期、總計/合計[人]、總計/男[人]、總計/女[人]、日本[人]、韓國[人]、菲律賓[人]、越南[人]、泰國[人]、馬來西亞[人]、新加坡[人]、印尼[人]、緬甸[人]、印度[人]、土耳其[人]、黎巴嫩[人]、以色列[人]、約旦[人]、伊朗[人]、沙烏地阿拉伯[人]、澳大利亞[人]、紐西蘭[人]、挪威[人]、瑞典[人]、芬蘭[人]、丹麥[人]、愛爾蘭[人]、英國[人]、荷蘭[人]、德國[人]、比利時[人]、奧地利[人]、瑞士[人]、義大利[人]、梵諦岡[人]、法國[人]、西班牙[人]、葡萄牙[人]、加拿大[人]、美國[人]、墨西哥[人]、瓜地馬拉[人]、哥斯大黎加[人]、巴拿馬[人]、多明尼加共和國[人]、委內瑞拉[人]、哥倫比亞[人]、巴西[人]、秘魯[人]、玻利維亞[人]、智利[人]、阿根廷[人]、烏拉圭[人]、南非共和國[人]、其他國籍[人]、無國籍[人]
臺北市失業率(婚姻狀況別),統計,臺北市失業率(婚姻狀況別)時間數列統計資料,統計期、性別、全體[%]、未婚[%]、有配偶或同居[%]、離婚分居或喪偶[%]
臺北市失業率(年齡別),統計,臺北市失業率(年齡別)時間數列統計資料,統計期、性別、失業人口/總計[千人]、失業人口/15至19歲[千人]、失業人口/20至24歲[千人]、失業人口/25至29歲[千人]、失業人口/30至34歲[千人]、失業人口/35至39歲[千人]、失業人口/40至44歲[千人]、失業人口/45至49歲[千人]、失業人口/50至54歲[千人]、失業人口/55至59歲[千人]、失業人口/60至64歲[千人]、失業人口/65歲以上[千人]、失業率/全體[%]、失業率/15至19歲[%]、失業率/20至24歲[%]、失業率/25至29歲[%]、失業率/30至34歲[%]、失業率/35至39歲[%]、失業率/40至44歲[%]、失業率/45至49歲[%]、失業率/50至54歲[%]、失業率/55至59歲[%]、失業率/60至64歲[%]、失業率/65歲以上[%]
臺北市失業率(教育程度別),統計,臺北市失業率(教育程度別)時間數列統計資料,統計期、性別、失業人口/總計[千人]、失業人口/研究所[千人]、失業人口/大學[千人]、失業人口/專科[千人]、失業人口/高中[千人]、失業人口/高職[千人]、失業人口/國中[初職][千人]、失業人口/國小以下[千人]、失業率/全體[%]、失業率/研究所[%]、失業率/大學[%]、失業率/專科[%]、失業率/高中[%]、失業率/高職[%]、失業率/國中[初職][%]、失業率/國小以下[%]
臺北市核發營造建築物使用執照按構造別(95年以後),統計,"臺北市核發營造建築物使用執照按構造別(95年以後)時間數列統計資料
",統計期、總計/件數[件]、總計/棟數[棟]、總計/總面積[平方公尺]、磚構造/件數[件]、磚構造/棟數[棟]、磚構造/總面積[平方公尺]、木構造/件數[件]、木構造/棟數[棟]、木構造/總面積[平方公尺]、鋼構造/件數[件]、鋼構造/棟數[棟]、鋼構造/總面積[平方公尺]、冷軋鋼構造/件數[件]、冷軋鋼構造/棟數[棟]、冷軋鋼構造/總面積[平方公尺]、混凝土構造/件數[件]、混凝土構造/棟數[棟]、混凝土構造/總面積[平方公尺]、鋼骨鋼筋混凝土構造/件數[件]、鋼骨鋼筋混凝土構造/棟數[棟]、鋼骨鋼筋混凝土構造/總面積[平方公尺]、其他/件數[件]、其他/棟數[棟]、其他/總面積[平方公尺]
臺北市合作社及合作農場,統計,臺北市合作社及合作農場時間數列統計資料,統計期、社場數/總計[個]、社場數/單位社[個]、社場數/聯合社[個]、社場數/農場[個]、社場員數/自然人/總計[人]、社場員數/自然人/男[人]、社場員數/自然人/女[人]、社場員數/法人[個]、股數[股]、股金總數[元]、已繳股金額[元]
臺北市老人長期照顧、安養機構及老人公寓概況,統計,臺北市老人長期照顧、安養機構及老人公寓概況時間數列統計資料,統計期、設立別、長期照護型機構/機構數[所]、長期照護型機構/可供進住人數[人]、長期照護型機構/實際進住人數/總計[人]、長期照護型機構/實際進住人數/男[人]、長期照護型機構/實際進住人數/女[人]、安養機構/機構數[所]、安養機構/可供進住人數[人]、安養機構/實際進住人數/總計[人]、安養機構/實際進住人數/男[人]、安養機構/實際進住人數/女[人]、養護型機構/機構數[所]、養護型機構/可供進住人數[人]、養護型機構/實際進住人數/總計[人]、養護型機構/實際進住人數/男[人]、養護型機構/實際進住人數/女[人]、失智照顧型機構/機構數[所]、失智照顧型機構/可供進住人數[人]、失智照顧型機構/實際進住人數/總計[人]、失智照顧型機構/實際進住人數/男[人]、失智照顧型機構/實際進住人數/女[人]、老人公寓/所數[所]、老人公寓/實際進住人數/總計[人]、老人公寓/實際進住人數/男[人]、老人公寓/實際進住人數/女[人]、老人住宅/所數[所]、老人住宅/實際進住人數/總計[人]、老人住宅/實際進住人數/男[人]、老人住宅/實際進住人數/女[人]
臺北市受理性侵害案件,統計,臺北市受理性侵害案件時間數列統計資料,統計期、受理案件數[件]、受理被害人/性別/男[人次]、受理被害人/性別/女[人次]、受理被害人/性別/其他[人次]、受理被害人/性別/不詳[人次]、受理被害人/兩造關係/認識[%]、受理被害人/兩造關係/不認識[%]、受理被害人/兩造關係/其他[%]、受理被害人/年齡別/總計[人次]、受理被害人/年齡別/0-未滿12歲[人次]、受理被害人/年齡別/12-未滿18歲[人次]、受理被害人/年齡別/18-未滿24歲[人次]、受理被害人/年齡別/24-未滿40歲[人次]、受理被害人/年齡別/40-未滿60歲[人次]、受理被害人/年齡別/60歲以上[人次]、受理被害人/年齡別/不詳[人次]
臺北市市民醫療補助,統計,"臺北市市民醫療補助時間數列統計資料
",統計期、市民醫療補助/住院人日數[人日]、市民醫療補助/住院醫療費用[千元]、市民醫療補助/門診人次數[人次]、市民醫療補助/門診醫療費用[千元]、市民限額醫療補助/人數[人]、市民限額醫療補助/醫療費用[千元]
臺北市預售屋推案量及推案總戶數,地政,臺北市預售屋推案量及推案總戶數統計資料,行政區、年份、季別、案件數、總戶數
臺北市政府工務局新建工程處預算書,資訊,臺北市政府工務局新建工程處各年度預算書,"編號、年度、年度歲入預算數【新臺幣元】、年度歲出預算數【新臺幣元】、網址、備註 
"
臺北市政府消防局各年度接受各界捐贈實物明細表,消防,臺北市政府消防局接受各界捐贈實物明細表-各年度,項次編號、年度、月份、日、捐贈者、捐贈財物、捐贈用途
臺北市消防榮譽榜每月績優人員,消防,臺北市政府消防局榮譽榜績優人員名單,項次編號、年度、月份、縣市代碼、承辦機關代碼、單位、職稱、姓名、執行勤務
臺北市身心障礙街頭藝人聯絡方式及表演項目名單,勞動,本市身障街頭藝人名單，包含其聯絡方式及其擅長的表演項目，如樂器演奏或唱歌,編號、年度、姓名/團體名稱、聯絡電話、表演項目
臺北市徵集人數統計表,統計,臺北市徵集人數統計,年、月、年次、陸軍人數、海軍艦艇兵人數、海軍陸戰隊人數、空軍人數、補充兵常備兵體位人數、補充兵替代役體位人數、志願役人數
臺北市各區災害應變中心領取沙包專線電話一覽表,民政,提供臺北市領取沙包資料。,district(區別)、areacode(行政區代碼)、tel_service(電話)、location(領取地點)、recycle_location(回收地點)
臺北市宗教建築3D模型庫,文化,採用3D建模方式記錄宗教寺廟資料，供做文化保存，並整合地理資訊系統，呈現宗教寺廟整體資訊。,行政區、鄉鎮市區編碼、名稱、分棟、連結
臺北市電影票售票概況,財稅,電影票售票概況,縣市別代碼、機關代號、資料年月、分處別、家數、售票張數
臺北市愛滋病匿名篩檢服務據點,醫療,臺北市立聯合醫院昆明防治中心愛滋病匿名篩檢服務地點。,序號、設置單位、地址、連絡電話、服務地點、服務時段、預約方式、官方網站
臺北市政府年度各月查獲涉嫌違反菸酒管理法案件數量統計表,財稅,臺北市政府財政局_臺北市政府年度各月查獲涉嫌違反菸酒管理法案件數量統計表,月份、當月菸類數量（包）、當月酒類數量（公升）、累計菸類數量（包）、累計酒類數量（公升）
臺北市政府各機關學校公文線上簽核績效統計表,統計,臺北市政府各機關學校之電子收文數量、紙本轉線上簽核數量、自創簽稿數量、線上簽核數量、紙本簽核數量之績效統計資訊,年度、月份、機關學校名稱、電子收文數量、紙本轉線上簽核數量、自創簽稿數量、線上簽核數量、紙本簽核數量
臺北市政府收文統計表,統計,收文機關全銜為臺北市政府之收文件數，包含普通、密及機密等級之每月收文件數統計資訊,年度、月份、普通、密、機密
臺北市防空疏散避難設施資料集,統計,臺北市防空疏散避難設施,類別、建築物名稱、電腦編號、村里別、地址、緯經度、地下樓層數、可容納人數、轄管分局、備註
臺北市115年度建造執照摘要,工務,當年度1月1日至前一個月月底建造執照摘要,執照年度、執照號碼、發照日期、建造類別、構造種類、使用分區、幢數、棟數、地上層數、地下層數、戶數、地址、地段號、建築面積、騎樓基地面積、其他基地面積、建築期限、工程金額、起造人、監造人、設計人、樓層、說明、法令、備註說明
臺北市115年度使用執照摘要,工務,當年度1月1日至前一個月月底使用執照摘要,執照年度、執照號碼、發照日期、原核發執照、設計人、監造人、承造人、建造類別、構造種類、使用分區、幢數、棟數、地上層數、地下層數、戶數、騎樓基地面積、其他基地面積、建築面積、法定空地面積、地上避難面積、地下避難面積、建物高度、工程金額、竣工日期、開工日期、地址、地段號、樓層、說明、停車空間說明、法令、備註說明、變更概要
臺北市火災資料統計年報表,消防,提供本市每月火災各項統計資訊,行政區、火災次數、火災分類_建築物、火災分類_森林田野、火災分類_車輛、火災分類_船舶、火災分類_航空器、火災分類_其他、起火時段_0-3時、起火時段_3-6時、起火時段_6-9時、起火時段_9-12時、起火時段_12-15時、起火時段_15-18時、起火時段_18-21時、起火時段_21-24時、死亡人數_男、死亡人數_女、受傷人數_男、受傷人數_女、財物損失金額（千元）、建物高度_5層以下、建物高度_6至10層、建物高度_11至20層、建物高度_21至30層、建物高度_31層以上、建物用途_住宅、建物用途_營業場所、建物用途_作業場所、建物用途_倉庫、建物用途_空屋或修建中、建物用途_公共設施、建物用途_其他
臺北市火災資料統計月報表,消防,提供本市每月火災各項統計資訊,行政區、火災次數、火災分類_建築物、火災分類_森林田野、火災分類_車輛、火災分類_船舶、火災分類_航空器、火災分類_其他、起火時段_0-3時、起火時段_3-6時、起火時段_6-9時、起火時段_9-12時、起火時段_12-15時、起火時段_15-18時、起火時段_18-21時、起火時段_21-24時、死亡人數_男、死亡人數_女、受傷人數_男、受傷人數_女、財物損失金額（千元）、建物高度_5層以下、建物高度_6至10層、建物高度_11至20層、建物高度_21至30層、建物高度_31層以上、建物用途_住宅、建物用途_營業場所、建物用途_作業場所、建物用途_倉庫、建物用途_空屋或修建中、建物用途_公共設施、建物用途_其他
臺北市移工人數統計表,勞動,有關本市移工人數、國籍、行業別等統計資料,年度、總計人數、印尼/人、菲律賓/人、泰國/人、越南/人、其他國籍/人、行業、看護工/人、家庭幫傭、農/林/漁/牧業/船員、製造業、營造業、白領有效聘僱許可人數
臺北市登革熱病媒蚊密度調查結果,環保,臺北市12行政區病媒蚊密度調查資料,流水號、日期、縣市、區別、里別、調查種類、調查戶數、陽性戶數、調查積水容器數戶內、調查積水容器數戶外、調查積水容器數合計、陽性容器數戶內、陽性容器數戶外、陽性容器數合計、布氏指數、布氏級數、容器指數、容器級數
臺北翡翠水庫卡爾森優養指數,水利,　翡翠水庫每年卡爾森優養指數,民國年、卡爾森優養指數（CTSI）、優養指標
臺北市一般徵收保管清冊統計表,地政,土地徵收條例施行後依法公告之一般徵收案件保管金額（自89年起）。	,編號、工程編號、徵收案件名稱、核准徵收文號、公告徵收文號、原始保管金額
臺北市違反不動產經紀業管理條例裁罰名單,地政,臺北市違反不動產條例裁罰名單,縣市、處分日期、經紀業/姓名、處罰金額、違反規定
臺北市役男徵兵檢查體位判等因素分析統計表,統計,臺北市役男徵兵檢查體位判等因素分析統計,年、月、項次、病名、常備役暨常備役甲人數、常備役乙人數、替代役暨替代役甲人數、替代役乙人數、免役人數、體位未定人數、專科檢查人數、合計人數
臺北市役男徵兵檢查人數統計表,統計,臺北市役男徵兵檢查人數統計,年、月、年次、判定體位檢查人數、判定體位常備役體位暨常甲人數、判定體位常備役乙等人數、判定體位替代役體位暨替甲人數、判定體位替代役乙等人數、判定體位免役體位人數、判定體位體位未定人數、判定體位專科檢查人數、身心障礙書面審核人數、役男體檢住所檢查人數、役男體檢重點檢查人數、重大傷病書面審核人數、未受檢查合計人數、未受檢查在學緩徵人數、未受檢查報考大專人數、未受檢查現役軍警人數、未受檢查因素緩徵人數、未受檢查出境人數、未受檢查僑民役男人數、未受檢查其他人數
臺北市所屬直飲臺,環保,臺北自來水事業處於臺北市及新北市設置之直接飲用自來水飲水臺資訊,"每月對照使用、直飲臺編號、轄區分處、市別、場所別、場所次分類、所屬單位、場所名稱、地址、行政區、維護單位、連絡電話、場所開放時間、設置地點、經度、緯度、狀態、狀態異動日期時間、最近採樣日期時間、大腸桿菌數、水質及維護資訊網址、直飲台照片網址
"
臺北市政府各機關(構)、公立各級學校及幼兒園員額,統計,統計範圍為臺北市政府各機關學校公教人員、職工、駐衛警察、校警及約聘僱人員,年度、月份、機關類別、項目、值
臺北市政府機關學校公務（教）人員人數按年資及性別分,統計,"統計臺北市政府各機關學校（不含大眾捷運公司）編制內正式職員(含雇員)及教師各年資人數，機關並依下述方式分類統計
1、行政機關：係指「地方行政機關組織準則」第2條所稱之地方行政機關。
2、公營事業機構：係指臺北自來水事業處與所屬工程總隊及動產質借處。
3、衛生醫療機構：係指聯合醫院。	
4、公立各級學校：係指臺北市立大學、公立各級學校及幼兒園。",年度、機關類型、項目別、年資別、值
臺北市政府機關學校公務（教）人員人數按教育程度及性別分,統計,"統計臺北市政府各機關學校（不含大眾捷運公司）編制內正式職員(含雇員)及教師各教育程度人數，機關並依下述方式分類統計
1、行政機關：係指「地方行政機關組織準則」第2條所稱之地方行政機關。
2、公營事業機構：係指臺北自來水事業處與所屬工程總隊及動產質借處。
3、衛生醫療機構：係指聯合醫院。	
4、公立各級學校：係指臺北市立大學、公立各級學校及幼兒園。",年度、機關類型、項目別、教育程度別、值
臺北市政府機關學校公務（教）人員人數按年齡及性別分,統計,"統計臺北市政府各機關學校（不含大眾捷運公司）編制內正式職員(含雇員)及教師各年齡層人數，機關並依下述方式分類統計
1、行政機關：係指「地方行政機關組織準則」第2條所稱之地方行政機關。
2、公營事業機構：係指臺北自來水事業處與所屬工程總隊及動產質借處。
3、衛生醫療機構：係指聯合醫院。	
4、公立各級學校：係指臺北市立大學、公立各級學校及幼兒園。",年度、機關類型、項目別、年齡別、值
臺北市政府機關學校公務（教）人員人數按考試及性別分,統計,"統計臺北市政府各機關學校（不含大眾捷運公司）編制內正式職員(含雇員)及教師各考試別人數，機關並依下述方式分類統計
1、行政機關：係指「地方行政機關組織準則」第2條所稱之地方行政機關。
2、公營事業機構：係指臺北自來水事業處與所屬工程總隊及動產質借處。
3、衛生醫療機構：係指聯合醫院。	
4、公立各級學校：係指臺北市立大學、公立各級學校及幼兒園",年度、機關類型、項目別、考試別、值
臺北市政府暨所屬機關學校現有員工人數統計,統計,為統計各月月底臺北市政府暨所屬機關學校之現有員工人數,民國年月、區分、機關別、預算員額、現有員額
臺北市政府各機關員工性別人數統計,統計,本資料集內之員工係指臺北市政府各機關所屬公務人員、教師、職員、職工、約聘（僱）、校警及駐衛警人員,年月、機關代碼、機關名稱、男性員工人數、女性員工人數
臺北市巨大垃圾統計,環保,臺北市巨大垃圾統計相關資料,"年度、月份、總計（噸）、傢具（噸）、彈簧床（噸）、腳踏車（噸）、樹枝（噸）

"
臺北市歷年各區隊清運垃圾、堆肥、養豬,環保,歷年各區隊清運垃圾、堆肥、養豬量,年度、月份、清運垃圾（噸）、堆肥（噸）、養豬（噸）
臺北市生活危機服務_臺北市社會福利服務中心,社福,提供臺北市社會福利服務中心資訊,機構名稱、行政區、郵遞區號、地址、電話
臺北市嬰幼兒照顧服務_私立托嬰中心,社福,提供臺北市私立托嬰中心資料,機構類型、機構名稱、郵遞區號、地址、電話
臺北市嬰幼兒照顧服務_公辦民營托嬰中心,社福,提供臺北市公辦民營托嬰中心資料,機構類型、機構名稱、收托人數、地址、電話
臺北市嬰幼兒照顧服務_親子館,社福,提供臺北市親子館資訊,機構類型、機構名稱、地址、行政區代碼、電話
臺北市兒童與少年服務_臺北市公辦民營兒童服務中心,社福,提供兒童與少年服務_臺北市公辦民營兒童服務中心資料,機構類型、機構名稱、地址、電話、傳真
臺北市查獲侵害智慧財產權案件,治安,臺北市109年迄今查獲侵害智慧財產權案件統計表,年度、單位、件數、人數、縣市
臺北市違規累犯,交通,提供臺北市無照駕駛、闖紅燈、酒(毒)駕等累犯及超速60公里以上危險駕車資料,違規年月份、年齡、違規人性別、違規態樣、年度、月份、縣市、縣市代碼
臺北市固定測速照相地點表,交通,提供臺北市現有車輛超速自動照相設備之設置地點及地點路段之限速值及區間測速舉發件數等資料。,編號、功能、設置路段、設置地點、緯度、經度、轄區、拍攝方向、速限-速度限制、縣市、縣市代碼
臺北旅遊網景點資料(英文＆其他語言),觀光,臺北市臺北旅遊網景點資料(英文＆其他語言),資料項目、縣市別、縣市別代碼、District、25 Must-See City Highlights、Themed Attractions
臺北市政府各機關學校獎懲月報表,統計,本府各機關學校獎懲月報表,序號、獎懲結果、警消機關、行政機關、總人次
臺北市政府各機關府級任務編組名稱及成立日期,統計,各機關函報訂定或更名府層級任務編組設置要點案,序號、主管機關、任務編組名稱、成立日期、訂定/修正日期及文號、更名日期及文號
臺北市各區人口數按年齡分,統計,依據戶政事務所受理民眾戶籍登記資料產製人口統計數據。,年份、月份、區域別、性別、總計、0歲數量、1歲數量、2歲數量、3歲數量、4歲數量、5歲數量、6歲數量、7歲數量、8歲數量、9歲數量、10歲數量、11歲數量、12歲數量、13歲數量、14歲數量、15歲數量、16歲數量、17歲數量、18歲數量、19歲數量、20歲數量、21歲數量、22歲數量、23歲數量、24歲數量、25歲數量、26歲數量、27歲數量、28歲數量、29歲數量、30歲數量、31歲數量、32歲數量、33歲數量、34歲數量、35歲數量、36歲數量、37歲數量、38歲數量、39歲數量、40歲數量、41歲數量、42歲數量、43歲數量、44歲數量、45歲數量、46歲數量、47歲數量、48歲數量、49歲數量、50歲數量、51歲數量、52歲數量、53歲數量、54歲數量、55歲數量、56歲數量、57歲數量、58歲數量、59歲數量、60歲數量、61歲數量、62歲數量、63歲數量、64歲數量、65歲數量、66歲數量、67歲數量、68歲數量、69歲數量、70歲數量、71歲數量、72歲數量、73歲數量、74歲數量、75歲數量、76歲數量、77歲數量、78歲數量、79歲數量、80歲數量、81歲數量、82歲數量、83歲數量、84歲數量、85歲數量、86歲數量、87歲數量、88歲數量、89歲數量、90歲數量、91歲數量、92歲數量、93歲數量、94歲數量、95歲數量、96歲數量、97歲數量、98歲數量、99歲數量、100歲以上
臺北市各區原住民人口數按年齡分,統計,依據戶政事務所受理民眾戶籍登記資料產製人口統計數據。,年份、月份、區域別、性別、總計、0歲數量、1歲數量、2歲數量、3歲數量、4歲數量、5歲數量、6歲數量、7歲數量、8歲數量、9歲數量、10歲數量、11歲數量、12歲數量、13歲數量、14歲數量、15歲數量、16歲數量、17歲數量、18歲數量、19歲數量、20歲數量、21歲數量、22歲數量、23歲數量、24歲數量、25歲數量、26歲數量、27歲數量、28歲數量、29歲數量、30歲數量、31歲數量、32歲數量、33歲數量、34歲數量、35歲數量、36歲數量、37歲數量、38歲數量、39歲數量、40歲數量、41歲數量、42歲數量、43歲數量、44歲數量、45歲數量、46歲數量、47歲數量、48歲數量、49歲數量、50歲數量、51歲數量、52歲數量、53歲數量、54歲數量、55歲數量、56歲數量、57歲數量、58歲數量、59歲數量、60歲數量、61歲數量、62歲數量、63歲數量、64歲數量、65歲數量、66歲數量、67歲數量、68歲數量、69歲數量、70歲數量、71歲數量、72歲數量、73歲數量、74歲數量、75歲數量、76歲數量、77歲數量、78歲數量、79歲數量、80歲數量、81歲數量、82歲數量、83歲數量、84歲數量、85歲數量、86歲數量、87歲數量、88歲數量、89歲數量、90歲數量、91歲數量、92歲數量、93歲數量、94歲數量、95歲數量、96歲數量、97歲數量、98歲數量、99歲數量、100歲以上
臺北市各行政區最新月份人口數及戶數,統計,依據戶政事務所受理民眾戶籍登記資料產製人口統計數據。,年份、月份、行政區、里數_現有門牌數值、里數_戶籍登記、鄰數_現有門牌、鄰數_戶籍登記、戶數、人口數_合計數量、人口數_男數量、人口數_女數量
臺北市各區結婚、離婚及終止結婚人口數,統計,依據戶籍登記資料產製,年份、月份、區域別、結婚對數合計數量、結婚對數＿不同性別、結婚對數＿相同性別、離婚／終止結婚對數合計數量、離婚／終止結婚對數＿不同性別、離婚／終止結婚對數＿相同性別
臺北市各區遷徙、出生及死亡人口數,統計,依據戶籍登記資料產製人口數,年份、月份、行政區、遷入人數、遷出人數、住址變更人數_入數量、住址變更人數_出數量、出生人數、死亡人數
臺北市結婚人數按原屬國籍（地區）分,統計,依戶籍登記資料產製統計數。,年份、月份、性別、合計、不同性別結婚_本國、不同性別結婚_大陸地區數量、不同性別結婚_港澳地區數量、不同性別結婚_東南亞國籍、不同性別結婚_其他國籍、相同性別結婚_本國、相同性別結婚_大陸地區數量、相同性別結婚_港澳地區數量、相同性別結婚_東南亞國籍、相同性別結婚_其他國籍
臺北市離婚\終止結婚人數按原屬國籍（地區）分,統計,依據戶籍登記資料產製統計數,年份、月份、性別、合計、不同性別離婚_本國、不同性別離婚_大陸地區數量、不同性別離婚_港澳地區數量、不同性別離婚_東南亞國籍、不同性別離婚_其他國籍、相同性別終止結婚_本國、相同性別終止結婚_大陸地區數量、相同性別終止結婚_港澳地區數量、相同性別終止結婚_東南亞國籍、相同性別終止結婚_其他國籍
臺北市各里人口數按年齡分,民政,依據戶政事務所受理民眾戶籍登記資料產製人口統計數據。,年份、月份、區域代碼、區域別、性別、總計、0歲數量、1歲數量、2歲數量、3歲數量、4歲數量、5歲數量、6歲數量、7歲數量、8歲數量、9歲數量、10歲數量、11歲數量、12歲數量、13歲數量、14歲數量、15歲數量、16歲數量、17歲數量、18歲數量、19歲數量、20歲數量、21歲數量、22歲數量、23歲數量、24歲數量、25歲數量、26歲數量、27歲數量、28歲數量、29歲數量、30歲數量、31歲數量、32歲數量、33歲數量、34歲數量、35歲數量、36歲數量、37歲數量、38歲數量、39歲數量、40歲數量、41歲數量、42歲數量、43歲數量、44歲數量、45歲數量、46歲數量、47歲數量、48歲數量、49歲數量、50歲數量、51歲數量、52歲數量、53歲數量、54歲數量、55歲數量、56歲數量、57歲數量、58歲數量、59歲數量、60歲數量、61歲數量、62歲數量、63歲數量、64歲數量、65歲數量、66歲數量、67歲數量、68歲數量、69歲數量、70歲數量、71歲數量、72歲數量、73歲數量、74歲數量、75歲數量、76歲數量、77歲數量、78歲數量、79歲數量、80歲數量、81歲數量、82歲數量、83歲數量、84歲數量、85歲數量、86歲數量、87歲數量、88歲數量、89歲數量、90歲數量、91歲數量、92歲數量、93歲數量、94歲數量、95歲數量、96歲數量、97歲數量、98歲數量、99歲數量、100歲以上
臺北市政府消防局受理各類案件統計表,消防,提供臺北市政府消防局受理各類型案件數量,統計期間、行政區、受理火災統計數值、受理救護統計數值、受理捕蜂抓蛇統計數值、受理其他動物救援統計數值、受理送水統計數值、受理民眾受困統計數值、受理打撈浮屍統計數值、受理其他統計數值、總計
臺北市政府消防局119受理電話分析統計,消防,提供臺北市政府消防局各進線方式受理電話量,年度、有效行動電話數量、無效行動電話數量、有效市內電話數量、無效市內電話數量、簡訊報案數量、傳真報案數量、總計數量
臺北市役男徵兵檢查BMI值統計表,統計,臺北市役男徵兵檢查BMI值統計,年、月、BMI值體位、體位、人數、百分比
臺北市交通事件裁決所本年度交通違規入案件數統計表,交通,入案件數統計表(依月份分列),月份、數量、較上月數量增減、累計月份、累計數量
臺北市國土計畫審議會委員名單,都更,本年度臺北市國土計畫審議會委員名單,序號、職稱、姓名、性別、現職
臺北市親子友善廁所點位資訊,環保,臺北市列管提供親子友善功能公廁之點位資訊,行政區、公廁編號、公廁類別、公廁名稱、公廁位置、公廁等級、公廁地址、經度、緯度、管理單位、尿布臺設置數量、兒童座椅設置數量、親子友善評鑑獲獎
臺北市交通事件裁決所本年度因違反道路交通管理事件提出申訴條款前5名,交通,違反道路交通管理事件提出申訴條款前5名,民國年月、排名、條款、條款中文說明、件數
臺北市政府年度施政計畫,資訊,本府各機關就年度內應辦理之事項所編訂之施政計畫,"序號、民國年、行政區、行政區代碼、網址、說明
"
臺北市營造工程物價基本分類指數按月別,統計,臺北市營造工程物價基本分類指數按月別時間數列統計資料,縣市別代碼、統計期、基本分類、原始值[統計數值]、年增率[%]
臺北市建築工程物價指數按月別,統計,臺北市建築工程物價指數按月別時間數列統計資料,縣市別代碼、統計期、基本分類、原始值[統計數值]、年增率[%]
臺北市土木工程物價指數按月別,統計,臺北市土木工程物價指數按月別時間數列統計資料,縣市別代碼、統計期、基本分類、原始值[統計數值]、年增率[%]
臺北市營造工程物價總指數銜接表按月別,統計,臺北市營造工程物價總指數銜接表按月別時間數列統計資料,縣市別代碼、年別、項目、原始值[統計數值]、年增率[%]
臺北市新建工程無障礙路徑是否能通行,工務,為讓本市成為全齡無障礙空間，將本市新建工程施工期間是否能讓無障礙通路通行，供使用者了解，避免前往無法通行,"建照號碼、行政區、行政區代碼（編碼）、建築地址、最新施工進度、X座標（TWD97二度分帶X）、Y座標（TWD97二度分帶Y）、可否通行
"
臺北市各項稅捐實徵淨額與預算數及上年同期比較－本月數（按月）,財稅,109年起臺北市地方稅捐本月實徵數、本月退還以前年度收入數、本月實徵淨額與分配預算數本月實徵淨額與上年同月比較,年月、項目別、本月實徵數／本年度（金額元）、本月實徵數／以前年度（金額元）、本月退還以前年度收入數（金額元）、本月實徵淨額（金額元）、本月分配預算數（金額元）、本月實徵淨額占本月分配預算數（％）、上年同月實徵淨額（金額元）、本月實徵淨額與上年同月實徵淨額比較（％）
臺北市各項稅捐實徵淨額與預算數及上年同期比較－累計數（按月）,財稅,109年起臺北市地方稅捐累計實徵數、累計退還以前年度收入數、累計實徵淨額、全年預算數與同期分配預算數、累計實徵淨額與上年同期比較,年月、項目別、累計實徵數／本年度（金額元）、累計實徵數／以前年度（金額元）、累計退還以前年度收入數（金額元）、累計實徵淨額（金額元）、全年預算數（金額元）、累計實徵淨額占全年預算數（％）、同期分配預算數（金額元）、累計實徵淨額占同期分配預算數（％）、上年同期實徵淨額（金額元）、累計實徵淨額與上年同期實徵淨額比較（％）
臺北市三年來各項稅捐實徵淨額增減比較（按月）,財稅,109年起臺北市近三年來本月實徵淨額及累計實徵淨額並與上年同期資料比較,年月、項目別、前年度本月實徵淨額（金額元）、前年度累計實徵淨額（金額元）、上年度本月實徵淨額（金額元）、上年度累計實徵淨額（金額元）、當年度本月實徵淨額（金額元）、當年度累計實徵淨額（金額元）、上年度較前年度增減／本月數（％）、上年度較前年度增減／累計數（％）、當年度較上年度增減／本月數（％）、當年度較上年度增減／累計數（％）
臺北市各項稅捐繳付公庫情形（按月）,財稅,109年起每年1月1日起至資料期當月底止之臺北市地方稅捐本年度、補收以前年度之繳付公庫稅款,年月、項目別、本年度／國庫（金額元）、本年度／市庫（金額元）、補收以前年度／國庫（金額元）、補收以前年度／市庫（金額元）
臺北市各項稅捐收回以前年度繳付數（按月）,財稅,109年起每年1月1日起至資料期當月底止之臺北市地方稅捐收回以前年度繳付公庫數,編報週期、年月、項目別、國庫（金額元）、市庫（金額元）
臺北旅遊網景點資料(中文),觀光,臺北市臺北旅遊網景點資料中文,資料項⽬、縣市別、縣市別代碼、行政區、精選景點、主題景點
臺北市財團法人職工福利委員會名冊,勞動,提供臺北市財團法人職工福利委員會名稱、會址。　,名稱、地址、登記法院、法人登記日期、法人登記類別
臺北市YouBike電輔車起訖站點統計,交通,根據YouBike2.0E交易資料計算，統計不同起訖站總交易次數。 因週間（星期一~五）與週末（六日）有不同的使用者群像，因此分別進行統計。 資料分析範圍為114年12月整。,借車站點ID(on_stop_id)、還車站點ID(off_stop_id)、借車站點名稱(on_stop)、還車站點稱(off_stop)、交易次數(sum_of_txn_times)、借車站點行政區(district_origin)、還車站點行政區(district_destination)、建議視覺化線寬(width)、線座標(geometry)
臺北市YouBike見位率統計,交通,根據YouBike即時資訊回傳資料計算，見位率越高代表某站越多車柱可還。 具體來說，見位率定義為某站當天若有正常營運，在06:00~23:59間站上至少有1個車位的時間比例。 90%以上為高見位率；60%~90%為中見位率；60%以下為低見位率。 資料分析範圍為114年12月整。,站點ID(stop_id)、站點名稱(stop_name)、車柱數(capacity)、經度(longitude)、緯度(latiitude)、見位等級(category)、點座標(geometry)
臺北市YouBike見車率統計,交通,"根據YouBike即時資訊回傳資料計算，見車率越高代表某站越多車輛可借。 具體來說，見車率定義為某站當天若有正常營運，在06:00~23:59間站上至少有1台車的時間比例。 90%以上為高見車率；60%~90%為中見車率；60%以下為低見車率。 資料分析範圍為114年12月整。　
",站點ID(stop_id)、站點名稱(stop_name)、車柱數(capacity)、經度(longitude)、緯度(latitude)、見車等級(category)、點座標(geometry)
臺北市YouBike起訖站點統計,交通,"根據YouBike交易資料計算，統計不同起訖站總交易次數。
因週間（星期一~五）與週末（六日）有不同的使用者群像，因此分別進行統計。
資料分析範圍為114年12月整。",on_stop_id(借車站點ID)、off_stop_id(還車站點ID)、on_stop(借車站點名稱)、off_stop(還車站點名稱)、sum_of_txn_times(交易次數)、district_origin(借車站點行政區)、district_destination(還車站點行政區)、width(建議視覺化線寬)、geometry(線座標)
臺北市政府勞動局志願服務志工人數及服務人次,勞動,本局志願服務志工人數、服務人次及志願服務時數,年度、運用單位、志工人數、志願服務人次、志願服務時數
臺北市實施集中支付近5年支用機關數及各種憑單有效處理件數,財稅,臺北市政府財政局_臺北市實施集中支付支用機關數及各種憑單有效處理件數,序號、年度、支用機關數、付(撥)款憑單、轉帳憑單、支出收回及支票註銷、繳款書
臺北市實施集中支付近5年庫款支付資料(金額單位：元),財稅,"臺北市政府財政局-臺北市實施集中支付近5年庫款支付資料(金額單位：元)
",序號、年度、電連存帳（筆）、電連存帳金額、郵寄支票（張）、郵寄支票金額、候領支票（張）、候領支票金額
臺北市實施集中支付支用單位數、支付淨額與可支用庫款餘額(金額單位：千元),財稅,臺北市政府財政局-臺北市實施集中支付支用單位數、支付淨額與可支用庫款餘額(金額單位：千元),序號、年度、支用單位_付款單位數、支付淨額、可支用庫款餘額_年度預算分配數、可支用庫款餘額_以前年度歲出應付款、可支用庫款餘額_墊付款、可支用庫款餘額_特別預算、可支用庫款餘額_保管款、可支用庫款餘額_特種基金
臺北市政府各機關以前年度應付歲出款支付餘額(主管別)(單位：元),財稅,臺北市政府財政局_臺北市政府各機關以前年度應付歲出款支付餘額(主管別)(單位：元),"序號、主管別名稱、年度核定保留數、預付費用保留數、可支庫款保留數、未分配保留數、分配累計數、本年支付數、百分比、可支庫款餘額
"
臺北市政府各機關以前年度應付歲出款支付餘額(政事別)(單位：元),財稅,臺北市政府財政局_臺北市政府各機關以前年度應付歲出款支付餘額(政事別)(單位：元),"序號、政事別名稱、年度核定保留數、預付費用保留數、可支庫款保留數、未分配保留數、分配累計數、本年支付數、百分比、可支庫款支付餘額
"
臺北市政府各機關年度預算支用情形(主管別)(單位：元),財稅,臺北市政府財政局_臺北市政府各機關年度預算支用情形(主管別) (單位：元),"序號、主管別、年度預算數、累計分配數、年度預算分配百分比、累計支付數、分配預算支付百分比
"
臺北市政府各機關年度預算支用情形(政事別)(單位：元),財稅,臺北市政府財政局_臺北市政府各機關年度預算支用情形(政事別)(單位：元),"序號、政事別名稱、年度預算數、本年分配數、年度預算分配百分比、本年支付數、分配預算支付百分比
"
臺北市銀髮族服務_臺北市老人服務中心,社福,提供臺北市各老人服務中心相關資訊,中心名稱、地址、行政區代碼、電話、傳真
臺北市銀髮族服務_社區照顧關懷據點,社福,提供銀髮族服務_社區照顧關懷據點資訊,據點名稱、據點類型、地址、行政區代碼、電話
臺北市政府由府列管重大計畫一覽表,資訊,呈現臺北市政府施政計畫選項列管項目。,項次、年度、案件數、更新時間、連結網址
臺北市銀髮族服務_小規模多機能,社福,提供銀髮族服務_小規模多機能相關資訊,機構名稱、地址、行政區代碼、電話、評鑑結果
臺北市政府由府列管重大計畫調整撤銷,資訊,呈現臺北市政府施政計畫調整撤銷。,項次、年度、撤銷案件數、更新時間、連結網址
臺北市銀髮族服務_家庭照顧者服務中心,社福,提供家庭照顧者服務中心資訊,機構類型、機構名稱、地址、電話、公私立
臺北市身心障礙者服務_福利服務中心,社福,提供身心障礙者服務-福利服務中心資訊,機構名稱、地址、電話、傳真、公私立
臺北市身心障礙者服務_輔具服務中心,社福,提供身心障礙者服務-輔具服務中心資訊,機構名稱、服務區域、地址、行政區代碼、電話
臺北市身心障礙者服務_精神障礙者會所,社福,提供身心障礙者服務-精神障礙者會所資訊,機構名稱、地址、行政區代碼、電話、公私立
臺北市身心障礙者服務_日間服務機構,社福,提供身心障礙者服務-日間服務機構資訊,機構名稱、地址、行政區代碼、電話、傳真
臺北市身心障礙者服務_社區日間活動據點,社福,提供身心障礙者服務-社區日間活動據點資訊,機構名稱、地址、行政區代碼、電話、公私立
臺北市身心障礙者服務_住宿機構,社福,提供身心障礙者服務-住宿機構資訊,機構類型、機構名稱、地址、行政區代碼、電話
臺北市身心障礙者服務_社區居住,社福,提供身心障礙者服務-社區居住資訊,社區居住名稱、類型、電話、受託單位、評鑑成績
臺北市營業場所衛生優良自主管理分級認證業者名冊【美容美髮業】,醫療,臺北市營業場所衛生優良自主管理分級認證評核結果,報名類別、業者名稱、營業場所地址、評核結果、有效日期
臺北市營業場所衛生優良自主管理分級認證業者名冊【娛樂業】,醫療,臺北市營業場所衛生優良自主管理分級認證評核結果,報名類別、業者名稱、營業場所地址、評核結果、有效日期
臺北市營業場所衛生優良自主管理分級認證業者名冊【電影片映演業】,醫療,臺北市營業場所衛生優良自主管理分級認證評核結果,報名類別、業者名稱、營業場所地址、評核結果、認證有效日期
臺北市營業場所衛生優良自主管理分級認證業者名冊【游泳業】,醫療,臺北市營業場所衛生優良自主管理分級認證評核結果,報名類別、業者名稱、營業場所地址、評核結果、有效日期
臺北市兒童與少年服務_收出養(媒合)服務機構,社福,"提供臺北市兒童與少年服務_收出養(媒合)服務機構資料
",機關代碼、機關名稱、機構名稱、地址、電話
臺北市嬰幼兒照顧服務_育兒資源暨培力中心,社福,提供嬰幼兒照顧服務_育兒資源暨培力中心資訊,機構名稱、行政區代碼、地址、電話、分機
臺北市兒童與少年服務(少年服務中心),社福,提供臺北市少年服務中心相關資料,機構類型、機構名稱、地址、電話、公私立
臺北捷運工程局品質管理系統QSOP文件清單,交通,臺北市政府捷運工程局品質管理系統QSOP文件清單,項次、縣市代碼、機關代碼、程序書編號、版本碼、程序書名稱、制定單位
臺北市身心障礙者服務_社區日間作業設施,社福,提供身心障礙者服務-社區日間作業設施資訊,機構名稱、地址、電話、核定服務量、可申請服務量
臺北市房租指數銜接表,統計,臺北市房租指數銜接表時間數列統計資料,縣市別代碼、年別、項目、原始值[統計數值]、年增率[%]
臺北市所得層級別消費者物價月指數,統計,臺北市所得層級別消費者物價月指數時間數列統計資料,縣市別代碼、年月別、所得層級別、基本分類、原始值[統計數值]、年增率[%]
臺北市消費者物價指數基本分類月指數,統計,臺北市消費者物價指數基本分類月指數時間數列統計資料,縣市別代碼、年月別、基本分類、原始值[統計數值]、年增率[%]
臺北市消費者物價特殊分類月指數,統計,"臺北市消費者物價特殊分類月指數時間數列統計資料
","縣市別代碼、年月別、特殊分類、原始值[統計數值]、年增率
"
臺北市消費者物價商品性質分類月指數,統計,臺北市消費者物價商品性質分類月指數時間數列統計資料,縣市別代碼、年月別、商品性質別分類、原始值[統計數值]、年增率[%]
臺北市消費者物價總指數銜接表,統計,臺北市消費者物價總指數銜接表時間數列統計資料,縣市別代碼、年別、項目、原始值[統計數值]、年增率[%]
臺北市消費者物價購買頻度別月指數,統計,臺北市消費者物價購買頻度別月指數時間數列統計資料,縣市別代碼、年月別、購買頻度別、原始值[統計數值]、年增率[%]
臺北市河川水質檢測,環保,"提供臺北市河川水質檢測結果
更多資訊可至 https://www.tldep.gov.taipei/Public/DetInformation/RiverQuality.aspx 查詢",河川名稱、監測站、水溫數值（℃）、氣溫數值（℃）、pH數值、溶氧量數值（mg/l）、生化需氧量數值（mg/l）、氨氮數值（mg/l）、硝酸鹽氮數值（mg/l）、亞硝酸鹽氮數值（mg/l）、懸浮固體數值（mg/l）、化學需氧量數值（mg/l）、鎘數值（ug/l）、鉻數值（ug/l）、銅數值（ug/l）、鉛數值（ug/l）、鋅數值（ug/l）、鐵數值（ug/l）、錳數值（ug/l）、銀數值（ug/l）、鎳數值（ug/l）、汞數值（ug/l）、砷數值（ug/l）、導電度數值（umho/cm）、總磷數值（mg/l）、濁度數值（NTU）、大腸桿菌群數值（CFU/100 ml）、氯鹽數值（mg/l）、總氮數值（mg/l）
臺北市地下水質監測結果,環保,"提供臺北市地下水質監測結果
更多資訊可至 https://www.tldep.gov.taipei/Public/DetInformation/GwQuality.aspx 查詢",井址、水溫值（℃）、pH值、導電度值（umho/cm）、氨氮值（mg/l）、氯鹽值（mg/l）、硫酸鹽值（mg/l）、硝酸鹽氮值（mg/l）、總溶解固體值（mg/l）、總硬度值（mg/l）、鎘值（ug/l）、銅值（ug/l）、汞值（ug/l）、鉛值（ug/l）、鋅值（ug/l）、砷值（ug/l）、大腸桿菌群（CFU/100 ml）
臺北市身心障礙者服務_團體家庭,社福,提供身心障礙者服務-團體家庭資訊,機構名稱、地址、行政區代碼、電話、傳真
臺北市國民住宅配售(租)概況,統計,114年第4季臺北市國民住宅配售(租)概況,項次、國宅別、樓層別、類型、興建戶數/D=A4.B4.C1.C2總合、出售之本季承購戶數/A1、出售承購戶累計數/A2、出售之本季簽約數/A3、出售簽約戶累計數/A4、出租之本季承租戶數/B1、出租之承租累計數/B2、出租簽約戶本季數/B3、出租簽約戶累計數/B4、待出售戶數/C1、待出租戶數/C2、備註
臺北市政府114年度人事機構數統計表,統計,臺北市政府人事機構統計,序號、機關學校別、數量、人事室（含合併設置）、人事管理員（含兼任及契僱）
臺北市政府114年度人事機構人事人員人數統計表—按學歷區分,統計,人事機構人事人員人數統計表—按學歷區分,"序號、學歷、總計、男性、女性
"
臺北市政府114年度人事機構人事人員人數統計表—按年齡區分,統計,人事機構人事人員人數統計表—按年齡區分,序號、年齡、人數、男性、女性
臺北市政府114年度人事機構人事人員人數統計表—按機關學校區分,統計,人事機構人事人員統計表—按機關學校區分,序號、機關學校別、人數、男性、女性
臺北市政府114年度精進人事業務,統計,年度主管會報提案數,編號、年度、提案數、參採數、先行錄案數
臺北市政府由府列管重大計畫執行進度一覽表,資訊,呈現臺北市政府列管重大計畫執行進度。,年度、月份、總案件數、已完成案件數、連結網址
臺北市地價稅開徵概況(按納稅義務人性別分),財稅,臺北市地價稅開徵概況-按納稅義務人性別分統計表(年度),行政區別、男性/戶數（戶）、女性/戶數（戶）、男性/面積（平方公尺）、女性/面積（平方公尺）、男性/地價（千元）、女性/地價（千元）、男性/查定稅額（千元）、女性/查定稅額（千元）
臺北市免建築線指示地區公告,工務,臺北市免建築線指示地區公告列表,項次、公告內容、實施年度、實施日期、公告及公告圖連結
臺北市便民服務工作成果按月別,統計,臺北市便民服務工作成果按月別時間數列統計資料,統計期、市府網站服務/市府網站造訪人次[人次]、市府網站服務/台北服務通造訪人次[人次]、市府網站服務/網路市民累計申請總人數[人數]、市府網站服務/台北通累計開通數[件]、便民服務件數/綜合諮詢[件]、便民服務件數/陳情服務[件]、便民服務件數/志工諮詢[件]、便民服務件數/建築諮詢[件]、便民服務件數/地政諮詢[件]、便民服務件數/法律諮詢[件]、1999臺北市民當家熱線/服務件數[件]、台北智慧支付平台/累計收繳單數[萬張]、台北智慧支付平台/累計收繳金額[萬元]
臺北市陳情系統類別資料,民政,臺北市陳情系統各月份類別資料,案件編號、案件主類別、案件次類別、受理機關、受理科室、受理日期、送達日期、結案日期
臺北市電器承裝業業者,經濟,取得本市電器承裝業登記執照業者資料。,NAME(承裝業名稱)、CERT(證號)、COMID(營利事業統一編號)、SUMADDR(營業地址)、OWNER(負責人姓名)、SETDATE(核設日期)、SETNO(核設文號)、ADDR_X(座標X)、ADDR_Y(座標Y)
臺北市登記工廠分布圖及基本資料,經濟,臺北市登記工廠分布圖及基本資料。,REGI_ID(工廠編號)、FACT_NAME(工廠名稱)、FACT_ADDR(地址)、BNAME(負責人)、ADDR_X(座標X)、ADDR_Y(座標Y)
臺北市動產擔保登記資料,經濟,臺北市動產擔保登記資料。,登記編號、登記核准日期、變更文號、變更核准日期、註銷文號、註銷日期、擔保類別、契約啟始日期、契約終止日期、債務人名稱、債務人統編、債務人住居所或營業所、債務人代理人名稱、債務人代理人統編 、擔保權人名稱、擔保權人統編 、擔保權人住居所或營業所、擔保權人代理人名稱、擔保權人代理人統編、擔保權人備註、標的物種類、標的物所有人名稱、標的物所有人統編、標的物所在地、標的物總價格、標的物價格幣別、擔保債權金額、擔保債權金額幣別、最高限額註記、動產明細項數、浮動擔保註記
臺北市南港軟體工業園區廠商資料名錄,經濟,臺北市南港軟體工業園區廠商資料。,統編、公司名稱、公司地址、經度、緯度
臺北市自來水管承裝商業者,經濟,取得本市自來水管承裝商許可業者資料。,NAME(承裝商名稱)、COMNUM(證號)、ADDR(營業地址)、OWNER(負責人姓名)、ADDR_X(座標X)、ADDR_Y(座標Y)
臺北市地下水鑿井業登記資料,經濟,臺北市地下水鑿井業登記資料。,"維護業名稱、證號、營業地址、負責人姓名、狀態、位置X座標(經度)、位置Y座標(緯度)
"
臺北市用電設備檢驗維護業登記資料,經濟,臺北市用電設備檢驗維護業登記資料。,維護業名稱、證號、營利事業統一編號、營業地址、負責人姓名、狀態、核設日期、核設文號、位置X座標(經度)、位置Y座標(緯度)
臺北市公用天然氣導管承裝業業者,經濟,"取得本市公用天然氣導管承裝業執照業者資料。
",NAME(承裝業名稱)、CERT(證號)、BAN_NO(營利事業統一編號)、SUMADDR(營業地址)、RNAME(負責人姓名)、ESTAB_DATE(核設日期)、ESTAB_NO(核設文號)、ADDR_X(X座標)、ADDR_Y(Y座標)
臺北市內湖科技園區廠商名錄,經濟,臺北市內湖科技園區廠商資料。,統編、公司名稱、公司地址、ADDR_X、ADDR_Y
臺北市大彎南段工業區廠商名錄,經濟,臺北市大彎南段工業區廠商資料。,統編、公司名稱、公司地址、ADDR_X、ADDR_Y
臺北市農業用地允許使用申請,農業,農業用地允許使用申請。,序號、行政區代碼、行政區、地號、申請項目
臺北市瓦斯供氣戶數及供氣量,經濟,臺北市四家公用天然氣事業售氣量及供氣戶數表(115年1月)。,公司名稱、本月增減戶數、供氣戶數、當月供氣量、本年截至上月累計供氣量、年累計供氣量
臺北市政府1999派工資料,民政,臺北市政府1999每月派工項目資料,"案件編號、派工項目、案件地址、立案日期、立案時間
"
臺北市政府1999每月電話處理總數,統計,當月由話務人員處理之電話總數,"序號、年、月、電話處理總數、更新日期
"
臺北市里界圖,民政,行政里界之調整為本局之權責，另為推動業務上運用地理資訊，特將本市456個里加以建置GIS圖層供各公務機關參考使用，本項資料所採用座標系統為TWD97。,AREA、NEW、FULL、PERF_ID、COUN_ID、CPID、CPTID、CPTVID、NPID、NPTID、NPTVID、PNAME、TNAME、VNAME、PTVNAME、PTNAME、TVNAME、TM2_MAX_X、TM2_MAX_Y、TM2_MIN_X、TM2_MIN_Y、MAX_X、MAX_Y、MIN_X、MIN_Y、SECT_NAME、LIE_NAME、sn
臺北市觀光遊憩按月別,統計,"臺北市觀光遊憩按月別時間數列統計資料
",統計期、臺北市立美術館參觀人次、臺北市立動物園參觀人次、臺北市立兒童新樂園入園人次、臺北市立天文科學教育館參觀人次、士林官邸公園參觀人次、臺北自來水園區參觀人次、北投溫泉博物館參觀人次、台北探索館參觀人次、藍色水路載客人次
臺北市托育及身心障礙福利服務按月別,統計,臺北市托育及身心障礙福利服務按月別時間數列統計資料,統計期、幼兒園所數[家]、幼兒園可收托人數[人]、私立兒童課後照顧服務中心所數[家]、私立兒童課後照顧服務中心招收人數[人]、托嬰中心所數[所]、托嬰中心可收托人數[人]、育幼院所數[家]、育幼院實際收容人數[人]、身心障礙人數[人]、身心障礙福利機構數[家]、身心障礙生活補助金額[千元]
臺北市勞動力及就業按半年別,統計,臺北市勞動力及就業按半年別時間數列統計資料,統計期、十五歲以上民間人口[千人]、勞動力人口/合計[千人]、勞動力人口/就業者[千人]、勞動力人口/失業者[千人]、非勞動力人口[千人]、勞動力參與率[%]、失業率[%]、就業結構/農業人數[千人]、就業結構/農業占就業者人數[%]、就業結構/工業人數[千人]、就業結構/工業占就業者人數[%]、就業結構/服務業人數[千人]、就業結構/服務業占就業者人數[%]、就業者教育程度/大專以上人數[千人]、就業者教育程度/大專以上占就業者人數[%]、就業者教育程度/高中職人數[千人]、就業者教育程度/高中職占就業者人數[%]、就業者教育程度/國中以下人數[千人]、就業者教育程度/國中以下占就業者人數[%]
臺北市市民醫療及急難救助按月別,統計,臺北市市民醫療及急難救助按月別時間數列統計資料,統計期、市民醫療補助住院人日數、市民醫療補助住院金額[千元]、市民醫療補助門診人次數、市民醫療補助門診金額[千元]、市民限額醫療補助人數[人]、市民限額醫療補助金額[千元]、市民急難救助人次[次]、市民急難救助金額[千元]、市民遭受災害救助金額[千元]
臺北市長者長期照顧、安養機構及老人公寓概況按月別,統計,臺北市長者長期照顧、安養機構及老人公寓概況按月別時間數列統計資料,統計期、長期照護型機構/機構數[所]、長期照護型機構/實際進住人數[人]、養護型機構/機構數[所]、養護型機構/實際進住人數[人]、安養機構/機構數[所]、安養機構/實際進住人數[人]、失智照顧型機構/機構數[所]、失智照顧型機構/實際進住人數[人]、老人公寓/所數[所]、老人公寓/實際進住人數[人]、老人住宅/所數[所]、老人住宅/實際進住人數[人]
臺北市低收入戶及補助按月別,統計,臺北市低收入戶及補助按月別時間數列統計資料,統計期、低收入戶戶數[戶]、低收入戶人數[人]、低收入戶家庭生活補助人數[人]、低收入戶本府家庭生活補助金額[千元]、低收入戶內政部家庭生活補助金額[千元]、中低收入[含低收入戶]老人生活津貼補助人次[人次]、中低收入[含低收入戶]老人生活津貼補助金額[千元]
臺北市建築管理按月別,統計,臺北市建築管理按月別時間數列統計資料,統計期、核發建造執照件數、核發建照執照棟數、核發建造執照總樓地板面積[平方公尺]、核發使用執照/總計/件數、核發使用執照/總計/棟數、核發使用執照/總計/總樓地板面積[平方公尺]、核發使用執照/住宅/件數、核發使用執照/住宅/棟數、核發使用執照/住宅/總樓地板面積[平方公尺]、核發使用執照/其他建築物/件數、核發使用執照/其他建築物/棟數、核發使用執照/其他建築物/總樓地板面積[平方公尺]
臺北市環境清潔及公害污染陳情按月別,統計,"臺北市環境清潔及公害污染陳情按月別時間數列統計資料
",統計期、一般垃圾/全月清運量[公噸]、一般垃圾/每日清運量[公噸]、資源回收量[公噸]、廚餘回收再利用量[公噸]、巨大垃圾回收再利用量[公噸]、違規小廣告清除件數[件]、違規小廣告裁處件數[件]、流浪犬貓捕捉數[隻]、廢棄車輛查報數/有牌[輛]、廢棄車輛查報數/無牌[輛]、廢棄車輛托吊數[輛]、公害污染陳情件數[件]
臺北市火災防護按月別,統計,"臺北市火災防護按月別時間數列統計資料
",統計期、火災發生次數[次]、每日火災發生次數[次]、火災被毀損房屋數[戶]、火災死亡人數[人]、火災受傷人數[人]、火災財物損失估值[千元]、消防車輛[輛]、消防人員[人]、消防安全設備檢查件次[件次]、供公眾使用建築物安全檢查[家次]、違建查報拆除件數[件]、緊急救護送醫人次[人次]
臺北市環境保護按月別,統計,"臺北市環境保護按月別時間數列統計資料
",統計期、空氣污染測定/落塵量[月平均][公噸/平方公里]、空氣污染測定/懸浮微粒[微克/立方公尺]、空氣污染測定/二氧化硫[ppm]、生化需氧量/基隆河[毫克/公升]、生化需氧量/新店溪[毫克/公升]、生化需氧量/淡水河[毫克/公升]、污水下水道門牌戶數接管普及率[%]、污水處理率[%]
臺北市都市計畫土地使用分區面積,工務,臺北市都市計畫土地使用分區面積(年報表),"區別、總計、計1、住宅區、商業區（Area）、工業區（Area）、行政區（Area）、文教區（Area）、公共設施用地、特定專用區、其他1、計2、農業區、保護區、風景區、河川區、其他2


"
臺北市整合性預防保健服務場次表,醫療,臺北市整合性預防保健服務場次表.,場次序號、行政區別、篩檢日期、星期、時間、篩檢地點、配合醫院
臺北市10大多事故路口,交通,臺北市多事故路口係採CBI指標合值方式排序，綜合考量路口總件數、A1事故件數、A2事故件數及A3事故件數（不含息事案件）等項作加權計算得出。(112年起採交通部道安總動員CBI指標合值計算),排序、路口、行政區、郵遞區號、地址-行政區域代碼
臺北市戶政管理及便民服務案件統計表,民政,臺北市各區戶政管理及便民服務案件數統計表,月份、區域別、戶政管理件數_合計、戶政管理件數_虛報遷入出登記、戶政管理件數_無戶籍人口、戶政管理件數_重複戶籍、戶政管理件數_未接受戶籍校正、戶政管理件數_發現不法取得或冒用或變造國民身分證、戶政管理件數_受理公文件數、便民服務件數_合計、便民服務件數_電話或傳真申請戶籍資料、便民服務件數_通信或網路申請戶籍資料、便民服務件數_派員到家辦理服務、便民服務件數_填發一次告知單、便民服務件數_辦理護照人別確認、便民服務件數_辦理護照申請收件、便民服務件數_辦理自然人憑證、便民服務件數_網路預約辦理戶籍登記、便民服務件數_國民身分證掛失含撤銷、便民服務件數_派員查明居住事實服務、便民服務件數_跨機關通報服務、便民服務件數_到校受理初領國民身分證、月底未領或未換發國民身分證_人數合計、月底未領或未換發國民身分證_初領人數、月底未領或未換發國民身分證_全面換證人數、月底櫃臺服務窗口數
臺北市政府勞動局違反職業安全衛生法事業單位及事業主公布總表,勞動,臺北市政府勞動局違反職業安全衛生法事業單位及事業主公布,公告日期、處分日期、處分字號、事業單位或事業組織名稱、負責人姓名、違反職業安全衛生法條款、違反法規內容、備註
臺北市竊盜案件按月別,統計,臺北市竊盜案件按月別時間數列統計資料,統計期、發生件數/總計[件]、發生件數/普通[件]、發生件數/汽機車[件]、發生件數/其他[件]、發生率[件/十萬人]、嫌疑犯[人]、犯罪人口率[人/十萬人]、破獲件數/總計[件]、破獲件數/當期[件]、破獲件數/積案[件]、破獲件數/他轄[件]、破獲率[%]
臺北市暴力犯罪案件按月別,統計,臺北市暴力犯罪案件按月別時間數列統計資料,統計期、發生件數/總計[件]、發生件數/強制性交[件]、發生件數/強盜搶奪[件]、發生件數/其他[件]、發生率[件/十萬人]、嫌疑犯[人]、犯罪人口率[人/十萬人]、破獲件數/總計[件]、破獲件數/當期[件]、破獲件數/積案[件]、破獲件數/他轄[件]、破獲率[%]
臺北市違序及經濟案件按月別,統計,臺北市違序及經濟案件按月別時間數列統計資料,統計期、兒童少年犯罪嫌疑犯[人]、兒童少年犯罪人口率[人/十萬人]、經濟案件發生件數[件]、經濟案件發生率[件/十萬人]、經濟案件估計金額[千元]、違反社會秩序維護法案件發生件數[件]、違反社會秩序維護法案件發生率[件/十萬人]、違反社會秩序維護法案件違序人數[人]、取締賭博性電玩件數[件]、違反毒品危害防制條例查獲數[件]、查獲妨害風化[俗]人數[人]
臺北市道路交通事故按月別,統計,臺北市道路交通事故按月別時間數列統計資料,統計期、發生件數[件]、車輛肇事率[件/萬輛]、死亡人數[人]、受傷人數[人]、酒後駕車發生件數[件]、酒後駕車死亡人數[人]、酒後駕車受傷人數[人]
臺北市刑事案件按月別,統計,臺北市刑事案件按月別時間數列統計資料,統計期、發生件數[件]、發生率[件/十萬人]、嫌疑犯[人]、犯罪人口率[人/十萬人]、破獲件數/總計[件]、破獲件數/當期[件]、破獲件數/積案[件]、破獲件數/他轄[件]、破獲率[%]、實際員警人數[人]
臺北市醫療保健按月別,統計,臺北市醫療保健按月別時間數列統計資料,統計期、市立醫療院所門診診療人次[人次]、市立醫療院所入院人次[人次]、藥商家數[家]、法定傳染病確定病例[人]、預防接種人次[人次]、營業場所衛生管理列管家數[家]、營業場所衛生管理稽查家次[家次]、營業場所衛生管理輔導改善家次[家次]、食品衛生管理查驗件數[件]、食品衛生管理查驗不符規定件數[件]
臺北市消費者物價指數按月別,統計,臺北市消費者物價指數按月別時間數列統計資料,統計期、總指數、總指數漲跌率[%]、總指數[不含食物]、總指數[不含蔬果]、食物類指數、食物類漲跌率[%]、衣著類指數、居住類指數、房租指數、交通及通訊類指數、醫藥保健類指數、教養娛樂類指數、雜項類指數
臺北市營造工程物價指數及金融行情按月別,統計,臺北市營造工程物價指數及金融行情按月別時間數列統計資料,統計期、臺北市營造工程物價指數/總指數、臺北市營造工程物價指數/總指數漲跌率[%]、臺北市營造工程物價指數/材料類指數、臺北市營造工程物價指數/材料類指數漲跌率[%]、臺北市營造工程物價指數/勞務類指數、臺北市營造工程物價指數/勞務類指數漲跌率[%]、黃金[飾金][元/每臺錢]、公定利息[每萬元月息]
臺北市勞工保險及就業服務按月別,統計,臺北市勞工保險及就業服務按月別時間數列統計資料,統計期、勞工保險投保單位數[家]、勞工保險投保人數[人]、勞工保險給付件數[件]、勞工保險給付金額[千元]、市府推介就業服務/新登記求職人數[人]、市府推介就業服務/新登記求才人數[人]、市府推介就業服務/有效求職推介就業人數[人]、市府推介就業服務/有效求才僱用人數[人]、市府推介就業服務/求職就業率[%]、市府推介就業服務/求才利用率[%]、重大職業災害發生件數[件]、重大職業災害死亡人數[人]
臺北市營利事業按月別,統計,臺北市營利事業按月別時間數列統計資料,統計期、營利事業登記家數/總計[家]、營利事業登記家數/公司組織[家]、營利事業登記家數/非公司組織[家]、營利事業營業家數[家]、營利事業營業總銷售額[千元]
臺北市稅捐徵收按月別,統計,臺北市稅捐徵收按月別時間數列統計資料,統計期、稅捐別、總計/預算數、地價稅/預算數、土地增值稅/預算數、房屋稅/預算數、使用牌照稅/預算數、契稅/預算數、印花稅/預算數、其他/預算數、總計/實徵淨額、地價稅/實徵淨額、土地增值稅/實徵淨額、房屋稅/實徵淨額、使用牌照稅/實徵淨額、契稅/實徵淨額、印花稅/實徵淨額、其他/實徵淨額
臺北市氣候按月別,統計,"臺北市氣候按月別時間數列統計資料
","統計期、平均氣溫[0C]、平均相對溼度[%]、日照時數[小時]、降水量[毫米]、降水日數[日]
"
臺北市捷運工程按月別,統計,臺北市捷運工程按月別時間數列統計資料,統計期、新莊線總進度[%]、信義線總進度[%]、信義線東延段總進度[%]、松山線總進度[%]、萬大中和樹林線[第一期工程]總進度[%]、萬大中和樹林線[第二期工程]總進度[%]、桃園機場線[臺北至三重段]總進度[%]、環狀線第一階段總進度[%]、環狀線北環段及南環段總進度[%]、環狀線東環段總進度[%]、臺中捷運烏日線總進度[%]
臺北市機動車輛登記數按月別,統計,臺北市機動車輛登記數按月別時間數列統計資料,統計期、機動車輛登記數/總計、機動車輛登記數/汽車/合計、機動車輛登記數/汽車/大型車自用、機動車輛登記數/汽車/大型車營業用、機動車輛登記數/汽車/小型車自用、機動車輛登記數/汽車/小型車營業用、機動車輛登記數/汽車/特種車、機動車輛登記數/機車、電動汽車登記數、電動機車登記數、每千人持有汽車數、每千人持有機車數
臺北市停車管理按月別,統計,臺北市停車管理按月別時間數列統計資料,統計期、市有停車位/總計/汽車[格位]、市有停車位/總計/機車[格位]、市有停車位數/路邊停車位/汽車[格位]、市有停車位數/路邊停車位/機車[格位]、市有停車位數/路外停車位/汽車[格位]、市有停車位數/路外停車位/機車[格位]、市有停車位數/委外經營/汽車[格位]、市有停車位數/委外經營/機車[格位]、市有停車場收入金額[千元]
臺北市捷運客運概況按月別,統計,臺北市捷運客運概況按月別時間數列統計資料,統計期、客運人次/總計[人次]、客運人次/中運量[人次]、客運人次/高運量[人次]、平均每日客運人次[人次]、客運收入/總計[千元]、客運收入/中運量[千元]、客運收入/高運量[千元]、悠遊卡累計發卡量[張]
臺北市市區及河濱自行車租借概況按月別,統計,臺北市市區及河濱自行車租借概況按月別時間數列統計資料,統計期、市區/自行車道長度[公里][年月底數]、市區/自行車租借站數[站][年月底數]、市區/自行車數[輛][年月底數]、市區/自行車租借次數[次]、市區/自行車每日租借次數[次]、市區/自行車每日每車租借次數[次]、河濱/自行車道長度[公里][年月底數]、河濱/自行車租借站數[站][年月底數]、河濱/自行車數[輛][年月底數]、河濱/自行車租借次數[次]、河濱/自行車每日租借次數[次]、河濱/自行車每日每車租借次數[次]
臺北市公車客運概況按月別,統計,臺北市公車客運概況按月別時間數列統計資料,統計期、路線數/聯營[線]、路線數/小型[線]、行駛車輛數[平均行駛延日車數]、每車每日平均行駛次數[次]、每車每日平均行駛公里[公里]、平均每日客運人次[人次]、平均每車車次客運人次[人次]、客運收入[千元]
臺北市交通執法按月別,統計,臺北市交通執法按月別時間數列統計資料,統計期、違反道路交通管理處罰條例舉發件數[件]、違反道路交通管理處罰條例處罰件數[件]、拖吊違規車輛數/汽車[含大型車][輛]、拖吊違規車輛數/機車[輛]、取締道路障礙件數[件]
臺北市自來水及天然氣供應按月別,統計,"臺北市自來水及天然氣供應按月別時間數列統計資料
",統計期、供水轄區實際供水人數[人]、臺北市實際供水人數[人]、供水轄區供水普及率[%]、臺北市供水普及率[%]、配水量[立方公尺]、售水量[立方公尺]、水費收入[元]、平均每人每日生活用水量[公升]、天然氣供應用戶數[戶]、天然氣供應用氣量[立方公尺]、每用戶天然氣用氣量[立方公尺]
臺北市圖書育樂按月別,統計,"臺北市圖書育樂按月別時間數列統計資料
",統計期、市立圖書館館數[所]、市立圖書館藏書冊數[冊]、市立圖書館外借圖書冊數[冊]、市立圖書館每千人享有圖書冊數[冊]、電影戲劇家數[家]、電影戲劇觀賞人次[人次]、體育活動參加人次[人次]、運動中心使用人次[人次]、小巨蛋使用人次[人次]
臺北市公共債務按月別,統計,臺北市公共債務按月別時間數列統計資料,統計期、1年以上債務未償餘額[元]、短期債務未償餘額[元]、每人負擔債務[元]、自償性債務未償餘額[元]
臺北市食物供銷按月別,統計,臺北市食物供銷按月別時間數列統計資料,統計期、雞/交易量[公噸]、雞/平均價格[元/公斤]、鴨/交易量[公噸]、鴨/平均價格[元/公斤]、魚/交易量[公噸]、魚/平均價格[元/公斤]、蔬菜/交易量[公噸]、蔬菜/平均價格[元/公斤]、水果/交易量[公噸]、水果/平均價格[元/公斤]
臺北市工商登記按月別,統計,"臺北市工商登記按月別時間數列統計資料
",統計期、公司登記現有家數[家]、公司登記設立家數[家]、公司登記撤銷家數[家]、公司登記平均處理日數[日]、商業登記現有家數[家]、商業登記設立家數[家]、商業登記歇業家數[家]、工廠登記現有家數[家]、工廠登記新增家數[家]、工廠登記歇業家數[家]
臺北市預算執行(累計實收執行數占預算總額百分比)按月別,統計,臺北市預算執行(累計實收執行數占預算總額百分比)按月別時間數列統計資料,統計期、歲出/總計[%]、歲出/經常門[%]、歲出/資本門[%]、歲入/總計[%]、歲入/稅課收入[%]、歲入/非稅課收入[%]
臺北市預算執行(歲入按來源別分)按月別,統計,臺北市預算執行(歲入按來源別分)按月別時間數列統計資料,統計期、科目別、全年度預算數/金額[千元]、全年度預算數/百分比[%]、累計分配數/金額[千元]、累計分配數/占預算數[%]、累計實收數/金額[千元]、累計實收數/占預算數[%]、累計實收數/占分配數[%]
臺北市預算執行(歲出按機關別分)按月別,統計,臺北市預算執行(歲出按機關別分)按月別時間數列統計資料,統計期、主管機關別、全年度預算數/金額[千元]、全年度預算數/百分比[%]、累計分配數/金額[千元]、累計分配數/占預算數[%]、累計執行數/金額[千元]、累計執行數/占預算數[%]、累計執行數/占分配數[%]
臺北市各區人口年齡分配(單齡)按月別,統計,臺北市各區人口年齡分配(單齡)按月別時間數列統計資料,統計期、行政區別、性別、總計、未滿1~4歲、未滿1歲、1歲、2歲、3歲、4歲、5~9歲、5歲、6歲、7歲、8歲、9歲、10~14歲、10歲、11歲、12歲、13歲、14歲、15~19歲、15歲、16歲、17歲、18歲、19歲、20~24歲、20歲、21歲、22歲、23歲、24歲、25~29歲、25歲、26歲、27歲、28歲、29歲、30~34歲、30歲、31歲、32歲、33歲、34歲、35~39歲、35歲、36歲、37歲、38歲、39歲、40~44歲、40歲、41歲、42歲、43歲、44歲、45~49歲、45歲、46歲、47歲、48歲、49歲、50~54歲、50歲、51歲、52歲、53歲、54歲、55~59歲、55歲、56歲、57歲、58歲、59歲、60~64歲、60歲、61歲、62歲、63歲、64歲、65~69歲、65歲、66歲、67歲、68歲、69歲、70~74歲、70歲、71歲、72歲、73歲、74歲、75~79歲、75歲、76歲、77歲、78歲、79歲、80~84歲、80歲、81歲、82歲、83歲、84歲、85~89歲、85歲、86歲、87歲、88歲、89歲、90~94歲、90歲、91歲、92歲、93歲、94歲、95~99歲、95歲、96歲、97歲、98歲、99歲、100歲以上
臺北市人口年齡分配(單齡)按月別,統計,臺北市人口年齡分配(單齡)按月別時間數列統計資料,統計期、性別、總計、未滿1~4歲、未滿1歲、1歲、2歲、3歲、4歲、5~9歲、5歲、6歲、7歲、8歲、9歲、10~14歲、10歲、11歲、12歲、13歲、14歲、15~19歲、15歲、16歲、17歲、18歲、19歲、20~24歲、20歲、21歲、22歲、23歲、24歲、25~29歲、25歲、26歲、27歲、28歲、29歲、30~34歲、30歲、31歲、32歲、33歲、34歲、35~39歲、35歲、36歲、37歲、38歲、39歲、40~44歲、40歲、41歲、42歲、43歲、44歲、45~49歲、45歲、46歲、47歲、48歲、49歲、50~54歲、50歲、51歲、52歲、53歲、54歲、55~59歲、55歲、56歲、57歲、58歲、59歲、60~64歲、60歲、61歲、62歲、63歲、64歲、65~69歲、65歲、66歲、67歲、68歲、69歲、70~74歲、70歲、71歲、72歲、73歲、74歲、75~79歲、75歲、76歲、77歲、78歲、79歲、80~84歲、80歲、81歲、82歲、83歲、84歲、85~89歲、85歲、86歲、87歲、88歲、89歲、90~94歲、90歲、91歲、92歲、93歲、94歲、95~99歲、95歲、96歲、97歲、98歲、99歲、100歲以上
臺北市人口年齡分配按月別,統計,臺北市人口年齡分配按月別時間數列統計資料,統計期、幼年人口數[0~14歲][人]、幼年人口占全市人口比率[%]、青壯年人口數[15~64歲][人]、青壯年人口占全市人口比率[%]、老年人口數[65歲以上][人]、老年人口占全市人口比率[%]、扶養比、老化指數
臺北市土地人口概況按月別,統計,臺北市土地人口概況按月別時間數列統計資料,統計期、土地面積[平方公里]、實際編組里數[里]、戶籍登記里數[里]、實際編組鄰數[鄰]、戶籍登記鄰數[鄰]、戶數[戶]、人口數/總計[人]、人口數/男[人]、人口數/女[人]、性比例[男/百女]、戶量[人/戶]、人口密度[人/平方公里]
臺北市各區土地人口按月別,統計,臺北市各區土地人口按月別時間數列統計資料,統計期、行政區別、土地面積[平方公里]、實際編組里數[里]、戶籍登記里數[里]、實際編組鄰數[鄰]、戶籍登記鄰數[鄰]、戶數[戶]、人口數/總計[人]、人口數/男[人]、人口數/女[人]、性比例[男/百女]、戶量[人/戶]、人口密度[人/平方公里]
臺北市人口成長按月別,統計,臺北市人口成長按月別時間數列統計資料,統計期、人口增加數[人]、自然增加數[人]、出生數[人]、死亡數[人]、社會增加數[人]、遷入數[人]、遷出數[人]、遷入數[含同區住址變更][人]、遷出數[含同區住址變更][人]、同區住址變更遷入數[人]、同區住址變更遷出數[人]、人口增加率[千分比]、自然增加率[千分比]、粗出生率[千分比]、粗死亡率[千分比]、社會增加率[千分比]、遷入率[千分比]、遷出率[千分比]、人口總移動率[千分比]
臺北市各區人口消長按月別,統計,臺北市各區人口消長按月別時間數列統計資料,統計期、人口數[人]/ 總計、人口數[人]/ 松山區、人口數[人]/ 信義區、人口數[人]/ 大安區、人口數[人]/ 中山區、人口數[人]/ 中正區、人口數[人]/ 大同區、人口數[人]/ 萬華區、人口數[人]/ 文山區、人口數[人]/ 南港區、人口數[人]/ 內湖區、人口數[人]/ 士林區、人口數[人]/ 北投區、增減率[千分比]/ 總計、增減率[千分比]/ 松山區、增減率[千分比]/ 信義區、增減率[千分比]/ 大安區、增減率[千分比]/ 中山區、增減率[千分比]/ 中正區、增減率[千分比]/ 大同區、增減率[千分比]/ 萬華區、增減率[千分比]/ 文山區、增減率[千分比]/ 南港區、增減率[千分比]/ 內湖區、增減率[千分比]/ 士林區、增減率[千分比]/ 北投區
臺北市婚姻概況按月別,統計,臺北市婚姻概況按月別時間數列統計資料,統計期、結婚對數[對]、結婚對數中相同性別對數[對]、結婚人數中原屬大陸港澳[人]、結婚人數中原屬其他外國籍[人]、結婚人數中原屬大陸港澳及其他外國籍之比率[%]、粗結婚率/月[千分比]、粗結婚率/折合年率[千分比]、離婚或終止結婚對數[對]、離婚或終止結婚對數中相同性別對數[對]、離婚或終止結婚人數中原屬大陸港澳[人]、離婚或終止結婚人數中原屬其他外國籍[人]、離婚或終止結婚人數中原屬大陸港澳及其他外國籍之比率[%]、粗離婚率/月[千分比]、粗離婚率/折合年率[千分比]
臺北市原住民及新住民按月別,統計,"臺北市原住民及新住民按月別時間數列統計資料
",統計期、原住民人口數/總計[人]、原住民人口數/男[人]、原住民人口數/女[人]、原住民占全市人口比率[%]、原住民性比例[男/百女]、新住民人口數/總計[人]、新住民人口數/大陸港澳配偶[人]、新住民人口數/其他外裔或外籍配偶/合計[人]、新住民人口數/其他外裔或外籍配偶/越南[人]、新住民人口數/其他外裔或外籍配偶/印尼[人]、新住民人口數/其他外裔或外籍配偶/泰國[人]、新住民人口數/其他外裔或外籍配偶/其他[人]、新住民人口數/不詳[人]、新移民人口數/總計[人]、新移民人口數/大陸港澳配偶[人]、新移民人口數/其他外籍配偶/合計[人]、新移民人口數/其他外籍配偶/越南[人]、新移民人口數/其他外籍配偶/印尼[人]、新移民人口數/其他外籍配偶/泰國[人]、新移民人口數/其他外籍配偶/其他[人]
臺北市中小學校學區,教育,臺北市國民中學與國民小學學區資料,"郵遞區號、行政區、里、鄰、學校學區
"
臺北市政府勞動局違反中高齡者及高齡者就業促進法事業單位及事業主公布總表,勞動,依據中高齡者及高齡者就業促進法第41條、第42條規定，公布違反者其姓名或名稱、負責人姓名。,公告日期、處分日期、處分字號、事業單位名稱/自然人姓名、事業單位代表人、違反中高齡者及高齡者就業促進法條款、違反法規內容、備註
臺北市政府勞動局違反就業服務法事業單位及事業主公布總表,勞動,公告日期、處分日期、處分字號、事業單位名稱/自然人姓名、事業單位代表人、違反就業服務法條款、違反法規內容、備註,公告日期、處分日期、處分字號、事業單位名稱/自然人姓名、事業單位代表人、違反就業服務法條款、違反法規內容、備註
臺北市政府勞動局違反性別平等工作法事業單位及事業主公布總表,勞動,依據性別平等工作法第三十八條及第三十八條之一規定，公布違反者其姓名或名稱、負責人姓名。,公告日期、處分日期、處分字號、事業單位名稱/自然人姓名、事業單位代表人、違反性別平等工作法（修正前為性別工作平等法，下同）條款、違反法規內容、備註
臺北市店家改造資料,觀光,臺北市政府改造民間商店列表,項次、店家、類別、電話、地址、網址、經度、緯度
臺北市公有土地資料,地政,提供臺北市轄區公有土地資料(除涉有敏感性資料或有其他特殊情形不宜開放者),"行政區代碼、行政區、段代碼、段小段、地號、面積、當期公告現值金額、當期公告地價金額、土地權屬情形、土地權屬情形_比例、管理機關
"
臺北市公廁點位資訊,環保,臺北市公廁點位資訊，座數、地址、等級等資訊,行政區、公廁類別、公廁名稱、公廁地址、經度、緯度、管理單位、座數、特優級、優等級、普通級、改善級、無障礙廁座數、親子廁座數
臺北市廢棄車輛處理月報表,環保,廢棄車輛查報拖吊統計表,月份、車種、查（通）報數量、張貼通知數量、拖吊數量、主張權益數量、移時無車數量、顏色不符數量、廠牌不符數量、地點不符數量、車號不符數量、車種不符數量、尚有號牌數量、已無號牌數量、其他數量
臺北市環境空氣品質監測結果月報表,環保,臺北市環境空氣品質年度每月監測結果數據,年度、月、懸浮微粒數值（微克/立方公尺）、PM2.5數值（微克/立方公尺）、二氧化硫數值（ppb）、一氧化碳數值（ppm）、二氧化氮數值（ppb）、臭氧數值（ppb）
臺北市空氣中總懸浮微粒及落塵量檢驗結果統計,環保,臺北市空氣品質年度月份總懸浮微粒及落塵量檢驗結果數據,序號、測站名稱、行政區代碼、TSP數值（微克/立方公尺）、落塵量數值（公噸/平方公里/月）
臺北市士林區各里簡易疏散避難地圖資訊,民政,提供臺北市士林區各里簡易疏散避難圖資訊,District(區)、AreaCode(行政區域代碼)、Village(里)、Language(語系)、FILE_URL(圖檔連結網址)
公告臺北市政府自105年1月起公共債務訊息,財稅,"除1月份債務資訊調整於出納事務整理期限結束次日(遇例假日順延)前公告外，每月10日前公告前1個月之債務資訊，逐月依時序排列由105年1月起彙計公告。
",編號、年度、項目、1年以上公共債務未償餘額、未滿1年公共債務未償餘額、平均每人負擔公共債務、自償性公共債務未償餘額（含非營業特種基金）
自82年度起臺北市各年度債務未償餘額實際數表,財稅,臺北市政府財政局_自82年度起臺北市各年度債務未償餘額實際數,序號、年度、開始時間、結束時間、債務未償餘額實際數（億元）
臺北市政府財政局年度各月份菸酒業者抽檢情形,財稅,臺北市政府財政局年度菸酒業者抽檢情形 ,統計月份、當月抽檢家數、當年度累計抽檢家數、製造業者、進口業者、販賣業者、未變性酒精業者
臺北市菸酒製造業者資料一覽表,財稅,揭露臺北市菸酒製造業者等相關資料，俾供消費者洽詢或申訴等事宜，以維護其權益。,項次、製造業者名稱、統一編號、負責人、總機構所在地、製菸（酒）執照號碼
臺北翡翠水庫水文氣象月報表,水利,翡翠水庫氣象站氣象月報表,日期、風速m/s、風向D、氣壓mb、日輻射量cal/cm2、蒸發量mm、相對溼度%、最高溫度、最低溫度、平均溫度
臺北翡翠水庫操作運轉月報表,水利,　翡翠水庫操作運轉月報,日期、翡翠水庫日平均水位/公尺、水庫有效蓄水量/百萬立方公尺、集水區平均雨量/毫米、水庫進流量/立方公尺、水庫放流量/立方公尺、進流量減放流量/立方公尺、南勢溪流量/立方公尺、南北勢溪合計原水量/立方公尺
臺北捷運聯合開發大樓每坪每月租金一覽表,交通,捷運聯合開發大樓出租依捷運站別分析說明每坪每月租金相關資料,項次、建案名稱、樓地板面積、每坪月租金、管理機關、房舍數量、建物用途、戶數
臺北捷運聯合開發公有不動產非統一經營部分預計出租標的,交通,捷運聯合開發公有不動產非統一經營部分預計出租標的依捷運線別分析說明,項次、捷運線別、基地名稱、使用用途、地址、坪數、車位、承辦人、承辦人分機
臺北捷運轉乘停車場座標,交通,臺北捷運公司所屬轉乘停車場座標資料,項次、停車場名稱、經度、緯度、更新日期
臺北市市政大樓及市民廣場場地使用時間及收費基準,資訊,提供臺北市市政大樓場地租借之相關資料,"場地名稱、使用面積、使用時間、場地使用費金額、保證金金額、備註
"
臺北市路外停車場,交通,停車場資訊,gateid、zone1、zone、gatename、gatetype、opentime、num_s、num_m、num_l、parknum、num_b、num_b_p、num_b_c、charge、exitin、feeb、around、owner、gateadrs、gadetype1、point_x、point_y、x_coord、y_coord、transfer、test、tel、tel2、noteb、num_s1、num_m1、num_m_h、evse、editby、workc_key、streetview、streetvi_1、streetvi_2、streetvi_3、streetvi_4、workc_in_u、workc_in_t、edittime、keyid、num_mh、aed、powercharg、accessible、accessib_1、accessib_2、code、num_mc、datastatus、source_key、source
臺北捷運車站周邊轉乘停車場資訊,交通,提供臺北捷運車站周邊各轉乘停車場資訊,項次、停車場名稱、緯度、經度、小汽車、機車、自行車
臺北市水質監測資訊,環保,"臺北市自來水事業處各水質監測站，所測得水質之濁度、餘氯、酸鹼度等數據15分鐘平均值(數值""-9""表示維修中，暫停監測)",update_date、update_time、qua_id、code_name、longitude、latitude、qua_cntu、qua_cl、qua_ph
臺北市拖吊場,交通,停車拖吊資訊,編號、保管場名稱、拖吊公司名稱、拖吊責任區、地址、0811免費電話、保管場電話1、保管場電話2
臺北市停車場資訊,交通,停車場動態資訊,靜態資料:UpdateTime：靜態資料更新時間、ID：停車場的編號、AREA：行政區、NAME：停車場名稱、TYPE: 1:動態停車場(可取得目前剩餘車位數) 2:靜態停車場、TYPE2: 1:停管處經營 2:非停管處經營、SUMMARY：停車場概況、ADDRESS：停車場地址、TEL：停車場電話、PAYEX：停車場收費資訊、TOTALCAR：停車場（汽車）總車位數、TOTALMOTOR：停車場（機車）總格位數、TOTALBIKE：停車場（腳踏車）總車架數、TOTALBUS：停車場（大客車）總車位數、StationName：充電站名稱、StationAddr：充電站地址、locLongitude：充電站經度、locLatitude：充電站緯度、openFlag：充電站是否對外開放、isCharge：充電站是否收費、contactName：充電站聯絡人姓名、contactMobilNo：充電站聯絡人電話、scoketCount：該站充電座數、availableCount：該站目前可用充電數、country：充電站所在地的鎮市區、town：充電站所在地的縣市、Pregnancy_First：孕婦優先車格位數、Handicap_First：身障車格位數、TOTALLARGEMOTOR：重機停車位數、ChargingStation：充電站數、SERVICETIME:開放時間、TW97X:TWD97 X座標值、TW97Y: TWD97 Y座標值、FareInfo：費率資訊、WorkingDay：一般日、Period：某時段（例如：00～09表示凌晨0時至上午9時）、Fare：一般費率、Holiday：假日、 Period：某時段、 Fare：假日費率、Handicap_Discount：是否有身障優惠、Entrancecoord：入口座標資訊、EntrancecoordInfo：某一入口、 Xcod：WGS  X座標值（經度）、 Ycod：WGS  Y座標值（緯度）、Addresss：地址、 動態資料:、UpdateTime：動態資料更新時間、PARK：某一停車場的資料、ID：停車場的編號、AVAILABLECAR：停車場（汽車）目前之剩餘車位數，要是數值等於-9，表示本停車場目前無法提供即時車位數資訊（若為-13、-12、-11表示雖無格數，但可以顯示滿車率，-11：剩餘格位足夠、-12：剩餘格位不足半數、-13：剩餘格數不足）。、AVAILABLEMOTOR：停車場（機車）目前之剩餘格位數，要是數值等於-9，表示本停車場目前無法提供即時格位數資訊（若為-13、-12、-11表示雖無格數，但可以顯示滿車率，-11：剩餘格位足夠、-12：剩餘格位不足半數、-13：剩餘格數不足）。、AVAILABLEBUS：停車場（大客車）目前之剩餘車位數，要是數值等於-9，表示本停車場目前無法提供即時車位數資訊（若為-13、-12、-11表示雖無格數，但可以顯示滿車率，-11：剩餘格位足夠、-12：剩餘格位不足半數、-13：剩餘格數不足）。、ALT_PAK1：依由近而遠之距離提供滿場替代停車場ID編號、ALT_PAK2：依由近而遠之距離提供滿場替代停車場ID編號、ALT_PAK3：依由近而遠之距離提供滿場替代停車場ID編號、scoketStatusList：充電座狀態集、spot_abrv：充電座編號、spot_status：充電座狀態
臺北市稅捐稽徵處109年全功能服務櫃台辦理件數,財稅,109年全功能服務櫃台辦理件數,機關、項目分類、服務項目、件數、跨機關件數
臺北市各區運動中心,觀光,運動中心聯絡資訊,名稱、郵遞區號、地址、電話、網址、經度、緯度
臺北市政府暨所屬機關員工個別協談申請人數,統計,本府員工個別協談申請人數,年度、男性、女性、其他性別、合計
臺北市政府體育局自營運動場館,觀光,臺北市政府體育局自營運動場館統計,名稱、郵遞區號、地址、緯度、經度
臺北市政府各機關學校新進考試錄取人員人數,統計,提供本府107年至114年各機關學校新進考試錄取人員人數,序號、年度、總計、統計截止日、備註
臺北市各項稅收快報（初步數字）,財稅,113年1月起臺北市各項稅收快報（初步數字）,資料年月、項目別、全年預算數（金額元）、本月分配預算數（金額元）、累計分配預算數（金額元）、本月實徵淨額（金額元）、累計實徵淨額（金額元）、累計實徵淨額占全年預算（％）、本月實徵淨額占本月分配預算數（％）、累計實徵淨額占累計分配預算數（％）、上年度同月實徵淨額（金額元）、本年度本月實徵淨額與上年度同月實徵淨額比較增減（％）、上年度同期累計實徵淨額（金額元）、本年度累計實徵淨額與上年度同期累計實徵淨額比較增減（％）、前年度同期累計實徵淨額（金額元）、上年度累計實徵淨額與前年度同期累計實徵淨額比較增減（％）
臺北市各項稅捐本月實徵數簡報表,財稅,108年起臺北市地方稅本月實徵數、本月退還以前年度收入數,資料年月、項目別、本月實徵數／本年度（金額元）、本月實徵數／以前年度（金額元）、本月退還以前年度收入數（金額元）
公告臺北市政府最新公共債務情形,財稅,"公告每月臺北市政府最新公共債務資訊，落實全民監督
",年度、月份、一年以上公共債務未償餘額、未滿一年公共債務未償餘額、平均每人負擔公共債務、自償性公共債務未償餘額_含非營業特種基金、債務利息_累積數
臺北市合法電子遊戲場業者清冊,觀光,臺北市內合法電子遊戲場業者清冊,序號、公司/商業名稱、 統一編號、行政區、 營業場所地址、備註
臺北市商圈店家輔導對象資料,觀光,臺北市內商圈店家輔導對象資料,縣市別、縣市別代碼、商圈產業公協會、協會理事長、LocalCall Service
臺北市商圈通訊錄,觀光,臺北市商圈組識通訊錄(CSV),分區、商圈名稱、組織或里辦公處、組織代表、職稱、聯絡電話、傳真、商圈通訊地址、Longitude、Latitude
臺北市合法資訊休閒業者清冊,觀光,臺北市內合法資訊休閒業者清冊,序號、統編、名稱、營業地址、負責人、經度、緯度
臺北市十大行業登記家數統計表,統計,臺北市內十大行業登記家數統計表,行業別、電子遊戲場業、資訊休閒業、八大行業、合計
臺北市合法八大行業業者清冊,觀光,臺北市內合法八大行業業者清冊,序號、公司商業名稱、統一編號、負責人、經營行業、行政區、營業場所地址、經度、緯度
臺北市商圈介紹,經濟,臺北市內商圈介紹,SeqNo、商圈、區、AreaCode、標籤、組織名稱、坐落位置、鄰近捷運、商圈類型、說明
112年度美食在台北「鍋際大賞」店家名單,觀光,112年度美食在台北「鍋際大賞」店家清冊,序號、區域、店家、報名組別、營業地址、Longitude、Latitude
臺北市促進產業活動及獎勵表揚通過補助清冊,經濟,臺北市促進產業活動及獎勵表揚通過補助彙整表,縣市別、縣市別代碼、補助年度、獲得補助單位、補助額度（新臺幣元）
臺北市門牌位置數值資料,民政,本局依門牌異動資料， 辦理現場調查並建置之數值資料；其內容涵蓋門牌號碼與門牌位置坐標等數值資料。,省市縣市代碼、鄉鎮市區代碼、村里、鄰、街路段、地區、巷、弄、號、橫座標、縱座標
臺北捷運公司採購案件預定招標時程資訊,交通,臺北捷運公司採購案件預定招標時程，本表僅為預定排程，實際公告時間仍依政府電子採購網公告日為主。,採購案名、預算金額、標的、統計期_民國年月
臺北市中山、內湖區已登記公私有土地筆數面積統計表,地政,統計臺北市中山地政事務所轄區內已登記公私有土地之面積及筆數,民國年、縣市、縣市別代碼、區域別、行政區域代碼、已登記公私有土地面積公頃、已登記公有土地面積公頃、已登記私有土地面積公頃、已登記公私共有土地面積公頃、已登記公私有土地筆數、已登記公有土地筆數、已登記私有土地筆數、已登記公私共有土地筆數
臺北市政府薦送參加委（薦）任公務人員晉升薦（簡）任官等訓練人員及格率及完訓率,統計,提供108至113年度臺北市政府薦送參加委（薦）任公務人員晉升薦（簡）任官等訓練參訓資料,序號、年度、及格率、完訓率、辦理梯次
臺北市政府員工子女特約托育,教育,本府員工子女托育清單,序號、托育類型、名稱、行政區、地址、聯絡人、電話、簡介、優惠內容、優惠起日、優惠迄日、備註
臺北市政府員工請假人次,民政,本府員工請假人次,序號、民國年、項目、年齡區間-性別、人次
臺北市政府特約優惠商店及優惠項目一覽表,統計,"說明：
1.優惠對象：全國各機關(構)、公立學校及公營事業機構現職、退休員工（含同行眷屬）及於上開機關（構）、學校服務之志工。
2.本優惠商店訊息登載自行政院人事行政總處「公務福利e化平台」-優惠商店專區。
3.依行政院人事行政總處「全國公教員工優惠商店推動方案」第七點：本方案提供之優惠，僅供優惠對象自由參考運用。優惠對象如與優惠商店發生消費糾紛，仍應依優惠對象與優惠商店訂立之契約為準，並依相關法令如消費者保護法或民法等相關規定解決，承辦單位不涉入處理。","編號、優惠商店名稱、商店型式、縣市、地址、網址、公司登記地址、電話、商店簡介、優惠項目、優惠起日、優惠迄日、備註
"
臺北市政府模範公務人員人數統計表,統計,本府模範公務人員人數統計表,民國年、男性、女性、簡任、薦任、委任、合計
臺北市政府優秀青年公務人員人數統計表,統計,本府優秀青年公務人員人數統計表,民國年、男性、女性、簡任、薦任、委任合計
臺北市臺北旅遊網熱門影片,觀光,臺北旅遊網熱門影片,資料項目、民國年、西元年、縣市別、介接網址
臺北市政府辦理民間參與公共建設已簽約案件統計表,財稅,臺北市政府辦理民間參與公共建設已簽約案件統計表-1141231,法源依據、項目、件數、民間投資_億元、權利金_億元、租金_億元/年
臺北市地價稅徵績(徵期結束),財稅,臺北市地價稅徵績-徵期結束統計表(每年),公私有別、原查定件數、原查定稅額、徵期增減件數、徵期增減稅額、調整後查定件數、調整後查定稅額、徵起件數、徵起稅額、未徵起件數、未徵起稅額、徵績/件數、徵績/稅額
臺北市地價稅查定,財稅,臺北市地價稅查定統計表(每年),年度、項目、戶數（戶）、筆數（筆）、課稅面積（公頃）、課稅地價（元）、地價稅額（元）
臺北市地價稅徵績(滯納期滿),財稅,臺北市-地價稅徵績-滯納期滿統計表(每年),公私有別、原查定件數、原查定稅額、滯納期增減件數、滯納期增減稅額、調整後查定件數、調整後查定稅額、徵起件數、徵起稅額、未徵起件數、未徵起稅額、徵績/件數、徵績/稅額
臺北市雙語詞彙,資訊,各單位經常使用之中英文詞彙,中文詞彙、英文詞彙、類別、局處、發布日期
臺北市公寓大廈組織報備查詢,工務,臺北市公寓大廈組織報備資料查詢,執照號碼、核發日期、行政區代碼（編碼）、行政區、地址代表號、管委會名稱
臺北市最近5年地價稅稅源統計表,財稅,臺北市最近5年地價稅稅源統計表（每年）,年度別、一般土地戶數（戶）、一般土地面積（公頃）、一般土地地價（千元）、一般土地查定稅額（千元）、自用住宅用地戶數（戶）、自用住宅用地面積（公頃）、自用住宅用地地價（千元）、自用住宅用地查定稅額（千元）、勞工宿舍用地戶數（戶）、勞工宿舍用地面積（公頃）、勞工宿舍用地地價（千元）、勞工宿舍用地查定稅額（千元）、事業直接使用土地戶數（戶）、事業直接使用土地面積（公頃）、事業直接使用土地地價（千元）、事業直接使用土地查定稅額（千元）、公共設施保留地戶數（戶）、公共設施保留地面積（公頃）、公共設施保留地地價（千元）、公共設施保留地查定稅額（千元）、空地戶數（戶）、空地面積（公頃）、空地地價（千元）、空地查定稅額（千元）
臺北市稅捐稽徵處 政策宣導廣告預算執行情形,財稅,政策宣導廣告預算執行情形,項次、主要內容、宣導方式、刊登播出時間、次數、總金額、刊登托播對象、辦理單位
臺北捷運土地開發作業,交通,分別以已完工、施工中、設計中、徵求投資人或前置作業中、4個階段基地狀況表列說明捷運土地開發作業資訊,序號、臺北市代碼、機關代碼、線別、基地名稱、基地狀況、備註
臺北市總預算歲出機關別預算比較總表（資本門）,財稅,總預算歲出機關別預算比較總表（資本門）,"臺北市總預算、
歲出機關別預算比較總表（資本門）"
臺北市總預算歲出機關別預算比較總表（經常門）,財稅,總預算歲出機關別預算比較總表（經常門）,"臺北市總預算、
歲出機關別預算比較總表（經常門）"
臺北市總預算歲出機關別預算總表,財稅,總預算歲出機關別預算總表,"臺北市總預算、
歲出機關別預算總表"
臺北市總預算歲出政事別預算比較總表（資本門）,財稅,總預算歲出政事別預算比較總表（資本門）,"臺北市總預算、
歲出政事別預算比較總表（資本門）"
臺北市總預算歲出政事別預算比較總表（經常門）,財稅,總預算歲出政事別預算比較總表（經常門）,"臺北市總預算、
歲出政事別預算比較總表（經常門）"
臺北市總預算歲出政事別預算總表,財稅,總預算歲出政事別預算總表,"臺北市總預算、
歲出政事別預算總表"
臺北市總預算歲入歲出簡明比較分析表,財稅,總預算歲入歲出簡明比較分析表（單位：新臺幣千元）,"臺北市總預算、
歲入歲出簡明比較分析表"
臺北市軍人公墓忠靈祠葬厝表,統計,臺北市軍人公墓忠靈祠葬厝概況,年月、納骨堂塔位容量單櫃、納骨堂塔位容量雙櫃、納骨堂塔位上期底已存厝現役單櫃、納骨堂塔位上期底已存厝現役雙櫃、納骨堂塔位上期底已存厝退除役單櫃、納骨堂塔位上期底已存厝退除役雙櫃、納骨堂塔位本期淨存厝現役單櫃、納骨堂塔位本期淨存厝現役雙櫃、納骨堂塔位本期淨存厝退除役單櫃、納骨堂塔位本期淨存厝退除役雙櫃、納骨堂塔位累計存厝單櫃、納骨堂塔位累計存厝雙櫃、納骨堂塔位餘容量單櫃、納骨堂塔位餘容量雙櫃、土葬具容量、土葬具上期底已存厝現役、土葬具上期底已存厝退除役、土葬具本期淨存厝現役、土葬具本期淨存厝退除役、土葬具累計已安葬、土葬具餘容量
臺北市妨害兵役案件統計,統計,妨害兵役案件統計,年、過程及結果、總計人數、常備役男或替代役男妨害徵集合計人數、常備役男或替代役男妨害徵集申報不實者人數、常備役男或替代役男妨害徵集無故不依規定辦理者人數、常備役男或替代役男妨害徵集無故不到者人數、常備役男或替代役男妨害徵集無故不申報者人數、常備役男或替代役男妨害徵集未能接受徵兵處理者人數、常備役男或替代役男妨害徵集未能接受現役徵集者人數、常備役男或替代役男妨害徵集捏造免役者人數、常備役男或替代役男妨害徵集無故拒收徵集令者人數、常備役男或替代役男妨害徵集逾入營期限五日者人數、常備役男或替代役男妨害徵集其他人數、役政人員妨害兵役合計人數、役政人員妨害兵役未依規定辦理徵兵處理者人數、役政人員妨害兵役不實之記載者人數、役政人員妨害兵役詐欺財物者人數、役政人員妨害兵役要求期約或受賄者人數、役政人員妨害兵役其他人數、其他人員妨害兵役合計人數、其他人員妨害兵役未依規定傳達或通報者人數、其他人員妨害兵役反抗兵役推行者人數、其他人員妨害兵役意圖妨害兵役者人數、其他人員妨害兵役其他人數
臺北市政府辦理民間參與公共建設案件統計表,財稅,臺北市政府財政局_臺北市政府辦理民間公共建設案件統計表,法源、項目、已簽約已結案_件數、已簽約履約中_件數、規劃及辦理中_件數
臺北市政府依促進民間參與公共建設法辦理之已簽約案件明細表,財稅,提供依促進民間參與公共建設法辦理之已簽約案件之相關資料,編號、促參類型、計畫名稱（案件）、民間投資（即促參司核定簽約金額）、權利金累計、114年土地租金_金額、辦理機關、契約期間（年）、簽約日、受委託廠商、備註
臺北市市有財產委託經營案件明細表,財稅, 臺北市政府財政局已簽約委託經營案件,序號、辦理機關、機關代碼、案件名稱、委託經營期間、受託單位
臺北市總預算歲入來源別預算比較總表（資本門）,財稅,總預算歲入來源別預算比較總表（資本門）,"臺北市總預算、
歲入來源別預算比較總表（資本門）"
臺北市總預算歲入來源別預算比較總表（經常門）,財稅,總預算歲入來源別預算比較總表（經常門）,"臺北市總預算、
歲入來源別預算比較總表（經常門）"
臺北市總預算歲入來源別預算總表,財稅,總預算歲入來源別預算總表,"臺北市總預算、
歲入來源別預算總表"
臺北市總預算歲入歲出性質及餘絀簡明比較分析表,財稅,總預算歲入歲出性質及餘絀簡明比較分析表（單位：新臺幣千元）,"臺北市總預算、
歲入歲出性質及餘絀簡明比較分析表"
臺北市總預算收支簡明比較分析表,財稅,總預算收支簡明比較分析表（單位：新臺幣千元）,"臺北市總預算、
收支簡明比較分析表"
臺北市地價指數,地政,配合內政部政策，編製臺北市地價指數，各期採環比指數呈現。,行政區、計算期間、基期、住宅區指數、商業區指數、工業區指數、總指數
臺北市垃圾掩埋場污水廠水質檢測報告,環保,垃圾掩埋場污水廠水質檢測報告,月、放流口、pH數值、COD數值、BOD數值、SS數值、氨氮數值（mg/l）
迪化污水處理廠回饋金,統計,回饋金使用計畫執行情形(csv),年度、使用單位、經常門撥款金額、第一季核銷金額、第二季核銷金額、第三季核銷金額、第四季核銷金額、經常門核銷金額、經常門賸餘款、資本門撥款金額、第一季核銷金額、第二季核銷金額、第三季核銷金額、第四季核銷金額、資本門核銷金額、資本門賸餘款、總計撥款金額、總計核銷金額、總計賸餘款
臺北捷運站別時刻表資料服務,交通,臺北捷運站別時刻表資料服務-連線交通部平臺,SEQNO、RouteID、StationID、StationName、Direction、DestinationStaionID、DestinationStationName、DepartureTimes	ServiceDays、UpdateTime、EffectiveDate
臺北市政府政風處內部控制制度政風業務作業說明表,資訊,臺北市政府政風處內部控制制度政風業務作業說明,序號、機關代碼、工作項目、作業程序說明及控制重點、法令依據與參考資料
臺北市政府政風處聯絡資訊,資訊,臺北市政府政風處各科室電話,序號、機關代碼、科室組、業務內容、分機號碼
臺北市政府貪污瀆職或不法案件檢舉獎金給獎基準,資訊,臺北市政府審核貪污瀆職或不法案件檢舉獎金給獎審查基準 ,序號、機關代碼、判決情形、給獎金額、備註
臺北市政府公務員廉政倫理規範問答輯,資訊,臺北市政府公務員廉政倫理規範問答輯，包括受贈財物、飲宴應酬、請託關說。,序號、縣市代碼、機關代碼、問題、答案
臺北市政府公職人員利益衝突迴避法問答輯,資訊,公職人員利益衝突迴避法問答輯及相關案例宣導,序號、問、答
臺北市總預算附屬單位預算及綜計表_營業基金_產銷營運量值綜計表,財稅,營業基金產銷營運量值綜計表,機關及基金名稱、產品名稱（營運項目）、單位、生產量、銷售量（營運量）、生產總值、銷售總值（營運值）
臺北市總預算附屬單位預算及綜計表_營業基金_資本增減綜計表,財稅,營業基金資本增減綜計表,機關（構）或基金名稱、期初資本額_合計、期初資本額_實收資本、期初資本額_預收資本、本年度增減數_合計_現金、本年度增減數_合計_轉帳、本年度增減數_中央政府資本_現金、本年度增減數_中央政府資本_轉帳、本年度增減數_地方政府資本_現金、本年度增減數_地方政府資本_轉帳、本年度增減數_其他政府機關資本_現金、本年度增減數_其他政府機關資本_轉帳、本年度增減數_民股股東資本_現金、本年度增減數_民股股東資本_轉帳、期末資本額_合計、期末資本額_實收資本、期末資本額_預收資本
臺北市總預算附屬單位預算及綜計表_營業基金_損益綜計表(依機關[基金]別分列),財稅,營業基金損益綜計表(依機關[基金]別分列),科目、合計_金額、合計_％、財政局主管臺北市動產質借處（金融及保險業）_金額、財政局主管臺北市動產質借處（金融及保險業）_％、交通局主管臺北大眾捷運股份有限公司（運輸倉儲及通信業）_金額、交通局主管臺北大眾捷運股份有限公司（運輸倉儲及通信業）_％、臺北自來水事業處主管臺北自來水事業處（水電燃氣業）_金額、臺北自來水事業處主管臺北自來水事業處（水電燃氣業）_％、捷運工程局主管臺北都會區大眾捷運系統土地開發基金（不動產及租賃業）_金額、捷運工程局主管臺北都會區大眾捷運系統土地開發基金（不動產及租賃業）_％
臺北市總預算附屬單位預算及綜計表_營業基金_損益綜計表(依收支科目分列),財稅,營業基金損益綜計表(依收支科目分列),科目、本年度預算數_金額、本年度預算數_％、上年度預算數_金額、上年度預算數_％、比較增減_金額、比較增減_％
臺北市總預算附屬單位預算及綜計表_營業基金_現金流量綜計表(依機關[基金]別分列),財稅,營業基金現金流量綜計表(依機關[基金]別分列),項目、合計、財政局主管臺北市動產質借處（金融及保險業）、交通局主管臺北大眾捷運股份有限公司（運輸倉儲及通信業）、臺北自來水事業處主管臺北自來水事業處（水電燃氣業）、捷運工程局主管臺北都會區大眾捷運系統土地開發基金（不動產及租賃業）
臺北市總預算附屬單位預算及綜計表_營業基金_現金流量綜計表(依現金流量項目分列),財稅,營業基金現金流量綜計表(依現金流量項目分列),項目、本年度預算數
臺北市總預算附屬單位預算及綜計表_營業基金_財務摘要綜計表,財稅,營業基金財務摘要綜計表,項目、本年度、上年度、比較增減數、%
臺北市總預算附屬單位預算及綜計表_營業基金_盈虧撥補綜計表(依機關(基金)別分列),財稅,營業基金盈虧撥補綜計表(依機關(基金)別分列),項目、合計_金額、合計_％、財政局主管臺北市動產質借處（金融及保險業）_金額、財政局主管臺北市動產質借處（金融及保險業）_％、交通局主管臺北大眾捷運股份有限公司（運輸倉儲及通信業）_金額、交通局主管臺北大眾捷運股份有限公司（運輸倉儲及通信業）_％、臺北自來水事業處主管臺北自來水事業處（水電燃氣業）_金額、臺北自來水事業處主管臺北自來水事業處（水電燃氣業）_％、捷運工程局主管臺北都會區大眾捷運系統土地開發基金（不動產及租賃業）_金額、捷運工程局主管臺北都會區大眾捷運系統土地開發基金（不動產及租賃業）_％
臺北市總預算附屬單位預算及綜計表_營業基金_盈虧撥補綜計表(依撥補項目分列),財稅,營業基金盈虧撥補綜計表(依撥補項目分列),項目、本年度預算數_金額、本年度預算數_％、上年度預算數_金額、上年度預算數_％、比較增減_金額、比較增減_％
臺北市總預算附屬單位預算及綜計表_營業基金_固定資產建設改良擴充與資金來源明細表(資金來源部分),財稅,營業基金固定資產建設改良擴充與資金來源明細表(資金來源部分),機關（構）或基金名稱、合計_金額、合計_ %、自有資金_小計_金額、自有資金_小計_%、自有資金_營運資金_金額、自有資金_營運資金_%、自有資金_出售不適用資產_金額、自有資金_出售不適用資產_%、自有資金_增資_金額、自有資金_增資_%、自有資金_其他金額、自有資金_其他_%、外借資金_小計_金額、外借資金_小計_%、外借資金_國內借款_銀行借款_金額、外借資金_國內借款_銀行借款_%、外借資金_國內借款_公司債_金額、外借資金_國內借款_公司債_%、外借資金_國內借款_其他_金額、外借資金_國內借款_其他_%、外借資金_國外借款_金額、外借資金_國外借款_%
臺北市總預算附屬單位預算及綜計表_營業基金_固定資產建設改良擴充與資金來源明細表(固定資產擴建部分),財稅,營業基金固定資產建設改良擴充與資金來源明細表(固定資產擴建部分),機關（構）或基金名稱、合計_金額、合計_%、不動產廠房及設備_小計_金額、不動產廠房及設備_小計_%、不動產廠房及設備_土地_金額、不動產廠房及設備_土地_%、不動產廠房及設備_土地改良物_金額、不動產廠房及設備_土地改良物_%、不動產廠房及設備_房屋及建築_金額、不動產廠房及設備_房屋及建築_%、不動產廠房及設備_機械及設備_金額、不動產廠房及設備_機械及設備_%、不動產廠房及設備_交通及運輸設備_金額、不動產廠房及設備_交通及運輸設備_%、不動產廠房及設備_什項設備_金額、不動產廠房及設備_什項設備_%、不動產廠房及設備_租賃資產_金額、不動產廠房及設備_租賃資產_%、不動產廠房及設備_租賃權益改良_金額、不動產廠房及設備_租賃權益改良_%、投資性不動產_金額、投資性不動產_%
臺北市總預算附屬單位預算及綜計表_債務基金_現金流量表,財稅,債務基金現金流量表,項目、本年度預算數
臺北市總預算附屬單位預算及綜計表_債務基金_基金來源、用途及餘絀表,財稅,債務基金-基金來源、用途及餘絀表,科目、本年度預算數_金額、本年度預算數_％、上年度預算數_金額、上年度預算數_％、比較增減_金額、比較增減_％
臺北市總預算附屬單位預算及綜計表_作業基金_主要營運項目分析表,財稅,作業基金主要營運項目分析表,基金名稱及業務計畫項目、單位、數量、單位成本（元）、預算數、說明
臺北市總預算附屬單位預算及綜計表_作業基金_收支餘絀綜計表(依收支科目分列),財稅,作業基金收支餘絀綜計表(依收支科目分列),科目、本年度預算數_金額、本年度預算數_％、上年度預算數_金額、上年度預算數_％、比較增減_金額、比較增減_％
臺北市總預算附屬單位預算及綜計表_作業基金_收支餘絀綜計表(依基金別分列),財稅,作業基金收支餘絀綜計表(依基金別分列),科目、合計_金額、合計_％、輔助公教人員購置住宅及急難貸款基金金額、輔助公教人員購置住宅及急難貸款基金％、市有財產開發基金金額 、市有財產開發基金％、市立大學校務發展基金金額、市立大學校務發展基金％、市場發展基金金額、市場發展基金％、共同管道基金金額、共同管道基金％、公有收費停車場基金金額、公有收費停車場基金％、聯合醫院醫療基金金額、聯合醫院醫療基金％、住宅基金金額、住宅基金％、都市更新基金金額、都市更新基金％、文化設施發展基金金額、文化設施發展基金％、實施平均地權基金金額、實施平均地權基金％
臺北市總預算附屬單位預算及綜計表_作業基金_固定資產建設改良擴充與資金來源明細表(固定資產擴建部分),財稅,作業基金固定資產建設改良擴充與資金來源明細表(固定資產擴建部分),基金名稱、合計_金額、合計_%、不動產廠房及設備_小計_金額、不動產廠房及設備_小計_%、不動產廠房及設備_土地_金額、不動產廠房及設備_土地_%、不動產廠房及設備_土地改良物_金額、不動產廠房及設備_土地改良物_%、不動產廠房及設備_房屋及建築_金額、不動產廠房及設備_房屋及建築_%、不動產廠房及設備_機械及設備_金額、不動產廠房及設備_機械及設備_%、不動產廠房及設備_交通及運輸設備_金額、不動產廠房及設備_交通及運輸設備_%、不動產廠房及設備_什項設備_金額、不動產廠房及設備_什項設備_%、不動產廠房及設備_租賃資產_金額、不動產廠房及設備_租賃資產_%、不動產廠房及設備_租賃權益改良_金額、不動產廠房及設備_租賃權益改良_%、投資性不動產_金額、投資性不動產_%
臺北市總預算附屬單位預算及綜計表_作業基金_固定資產建設改良擴充與資金來源明細表_資金來源部分,財稅,作業基金固定資產建設改良擴充與資金來源明細表(資金來源部分),基金名稱、合計_金額、合計_%、資金來源_自有資金_小計_金額、資金來源_自有資金_小計_%、資金來源_自有資金_營運資金_金額、資金來源_自有資金_營運資金_%、資金來源_自有資金_出售不適用資產_金額、資金來源_自有資金_出售不適用資產_%、資金來源_自有資金_公庫撥款_金額、資金來源_自有資金_公庫撥款_%、資金來源_自有資金_其他_金額、資金來源_自有資金_其他_%、資金來源_外借資金_金額、資金來源_外借資金_%
臺北市停車管理工程處公有收費停車場收入金額,交通,北市停管處所屬公有收費停車場收入金額,年度、月份、項目、汽車（計次收入金額）、機車（計次收入金額）、汽車（計時收入金額）、機車（計時收入金額）、汽車（包月收入金額）、機車（包月收入金額）、權利金收入金額
臺北市總預算附屬單位預算及綜計表_作業基金_現金流量綜計表(依基金別分列),財稅,作業基金現金流量綜計表(依基金別分列),項目、合計、人事處主管臺北市輔助公教人員購置住宅及急難貸款基金、財政局主管臺北市市有財產開發基金、教育局主管臺北市立大學校務發展基金、產業發展局主管臺北市市場發展基金、工務局主管臺北市共同管道基金、交通局主管臺北市公有收費停車場基金、衛生局主管臺北市立聯合醫院醫療基金、都市發展局主管臺北市住宅基金、都市發展局主管臺北市都市更新基金、文化局主管臺北市文化設施發展基金、地政局主管臺北市實施平均地權基金
臺北市總預算附屬單位預算及綜計表_作業基金_現金流量綜計表(依現金流量項目分列),財稅,作業基金現金流量綜計表(依現金流量項目分列),項目、本年度預算數
臺北市路外停車場出入口,交通,停車場出入口資訊,gatename、ettype、rotation、point_x、point_y、editby、zone、workc_keyi、streetview、streetvi_1、streetvi_2、streetvi_3、streetvi_4、workc_in_u、workc_in_t、edittime、keyid
臺北市機車退出騎樓路段,交通,臺北市機車退出騎樓路段圖層資訊,keyid、motype、id、rname、rds、rde、mosdate、zone、moyear、editby、morlong、mormane、moterm、edittime、workc_keyi、streetview、streetvi_1、streetvi_2、streetvi_3、streetvi_4、workc_in_u、workc_in_t
臺北市總預算附屬單位預算及綜計表_作業基金_餘絀撥補綜計表(依基金別分列),財稅,作業基金餘絀撥補綜計表(依基金別分列),項目、合計_金額、合計_％、人事處主管臺北市輔助公教人員購置住宅及急難貸款基金_金額、人事處主管臺北市輔助公教人員購置住宅及急難貸款基金_％、財政局主管臺北市市有財產開發基金_金額 、財政局主管臺北市市有財產開發基金_％、教育局主管臺北市立大學校務發展基金_金額、教育局主管臺北市立大學校務發展基金_％、產業發展局主管臺北市市場發展基金_金額、產業發展局主管臺北市市場發展基金_％、工務局主管臺北市共同管道基金 _金額、工務局主管臺北市共同管道基金 _％、交通局主管臺北市公有收費停車場基金_金額、交通局主管臺北市公有收費停車場基金_％、衛生局主管臺北市立聯合醫院醫療基金_金額、衛生局主管臺北市立聯合醫院醫療基金_％、都市發展局主管臺北市住宅基金_金額、都市發展局主管臺北市住宅基金_％、都市發展局主管臺北市都市更新基金_金額、都市發展局主管臺北市都市更新基金_％、文化局主管臺北市文化設施發展基金_金額、文化局主管臺北市文化設施發展基金_％、地政局主管臺北市實施平均地權基金_金額、地政局主管臺北市實施平均地權基金_％
臺北市總預算附屬單位預算及綜計表_作業基金_餘絀撥補綜計表(依撥補項目分列),財稅,作業基金餘絀撥補綜計表(依撥補項目分列),項目、本年度預算數_金額、本年度預算數_％、上年度預算數_金額、上年度預算數_％、比較增減_金額、比較增減_％
臺北市總預算附屬單位預算及綜計表_特別收入基金_主要業務計畫分析表,財稅,特別收入基金主要業務計畫分析表,"基金名稱及業務計畫項目、單位,數量、單位成本或平均利（費）率、預算數、說明"
臺北市總預算附屬單位預算及綜計表_特別收入基金_基金來源、用途及餘絀表,財稅,特別收入基金-基金來源、用途及餘絀表,基金別、本年度預算數_基金來源、本年度預算數_基金用途、本年度預算數_賸餘（短絀）、上年度預算數_基金來源、上年度預算數_基金用途、上年度預算數_賸餘（短絀）、本年度與上年度比較數_基金來源、本年度與上年度比較數_基金用途、本年度與上年度比較數_賸餘（短絀）、期初基金餘額、解繳公庫、期末基金餘額
臺北市總預算附屬單位預算及綜計表_特別收入基金_現金流量綜計表_依現金流量項目分列,財稅,特別收入基金-現金流量綜計表_依現金流量項目分列,項目、本年度預算數
臺北市總預算附屬單位預算及綜計表_特別收入基金_現金流量綜計表_依基金別分列,財稅,特別收入基金-現金流量綜計表_依基金別分列,"項目、合計、教育局主管臺北市地方教育發展基金、產業發展局主管臺北市農業發展基金、產業發展局主管臺北市溫泉資源管理基金、產業發展局主管臺北市產業發展基金、工務局主管臺北市道路基金、社會局主管臺北市公益彩券盈餘分配基金、勞動局主管臺北市勞工權益基金、勞動局主管臺北市身心障礙者就業基金、環境保護局主管臺北市環境保護基金、都市發展局主管臺北市建築物無障礙設備與設施改善基金、都市發展局主管臺北市容積代金基金,文化局主管臺北市公共藝術基金、地政局主管臺北市土地重劃抵費地出售盈餘款基金、捷運工程局主管臺北市臺北都會區捷運固定資產重置基金、捷運工程局主管臺北市大眾捷運系統建設基金"
臺北市歷年建造執照摘要,工務,民國114年以前建造執照摘要,執照年度、執照號碼、發照日期、建造類別、構造種類、使用分區、棟數、地上層數、地下層數、戶數、建築地點、地段號、建築面積、騎樓基地面積、其他基地面積、建築期限、工程金額、起造人、設計人、監造人、樓層、說明、適用法令概要、備註說明
臺北市歷年使用執照摘要,工務,民國114年以前使用執照摘要,執照年度、執照號碼、發照日期、原核發執照、設計人、監造人、承造人、建造類別、構造種類、使用分區、棟數、地上層數、地下層數、戶數、騎樓基地面積、其他基地面積、建築面積、法定空地面積、地上避難面積、地下避難面積、建物高度、工程金額、竣工日期、開工日期、地址、地段號、樓層、說明、停車空間說明、適用法令概要、備註說明、變更概要
臺北市政府APP下載量,資訊,臺北市政府各機關提供民眾下載使用之APP項目數及累積下載次數。,年度、月份、項目數、累計下載使用人次、備註
內湖污水處理廠回饋金,統計,回饋金使用計畫執行情形(CSV),運用單位、經常門金額、資本門金額、第1季執行金額、第2季執行金額、第3季執行金額、第4季執行金額、剩餘款金額、執行率百分比
臺北市垃圾資源回收、廚餘回收限時收受點,環保,臺北市垃圾資源回收、廚餘回收限時收受地點、時間等資訊,行政區、分隊、電話、地址、備註、緯度、經度
臺北市稅捐稽徵處查核定開徵數情形,財稅,分析本年度及以前年度各稅查核定開徵數情形,年度及稅目別、查核定開徵數件數、查核定開徵數金額、實徵數件數、實徵數金額、減免註銷數件數、減免註銷數金額、逾徵收期間數件數、逾徵收期間數金額、逾執行期間數件數、逾執行期間數金額、逾核課期間數件數、逾核課期間數金額、未徵數餘額件數、未徵數餘額金額
臺北市稅捐稽徵處各項稅收稽徵人力,財稅,107年起臺北市稅捐稽徵處各項稅收稽徵人力,"年度、稅目別、地價稅、土地增值稅、房屋稅、使用牌照稅、契稅、印花稅、娛樂稅、特別稅、臨時稅
"
臺北市稅捐稽徵處各項稅收稽徵成本,財稅,107年起臺北市稅捐稽徵處各項稅收稽徵成本,"年度、稅目別、實徵淨額（千元）、直接成本／人事費（NT）、直接成本／業務費（「稅捐稽徵業務」業務計畫）（NT）、直接成本／獎補助及損失（NT）、 間接成本／人事費（NT）、 間接成本／業務費（「一般行政」業務計畫）（NT）、 間接成本／設備及投資費（NT）、 間接成本／其他（NT）、每千元成本（NT）
"
臺北市稅捐稽徵處性別統計項目(自104年起),財稅,104年起依「臺北市政府強化性別統計體系推動計畫」辦理性別統計，資料係以本市課徵房屋稅、地價稅及欠稅之納稅義務人為統計範圍及對象，不包括非自然人及公同共有所有權人。,年別、房屋稅開徵男性納稅義務人／戶數（戶）、房屋稅開徵女性納稅義務人／戶數（戶）、房屋稅開徵男性納稅義務人／面積（平方公尺）、房屋稅開徵女性納稅義務人／面積（平方公尺）、房屋稅開徵男性納稅義務人／現值（千元）、房屋稅開徵女性納稅義務人／現值（千元）、地價稅開徵男性納稅義務人／戶數（戶）、地價稅開徵女性納稅義務人／戶數（戶）、地價稅開徵男性納稅義務人／面積（平方公尺）、地價稅開徵女性納稅義務人／面積（平方公尺）、地價稅開徵男性納稅義務人／地價（千元）、地價稅開徵女性納稅義務人／地價（千元）、地價稅開徵男性納稅義務人／查定稅額（千元）、地價稅開徵女性納稅義務人／查定稅額（千元）、男性納稅義務人欠地方稅人數（人）、女性納稅義務人欠地方稅人數（人）、男性納稅義務人欠地價稅人數（人）、女性納稅義務人欠地價稅人數（人）、男性納稅義務人欠土地增值稅人數（人）、女性納稅義務人欠土地增值稅人數（人）、男性納稅義務人欠房屋稅人數（人）、女性納稅義務人欠房屋稅人數（人）、男性納稅義務人欠使用牌照稅人數（人）、女性納稅義務人欠使用牌照稅人數（人）、男性納稅義務人欠契稅人數（人）、女性納稅義務人欠契稅人數（人）、男性納稅義務人欠印花稅人數（人）、女性納稅義務人欠印花稅人數（人）、男性納稅義務人欠娛樂稅人數（人）、女性納稅義務人欠娛樂稅人數（人）
臺北市房屋稅稅源─按使用別,財稅,107年起房屋稅籍資料按住家用、營業用、非住家、非營業用、住家減半、應業用減半分類,資料年度、項目別、住家用／件數（件）、住家用／用地面積（平方公尺）、住家用／現值（NT）、營業用／件數（件）、營業用／用地面積（平方公尺）、營業用／現值（NT）、非住家非營業用（含減半）／件數（件）、非住家非營業用（含減半）／用地面積（平方公尺）、非住家非營業用（含減半）／現值（NT）、住家用減半／件數（件）、住家用減半／用地面積（平方公尺）、住家用減半／現值（NT）、營業用減半／件數（件）、營業用減半／用地面積（平方公尺）、營業用減半／現值（NT）
臺北市專用垃圾袋代售點名冊,環保,臺北市專用垃圾袋代售點的名冊列表,序號、店名、行政區、地址、電話、行動電話
臺北市徵起之國稅、縣市稅分成數額表,財稅,"1.財政部財政統計資料庫公告徵起之國稅、縣市稅分成數額資料。
2.依前開資料庫資料編製臺北市政府徵起之國稅、縣市稅分成數額表。",項目、111年金額/臺北市、112年金額/臺北市、113年金額/臺北市、114年金額/臺北市
臺北市各項稅捐徵收數,財稅,臺北市地方稅107年起各月徵收之查定數、實徵數及繳付公庫數,年月、地價稅查定數（金額元）、地價稅實徵數（金額元）、地價稅繳付公庫數（金額元）、土地增值稅查定數（金額元）、土地增值稅實徵數（金額元）、土地增值稅繳付公庫數（金額元）、房屋稅查定數（金額元）、房屋稅實徵數（金額元）、房屋稅繳付公庫數（金額元）、使用牌照稅查定數（金額元）、使用牌照稅實徵數（金額元）、使用牌照稅繳付公庫數（金額元）、契稅查定數（金額元）、契稅實徵數（金額元）、契稅繳付公庫數（金額元）、印花稅查定數（金額元）、印花稅實徵數（金額元）、印花稅繳付公庫數（金額元）、娛樂稅查定數（金額元）、娛樂稅實徵數（金額元）、娛樂稅繳付公庫數（金額元）、教育捐查定數（金額元）、教育捐實徵數（金額元）、教育捐繳付公庫數（金額元）、罰鍰及其他查定數（金額元）、罰鍰及其他實徵數（金額元）、罰鍰及其他繳付公庫數（金額元）
臺北市役男徵集概況統計表,統計,臺北市役男徵集概況統計,年、月、總計人數、總計梯次數、常備兵人數、常備兵梯次數、常備兵役軍事訓練人數、常備兵役軍事訓練梯次數、補充兵人數、補充兵梯次數、替代役人數、替代役梯次數
pay.taipei支援無卡進出停車場清單,資訊,提供合作支付業者pay.taipei合作停車場業者及停車場地址即時更新資訊。(本資料集使用UTF8編碼如以Excel開啟可能產生亂碼，需變更編碼方式為UTF8，並提供API方式介接),seqno、停車場ID、營運id、營運單位、對應停車場、狀態、電話、郵遞區號、地址、說明
臺北市稅捐稽徵處電話問卷調查,財稅,委外電話問卷調查報告,項次、機關名稱、年度、說明、總共回收件數
臺北市稅捐稽徵處常見問答集,財稅,稅捐處提供民眾常見問答,項次、機關名稱、問題、答案、題數
臺北市三高篩檢,醫療,三高篩檢。,項目別、篩檢人數、異常人數、異常率、完成追蹤人數、完成追蹤率、確認新案人數
臺北市政府工務局工程範圍圖,工務,臺北市政府工務局暨所屬工程處工程範圍圖資訊，檔案為CSV格式。,序號、工程名稱、執行機關、開工日期、預定完成日期、決標金額-千元、工程位置-經度、工程位置-緯度
臺北市政府捷運工程局大事紀要,交通,臺北市政府捷運工程局2025年大事紀要,"項次、縣市代碼、機關代碼、日期、2025年之大事紀要內容、提報單位
"
臺北市原住民族學生獎學金補助情形,教育,依據每學期受理情形統計數據,年度、申請數量、核准數量、補助額度、單位名稱、統一編號
臺北市原住民兒童及少年課後照顧關懷據點,社福,依據臺北市原住民兒童及少年課後照顧關懷據點實際設立提供,郵遞區號、地點、辦理時間、地址、單位名稱、統一編號
臺北市原住民急難救助統計,社福,臺北市原住民急難救助統計表-近5年,年度、生活救助核准件數量、補助金額、醫療補助核准件數量、補助金額、死亡救助核准件數量、補助金額、災害救助核准件數量、補助金額、總額
臺北市原住民學前教育及兒童托育補助情形,社福,依據每學期受理情形統計數據,項目、年度、申請數量、核准數量、補助額度
臺北市原住民學生專門人才獎勵情形,教育,依據每學期受理情形統計數據,年度、申請數量、核准數量、補助額度、單位名稱、統一編號
臺北市原住民長青學苑據點,族群,臺北市原住民耆老中心據點(含區域/地點/辦理時間/地址),郵遞區號、地點、辦理時間、地址、單位名稱、統一編號
臺北市原住民福利人數資料統計表含原住民人口數,族群,臺北市原住民福利人數資料統計表,"年度、性別、原住民人數、原住民戶數、原住民性別結構百分比
"
臺北市原住民長青樂活服務,族群,長青樂活,郵遞區號、地點、辦理時間、地址、單位名稱、統一編號
臺北市補助原住民民俗文化及社會教育活動,社福,臺北市各年度補助原住民民俗文化及社會教育活動件數及核准金額,年度、申請數量、核准數量、核准金額、單位名稱、統一編號
臺北市原住民家庭服務中心,族群,原家中心,郵遞區號、地點、辦理時間、地址、單位名稱、統一編號
臺北市原住民團體名單,族群,臺北市原住民團體名單及地址,項次編號、社團/團體、地址、縣市名稱、行政區域、縣市別代碼、郵遞區號
臺北市政府勞動局違反勞動基準法事業單位及事業主公布總表,勞動,公布臺北市事業單位及事業主違反勞動基準法名單,公告日期、處分日期、處分字號、事業單位或事業主之名稱、負責人姓名、違反勞動基準法條款、違反法規內容、罰鍰金額、備註
臺北市政府勞動局勞工歷年申訴服務中心成果,勞動,臺北市勞工服務中心服務概況,年度、總計（筆數）、解釋法令疑義（筆數）、申訴（筆數）、轉介（筆數）、建議（筆數）、批評（筆數）、其他（筆數）、工資（筆數）、工時（筆數）、僱用管理（筆數）、性別工作平等（筆數）、職業安全衛生（筆數）、勞動保險（筆數）、勞動福祉（筆數）、就業和職訓（筆數）、外國人問題（筆數）、勞動關係（筆數）、綜合問題（筆數）、性別總計（人次）、男（人次）、女（人次）、對象別總計（人次）、一般對象（人次）、身心障礙者（人次）、原住民（人次）、更生受保護人（人次）、中高齡者（人次）、獨力負擔家計者（人次）、生活扶助戶（人次）、外籍與大陸配偶（人次）、家庭暴力及性侵害被害人（人次）
臺北市政府建設公債還本付息兌付統計表,財稅,"公告每年臺北市政府建設公債到期本息資訊，以利債券持有人兌領
",債券代號及名稱、核定發行金額、實際發行金額、利率（％）、期限、還本方式、付息方式、應兌付本息、已兌付本金、已兌付利息、未兌付本金、未兌付利息
臺北市政府發行建設公債還本付息統計表,財稅,"臺北市政府財政局_臺北市建設公債各年度應還本息數額表
",債券代號及名稱、核定發行金額、實際發行金額、利率（％）、期限、還本方式、付息方式、應付本息、到期本金、到期利息、未到期本金、未到期利息
臺北市急救責任醫院名冊,醫療,臺北市急救責任醫院資訊,序號、行政區、醫事機構名稱、地址、電話
臺北市政府財政局辦理市有非公用土地設定地上權案(已簽約)一覽表,財稅,臺北市政府財政局辦理市有非公用土地設定地上權案,項目、案名、地號、基地面積_㎡、土地管理機關、承租人、招標年度、決標權利金_金額_億元、簽約日期、地上權_存續期間、承租用途及戶數_商場/辦公室/住宅等、113年地租金額_億元、114年地租金額_億元、115年地租金額_億元、現況
臺北市產業發展獎勵補助計畫獲獎勵補助廠商基本資料,經濟,臺北市產業發展獎勵補助計畫---獲獎勵補助廠商基本資料 。 ,獲補助年度、領域、公司名稱、計畫名稱、負責人姓名、登記地址-行政區、核定日期、計畫起始日、計畫到期日、核定補助款-元、自籌款-元、總經費-元、產業類別-大類、資本額-申請時
臺北市政府建設公債114年度各期本息撥付表,財稅, 臺北市政府財政局_臺北市政府建設公債114年度各期本息撥付表,債券代號及名稱、開付日、次別、發行額、應撥付本金、應撥付利息、應撥付本息、實際撥付額、經理銀行
臺北市河濱廁所,水利,臺北市29座河濱公園廁所類型及座落位置描述，提供CSV檔案格式，採TWD97座標系統呈現,NO、Administrative district、Riverside Park、Location、Type、Remark、Longitude、Latitude、Long_TWD97、Lat_WD97
臺北市土地增值稅徵收,財稅,114年臺北市土地增值稅徵收,"年月、項目別、移轉筆數（筆）、移轉面積（平方公尺）、土地漲價總數額（元）、查定稅額（元）、應納稅額（元）
"
臺北市社會福利團體(機構)設置舊衣回收設施據點,環保,臺北市社會福利團體(機構)設置舊衣回收設施之列表,核准編號、團體名稱、電話、行政區、臺北市核准地點、備註、經度、緯度
臺北市建築工程物價指數按年別,統計,臺北市建築工程物價指數按年別時間數列統計資料,縣市別代碼、年別、分類、原始值[統計數值]、年增率[%]
臺北市營造工程物價基本分類指數按年別,統計,臺北市營造工程物價基本分類指數按年別時間數列統計資料,縣市別代碼、年別、分類、原始值[統計數值]、年增率[%]
臺北市土木工程物價指數按年別,統計,臺北市土木工程物價指數按年別時間數列統計資料,縣市別代碼、年別、分類、原始值[統計數值]、年增率[%]
臺北市追加減預算總表歲入歲出簡明分析表,財稅,追加減預算總表歲入歲出簡明分析表,項目、原預算數金額、原預算數百分比、追加減預算數金額、追加減預算數百分比、追加減後預算數金額、追加減後預算數百分比
臺北市追加減預算總表歲入歲出性質及餘絀簡明分析表,財稅,追加減預算總表歲入歲出性質及餘絀簡明分析表,項目、原預算數金額、原預算數百分比、追加減預算數金額、追加減預算數百分比、追加減後預算數金額、追加減後預算數百分比
臺北市追加減預算總表收支簡明分析表,財稅,追加減預算總表收支簡明分析表,項目、原預算數、追加減預算數、追加減後預算數、備註
臺北市追加減預算總表歲出政事別追加減預算總表,財稅,追加減預算總表歲出政事別追加減預算總表,款、項、名稱、經常門、資本門、合計、百分比
臺北市追加減預算總表歲出機關別追加減預算總表,財稅,追加減預算總表歲出機關別追加減預算總表,款、名稱、經常門追加預算、經常門追減預算、資本門追加預算、資本門追減預算、追加預算合計、追減預算合計、追加預算百分比、追減預算百分比
臺北市週三、週日廚餘專用限時收受點,資訊,臺北市週三、週日廚餘專用限時收受地點及時間,行政區、分隊、地址、備註、經度、緯度
臺北市政府施工查核情形一覽表,工務,臺北市政府施工查核情形表，檔案為CSV格式。,"序號、工程名稱、主辦單位、契約金額-千元、設計單位、監造單位、承造廠商、專案管理、查核日期、通知方式、評分、廠商扣點數、監造扣點數、PCM扣點數、備註
"
臺北市停復工公開資訊,勞動,序號：資料流水號。工程名稱：受停工處分之工地。事業單位名稱：受停工處分之事業單位。停工日期：受停工處分之日期。復工或復工審查日期：同意復工日期。停工範圍：受停工處分之區域。停工原因：受停工處分之具體原因。,"序號、工程名稱、事業單位名稱、停工日期、復工或復工審查日期、停工範圍、停工原因
"
臺北自來水事業處近年重要財務比率,經濟,本表為臺北自來水事業處近年財務比率。,年度、總收支百分比（%）、負債百分比（%）、總資產週轉率（%）、總資產報酬率（%）、自來水投資報酬率（%）、權益報酬率（%）、純益率（%）、營業利益率（%）、營業成長率（%）、純益成長率（%）、權益成長率（%）
臺北市近年水價資料表,經濟,本表為臺北自來水事業處近年水價資料表。,年度、平均單位水價（元）、售水單位成本（元）、售水單位盈虧（元）、自來水投資報酬率（%）
臺北市基本水費表,經濟,本表為臺北自來水事業處各口徑基本費收費標準，並依照抄表頻率不同提供不同的費用。,口徑及抄表頻率、13mm金額（元）、20mm金額（元）、25mm金額（元）、40mm金額（元）、50mm金額（元）、75mm金額（元）、100mm金額（元）、150mm金額（元）、200mm金額（元）、250mm金額（元）、300mm以上金額（元）
臺北市各區清潔隊電話,環保,提供臺北市政府環境保護局清潔隊聯絡資訊，供市民聯絡諮詢。,"序號、行政區域代碼、區隊、電話、備註
"
友善店家清冊（繁體中文）；Friendly stores list (English),觀光,友善店家（含臺北市及非臺北市）彙整表（繁體中文）；Friendly stores list (English),"中文：
友善店家名稱、地址、經度、緯度、電話、簡介、英文友善（count）、日文友善（count）、韓文友善（count）、行動裝置充電（count）、無障礙友善（count）、性別友善（count）、便利支付（count）、素食友善（count）、友善廁所（count）、公平貿易友善（count）、Free WiFi（count）、自行車友善（count）、親子友善（count）、穆斯林友善（count）、月經友善（count）、友善項目總計、友善店家網站個別店家介紹網址
English:
Store Name、Address、Longitude、Latitude、Phone Number、Description、English-friendly（count）、Japanese-friendly（count）、Korean-friendly（count）、Mobile device recharging station（count）、Friendly accessibility（count）、Gender friendly（count）、Convenient payment (Credit Card / EasyCard / 3rd Party payment)（count）、Vegetarian friendly（count）、Friendly bathroom（count）、Fair Trade friendly（count）、Free WiFi（count）、Bicycle Friendly（count）、Breastfeeding (lactation) room（count）、 Muslim-friendly（count）、Period Friendly（count）、total、Taipei friendly stores Individual Website Introduction"
臺北市提供飲水店家清冊,觀光,臺北市提供飲水店家彙整,友善店家名稱、地址、簡介、區域、經度、緯度、電話
臺北市市民農園承租資訊,農業,臺北市市民農園承租資訊。,"農園名稱、地址、園主、電話、租位-數量
"
臺北市休閒農場基本資料,農業,臺北市休閒農場基本資料。,序號、行政區域代碼、行政區、農場名稱、農場位置、場主姓名、聯絡電話
臺北市每人每日家庭(生活)用水量,環保,臺北自來水事業處轄區內每人每日家庭(生活)用水量,年度、臺北市每人每日家庭用水量（公升）、轄區每人每日家庭用水量（公升）、臺北市每人每日生活用水量（公升）、轄區每人每日生活用水量（公升）
臺北地區災時旱災買水站狀態資訊,水利,於旱災發生時，提供民眾有關本處買水站開設相關資訊。,項次編號、狀態、行政區、設置地點、取水地址、聯絡窗口、電話、備註
臺北地區災時臨時供水站狀態資訊,水利,於災情發生時，提供民眾有關本處臨時供水站開設相關資訊，供民眾取水。,項次編號、狀態、行政區、臨時供水站地點、電話、預定關閉時間、備註
臺北地區災時學校供水站狀態資訊,水利,於災情發生時，提供民眾有關位於學校內，供水站開設相關資訊，供民眾取水。,項次編號、狀態、行政區、學校名稱、地址、電話、預定關閉時間、備註
臺北市停水資訊(大臺北地區),水利,大臺北地區停水資訊(臺北自來水事業處供水區域)，本項自109年8月10日起變更資料來源，請由預覽-資料存取網址https://webs.water.gov.taipei/apps/outage.asmx/outageOpenData介接大臺北地區停水資訊，下方最後更新時間係詮釋資料更新時間，實際停水時間以連結資料為準。,SW_No(停水案件系統代碼)、Date(預定停水日期起訖)、Time(預定停水時間起訖)、SW_Area(停水區域)、Title(標題)、Description(停水通知內容)、MapUrl(停水地圖)、PubDate(公告日期)
臺北地區災時防災地下水井狀態資訊,水利,於災情發生時，提供民眾有關本處防災地下水井開設相關資訊，供民眾取水。,項次編號、狀態、行政區、設置地點、取水地址、電話、預定關閉時間、備註
臺北地區災時供水狀態資訊,水利,於災情發生時，提供民眾有關本處供水轄區範圍內供水狀態(減壓或停水)相關資訊。,項次編號、狀態、原因、區域、發生時間、預計修復時間、聯絡單位、聯絡電話、資料更新時間、備註
臺北地區災時緊急供水站狀態資訊,水利,於災情發生時，提供民眾有關本處緊急供水站開設相關資訊，供民眾取水。,項次編號、狀態、行政區、名稱、地點、預定關閉時間、聯絡窗口、電話、備註
臺北市政府環境影響評估審查委員會委員名冊,環保,委員姓名等資料,序號、姓名、兼任職務、現職、性別
歷年下半年臺北市違章漏稅案件處理情形,財稅,分析違章漏稅案件處裡情形,稅目別、受理情形總計、受理情形上期未結件數、受理情形本期受理件數、本期審理情形依法免議件數、本期審理情形依法免罰件數、本期審理情形依法併案件數、本期審理情形依法註銷件數、本期審理情形處罰件數、本期審理情形處罰金額、本期審理情形未結件數、本期繳納及移送情形總計件數、本期繳納及移送情形總計金額、本期繳納及移送情形自行繳納件數、本期繳納及移送情形自行繳納金額、本期繳納及移送情形移送執行件數、本期繳納及移送情形移送執行金額、更正註銷案件件數、更正註銷案件金額、本期執行情形總計件數、本期執行情形總計金額、本期執行情形移送繳納件數、本期執行情形移送繳納金額、本期執行情形發給執行憑證件數、本期執行情形發給執行憑證金額、本期執行情形撤案件數、本期執行情形撤案金額、本期執行情形退案件數、本期執行情形退案金額、本期執行情形結案件數、本期執行情形結案金額、更正調整案件件數、更正調整案件金額、截至本期移送執行未結案件件數、截至本期移送執行未結案件金額
臺北市消防各年度急救成功人數,消防,本局各年度ROSC及康復出院人數統計,OHCA人數、CPR到院前ROSC人數、CPR到院後ROSC人數、AEDshock到院前ROSC人數、AEDshock到院後ROSC人數、ACLS到院前ROSC人數、ACLS到院後ROSC人數、總計人數、康復出院人數
臺北市各年度消防緊急救護服務,消防,本局各年度各類救護勤務統計,統計年度、救護出勤合計次數、送醫次數、未接觸次數、有接觸未運送次數、出勤待命次數
臺北市各年度消防緊急救護急救處置次數統計,消防,本局各年度各項救護處置統計,統計年度、自動心肺復甦機、CPR次數、不建議電擊次數、電擊次數
臺北市各年度消防緊急救護到院前心肺功能停止傷病患統計,消防,本局各年度各行政區及各場所類別OHCA人數統計,區域別、到院前心肺功能停止人數、有目擊者人數、有旁觀者CPR人數、有使用PAD人數、院前ROSC人數、住宅人數、工廠工作地點人數、運動中心人數、街道公路人數、公共建築人數、療養院人數、教育學校人數、捷運站車站機場人數、診所護理之家人數、其他人數、不清楚人數
臺北市政府消防局緊急救護服務統計,消防,本局各月各類救護勤務統計,月、救護出勤合計次數、送醫次數、未接觸次數、有接觸未運送次數、出勤待命次數
臺北市消防緊急救護急救處置次數統計,消防,本局各月各項救護處置統計,月、自動心肺復甦機、CPR次數、不建議電擊次數、電擊次數
臺北市政府消防局緊急救護到院前心肺功能停止傷病患統計,消防,本局各月各行政區及各場所類別OHCA人數統計,月、到院前心肺功能停止人數、非EMS目擊人數、EMS目擊人數、有旁觀者CPR人數、有使用PAD人數、院前ROSC人數、住宅人數、工廠工作地點人數、運動中心人數、街道公路人數、公共建築人數、療養院人數、教育/學校人數、捷運站車站機場人數、診所護理之家人數、其他人數、不清楚人數
臺北市禁停紅黃線路段分布圖,交通,禁停紅黃線資料,RDITCD、RDCODE、PAREFE、PADATE、PATYPE、PARREN、PANWRP、PARLEN、PATIIT、MEMO、EDITBY、KEYID、PAPOS、WORKC_KEYI、STREETVIEW、STREETVI_1、STREETVI_2、STREETVI_3、STREETVI_4、WORKC_IN_U、WORKC_IN_T、EDITTIME、WALKERROAD、WALKERRO_1、WALKERSTAT
臺北市每度水排放二氧化碳(CO2)約當量,環保,臺北自來水事業處轄區內每度水排放二氧化碳(CO2)約當量,項次、年度、每度水排放二氧化碳（CO2）約當量、單位、備註
臺北市大安區已登記公私有土地筆數、面積統計表,地政,臺北市大安區已登記公私有土地筆數、面積統計資訊,民國年、區域別、已登記公私有土地面積合計-單位公頃、已登記公有土地面積-單位公頃、已登記私有土地面積-單位公頃、已登記公私共有土地面積-單位公頃、已登記公私有土地筆數合計、已登記公有土地筆數、已登記私有土地筆數、已登記公私共有土地筆數
臺北市低碳永續家園計畫本市認證執行情形,環保,為配合中央政策辦理「低碳永續家園計畫」，本市持續推動環保署訂定之低碳行動項目，協助行政里盤查轄內低碳成果，並取得認證，同時透由認證情形公佈於網站提供市民參考，促使國人積極投入低碳行動，以提高減碳效益。,序號、縣市、鄉鎮市區、村里、目前等級、達成時間
臺北市家暴通報案件數統計資訊,社福,提供臺北市家暴通報案件數統計資訊。,時間、區、村里、村里代碼、年齡區間、性別、案件類型、總計
臺北市電動機車充電站,環保,臺北市電動機車充電站地址及分類,編號、單位、縣市、行政區、行政區域代碼、地址、備註
臺北市機車定檢站位置,環保,臺北市機車定檢站資料,站號、廠牌、站名、行政區、郵遞區號、地址、電話、負責人
臺北市非營業用卡拉OK噪音告發案件點位資訊,環保,非營業用卡拉OK噪音告發案件資訊,序號、行政區、稽查地點、稽查日期
臺北市歷年垃圾回收清除車輛數,環保,臺北市垃圾回收清除車輛數,序號、資料主題、資料描述、車輛總數、垃圾車輛數、資源[含廚餘]回收垃圾車輛數、清溝[溝泥]車輛數、掃[洗]街車輛數、關鍵詞、內容說明
臺北市汽油汽車排氣檢驗站位置,環保,臺北市汽油汽車排氣檢驗站資料,站號、站名、行政區、郵遞區號、地址、電話
臺北市各區戶政事務所等候人數,民政,臺北市各區戶政事務所即時等候人數資訊,編號、戶所名稱、網址、郵遞區號、地址、電話
臺北市政府所屬各機關各類公文總量及一般公文發文處理日數,統計,臺北市政府所屬各機關各年度一般公文、專案案件、申請案件、陳情案件及行政救濟公文總量，以及104年迄今各年度一般公文發文處理日數 (補充：一般公文發文處理日數於104年納入KPI指標始有正式統計資料),民國年、數量、一般公文、專案案件、申請案件、陳情案件、行政救濟、監察案件、一般公文發文處理日數
臺北市義勇消防總隊捐款專戶經費收支公告,消防,臺北市義勇消防總隊捐款專戶內相關經費收支，依規定經委員會審議後每半年公告1次。,日期、捐款人、捐款用途或使用摘要、上期結轉金額、本期收入金額、本期支出金額、專戶金額
臺北市最近5年契稅綜合統計表,財稅,臺北市最近5年契稅綜合統計表(每年),"年度別、應稅件數、免稅件數、應稅契價、免稅契價、應稅稅額、免稅稅額
"
臺北市營造建築物核發拆除執照構造別,工務,臺北市年度營造建築物核發拆除執照構造別,年度、總件數（數量）、總棟數（數量）、總樓地板面積、磚構造件數（數量）、磚構造棟數（數量）、磚構造總樓地板面積、木構造件數（數量）、木構造棟數（數量）、木構造總樓地板面積、鋼構造件數（數量）、鋼構造棟數（數量）、鋼構造總樓地板面積、混凝土含鋼筋混凝土構造件數（數量）、混凝土含鋼筋混凝土構造棟數（數量）、混凝土含鋼筋混凝土構造總樓地板面積、鋼骨鋼筋混凝土構造件數（數量）、鋼骨鋼筋混凝土構造棟數（數量）、鋼骨鋼筋混凝土構造總樓地板面積、冷軋型鋼構造件數（數量）、冷軋型鋼構造棟數（數量）、冷軋型鋼構造總樓地板面積、其他件數（數量）、其他棟數（數量）、其他總樓地板面積
臺北市建築師開業資料統計表,工務,"現有人數合計	現有人數甲等	現有人數乙等	核准登記人數合計	核准登記人數甲等	核准登記人數乙等	除名或撤銷人數合計	除名或撤銷人數甲等	除名或撤銷人數乙等	事務所數現有數	事務所增加數	事務所撤銷數
表",年度、現有人數合計數量、現有人數甲等數量、現有人數乙等數量、核准登記人數合計數量、核准登記人數甲等數量、核准登記人數乙等數量、除名或撤銷人數合計數量、除名或撤銷人數甲等數量、除名或撤銷人數乙等數量、事務所現有數數量、事務所增加數數量、事務所撤銷數數量
臺北市營造建築物核發拆除執照用途別,工務,臺北市年度營造建築物核發拆除執照統計,年度、所有件數（數量）、所有總樓地板面積、住宅件數（數量）、住宅戶數（數量）、住宅總樓地板面積、其他件數（數量）、其他總樓地板面積
臺北市原住民族部落大學社區教室,教育,臺北市原住民族部落大學社區教室地址,民國年、郵遞區號、教室、地址、行政區域
臺北市外人地權登記管理統計,地政,外國人在臺北市所有權取得、移轉登記及他項權利登記土地建物之件數、筆數、面積統計。,類別、件數、土地筆數、土地面積(平方公尺)、建物棟數、建物面積(平方公尺)
臺北市實施耕地三七五減租後承租人承買耕地面積及人數,地政,114年度臺北市實施耕地三七五減租後佃農購買耕地面積戶數,行政區別、本年購買耕地面積_總計、累計至本年底止購買耕地面積_總計、本年購買耕地承租人人數、累計至本年購買耕地承租人人數
臺北市公有土地完成無償撥用清冊,地政,提供臺北市政府地政局辦理「本市公有（非市有）空地清查與活化專案」，自104年5月起完成無償撥用之公有土地資料,序號、行政區、段小段、地號、撥用日期
臺北市各級租佃委員會調解調處案件,地政,112年度臺北市各級租佃委員會調解調處案件,年度、租佃委員會別、調解調處事項、處理方式、結果狀態
臺北市地方稅欠稅概況納稅義務人性別分,財稅,臺北市地方稅欠稅按性別人數及件數分析,性別、欠稅人數、總計件數、地價稅件數、土地增值稅件數、房屋稅件數、使用牌照稅件數、契稅件數、印花稅件數、娛樂稅件數
臺北市實施耕地三七五減租成果增減原因,地政,113年度臺北市實施耕地三七五減租成果增減原因,增減原因、承租人人數_總計、承租人人數_男、承租人人數_女、承租人人數_非自然人、出租人人數_總計、出租人人數_男、出租人人數_女、出租人人數_非自然人、土地筆數、租約件數、訂約面積_總計
臺北市實施耕地三七五減租成果統計,地政,113年度臺北市實施耕地三七五減租成果統計表,行政區別、承租人人數_總計、承租人人數_男、承租人人數_女、承租人人數_非自然人、出租人人數_計、出租人人數_男、出租人人數_女、出租人人數_非自然人、土地筆數、租約件數、訂約面積_總計
臺北市公告徵收清冊,地政,本府公告徵收之土地清冊。,工程編號、工程名稱、公告徵收文號（序號）、行政區、段小段、地號、縣市、縣市代碼
臺北市政府工務局代辦工程,工務,臺北市政府工務局代辦工程件數與經費,項次、年別、委辦機關、數量、經費_萬元
臺北市數值地籍地段圖,地政,為利用地籍圖電腦化管理，辦理重測時若屬圖解法施測區，則將地籍原圖進行數值化；若為數值區，即以數值法施測紀錄，而得地籍圖數值成果，地籍圖檔以小段為單位。,序號、縣市、縣市別、段代碼、地段名、行政區
臺北市政府所屬各機關公教人員退休人數按官等分,統計,114年度臺北市政府所屬各機關公教人員退休人數按官等分,年度、項目別、自願退休、屆齡退休、命令退休
臺北市政府所屬各機關公教人員退休人數按年齡分,統計,114年度臺北市政府所屬各機關公教人員退休人數按年齡分,年度、項目別、自願退休、屆齡退休、命令退休
臺北市印花稅徵收季報表,統計,印花稅徵收季報,縣市別代碼、機關代號、年月、來源別、金額
臺北市政府公務人員參與訓練人次,統計,收錄本府公務人員年度參與訓練人次,序號、年度、訓練機關別及官等別、項目名稱、人次
臺北市政府員工休閒隊社一覽表,文化,臺北市政府員工休閒隊社,編號、隊社名稱、機關代碼、承辦機關、電話
臺北市海砂屋列管清冊,工務,臺北市高氯離子混凝土建築物列管清冊,縣市別、縣市別代碼、項次、主辦（管）單位、行政區、行政區代碼（編碼）、建築物名稱、使用目的、建築地點
臺北市既有建物室內裝修使用綠建材之申請符合規定案件數,統計,"本市113年領有室裝合格證件數
",序號、行政區代碼、行政區、年度、案件數量
臺北市建築物機械停車設備安全檢查統計,工務,臺北市建築物機械停車設備安全檢查年度統計,項目、總計（數量）、垂直循環型（數量）、多層循環型（數量）、水平循環型（數量）、平面往復型（數量）、昇降機型（數量）、簡易昇降型（數量）、多段型（數量）、昇降滑動型（數量）、其他類型（數量）
臺北市建築執照套繪圖,工務,"本建築執照套繪圖僅供參考，不做任何證明之依據，建築物等正確位置仍依本局核准之建築執照圖說為準。
本資料集採用TWD97座標系統。",city（縣市別）、city_no（縣市別代碼）、bud_floor（樓層）、bud_const（構造）、budatt_no（執照號碼）
臺北市921、331及403地震列管建築物,工務,臺北市921、331及403地震列管黃單需注意之建築物。提供市民參考本市因地震列管建築物之地址資料，以維護居住安全。,縣市別、縣市別代碼、行政區、行政區代碼（編碼）、建築地點、備註
臺北市防空避難處所清冊,工務,臺北市建管處盤點防空避難處所清冊,縣市別、縣市別代碼、地址、面積、容留人數、是否依建築物無障礙設施設計規範檢討、是否優先緊急避難
臺北市廣告物申請許可作業查詢,工務,臺北市廣告物申請許可作業資料查詢,縣市別、縣市別代碼、系統名稱、連結網址、說明
臺北市政府財政局經管市有閒置房地公開標租清冊,地政,臺北市政府財政局_臺北市政府財政局經管市有閒置房地公開標租清冊,序號、案件、年度、建物門牌/地號、出租面積_㎡、 標租底價_元 、 得標價_元
臺北市政府財政局經管市有非公用不動產公開徵求認養綠美化土地清冊,地政,提供臺北市政府財政局經管適合民間認養作綠美化使用之市有非公用土地,編號、土地標示、可提供使用面積_㎡、土地公告地價金額_元/㎡、都市計畫使用分區、備註
臺北市機動車輛排放空氣污染物檢查、檢驗告發情形季報表,環保,統計本市每季機動車輛排放空氣污染物檢查、檢驗告發情形,序號、檢查檢驗項目、檢查檢驗數、告發數、統計期程
臺北市政府財政局經管市有閒置房地公開標售清冊,地政,臺北市政府財政局_臺北市政府財政局經管市有閒置房地公開標售清冊,公告日期、標案名稱、土地標示、面積_㎡、房屋標示、面積_㎡、建物門牌、標售底標金額、得標價、後續處理
臺北市政府府級任務編組性別比例統計,統計,提供府級任務編組性別比例統計資料,編號、府級任務編組名稱、權責機關、機關代碼、合計、男性合計、女性合計、男性委員比例、女性委員比例
臺北市政府捷運工程局便民服務辦理情形,交通,臺北市捷運工程局民國77年迄今便民服務辦理情形統計資料,"開始日期Data Start Date、結束日期End Date、面詢件數No. of Cases、電詢件數No. of Cases、反應件數No. of Cases、陳情件數No. of Cases、其他件數No. of Cases、索取資料件數No. of Cases、車站位置件數No. of Cases、用地規劃件數No. of Cases、路線規劃件數No. of Cases、施工問題件數No. of Cases、通車時程件數%No. of Cases、其他問題件數No. of Cases、機關代碼Code
"
臺北市政府捷運工程局文宣品,交通,臺北市政府捷運工程局為大臺北地區捷運系統之規劃及施工單位，為使民眾瞭解捷運相關計畫及業務，所發行之文宣品資料,項次、資料集名稱、資料集描述、上架年月、出版品概述、出版品統一編號（GPN）、相關國際編號、語言別、縣市代碼、機關代碼、網址
臺北市市有土地參與都市更新案件進度表,都更,"提供臺北市市有土地參與都市更新案進度等相關資料
","序號、地區別、案名、市有土地地號、更新前市有土地總面積（平方公尺）、更新單元總面積（平方公尺）、最新辦理情形
"
臺北市補助辦理勞動教育課程概況,勞動,藉由補助工會團體、人民團體等組織辦理勞動教育，以拓展本市勞工視野。,年度、補助對象、補助場次（數）、參與人數、補助金額
臺北市各區戶數、人口數按戶別分,統計,依據戶籍登記資料產製統計數,年、區域別、戶別、戶口數_戶數、戶口數_人口數_計、戶口數_人口數_男數量、戶口數_人口數_女數量
臺北市各區人口數按年齡及教育程度分,統計,依據戶籍註記資料產製統計數,年、區域別、年齡別、性別、總計、識字者合計、識字者_研究所博士畢業數量、識字者_研究所博士肄業數量、識字者_研究所碩士畢業數量、識字者_研究所碩士肄業數量、識字者_大學畢業數量、識字者_大學肄業數量、識字者_專科二三年制畢業數量、識字者_專科_二三年制肄業數量、識字者_專科五年制後二年畢業數量、識字者_專科五年制後二年肄業數量、識字者_高中畢業數量、識字者_高中肄業、識字者_高職畢業、識字者_高職肄業、識字者_五專前三年肄業、識字者_國中畢業、識字者_國中肄業、識字者_初職畢業、識字者_初職肄業、識字者_國小畢業、識字者_國小肄業、識字者自修、不識字者
臺北市現住人口數按婚姻狀況分,統計,依據戶籍登記資料產製統計數(年底靜態數據),年、婚姻狀況及婚姻類型、性別、總計、未滿15歲數量、15～19歲數量、20～24歲數量、25～29歲數量、30～34歲數量、35～39歲數量、40～44歲數量、45～49歲數量、50～54歲數量、55～59歲數量、60～64歲數量、65～69歲數量、70～74歲數量、75～79歲數量、80～84歲數量、85～89歲數量、90～94歲數量、95～99歲數量、100歲以上
臺北市戶長按年齡及教育程度分人口數,統計,依據戶籍登記資料產製統計數,年份、區域別、教育程度別、性別、總計、未滿15歲數量、15～19歲數量、20～24歲數量、25～29歲數量、30～34歲數量、35～39歲數量、40～44歲數量、45～49歲數量、50～54歲數量、55～59歲數量、60～64歲數量、65～69歲數量、70～74歲數量、75～79歲數量、80～84歲數量、85～89歲數量、90～94歲數量、95～99歲數量、100歲以上
臺北市十五歲以上現住原住民人口數按年齡及教育程度分,統計,依據戶籍登記資料產製統計數,年份、原住民身分別、區域別、年齡別、性別、總計、識字者合計、識字者_研究所博士畢業數量、識字者_研究所博士肄業數量、識字者_研究所碩士畢業數量、識字者_研究所碩士肄業數量、識字者_大學畢業數量、識字者_大學肄業數量、識字者_專科二三年制畢業數量、識字者_專科_二三年制肄業數量、識字者_專科五年制後二年畢業數量、識字者_專科五年制後二年肄業數量、識字者_高中畢業、識字者_高中肄業、識字者_高職畢業、識字者_高職肄業、識字者_五專前三年肄業、識字者_國中畢業、識字者_國中肄業、識字者_初職畢業、識字者_初職肄業、識字者_國小畢業、識字者_國小肄業、識字者自修、不識字者
臺北市死亡人口數按年齡分,統計,依據戶籍登記資料產製,年別、類別、性別、總計、0歲數量、1歲數量、2歲數量、3歲數量、4歲數量、5歲數量、6歲數量、7歲數量、8歲數量、9歲數量、10歲數量、11歲數量、12歲數量、13歲數量、14歲數量、15歲數量、16歲數量、17歲數量、18歲數量、19歲數量、20歲數量、21歲數量、22歲數量、23歲數量、24歲數量、25歲數量、26歲數量、27歲數量、28歲數量、29歲數量、30歲數量、31歲數量、32歲數量、33歲數量、34歲數量、35歲數量、36歲數量、37歲數量、38歲數量、39歲數量、40歲數量、41歲數量、42歲數量、43歲數量、44歲數量、45歲數量、46歲數量、47歲數量、48歲數量、49歲數量、50歲數量、51歲數量、52歲數量、53歲數量、54歲數量、55歲數量、56歲數量、57歲數量、58歲數量、59歲數量、60歲數量、61歲數量、62歲數量、63歲數量、64歲數量、65歲數量、66歲數量、67歲數量、68歲數量、69歲數量、70歲數量、71歲數量、72歲數量、73歲數量、74歲數量、75歲數量、76歲數量、77歲數量、78歲數量、79歲數量、80歲數量、81歲數量、82歲數量、83歲數量、84歲數量、85歲數量、86歲數量、87歲數量、88歲數量、89歲數量、90歲數量、91歲數量、92歲數量、93歲數量、94歲數量、95歲數量、96歲數量、97歲數量、98歲數量、99歲數量、100歲以上
臺北市結婚人數按性別、年齡及婚前婚姻狀況分暨其結婚年齡之第一四分位數、中位數、第三四數與平均數,統計,依據戶籍登記資料產製統計數,年份、類別、年齡別、男方婚前婚姻狀況_總計數值、男方婚前婚姻狀況_未婚數值、男方婚前婚姻狀況_離婚/終止結婚數值、男方婚前婚姻狀況_喪偶數值、女方婚前婚姻狀況_總計、女方婚前婚姻狀況_未婚、女方婚前婚姻狀況_離婚/終止結婚、女方婚前婚姻狀況_喪偶
臺北市嬰兒出生數按生母年齡、教育程度及生育胎次分,統計,依戶籍登記資料產製統計數,年別、類別、教育程度及年齡別、生育胎次_總計、生育胎次_1胎數量、生育胎次_2胎數量、生育胎次_3胎數量、生育胎次_4胎數量、生育胎次_5胎、生育胎次_6胎、生育胎次_7胎、生育胎次_8胎、生育胎次_9胎以上
臺北市營建剩餘土石方資源處理場家統計,工務,臺北市營建剩餘土石方資源處理場家數年度統計,縣市別、縣市別代碼、類組、土資場數量、分類場數量、合計總數
臺北市109年起多元繳稅統計表,財稅,臺北市稅捐稽徵處多元繳稅統計表,年度、方式及稅目、長期約定轉帳繳稅件數、長期約定轉帳繳稅金額、paytaipei件數、paytaipei金額、信用卡及行動支付臨櫃繳稅件數、信用卡及行動支付臨櫃繳稅金額、電子支付帳戶繳稅件數、電子支付帳戶繳稅金額、信用卡繳稅件數、信用卡繳稅金額、自動櫃員機繳稅件數、自動櫃員機繳稅金額、活期存款及活期儲蓄存款帳戶繳稅件數、活期存款及活期儲蓄存款帳戶繳稅金額、便利商店繳稅件數、便利商店繳稅金額、晶片金融卡件數、晶片金融卡金額、金融機構臨櫃繳稅件數、金融機構臨櫃繳稅金額
臺北市政府財政局主導辦理都市更新案件進度表,都更,臺北市政府財政局主導辦理都市更新案件進度,序號、辦理階段、地區別、案件名稱、市有地地號、更新地區面積合計、市有地面積合計_AREA、市有地面積比率、共同負擔比率、本府更新前後應分配權利價值、備註
臺北市政府財政局與國防部政治作戰局合作開發國有土地案件一覽表,財稅,臺北市政府財政局與國防部政治作戰局合作開發國有土地案,序號、案名、地段號、面積_m2、得標權利金_億元、設定地上權期限_年、簽約日、得標人
臺北市市有土地參與都市更新完工或結案案件表,都更,臺北市市有土地參與都市更新完工或結案案件,編號、地區別、案名、更新前市有土地地號、更新後市有土地地號、更新前市有土地總面積（平方公尺）_AREA、更新單元總面積（平方公尺）_AREA、更新前市有土地面積占更新單元總面積比率、完成點交時間或領取補償金時間、本府分回房屋類型（含樓層）或領取補償金金額（元）、分回房屋使用現況、備註
臺北市農會經濟概況,農業,114年第4季臺北市農會經濟概況(單位：元)。,"項目別、總計、推廣部門、供銷部門、信用部門
"
中山堂演出訊息,文化,"演出日期：供民眾查詢演出日期起迄
演出時間：供民眾查詢演出時間起迄
節目名稱：供民眾查詢檢索節目名稱
演出單位：供民眾查詢檢索演出單位
相關網址：供民眾LINK相關網址
演出地點：供民眾查詢檢索演出地點廳別
入場方式：供民眾查詢費用與否
售票系統：供民眾查詢檢索售票系統
內容摘要：供民眾查詢檢索內容摘要",演出日期、演出時間、節目名稱、演出單位、相關網址、演出地點、入場方式、售票系統、內容摘要
臺北市政府公教人員急難貸款申請人次統計表,統計,臺北市政府年度公教人員急難貸款申請情形,"年度、合計、傷病醫護60萬、眷屬喪葬50萬、災害貸款60萬、育嬰貸款60萬、長期照護60萬、產後護理

"
臺北市政府公教人員住宅貸款貸放戶歷年賸餘戶數統計表,統計,自97年起歷年臺北市政府公教人員住宅貸款貸放戶賸餘戶數,年度、賸餘戶數、90年以前、91年、92年、93年、94年、95年
臺北市稅捐稽徵處歷年禁止及塗銷財產處分統計表,財稅,臺北市歷年禁止及塗銷財產處分統計表,年度、辦理禁處件數、辦理禁處金額元、塗銷禁處件數、塗銷禁處金額元
臺北市公有收費停車位統計表,交通,臺北市公有收費停車位統計表(路外收費、路邊收費),分區、汽車總數值（格）、機車總數值（格）、汽車路外總數值（格）、機車路外總數值（格）、汽車路邊總數值（格）、機車路邊總數值（格）
臺北市視障按摩院所名冊,勞動,本市目前視障按摩小站及曾獲選為優良按摩院之店家。,編號、年度、按摩據點名稱、地址、營業時間
臺北市自願檢視報告,環保,臺北市地方自願檢視報告,項次、年度、報告名稱、報告連結、主辦機關、日期、報告內容摘要
臺北市政府警察局處理家庭暴力績效,治安,警察局處理家庭暴力績效,年月別、受理家庭暴力案件數量、逮捕現行犯、聲請件數量、核發件數量、執行次數量、家庭暴力罪、違反保護令
臺北市政府警察局受(處)理婦幼安全事(案)件,治安,警察局受(處)理婦幼安全事(案)件,年月別、通常保護令聲請件數、通常保護令核發件數、通常保護令執行次數、暫時保護令聲請件數、暫時保護令核發件數、暫時保護令執行次數、緊急保護令聲請件數、緊急保護令核發件數、緊急保護令執行次數
臺北市政府消防局各單位通訊錄,消防,提供本府消防局局本部及各外勤大、中、分隊地址、電話、分機及傳真機號碼。,單位名稱、市話、分機、傳真機號碼、地址
臺北市使用牌照稅稅源統計表,財稅,臺北市牌照稅稅源統計表,年度、項目別、汽缸總排氣量馬達最大馬力、總計免稅輛數、總計應稅輛數、總計稅額、小客車自用/免稅輛數、小客車自用應稅輛數、小客車自用稅額、小客車營業用免稅輛數、小客車營業用應稅輛數、小客車營業用稅額、大客車免稅輛數、大客車應稅輛數、大客車稅額、貨車免稅輛數、貨車應稅輛數、貨車稅額、曳引車免稅輛數、曳引車應稅輛數、曳引車稅額、機車免稅輛數、機車應稅輛數、機車稅額
臺北市婦幼安全警示地點,統計,「婦幼安全警示地點」係指近三年來曾有民眾通報或曾發生兩造當事人為陌生關係婦幼被害案件（包括刑法妨害性自主罪、第234條公然猥褻罪、第315條之1妨害秘密罪、性騷擾防治法第25條性騷擾罪等性別暴力犯罪）於道路、公園及廣場之公共場所、路段，經警察機關依轄區特性評估確為應提醒婦女、兒童及少年等弱勢族群注意安全，防範被害之地點。,編號、縣市別代碼、地點位置、管轄分局、郵遞區號、備註
臺北市各項預防接種合約醫療院所,醫療,臺北市各項預防接種合約醫療院所。,序號、行政區、院所名稱、卡介苗門診、幼兒常規、幼兒流感3歲以下、幼兒流感3歲以上、成人流感、COVID-19、肺炎鏈球菌、輪狀病毒、M痘門診、腸病毒門診、地址、電話、語音預約
臺北市各等營造業家數統計數,工務,"各季統計數
",等別、綜合營造業家數總計（數量）、技師總計（數量）、甲等家數（數量）、甲等技師（數量）、乙等家數（數量）、乙等技師（數量）、丙等家數（數量）、丙等技師（數量）、專業家數（數量）、專業技師（數量）、土木家數（數量）
臺北市災害通報一覽表,消防,臺北市各區災害通報聯繫資訊,"單位、市話、分機、傳真、資料更新年度
"
臺北市政府公務統計報表檔案連結,統計,臺北市政府公務統計報表,年度、報表類型、報表名稱、統計日期、檔案網址
臺北市歷年災害應變中心開設資料,消防,臺北市81年起迄今災害應變中心開設資料，各類災害於開設期間災情案件統計相關資訊,年度、災情名稱、成立時間、撤除時間、災情
臺北市政府地政局職員概況（教育程度）,統計,提供本機關職員教育程度分布概況，包含簡薦委任及政務人員。,機關名稱、資料截止日期、人員類別或官等、性別、合計人數、博士人數、碩士人數、大學人數、專科人數、高中或高職人數、國中初中初職以下人數
臺北市政府地政局職員概況(年齡),統計,提供本機關職員年齡分布概況，包含簡薦委任，至政務人員因為僅1人，為保護當事人個資，不便提供。,機關名稱、資料截止日期、人員類別或官等、性別、合計人數、未滿20歲人數、20歲以上-未滿25歲人數、25歲以上-未滿30歲人數、30歲以上-未滿35歲人數、35歲以上-未滿40歲人數、40歲以上-未滿45歲人數、45歲以上-未滿50歲人數、50歲以上-未滿55歲人數、55歲以上-未滿60歲人數、60歲以上-未滿65歲人數、65歲以上人數、平均歲數
臺北市災害搶救實務研習班,消防,提供每年臺北市消防人員災害搶救講習訓練人次統計資料,縣市代碼 、機關代碼、年度、區別、人數
臺北市政府消防局捐款專戶經費收支公告,消防,臺北市政府消防局捐款專戶內相關經費收支，依規定經委員會審議後每半年公告1次。,日期、捐款人、捐款指定用途或支用項目說明、上期餘額、本期收入金額、本期支出金額、專戶餘額、預定支用金額、可支用餘額
臺北市政府消防局消防裝備器材捐贈名冊,消防,臺北市政府消防局各年度消防裝備器材捐贈名冊,項次編號、捐贈者、具體事蹟、捐贈金額、受獎人數、提報單位、備註
臺北市直升機起降點點位資料,消防,臺北市每季直升機起降點位資料。,項次編號、行政區代碼、起降點名稱、地址、經度座標、緯度座標、面積、標高、地面狀況概述、適合起降機種、場內障礙說明、場外障礙說明、其他飛安顧慮、管理單位、管理單位聯絡電話、分機、轄區消防大隊名稱、轄區消防大隊聯絡電話、轄區消防分隊、連絡電話、派出所名稱、聯絡電話、分機、鄰近醫院、無線電呼叫頻率、勘查時間、目前是否可起降
臺北市車輛申報停止使用統計表按車輛類別區分,財稅,臺北市臺北市車輛申報停止使用統計表-按車輛類別區分,縣市別代碼、機關代號、車輛類別、輛數、停徵金額
臺北市庇護工場名冊,勞動,臺北市庇護工場通訊資料,編號、年度、工場名稱、營業項目、聯絡人、地址、電話、統一編號
臺北市性別友善廁所點位資訊,社福,提供臺北市性別友善廁所地圖點位資訊,編號、類型、廁所名稱、廁所地址、緯度、經度、管理單位、坐式便器設置數量、蹲式便器設置數量、小便器設置數量、洗手台設置數量、無障礙坐式便器設置數量、無障礙小便器設置數量、無障礙洗手台設置數量、兒童馬桶、兒童小便器、兒童洗面盆、兒童安全座椅、尿布臺、求救警鈴、更衣平台、照護床、備註
北美館典藏目錄,文化,臺北市立美術館典藏基本資訊說明,"分類號、作者、品名、創作年代、媒材技術、尺寸、CountyCode、機關代碼
"
臺北市水利處歷史日雨量,水利,提供臺北市設置雨量站之歷史每日雨量，雨量單位為毫米，資料格式提供CSV。,站名、年月、1日雨量、2日雨量、3日雨量、4日雨量、5日雨量、6日雨量、7日雨量、8日雨量、9日雨量、10日雨量、11日雨量、12日雨量、13日雨量、14日雨量、15日雨量、16日雨量、17日雨量、18日雨量、19日雨量、20日雨量、21日雨量、22日雨量、23日雨量、24日雨量、25日雨量、26日雨量、27日雨量、28日雨量、29日雨量、30日雨量、31日雨量
臺北市工廠申報進口一般工業用油脂流向名冊,經濟,提供臺北市工廠申報進口一般工業用油脂流向申報廠商資訊。,序號、申報工廠名稱、申報產品名稱、申報資料是否完整、備註、縣市、縣市代碼
臺北市特定工廠清冊,經濟,提供臺北市特定工廠資料。,序號、工廠名稱、登記編號、工廠現況、廠址、負責人姓名、產業類別/2碼＿中類、登記核准日期
臺北市工廠產業類別及行政區域家數,經濟,臺北市工廠工廠登記家數按產業類別及行政區域分。,產業類別\行政區別、松山區、信義區、大安區、中山區、中正區、大同區、萬華區、文山區、南港區、內湖區、士林區、北投區
臺北市契稅查定,財稅,臺北市契稅查定（每季）,項目別、本季查定應稅件數、本季查定免稅件數、本季查定應稅契價、本季查定免稅契價、本季查定應稅本稅、本季查定免稅本稅、截至本季底止累計查定應稅件數、截至本季底止累計查定免稅件數、截至本季底止累計查定應稅契價、截至本季底止累計查定免稅契價、截至本季底止累計查定應稅本稅、截至本季底止累計查定免稅本稅
臺北市中小企業融資貸款,經濟,臺北市中小企業融資貸款。,期間、申請件數-累計、核准件數-累計、核准金額-累計-萬元、備註
臺北市中正區各里簡易疏散避難地圖資訊,民政,提供臺北市中正區各里簡易疏散避難地圖資訊。,District(區)、AreaCode(行政區域代碼)、Village(里)、Language(語系)、FILE_URL(圖檔連結網址)
臺北市戶政受理案件年報,民政,臺北市各區戶政受理案件年報統計表,區域別、發給國民身分證件數、填發戶口名簿件數、核發戶籍謄本件數、辦理印鑑件數、門牌_總計件數、門牌_編釘門牌件數、門牌_里鄰整編改註戶數件數、門牌_門牌證明件數、更正戶籍登記出生年月日件數、更改姓名件數
臺北市政府各機關學校聯絡資訊,民政,臺北市政府各機關學校之總機與地址,機關代碼、機關名稱、總機電話一、總機電話二、傳真、郵遞區號、地址
臺北市農村再生各社區資源一覽表,農業,臺北市農村再生各社區資源一覽表。,序號、行政區域代碼、行政區、社區名稱、農業鏈資源（代表物）、生態鏈資源（代表物）、旅遊鏈資源（代表物）、文化鏈資源（代表物）、組織鏈資源（代表物）
臺北市政府標章農產品抽檢清冊,農業,自108年度起臺北市政府標章農產品抽檢清冊。,年度、類別、項目、抽驗件數/場、合格[件/場]、不合格[件/場]、合格率
臺北市農作物天然災害損失救助概況,農業,臺北市農作物天然災害損失救助概況(單位:公頃；千元)。,序號、災害名稱、核定面積、救助金額、備註
臺北花博公園展館資訊,農業,花博公園展館資訊。,序號、場館名稱、活動名稱、主辦單位、租[借]用開始時間 、租[借]用結束時間、人次
臺北市溫泉監測井圖,經濟,臺北市溫泉監測井圖。,WELLNO(井位編號)、HAS(所屬溫泉區)、X(X坐標-TWD97)、Y(Y坐標-TWD97)、Z(海拔高度)、DEPTH(深度)、LOCATION(位置)、YEAR(年度)、X67(X坐標-TWD67)、Y67(Y坐標-TWD67)
臺北市騎樓整平工程完成路段表,工務,91至105年臺北市騎樓整平工程完成路段表,MAP_COOR_I、GFL_NUMB、GFL_ZONE、GFL_LIE、GFL_ROAD、GFL_RANGE、GFL_LENGTH、GFL_FDATE、GFL_EDATE、GFL_UNIT1、GFL_UNIT2、width、slope、Accessible
臺北自來水事業處無障礙設施資料表,社福,臺北自來水事業處無障礙設施項目、地點、地址、數量及聯絡人等資料,"項次編號、無障礙廁所設施項目、設施地點、設施地址、數量、聯絡人
"
臺北自來水事業處漏水率資訊,水利,自來水處歷年漏水率資料,項次、機關名稱、年度、漏水率、備註
臺北自來水事業處用戶水表統計表,統計,臺北自來水事業處用戶各年度各口徑水表統計表,年度/口徑、13mm數量、20mm數量、25mm數量、40mm數量、50mm數量、75mm數量、100mm數量、150mm數量、200mm數量、250mm數量、300mm數量、合計
臺北市防空避難設備資料集,統計,臺北市防空避難設備統計,序號、機關代碼、分局別、容量總計人數、防空避難設備數量
臺北市政府各機關公務車輛數統計,統計,本資料集為臺北市政府各機關公務車輛數統計,機關名稱、一般公務車數量、特種車數量、一般機車數量、特種機車數量
臺北市政府暨所屬各機關公務車輛違規案件數量統計,統計,該統計為公務車（含特種車），不包含機車。,縣市代碼、縣市別、機關代碼、機關名稱、違規案件數量
臺北市溫泉露頭區公告範圍圖,經濟,臺北市溫泉露頭區公告範圍圖。,NO(編號)、NAME(名稱)、AREA(區域面積)、REMARK(區域說明)
臺北市消費者物價購買頻度別年指數,統計,臺北市消費者物價購買頻度別年指數時間數列統計資料,縣市別代碼、年別、購買頻度別、原始值[統計數值]、年增率[%]
臺北市消費者物價商品性質分類年指數,統計,"臺北市消費者物價商品性質分類年指數時間數列統計資料
","縣市別代碼、年別、商品性質別分類、原始值[統計數值]、年增率[%]
"
臺北市消費者物價特殊分類年指數,統計,臺北市消費者物價特殊分類年指數時間數列統計資料,縣市別代碼、年別、特殊分類、原始值[統計數值]、年增率[%]
臺北市社區治安會議辦理情形統計表,治安,警察局受理分局之社區治安會議辦理情形統計表,場次SEQNO、年度、月份、會議日期、會議時間、會議主持人、召開單位、與會人數男、與會人數女、參與會議人士、警察局高層訪視人員
臺北市消費者物價指數基本分類年指數,統計,臺北市消費者物價指數基本分類年指數時間數列統計資料,縣市別代碼、年別、基本分類、原始值[統計數值]、年增率[%]
臺北市所得層級別消費者物價年指數,統計,臺北市所得層級別消費者物價年指數時間數列統計資料,縣市別代碼、年別、所得層級別、基本分類、原始值[統計數值]、年增率[%]
臺北市開業不動產估價師名冊,地政,臺北市開業不動產估價師名冊相關資訊,姓名、開業證書字號、有效期限、事務所名稱、事務所地址、事務所電話
臺北市政府台北服務通申辦服務及承辦單位資訊,資訊,臺北市政府台北服務通所提供之申辦服務及承辦單位資訊,"案件類別、上級機關、案件權責機關、案件編號、案件排序、案件名稱、承辦單位、申辦方式、新增日期、更新日期
"
臺北市公告禁菸場所,醫療,臺北市公告戶外禁菸場所、無菸公園綠地一覽表。,項次、縣市別代碼、行政區、公園名稱、位置、序號、行政區別、場所名稱、公告禁菸日期、縣市別、縣市別代碼、行政區、地點、地址、X、Y
「臺北市學齡前兒童整合性社區篩檢服務」合約醫療院所,醫療,「臺北市學齡前兒童整合性社區篩檢服務」合約醫療院所.,序號、醫院名稱、連絡電話、郵遞區號、地址
臺北市學童高度近視防治眼科合約院所,醫療,臺北市學童高度近視防治眼科合約院所。,"行政區、醫療院所、地址、電話、其他聯絡方式
"
臺北市糖尿病共照網醫事機構名單,醫療,臺北市糖尿病共照網醫事機構名單。,序號、行政區域代碼、醫事機構名稱、醫事機構電話、醫事機構地址
臺北市好孕胸章索取地點及電話一覽表,醫療,臺北市好孕胸章索取地點及電話一覽表。,區別、機構名稱、領取點、地址、電話
臺北市學前兒童聽力篩檢成果,醫療,"學前兒童聽力篩檢成果
",項目、全年應篩檢人數、實際篩檢人數、篩檢_疑似陽性個案數、篩檢_疑似異常率、複檢人數合計、複檢人數_正常、複檢人數_異常、尚未複檢人數、複檢異常率
臺北市母嬰親善醫療院所,醫療,臺北市母嬰親善醫療院所。,項次、行政區代碼、院所名稱、地址、效期
臺北市孕婦乙型鏈球菌篩檢補助特約院所名單,醫療,臺北市孕婦乙型鏈球菌篩檢補助特約院所名單。,序號、醫事服務機構名稱、行政區域代碼、縣市別代碼、醫事機構地址
臺北市糖尿病健康促進機構名單,醫療,臺北市糖尿病健康促進機構名單。,序號、行政區域代碼、醫院名稱、住址、醫院層級
臺北市腎臟病健康促進機構名單,醫療,臺北市腎臟病健康促進機構名單。,序號、申請院所、縣市別、郵遞區號、地址
臺北市新生兒聽力篩檢成果,醫療,臺北市新生兒聽力篩檢成果表,項目、全年應篩檢人數、實際篩檢人數、篩檢陽性個案數、篩檢陽性率、確診人數合計、確診人數_正常、確診人數_異常、尚未確診人數、確診率
臺北市身心障礙者醫療輔具及醫療費用補助申請方式,醫療,臺北市身心障礙者醫療輔具及醫療費用補助申請方式。,序號、資料集名稱、相關資料、檔案格式、更新日期
臺北市出院準備銜接長照2.0合作醫院,醫療,臺北市出院準備銜接長照2.0合作醫院。,行政區、單位名稱、主要連絡人、連絡人電話、分機、手機、據點位置
臺北市社區復健計畫,醫療,社區復健計畫。,服務單位名稱、電話、分機、手機、地址
臺北市政府衛生局化粧品年度抽驗結果,統計,臺北市政府衛生局化粧品年度專案抽驗結果,序號、抽驗日期、來源廠商名稱、產品名稱、檢驗結果、標示及登錄查核結果
臺北市藥政管理統計資料,醫療,"藥政管理統計資料
",項次、資料集名稱、內容、相關資訊、更新日期
臺北市居家用藥安全檢查暨廢棄藥物檢收站名單,醫療,有關112年度居家用藥安全檢查暨廢棄藥物檢收站名單資料。,序號、類別、檢收站名稱、地址、電話、分機
臺北市麻醉科醫療機構,醫療,有關臺北市麻醉科醫療機構資料。,序號、機構名稱、郵遞區號、地址、電話
臺北市耳鼻喉科醫療機構,醫療,有關臺北市耳鼻喉科醫療機構欄位。,序號、機構名稱、郵遞區號、地址、電話
臺北市物理治療所,醫療,臺北市物理治療所。,序號、機構名稱、郵遞區號、地址、電話
臺北市齒顎矯正科醫療機構,醫療,有關臺北市齒顎矯正科醫療機構資料。,序號、機構名稱、郵遞區號、地址、電話
臺北市醫事放射所,醫療,臺北市醫事放射所。,序號、機構名稱、行政區域代碼、郵遞區號、地址
臺北市婦產科醫療機構,醫療,有關臺北市婦產科醫療機構資料。,序號、機構名稱、郵遞區號、地址、電話
臺北市皮膚科醫療機構,醫療,有關臺北市皮膚科醫療機構資料。,序號、機構名稱、郵遞區號、地址、電話
臺北市放射診斷科醫療機構,醫療,有關臺北市放射診斷科醫療機構資料。,序號、機構名稱、郵遞區號、地址、電話
臺北市違反醫療法規裁處確定案件,醫療,違反醫療法規裁處確定案件。,序號、日期、違規類型、違規來源、違反事實
臺北市驗光所,醫療,臺北市驗光所。,序號、機構名稱、郵遞區號、地址、電話
臺北市外科醫療機構,醫療,有關臺北市外科醫療機構資料。,序號、機構名稱、郵遞區號、地址、電話
臺北市神經外科醫療機構,醫療,有關臺北市神經外科醫療機構資料。,序號、機構名稱、行政區域代碼、郵遞區號、地址
臺北市牙體技術所,醫療,臺北市牙體技術所。,序號、機構名稱、行政區域代碼、郵遞區號、地址
臺北市眼科醫療機構,醫療,有關臺北市眼科醫療機構資料。,序號、機構名稱、郵遞區號、地址、電話
臺北市急診醫學科醫療機構,醫療,有關臺北市急診醫學科醫療機構資料。,序號、機構名稱、郵遞區號、地址、電話
臺北市骨科醫療機構,醫療,有關臺北市骨科醫療機構資料。,序號、機構名稱、行政區域代碼、郵遞區號、地址
臺北市美容醫學業務醫療機構113年督考統計,醫療,有關臺北市美容醫學業務醫療機構113年督考統計資料,序號、縣市別、行政區、機構代碼、診所名稱
臺北市兒童牙科醫療機構,醫療,有關臺北市兒童牙科醫療機構資料。,序號、機構名稱、郵遞區號、地址、電話
臺北市口腔病理科醫療機構,醫療,有關臺北市口腔病理科醫療機構資料。,序號、機構名稱、郵遞區號、地址、電話
臺北市語言治療所,醫療,臺北市語言治療所。,序號、機構名稱、郵遞區號、地址、電話
臺北市復健科醫療機構,醫療,有關臺北市復健科醫療機構資料。,序號、機構名稱、縣市別代碼、行政區域代碼、地址
臺北市牙醫一般科醫療機構,醫療,有關臺北市牙醫一般科醫療機構資料。,序號、機構名稱、郵遞區號、地址、電話
臺北市血液透析醫療機構,醫療,有關臺北市血液透析醫療機構資料。,序號、機構名稱、郵遞區號、地址、電話
臺北市內科醫療機構,醫療,有關臺北市內科醫療機構資料。,序號、機構名稱、郵遞區號、地址、電話
臺北市公私立醫療院所,醫療,全區醫院、診所,縣市別代碼、分類、機構名稱、行政區、地址、經度、緯度、行政區域代碼、機構名稱、地址、經度、緯度
臺北市職能治療所,醫療,臺北市職能治療所。,序號、郵遞區號、機構名稱、地址、電話
臺北市口腔顎面外科醫療機構,醫療,有關臺北市口腔顎面外科醫療機構資料。,序號、機構名稱、郵遞區號、地址、電話
臺北市中醫一般科醫療機構,醫療,有關臺北市中醫一般科醫療機構資料。,序號、機構名稱、郵遞區號、地址、電話
臺北市整形外科醫療機構,醫療,有關臺北市整形外科醫療機構資料。,序號、機構名稱、郵遞區號、地址、電話
臺北市臨床病理科醫療機構,醫療,有關臺北市臨床病理科醫療機構資料。,序號、機構名稱、行政區域代碼、郵遞區號、地址
臺北市核子醫學科醫療機構,醫療,有關臺北市核子醫學科醫療機構資料。,序號、機構名稱、郵遞區號、地址、電話
臺北市醫療違規裁處案件統計,醫療,臺北市醫療違規裁處案件統計。,項次、裁處書日期、違規情節、罰鍰金額數、罰則註記
臺北市生技廠商企業名錄,經濟,臺北市生技廠商企業名錄。,"單位名稱、統一編號、負責人、登記地址、公司電話、產業範疇、位置X座標(經度)、位置Y座標(緯度)
"
臺北市放射腫瘤科醫療機構,醫療,有關臺北市放射腫瘤科醫療機構資料。,序號、機構名稱、郵遞區號、地址、電話
臺北市解剖病理科醫療機構,醫療,有關臺北市解剖病理科醫療機構資料,序號、機構名稱、郵遞區號、地址、電話
臺北市政府所屬各機關議會協調案件統計表,統計,臺北市政府各機關受理議會協調案件件數統計,機關名稱、總件數、已答覆件數、未答覆件數、逾期件數
臺北市有線電視基本頻道每月收視費用上限,資訊,公告臺北市有線電視基本頻道收視費用與其他相關事項,資料項目、陽明山及新台北及金頻道及大安文山有線電視費用、麗冠及長德及萬象及數位天空及聯維及寶福有線電視費用、北都數位有線電視費用、網址、縣市名稱、縣市代碼
臺北市泌尿科醫療機構,醫療,有關臺北市泌尿科醫療機構資料。,序號、機構名稱、行政區域代碼、郵遞區號、地址
臺北市神經科醫療機構,醫療,有關臺北市神經科醫療機構資料。,序號、機構名稱、行政區域代碼、郵遞區號、地址
臺北市X光檢查醫療機構,醫療,有關臺北市X光檢查醫療機構資料。,序號、機構名稱、郵遞區號、地址、電話
臺北市西醫一般科醫療機構,醫療,有關臺北市西醫一般科醫療機構資料。,序號、機構名稱、郵遞區號、地址、電話
臺北市違章建築處理資料,工務,臺北市違章建築處理資料查詢,縣市別、縣市別代碼、系統名稱、連結網址、說明
臺北市家庭醫學科醫療機構,醫療,有關臺北市家庭醫學科醫療機構資料。,序號、機構名稱、郵遞區號、地址、電話
臺北市醫事人員執業登記統計,醫療,臺北市醫事人員執業登記統計。,"序號、資料日期、醫事人員類別、縣市別、執業登記人數
"
臺北市醫療收費標準,醫療,醫療收費標準。,資料項目、相關資料、更新時間、上傳日期、檔案資料
臺北市兒科醫療機構,醫療,有關臺北市兒科醫療機構資料。,序號、機構名稱、郵遞區號、地址、電話
臺北市醫事檢驗所,醫療,臺北市醫事檢驗所。,序號、機構名稱、郵遞區號、地址、電話
臺北市精神醫療院所,醫療,臺北市精神醫療院所。,序號、行政區、醫院名稱、地址、電話
臺北市政府社會住宅包租代管媒合統計資料,社福,本府歷年社會住宅包租代管媒合統計資料,項次、統計年度、行政區、行政區代碼、媒合戶數
臺北市精神衛生行政工作執行成果表,醫療,精神衛生行政工作執行成果表。,縣市別、總人口數、上半年目前管理個案數、本年目前管理個案數、領具精神障礙手冊證明人數、一級管理個案人數、二級管理個案人數、三級管理個案人數、四級管理個案人數、五級管理個案人數、未分級管理個案人數、更多相關資訊
臺北市政府衛生局水質抽驗結果,資訊,臺北市政府衛生局水質抽驗結果。,序號、資料項目名稱、相關資料、更新日期、檔案格式
臺北市違反台北市營業衛生管理自治條例違規案件,醫療,違反台北市營業衛生管理自治條例違規案件。,項次、日期、違規情節、罰鍰金額數、罰則註記
臺北市113年度公費流感疫苗接種量,醫療,"113年度之公費流感疫苗(含114年2月20日增購及獲贈疫苗)已全數用罄。
114年度流感疫苗預計於10月1日起開打。",序號、年度、接種量、縣市別、縣市別代碼
114年臺北市農曆春節傳染病特別門診,醫療,114年臺北市農曆春節傳染病特別門診。,資料集名稱、目的、醫院共計開設數、診次、相關資訊
臺北市國小新生學童預防接種檢查與補種工作手冊,醫療,有關臺北市國小新生學童預防接種檢查與補種工作手冊資料。,編號、資料集名稱、機關、相關資訊、更新日期
臺北市外國人健檢指定醫院名單,醫療,外國人健檢指定醫院名單。,"編號、醫院名稱、縣市別代碼、指定效期、地址
"
臺北市公費流感抗病毒藥劑合約院所,醫療,臺北市公費流感抗病毒藥劑合約院所。,"十碼章、醫院名稱、縣市別、行政區、地址、連絡電話
"
臺北市輪狀病毒疫苗補助特約院所名單,醫療,臺北市輪狀病毒疫苗補助特約院所名單。,行政區、院所、機構類別、院所名稱、地址、電話、語音預約
臺北市75歲以上長者肺炎鏈球菌疫苗特約醫療院所名單,醫療,有關臺北市75歲以上長者肺炎鏈球菌疫苗特約醫療院所名單資料。,序號、行政區域代碼、院所名稱、地址、電話
臺北市法定傳染病確定病例年齡別、性別及行政區別,醫療,臺北市法定傳染病確定病例-年齡別、性別及行政區別。,資料集名稱、相關資訊、檔案格式、更新時間、上傳日期
臺北市辦理受聘僱外國人（移工）定期健康檢查統計,統計,辦理受聘僱外國人（移工）定期健康檢查統計。,國別、健檢總人數、合格健檢總人數、不合格健檢總人數、健檢不合格率、依規定健檢總人數、依規定健檢合格人數、依規定健檢不合格人數、逾期健檢總人數、逾期健檢合格人數、逾期健檢不合格人數、六個月定期健康檢查總人數、六個月定期健康檢查合格人數、六個月定期健康檢查不合格人數、六個月定期健康檢查不合格率、六個月依規定定期健康檢查總人數、六個月依規定定期健康檢查合格人數、六個月依規定定期健康檢查不合格人數、六個月逾期健康檢查總人數、六個月逾期健康檢查合格人數、六個月逾期健康檢查不合格人數、十八個月定期健康檢查相關資料、三十個月定期健康檢查相關資料、歷年相關資料
臺北市鄰界圖,民政,為配合政府資訊公開政策，俾利業務上運用地理資訊， 特將本市12行政區，456個里下之各鄰界加以建置GIS圖層供各公務機關或相關單位參考使用，本項資料所採用座標系統為TWD97。,SECT_NAME、SECT_CODE、LIE_NAME、LIE_CODE、LI_NO、SDFKEY、SDFNAME
臺北市政府iVoting民眾提案總量,民政,各年度i-Voting民眾提案(含檢核通過、未通過、自行撤案、附議數)總量,序號、案號、提議名稱、提議內容、提議日期、類別、提議狀態、檢核不通過主因、附議數、未成案原因
臺北市政府出版品目錄,文化,民國100年後本府政府出版品目錄,資料集編號、資料集名稱、主題分類、資料集描述、資料集提供機關、上架時間、更新頻率、計費方式、資料集提供機關聯絡人電話、資料集提供機關聯絡人電子郵件、編/著/譯者、出版日期、出版品類別、出版品概述、出版品統一編號（ＧＰＮ）、相關國際編號、語言別、展售處、授權資訊、電子書或相關網址、封面圖片網址
臺北市政府委託研究案建議事項採行情形,資訊,本府委託研究案建議事項採行情形,年度、標題、連結網址、研究案數、更新時間
「1999臺北市民當家熱線」話後滿意度調查 ( 1999整體 ),統計,1999整體話後滿意度調查,序號、年、季、滿意程度、百分比
「1999臺北市民當家熱線」話後滿意度調查 ( 話務人員 ),統計,話務人員話後滿意度調查,序號、年、季、滿意程度、百分比
臺北市政府電視新聞統計週報,統計,臺北市政府電視新聞統計十大輿情週報,期間、排名、新聞標題、數量、彙整機關代碼
臺北市健康服務中心,醫療,各區健康服務中心。,健康服務中心名稱、行政區、地址、電話、網址
臺北市道路交通音量監測不合格情形,環保,臺北市交通音量監測每季不合格情形,期間、管制區、總計監測站數、總計不合格時段數、總計不合格率、日間不合格站數、日間不合格率、晚間不合格站數、晚間不合格率、夜間不合格站數、夜間不合格率
臺北市一般地區環境音量監測不合格情形,環保,臺北市一般環境音量監測每季不合格情形,期間、管制區、總計監測站數、總計不合格時段數、總計不合格率、日間不合格站數、日間不合格率、晚間不合格站數、晚間不合格率、夜間不合格站數、夜間不合格率
臺北市士林、北投區已登記公私有土地筆數面積統計表,地政,統計臺北市士林區、北投區已登記公私有土地面積及筆數資料,區域別、已登記公私有土地面積公頃、已登記公有土地面積公頃、已登記私有土地面積公頃、已登記公私共有土地面積公頃、已登記公私有土地筆數、已登記公有土地筆數、已登記私有土地筆數、已登記公私共有土地筆數
臺北市政府住宅審議會委員名單,工務,本資料係第四屆臺北市政府住宅審議會委員名單及現職資料。,項次、職稱、類別、姓名、性別、性別代碼、現職
臺北市水利處主集水區,水利,臺北市(原百齡集水區因士林北投區段徵收工程再切分出文林集水區、洲美集水區)之分布範圍及屬性資料表，提供KML檔案格式,PS1_REGION(集水區名稱)、PS1_NAME(抽水站名稱)、SHAPE_AREA(集水區面積)、AreaCode、AgencyCode
臺北市雨水下水道管線資料,工務,管線圖資及屬性資料KML檔案格式,管線編號、主集水區、下水道型式、下水道種類、管線類別、材質、寬度（m）、高度（m）、長度（m）、坡度、上游覆土深、下游覆土深、覆土深度、上游管頂高、下游管頂高、上游管底高、下游管底高、管線頂寬度、管線底寬度、涵管條數、建立人員、建立時間
臺北市水利處雨水下水道人孔資料,工務,雨水下水道人孔圖資及屬性資料提供CSV檔,圖幅編號、人孔編號、X坐標、Y坐標、主集水區名稱、行政區、行政里、道路名稱、人孔蓋型式、人孔種類、箱涵屬性、設計流量、使用狀態、資料狀態、人孔深度、人孔尺寸長度、人孔尺寸寬度、人孔頂標高、人孔頂路面寬、地盤標高
臺北市社會福利工作人員數,統計,臺北市社會福利工作人員數時間數列統計資料,統計期、性別、總計[人]、總計/公部門[人]、總計/私部門[人]、總計/具社工師執業執照[人]、總計/具原住民身分[人]、身心障礙福利機構團體[人]、身心障礙福利機構團體/公部門[人]、身心障礙福利機構團體/私部門[人]、身心障礙福利機構團體/具社工師執業執照[人]、身心障礙福利機構團體/具原住民身分[人]、老人及長期照顧福利機構團體[人]、老人及長期照顧福利機構團體/公部門[人]、老人及長期照顧福利機構團體/私部門[人]、老人及長期照顧福利機構團體/具社工師執業執照[人]、老人及長期照顧福利機構團體/具原住民身分[人]、兒少婦女及家庭福利機構團體[人]、兒少婦女及家庭福利機構團體/公部門[人]、兒少婦女及家庭福利機構團體/私部門[人]、兒少婦女及家庭福利機構團體/具社工師執業執照[人]、兒少婦女及家庭福利機構團體/具原住民身分[人]、學校[人]、學校/公部門[人]、學校/私部門[人]、學校/具社工師執業執照[人]、學校/具原住民身分[人]、醫事機構[人]、醫事機構/公部門[人]、醫事機構/私部門[人]、醫事機構/具社工師執業執照[人]、醫事機構/具原住民身分[人]、矯正機關[人]、矯正機關/公部門[人]、矯正機關/私部門[人]、矯正機關/具社工師執業執照[人]、矯正機關/具原住民身分[人]、社工師事務所及公會協會學會[人]、社工師事務所及公會協會學會/公部門[人]、社工師事務所及公會協會學會/私部門[人]、社工師事務所及公會協會學會/具社工師執業執照[人]、社工師事務所及公會協會學會/具原住民身分[人]、地方政府[人]、地方政府/公部門[人]、地方政府/私部門[人]、地方政府/具社工師執業執照[人]、地方政府/具原住民身分[人]、其他[人]、其他/公部門[人]、其他/私部門[人]、其他/具社工師執業執照[人]、其他/具原住民身分[人]
臺北市萬華、中正、大同區已登記公私有土地筆數面積統計表,地政,統計臺北市建成地政事務所轄區內已登記公私有土地之面積及筆數,民國年、縣市、縣市別代碼、區域別、行政區域代碼、已登記公私有土地面積公頃、已登記公有土地面積公頃、已登記私有土地面積公頃、已登記公私共有土地面積公頃、已登記公私有土地筆數、已登記公有土地筆數、已登記私有土地筆數、已登記公私共有土地筆數
臺北市替代役役男家屬各項扶(慰)助經費統計表,統計,臺北市替代役役男家屬各項扶(慰)助經費統計,年、季、鄉鎮市區別、身分別、合計件數、合計金額、一次安家費件數、一次安家費金額、三節生活扶助金件數、三節生活扶助金金額、生育補助金件數、生育補助金金額、喪葬補助金件數、喪葬補助金金額、急難慰助金件數、急難慰助金金額、健保補助費件數、健保補助費金額、醫療補助費件數、醫療補助金額、傷殘安養津貼件數、傷殘安養津貼金額
臺北市常備兵役役男家屬各項扶(慰)助經費統計表,統計,臺北市常備兵役役男家屬各項扶(慰)助經費統計,年、季、鄉鎮市區別、身分別、合計件數、合計金額、一次安家費件數、一次安家費金額、三節生活扶助金件數、三節生活扶助金金額、生育補助金件數、生育補助金金額、喪葬補助金件數、喪葬補助金金額、急難慰助金件數、急難慰助金金額、健保補助費件數、健保補助費金額、醫療補助費件數、醫療補助金額
臺北市替代役役男家屬安家費暨三節生活扶助金統計表,統計,臺北市替代役役男家屬安家費暨三節生活扶助金統計,年、月、鄉鎮市區別、役別、合計發給戶數、合計發給口數、合計金額、一次安家費小計發給戶數、一次安家費小計發給口數、一次安家費小計金額、一次安家費甲級發給戶數、一次安家費甲級發給口數、一次安家費甲級金額、一次安家費乙級發給戶數、一次安家費乙級發給口數、一次安家費乙級金額、一次安家費丙級發給戶數、一次安家費丙級發給口數、一次安家費丙級金額、三節生活扶助金小計發給戶數、三節生活扶助金小計發給口數、三節生活扶助金小計金額、三節生活扶助金甲級發給戶數、三節生活扶助金甲級發給口數、三節生活扶助金甲級金額、三節生活扶助金乙級發給戶數、三節生活扶助金乙級發給口數、三節生活扶助金乙級金額、三節生活扶助金丙級發給戶數、三節生活扶助金丙級發給口數、三節生活扶助金丙級金額
臺北市常備兵役役男家屬安家費暨三節生活扶助金統計表,統計,臺北市常備兵役役男家屬安家費暨三節生活扶助金統計,年、月、鄉鎮市區別、身分別、合計發給戶數、合計發給口數、合計金額、一次安家費小計發給戶數、一次安家費小計發給口數、一次安家費小計金額、一次安家費甲級發給戶數、一次安家費甲級發給口數、一次安家費甲級金額、一次安家費乙級發給戶數、一次安家費乙級發給口數、一次安家費乙級金額、一次安家費丙級發給戶數、一次安家費丙級發給口數、一次安家費丙級金額、三節生活扶助金小計發給戶數、三節生活扶助金小計發給口數、三節生活扶助金小計金額、三節生活扶助金甲級發給戶數、三節生活扶助金甲級發給口數、三節生活扶助金甲級金額、三節生活扶助金乙級發給戶數、三節生活扶助金乙級發給口數、三節生活扶助金乙級金額、三節生活扶助金丙級發給戶數、三節生活扶助金丙級發給口數、三節生活扶助金丙級金額
臺北市北投垃圾焚化廠營運管理及環境品質監測報告,環保,"本資料集涵蓋北投垃圾焚化廠（以下簡稱本廠）營運操作之處理物來源及產出物統計：如垃圾進廠量、焚化量、底渣及飛灰產生量，以及進出本廠之清運車輛、廚餘進廠量等統計數據。
 另外亦針對本廠污染防制之作為如：廢氣、水污染、噪音、底渣灼燒減量、飛灰及底渣穩定化物重金屬及戴奧辛等項目，進行監控防制與相關數據統計報告。 本廠敦親睦鄰及回饋設施之使用人數亦一併收集於本資料集之中 ",DataSN、ArticleType、FileName、Link、Source、title、內容、日期時間、相關檔案、title、url、相關連結、相關圖片、相關影音、發布單位
臺北市年度建築物公共安全檢查簽證及申報核准備查件數,工務,臺北市辦理年度建築物公共安全簽證及申報案件數量,類組、107年度/件（數量）、108年度/件（數量）、109年度/件（數量）、110年度/件（數量）、111年度/件（數量）、112年度/件（數量）、113年度/件（數量）、114年度/件（數量）
臺北市內湖區各里簡易疏散避難地圖資訊,民政,提供臺北市內湖區各里簡易疏散避難圖資訊。,District(區)、AreaCode(行政區域代碼)、Village(里)、Language(語系)、FILE_URL(圖檔連結網址)
臺北市土地公告現值及公告地價,地政,臺北市公告現值及公告地價(係為產製當時之資料，後續因土地分割、合併等致地價變動，可利用臺北市地政雲(https://cloud.land.gov.taipei/index.aspx)不動產價格資訊所提供「地價查詢」服務查詢即時地價功能，該系統會同步更新土地分割或合併後之地價資料；公告現值於每年1月1日公告，公告地價每2年公告1次，必要時得延長。),縣市別、行政區、段小段、地號(00010000地號為1地號、00010001地號為1-1地號)、公告土地現值（新臺幣元每平方公尺）、公告地價（新臺幣元每平方公尺）
臺北市執業中租服業者名冊,地政,在臺北市執業中租服業者的名稱、登錄號碼,縣市、縣市代碼、機關代碼、登錄號碼、租賃業名稱
臺北市立美術館108年至114年展覽資訊,文化,本資料集提供臺北市立美術館108年至114年展覽訊息簡介。(本資料集開放授權應用內容僅限文字範圍，圖片、聲音及影片等多媒體資訊不在開放授權範圍),CountyCode、title、內容、發布單位、機關代碼
臺北市立美術館_參觀資訊,文化,本資料集提供臺北市立美術館參觀訊息簡介。(本資料集開放授權應用內容僅限文字範圍，圖片、聲音及影片等多媒體資訊不在開放授權範圍),CountyCode、Language、LocalCallService、Visit_title、Visit_info
臺北市婦女福利服務,社福,每半年提供臺北市婦女福利服務資訊,年/半年、參加總人次、婦女福利與婦女權益活動參加人次、婦女團體組織能力培訓、婦女團體領導人培訓、性別意識培力活動參加人次、性別師資培訓課程、婦女相關議題之溝通平台或公共論壇、其他
臺北市性騷擾當事人基本資料,社福,每半年提供臺北市性騷擾當事人基本資料,年/季、總人數、男性人數、女性人數、未滿18歲、18歲至未滿30歲、30歲至未滿40歲、40歲至未滿50歲、50歲至未滿65歲、65歲以上、年齡不詳、領有身心障礙手冊或證明、疑似身心障礙者、非身心障礙者、身心障礙別不詳
臺北市家庭福利服務,社福,每半年提供臺北市家庭福利服務資訊,年/半年、電話訪問人次、家庭訪視人次、個案管理服務人次、新移民個人支持性服務/辦理場次、新移民個人支持性服務/參加人次、新移民家庭支持性服務/辦理場次、新移民家庭支持性服務/參加人次、新移民社會支持服務/辦理場次、新移民社會支持服務/參加人次、新移民資訊支持服務/辦理場次、新移民資訊支持服務/參加人次、新移民經濟支持服務/方案數、新移民經濟支持服務/參加人次、其他/辦理次數、其他/參加人次
臺北市社會局推展志願服務志工人數,社福,每半年提供臺北市社會局推展志願服務志工人數,年/半年、隊數、志工總人數、男性志工人數、女性志工人數
臺北市租賃住宅服務業業者名冊,地政,租賃住宅服務業業者相關資料,縣市、機關代碼、登錄號碼、租賃業名稱、執業狀態
臺北市民宿名冊,觀光,臺北市合法民宿名冊,縣市代碼、民宿名稱、電話或手機號碼、傳真號碼、營業地址、房間數、參考房價
臺北市老人福利服務_文康中心及長青學苑,社福,每半年提供臺北市老人福利服務_文康中心及長青學苑資訊,年/半年、文康中心活動總參加人次、鄉鎮市區老人文康中心、其他類型老人活動場所、長青學苑所數、本期開班班數、本期開班參加人次
臺北市托嬰中心專業工作人員,社福,每半年提供臺北市托嬰中心專業工作人員資訊,年/半年、總人員數、主管人員數量、托育人員數量、護理人員數量
臺北市托嬰中心收托人數,社福,每半年提供臺北市托嬰中心收托人數資訊,年/半年、總收托人數、未滿1歲收托人數、1歲至未滿2歲收托人數、2歲至未滿3歲收托人數
臺北市兒童及少年性剝削通報被害人概況,社福,每半年提供臺北市兒童及少年性剝削通報被害人概況資訊,年/半年、總人數、一般民眾人數、原住民人數、大陸籍人數、外國籍人數、無國籍人數、國籍別不詳人數、就學狀況/學齡前、就學狀況/國小、就學狀況/國中、就學狀況/高中職、就學狀況/大專、就學狀況/不詳
臺北市兒童及少年性剝削案件辦理情形,社福,每半年提供臺北市兒童及少年性剝削案件辦理情形資訊,年/半年、總案件數、報告來源/責任報告數量、報告來源/其他數量、案件類型/使兒童或少年為有對價之性交或猥褻行為、案件類型/利用兒童或少年為性交或猥褻之行為並供人觀覽、案件類型/拍攝或製造兒童或少年為性交或猥褻行為之物品、案件類型/利用兒童或少年從事坐檯陪酒或涉及色情之伴遊或伴舞等侍應工作
臺北市安置兒童及少年性剝削被害人情形,社福,每半年提供臺北市安置兒童及少年性剝削被害人情形資訊,年/半年、本期緊急安置數量、緊急安置個案向法院聲請第一次裁定數量、本期入住人數/依第一次裁定結果繼續安置、本期入住人數/依第二次裁定結果安置、緊急收容中心安置、短期收容中心安置
臺北市救護車資料,醫療,臺北市救護車資料。,序號、行政區、救護車總計、一般型救護車合計、加護型救護車合計
臺北市公車特殊時刻表,交通,資料集說明文詳如https://pto.gov.taipei/News_Content.aspx?n=A1DF07A86105B6BB&s=55E8ADD164E4F579&sms=2479B630A6BD8079。,檔案名稱、縣市、縣市代碼、介接網址、主要欄位說明	、更新頻率、檔案格式、說明文件網址
臺北市車輛基本資訊,交通,資料集說明文詳如https://pto.gov.taipei/News_Content.aspx?n=A1DF07A86105B6BB&s=55E8ADD164E4F579&sms=2479B630A6BD8079。,檔案名稱、縣市、縣市代碼、介接網址、主要欄位說明、更新頻率、檔案格式、說明文件網址
臺北市車機異常資訊,交通,資料集說明文詳如https://pto.gov.taipei/News_Content.aspx?n=A1DF07A86105B6BB&s=55E8ADD164E4F579&sms=2479B630A6BD8079,檔案名稱、縣市、縣市代碼、介接網址、主要欄位說明、更新頻率、檔案格式、說明文件網址
營運通阻,交通,"本市營運通阻相關資料，資料集說明文詳如https://pto.gov.taipei/News_Content.aspx?n=A1DF07A86105B6BB&s=55E8ADD164E4F579&sms=2479B630A6BD8079。
",資料名稱、縣市、縣市代碼、介接網址、欄位說明、檔案格式、說明文件網址
臺北市民宿家數,觀光,臺北市合法民宿家數,年度、月份、縣市別、家數、房間數量
臺北市學習型機構,教育,學習型機構資料集,序號、學校名稱、地址、電話、縣市別代碼
臺北市路況壅塞水準定義基本資訊,交通,描述機關路況壅塞水準定義基本資料,縣市、檔案名稱、介接網址、主要欄位說明、更新頻率
臺北市路段基本資訊,交通,臺北市路段基本資訊(XML檔),縣市、檔案名稱、介接網址、主要欄位說明、更新頻率
臺北市地籍測量專業資格證明核發紀錄,地政,臺北市測量技師申請地籍測量專業資格證明核發紀錄,證明書字號、申請人姓名、性別、依據測量技師地籍測量專業資格認可辦法、符合測量技師地籍測量專業資格認可辦法、核發日期、發文日期及字號、補換發日期
臺北市公費肺炎鏈球菌疫苗合約醫療院所名單,醫療,有關臺北市公費肺炎鏈球菌疫苗合約醫療院所名單資料。,序號、行政區域代碼、院所名稱、地址、電話
臺北市旅遊醫學門診醫院名冊,醫療,"臺北市旅遊醫學門診醫院名冊。
",郵遞區號、縣市、醫院名稱、科別、電話、分機、地址、M痘疫苗自費接種服務
臺北市路線及營業站對應,交通,資料集說明文詳如https://pto.gov.taipei/News_Content.aspx?n=A1DF07A86105B6BB&s=55E8ADD164E4F579&sms=2479B630A6BD8079,檔案名稱、縣市、縣市代碼、介接網址、主要欄位說明、更新頻率、檔案格式、說明文件網址
臺北市預估到站時間(公車),交通,資料集說明文詳如https://www.pto.gov.taipei/News_Content.aspx?n=A1DF07A86105B6BB&s=55E8ADD164E4F579&sms=2479B630A6BD8079,檔案名稱、縣市、縣市代碼、介接網址、主要欄位說明、更新頻率、檔案格式、說明文件網址
臺北市YouBike場站建置成本,交通,提供臺北市YouBike各場站建置成本，檔案格式為csv檔,發布機關名稱、機關代碼、場站編號、站名、金額（土木施工費用）
臺北市新車、機動車輛及駕照監理統計資料(按使用燃料別分類),交通,依據車種分類，提供臺北市新車領牌數、機動車輛登記數及駕照數，資料範圍從101年1月起(駕照數從96年起)，以月份作為統計單位。,資料年月、縣市、燃料別、車種類別、數量
YouBike2.0臺北市公共自行車即時資訊,交通,YouBike2.0臺北市公共自行車即時資訊介接網址為https://tcgbusfs.blob.core.windows.net/dotapp/youbike/v2/youbike_immediate.json，檔案格式為json檔。,sno(站點代號)、sna(場站中文名稱)、quantity(場站總停車格)、available_rent_bikes(場站目前車輛數量)、sarea(場站區域)、mday(資料更新時間)、latitude(緯度)、longitude(經度)、ar(地點)、sareaen(場站區域英文)、snaen(場站名稱英文)、aren(地址英文)、available_return_bikes(空位數量)、act(全站禁用狀態)、srcUpdateTime(YouBike2.0系統發布資料更新的時間)、updateTime(大數據平台經過處理後將資料存入DB的時間)、infoTime(各場站來源資料更新時間)、infoDate(各場站來源資料更新時間)
臺北市路口號誌時制計畫,交通,提供臺北市路口號誌時制計畫相關資料,Agency_name、AgencyCodes、icid、icname、deviceid、segmenttype、subsegment、InfoTime
YouBike2.0臺北市維修次數,交通,提供YouBike2.0維修次數，檔案格式為csv檔,時間（民國年月）、發布機關名稱、機關代碼、檢修項目、筆數（更換次數）
臺北市YouBike2.0各行政區站位數,交通,提供臺北市YouBike2.0各行政區站位數，檔案格式為CSV檔,發布時間（民國年月）、發布機關名稱、機關代碼、行政區、站數量（站位數）
YouBike臺北市權利金與補助支出,交通,提供YouBike權利金與補助支出，檔案格式為csv檔,民國年、西元年、發布機關名稱、機關代碼、權利金、金額
臺北市轉乘YouBike租借資料,交通,提供2023年臺北市各月份轉乘YouBike租借資料，另後續不再有資料更新,借車時間、借車站、還車時間、還車站、租借時數、借車日期
YouBike臺北市站位每月使用量,交通,提供YouBike臺北市站位每月使用量，檔案格式為CSV檔,民國年、西元年、月份、發布機關名稱、機關代碼、臺北市YouBike每月使用量（次數）
臺北市YouBike2.0車輛數,交通,提供臺北市YouBike2.0車輛數，檔案格式為CSV檔,"民國年、西元年、月份、發布機關名稱、機關代碼、車輛數（數量）
"
臺北市YouBike2.0租借數量前十路線,交通,提供臺北市YouBike2.0租借數量前十路線，檔案格式為csv檔,"時間（民國年月）、發布機關名稱、機關代碼、序號（排序）、站位名稱
"
臺北市YouBike站位每月熱門站點,交通,為提供更優質之資料服務，提供YouBike臺北市十大熱門租借站位，檔案格式為csv檔,時間（民國年月）、發布機關名稱、機關代碼、序號（排序）、站位名稱
臺北市交通事故統計,交通,臺北市交通事故統計資料,"西元年、民國年、數量（件數）、死亡人數、受傷人數
"
臺北市交維件數,交通,臺北市工程施工期間交通維持計畫件數,西元年、民國年、年度、交通維持計畫送審件數、交通維持計畫通過件數
臺北市大貨車禁行區域公告,交通,臺北市大貨車禁行區域、禁行時段與類型公告,縣市別、縣市別代碼、機關名稱、機關代碼、資料存取位址（網址）
臺北市公共自行車2.0租借紀錄,交通,提供臺北市公共自行車2.0借車、還車時間及場站資料,發布機關名稱、機關代碼、UpdateTime、SrcUpdateTime、fileinfo、fileURL
臺北市車輛行車事故鑑定覆議情形,交通,臺北市車輛行車事故鑑定覆議案之各類案件統計情形,年/月、申請件數_有進覆議會討論之件數、覆議件數_申請件數扣除不予覆議件數、司法囑託、個人申請、不予覆議、A1件數（總計）、A2件數（總計）、A3件數（總計）、A1比例_%、A2比例_%、A3比例_%
臺北市共享運具許可數量,交通,提供臺北市共享運具許可情形資料，檔案格式為CSV檔。,民國年、月份、業者名稱、車種、數量（累計許可車輛數）
臺北市即時交通訊息,交通,發布於臺北好行APP之本市道路雍塞、交通管制等即時交通訊息及臺北好行相關公告訊息,chtmessage(中文訊息)、engmessage(英文訊息)、starttime(開始時間)、endtime(結束時間)、updatetime(資料上傳時間)、content(內容)、areaname(影響區域名稱)
臺北市政府交通會報會議,交通,提供本府交通會報會歷次議資料及會議紀錄,縣市別、縣市別代碼、機關名稱、機關代碼、資料存取位址（網址）
臺北市禁止遊動廣告車輛停放本市所有道路,交通,臺北市禁止遊動廣告車輛,縣市別、縣市別代碼、機關名稱、機關代碼、資料存取位址（網址）
臺北市職業醫學科醫療機構,醫療,有關臺北市職業醫學科醫療機構資料。,機構名稱、郵遞區號、地址、權屬別、電話
臺北市現行兒童預防接種時程表,醫療,有關現行兒童預防接種時程表資料。,編號縣市別代碼、資料集名稱、相關資訊、檔案格式、更新時間
臺北市營業衛生管理稽查概況,醫療,臺北市營業衛生管理稽查概況。,行業別、月底現有列管家數、稽查家數、合格家數、稽查家次、合格次數、輔導改善次數
臺北市公車車上擁擠度,交通,資料集說明文詳如https://pto.gov.taipei/News_Content.aspx?n=A1DF07A86105B6BB&s=55E8ADD164E4F579&sms=2479B630A6BD8079,ProviderID、StationID、BusID、CarType、CarID、DutyStatus、BusStatus、RouteID、GoBack、StopID、CarOnStop、DataTime
臺北市心理所,醫療,臺北市心理治療所及諮商所。,序號、機構類型、行政區、機構名稱、地址、電話
臺北市臺北旅遊網住宿資料(中文),觀光,臺北旅遊網-住宿資料,"旅館類別、旅宿名稱、地址、電話或手機號碼、傳真、房間數
"
臺北市大陸地區人民及法人取得不動產權利統計表,地政,大陸地區人民及法人在臺北市取得、移轉之土地及建物筆數及面積統計表。,年度別、土地筆數、土地面積(平方公尺)、建物棟數、建物面積(平方公尺)
臺北市動物醫院一覽表,農業,提供臺北市動物醫院資料。,縣市、動物醫院名稱、地址、電話、負責人
臺北市獸醫師資訊,農業,提供臺北市獸醫師資料,縣市、姓名、執業執照字號、服務獸醫診療機構名稱
臺北市狂犬病疫苗預防注射獸醫診療機構名冊,農業,提供狂犬病疫苗預防注射獸醫診療機構名冊,"縣市、編號、區域、郵遞區號、狂犬病注射機構名稱、地址、電話
"
臺北市動物用藥品販賣業者名冊,農業,提供動物用藥品販賣業者名冊,販賣業許可證、統一編號、公司名稱、公司地址、公司電話
臺北市家禽飼養戶數,統計,提供臺北市家禽飼養戶數資料,縣市、郵遞區號、區別、雞、鴨、鵝、火雞
臺北市一般旅館名冊,觀光,臺北市合法一般旅館名冊,縣市代碼、專用標識編號、旅館名稱、電話或手機號碼、營業地址、客房最低定價、客房最高定價、房間數
臺北市一般旅館家數,觀光,臺北市合法一般旅館家數,年度、月份、縣市別、家數、房間數量
臺北市一般旅館營運報表,觀光,臺北市近三年一般旅館營運相關資料,年度月份、縣市、客房住用數、客房住用率、平均房價、收入合計
臺北市民宿營運報表,觀光,臺北市民宿營運相關資料,年度、縣市、客房住用數、客房住用率、平均房價、收入合計
臺北市旅宿業裁罰紀錄表,觀光,臺北市旅宿業裁罰資料,縣市別、縣市代碼、年序號、裁罰日期、旅館名稱、裁罰原因、裁罰金額（新臺幣元）
臺北市政府市政信箱(已異動為臺北市陳情系統)及1999資訊,資訊,便於民眾查詢本府市政信箱及1999等資訊,欄位說明、縣市名稱、特殊碼、市話、網址、市政電子郵件信箱
113年度臺北市房屋稅徵績（ 徵期結束）,財稅,臺北市房屋稅徵績-徵期結束（113年度）,項目別、查定數戶數、查定數本稅、徵起數戶數、徵起數本稅、徵績戶數百分比、徵績本稅百分比
113年度臺北市房屋稅徵績（滯納期滿）,財稅,臺北市房屋稅徵績-滯納期滿（113年度）, 項目別、查定數戶數、查定數本稅、徵起數戶數、徵起數本稅、徵績戶數百分比、徵績本稅百分比
臺北市殯葬服務業概況,民政,凡依殯葬管理條例許可(備查)、規範及管理之殯葬服務業，均為統計對象。,年度、年底殯葬設施經營業許可家數、年底殯葬設施經營業員工數男、年底殯葬設施經營業員工數女、年底殯葬禮儀服務業許可家數、年底殯葬禮儀服務業員工數男、年底殯葬禮儀服務業員工數女、年底殯葬禮儀服務業跨區備查家數、年底殯葬禮儀服務業跨區備查員工數男、年底殯葬禮儀服務業跨區備查員工數女、年底殯葬禮儀服務業兼合法生前契約業者家數、年底殯葬禮儀服務業兼合法生前契約業者本年簽訂生前契約件數、年底殯葬禮儀服務業兼合法生前契約業者累計簽訂生前契約件數、本年殯葬服務業及殯葬行為違反殯葬法規處分件數
臺北市政府研究發展考核委員會單位決算,資訊,單位決算書,行政區代碼、行政區、民國年、來源別、網址
臺北市政府研究發展考核委員會法定預算,資訊,單位預算,序號、民國年、行政區代碼、行政區、網址
臺北市政府公共工程中程計畫,工務,臺北市政府各機關每年之重大公共工程彙編。,序號、年度、網址、資料更新年度、資料更新月份
臺北市民免費數位課程情形,教育,臺北市民免費數位課程各行政區辦理情形資料,"年度、序號、行政區、上課地點、上課日期、上課時間、課程名稱、人數
"
臺北市政府考試錄取人員分配數按考試類別分,統計,提供本府109年至113年考試錄取人員分配數,年度、初等考試、普通考試、高考三級、地方特考
臺北市政府專書閱讀心得寫作競賽得獎統計表,統計,收錄本府辦理專書閱讀心得寫作競賽得獎統計情形,年度、本府各機關薦送心得寫作篇數、本府初審篇數、薦送國家文官學院舉辦之年度全國公務人員專書閱讀心得寫作競賽活動篇數、獲獎篇數
臺北市骨灰(骸)存放設施概況,民政,凡本市範圍內，依法設置及管理之公私立骨灰(骸)存放設施，均為統計對象。,序號、年度、類型、年底處數/合計、年底處數/開放中、年底處數/已停用、年底最大容量/合計、年底最大容量/骨骸、年底最大容量/骨灰、年底己使用量（含本年納入數量）/合計、年底己使用量（含本年納入數量）/骨骸、年底己使用量（含本年納入數量）/骨灰、年底尚未使用量/合計、年底尚未使用量/骨骸、年底尚未使用量/骨灰、本年納入數量/合計、本年納入數量/骨骸、本年納入數量/骨灰、本年遷出數量/合計、本年遷出數量/骨骸、本年遷出數量/骨灰
臺北市優先收容安置學校一覽表,教育,CSV資訊，以行政區區分，提供各級機關、民眾閱覽與瞭解各行政區各類收容學校,序號、郵遞區號、行政區、全災害優先安置學校、提供社會局儲放物資學校
臺北市政府食品安全委員會會議議程及紀錄,民政,臺北市政府食品安全委員會會議議程及紀錄。,資料集名稱、相關資料、檔案資料、更新時間、更新日期
臺北市公墓設施概況,民政,統計公墓設施概況等資料,年度、公私立、總計/年底處數/合計、總計/年底處數/開放中、總計/年底處數/已停用、總計/年底土地面積、經規劃並啟用者/年底處數、經規劃並啟用者/年底土地面積、經規劃並啟用者/年底已使用面積、經規劃並啟用者/年底未使用面積、經規劃並啟用者/年底可使用墓基總數、經規劃並啟用者/年底已使用墓基總數、經規劃並啟用者/本年墓基使用數、經規劃並啟用者/年底尚未使用、經規劃並啟用者/本年埋葬/屍體數（具）、經規劃並啟用者/本年埋葬/骨灰數（個）、經規劃並啟用者/本年遷出/骨骸數（個）、經規劃並啟用者/本年遷出/骨灰數（個）、未經規劃者/年底處數、未經規劃者/年底土地面積、未經規劃者/本年埋葬/屍體數（具）、未經規劃者/本年埋葬/骨灰數（個）、未經規劃者/本年遷出/骨骸數（個）、未經規劃者/本年遷出/骨灰數（個）
臺北市各工會名單及聯絡方式,勞動,臺北市各工會名單、通訊地址及電話聯絡方式總表,項次、工會屬性、工會名稱、理事長、郵遞區號、通訊地址、聯絡電話
臺北市勞工團體動態,勞動,統計臺北市勞工團體單位數及會員數　　,縣市別代碼、行政區、工會團體類別、勞工團體單位數（家數）、勞工團體會員數（單位:人）
臺北市工會概況,勞動,臺北市工會團體數及會員性別人數統計,工會別、臺北市工會團體數（單位:個）、理監事人數（單位:人）、男會員人數、女會員人數、更新日期
臺北市事業單位勞資關係概況,勞動,統計臺北市團體協約簽訂家數　　,縣市別代碼、項目、年度、新成立/新簽訂家數、累計成立/累計簽訂家數
臺北市立案一般護理之家一覽表,社福,臺北市立案一般護理之家一覽表。,臺北市、序號、機構名稱、開放床數、地址、電話、分機
臺北市早期療育合約醫院及早療診所一覽表,醫療,臺北市早期療育合約醫院及早療診所一覽表。,類別、項次、醫療機構名稱、行政區、住址、電話、分機、112年醫院督考等第、序號、醫療機構名稱、地址、訪查項目、連絡電話、手機、物理治療、職能治療、語言治療、心理治療、等第、等第、複查
臺北市「居家失能個案家庭醫師照護服務」特約單位清冊,醫療,「居家失能個案家庭醫師照護服務」特約單位清冊。,序號、機構名稱、服務區域、郵遞區號、機構地址、聯絡電話、手機
臺北市身心障礙鑑定指定醫院聯絡方式一覽表,醫療,臺北市身心障礙鑑定指定醫院聯絡方式一覽表。,編號、醫院名稱、行政區域代碼、電話號碼、地址
臺北市長照專業服務特約單位,醫療,長照專業服務特約單位。,資料集名稱、專業服務單位數、相關資料、檔案格式、更新日期
臺北市長照喘息服務特約單位,醫療,長照喘息服務特約單位。,序號、資料集名稱、相關資料、檔案格式、更新日期
臺北市政府衛生局已立案之產後護理機構一覽表,社福,臺北市產後護理機構立案一覽表,編號、機構代碼、機構名稱、產後護理床開放床數、嬰兒床開放床數、機構地址、連絡電話、督考或評鑑結果
臺北市身心障礙鑑定指定醫院及鑑定類別一覽表,醫療,臺北市身心障礙鑑定指定醫院及鑑定類別一覽表。,序號、資料集名稱、相關資料、檔案格式、更新日期
臺北市次分區界圖,民政,為配合政府資訊公開政策，俾利業務上運用地理資訊，特將本市12行政區次分區加以建置GIS圖層供各公務機關或相關單位參考使用。,SECT_NAME、SECT_CODE、SEC_NAME、SEC_CODE、TM2_MAX_X、TM2_MAX_Y、TM2_MIN_X、TM2_MIN_Y、SECOND_COD、SECOND_NAM、MAX_X、MAX_Y、MIN_X、MIN_Y
臺北市全市圖暨12區行政區域圖,民政,臺北市政府民政局編印之101年版臺北市全市圖暨12區行政區域圖,檔案名稱、縣市別代碼、地址-行政區域代碼、檔案格式、檔案取得網址
臺北市區界圖,民政,行政區界之調整為本局之權責，另為推動業務上運用地理資訊，特將本市十二個行政區加以建置GIS圖層供各公務機關參考使用，本項資料所採用座標系統為TWD97。,AREA、PERF_ID、COUN_ID、CPID、CPTID、NPID、NPTID、PNAME、TNAME、PTNAME、TM2_MAX_X、TM2_MAX_Y、TM2_MIN_X、TM2_MIN_Y、MAX_X、MAX_Y、MIN_X、MIN_Y
臺北市納骨塔神主牌使用情形,民政,"統計各塔樓之神主牌位使用情形
",年度、納骨塔名稱、可使用神主牌位數、已使用神主牌位數、未使用神主牌位數
臺北市特定寵物業分區名冊,農業,提供臺北市特定寵物業分區名冊,"縣市、行政區、郵遞區號、特寵業字號、許可證有效期限、許可證登記公司名、電話、地址、營業項目、評鑑等級
"
臺北市特定寵物業評鑑成果,農業,臺北市寵物業者評鑑結果及業者相關資訊,縣市、行政區、郵遞區號、特寵業字號、許可證有效期限、許可證登記公司名、電話、地址、營業項目、評鑑等級
臺北市納骨塔櫃位使用情形,民政,"提供臺北市公立納骨塔櫃位使用狀況
",年度、納骨塔名稱、可使用櫃位數、已使用櫃位數、未使用櫃位數
臺北市各區公墓資訊(含禁葬/未禁葬公墓及坐標資訊),民政,揭示臺北市各區列管公墓資訊(含是否禁葬資訊),序號、類型、行政區、墓區名稱、墓區位置、葬區狀態、開放時間、緯度、經度、備註
臺北市殯儀管理業務概況,民政,凡本市依法所為殯葬管理業務，均為統計對象。,年度、環保葬/非公墓/公園綠地等/男、環保葬/非公墓/公園綠地等/女、環保葬/非公墓/海洋/男、環保葬/非公墓/海洋/女、環保葬/公墓內/樹葬/男、環保葬/公墓內/樹葬/女、年底公立公墓收費狀況/有收費公墓數（個）、年底公立公墓收費狀況/未收費公墓數（個）、年底公立公墓管理人員/專任（人）/男、年底公立公墓管理人員/專任（人）/女、年底公立公墓管理人員/兼任（人）/男、年底公立公墓管理人員/兼任（人）/女、年底公立各級單位殯葬業務承辦人員/專任（人）/男、年底公立各級單位殯葬業務承辦人員/專任（人）/女、年底公立各級單位殯葬業務承辦人員/兼任（人）/男、年底公立各級單位殯葬業務承辦人員/兼任（人）/女、本年核發埋葬火化許可證明/埋葬屍體（件）/男、本年核發埋葬火化許可證明/埋葬屍體（件）/女、本年核發埋葬火化許可證明/火化屍體或骨骸（件）/男、本年核發埋葬火化許可證明/火化屍體或骨骸（件）/女、本年殯葬設施違反殯葬法規處分件數（件）
臺北市殯儀館設施概況,民政,本市範圍內依法設置及管理之公私立殯儀館設施概況,年度、年底殯儀館數（處）、年底土地面積（平方公尺）、年底總樓地板面積（平方公尺）、年底禮廳數（間）、年底屍體冷凍室最大容量（具）、本年殯殮數（具）
臺北市公有路外停車場無障礙設施設置情形,交通,公有路外停車場無障礙相關設施設置情形,"編號、行政區、停車場名稱、地址、身心障礙汽車格位統計數值、身心障礙機車格位統計數值、無障礙電梯、無障礙廁所、無障礙樓梯扶手、TMPX、
TMPY、QUERYSERVICECODE
"
臺北市政府由府列管重大計畫年終考評成效評分表,資訊,呈現臺北市政府施政計畫年終考評成效,年度、編號、主辦機關、計畫名稱、個案成效
臺北設計獎,經濟,提供臺北設計獎相關資訊,序號、類別Category、作品名稱Works Title、團隊/設計師Group/Designer（s）、國家/地區Country/Region、國家/地區代碼
臺北市水利處歷史積水紀錄圖,水利,全市歷史積水紀錄圖，使用KML格式,area(面積)、FDATE(發生日期)、TOWN_NAME(行政區)、ADDRESS(積水位置)、Depth(積水深度)
臺北市年度仲介本國人在國內工作之私立就業服務機構評鑑成績,勞動,依私立就業服務機構許可及管理辦法第39條規定公告,年度、許可證號、機構名稱、等第
臺北市政府各機關公務人員進修費用補助一覽表,統計,收錄本府各機關公務人員每半年進修費用補助情形,序號、年度、上/下半年、機關名稱、項目名稱、項目數值
臺北市文山區各里簡易疏散避難地圖資訊,民政,提供臺北市文山區各里簡易疏散避難圖資訊。,District(區)、AreaCode(行政區域代碼) 、Village(里)、Language(語系)、FILE_URL(圖檔連結網址)
臺北市火化場設施概況,民政,統計火化場設施及數量概況,年度、月份、火化場數（處）、土地面積（平方公尺）、建物總樓地板面積（平方公尺）、每日最大處理量、火化爐數（座）、屍體火化數/男、屍體火化數/女
臺北市各行政區路邊收費路段資訊,交通,臺北市各行政區路邊收費路段相關資訊, 路段名稱、起迄路段、小型車數量（路邊計時）、大型車數量（路邊計時）、小型車數量（路邊計次）、大型車數量（路邊計次）、機車數量（路邊計次）、收費時間、費率（元）、收費日（星期）
臺北市政府警察局電動機車、養護費、油料費預算與執行數,資訊,111年至114年電動機車、養護費、油料費預算與執行數,"項次、項目名稱、年度、預算數、執行數、執行率、備註
"
臺北市政府警察局警用車輛資料一覽表,資訊,警察局警用車輛資料一覽表,總項次、單位項次、單位、任務車別、廠牌、型式、Volume排氣量cc、車身顏色、目前使用單位、備考
臺北市警察局車輛分類,資訊,警察局車輛分類資料,項次、車輛分類、數量（輛）、逾最低使用年限之數量（輛）、達汰換標準之數量（輛）、預計114年度汰換數量（輛）、備註
臺北市政府警察局警用車輛油料管理月報表(局本部),統計,警察局局本部警用車輛油料管理月報表,月份、無鉛汽油量（公升）、高級柴油量（公升）、合計（公升）、總金額（元）
臺北市涼適點,環保,臺北市轄內戶外及室內涼適場所,編號、設施地點（戶外或室內）、名稱、行政區、地址、經度、緯度、市話、分機、手機、其他聯絡方式、開放時間、電風扇、冷氣、廁所、座位、飲水設施（例如：飲水機；直飲台；奉茶點等）、無障礙座位、其他特色及亮點、備註
臺北市失智症篩檢、確診評估及關懷服務計畫合約醫院,醫療,失智症篩檢、確診評估及關懷服務計畫合約醫院。,12區健康服務中心、12區健康服務中心聯繫電話、醫院名稱、醫院地址、連絡人、連絡電話、分機
臺北市失智照護服務計畫服務單位,醫療,失智照護服務計畫服務單位。,序號、資料集名稱、相關資料、檔案格式、更新日期
臺北市寵物登記站名冊,農業,提供臺北市寵物登記站名冊,縣市、編號、寵物登記機構名稱、地址、電話
臺北市開放資料集清單,資訊,臺北市政府各機關開放資料集名稱及資料集提供機關等資訊。,序號、資料集名稱、主題分類、資料集提供機關、上架日期
臺北市消防安全設備查察處理,消防,消防安全設備檢查統計,區域別、期底列管家數、檢查件次、檢查合格件次、檢查不合格件次、檢查率、檢查合格率、複查件次、複查不合格件次、複查不合格率、違規-檢查舉發件次、違規-限期改善件次、違規-複查舉發件次、違規-停業或停止使用、違規-處罰鍰件次、違規-處罰鍰金額-元、罰鍰收繳件次、罰鍰收繳金額-元、強制執行件次
臺北市消防水源,消防,臺北市消防栓數量,編號、行政區代碼、地上式數量、地下式數量、檢測數量、平均每口流量、蓄水池數量、游泳池數量、深水井數量
臺北市火災搶救困難地區,消防,有關臺北市火災搶救困難地區資料。,項次編號、評分等級、認定項目、行政區編號、地址、場所名稱
臺北市防火管理執行情形,消防,臺北市防火管理人遴用、消防防護計畫製定及自衛消防編組訓練情形 ,區域別、遴用防火管理人應遴用家數、遴用防火管理人已遴用家數、遴用防火管理人已遴用比例、遴用防火管理人與上年同期比較增減百分點、製定消防防護計畫應製定家數、製定消防防護計畫已製定家數、製定消防防護計畫已製定比例、製定消防防護計畫與上年同期比較增減百分點、製定共同消防防護計畫應製定家數、製定共同消防防護計畫已製定家數、製定共同消防防護計畫已製定比例、製定共同消防防護計畫與上年同期比較增減百分點、製定施工中消防防護計畫應製定家數、製定施工中消防防護計畫已製定家數、製定施工中消防防護計畫已製定比例、製定施工中消防防護計畫與上年同期比較增減百分點、本年累計自衛消防編組訓練件數、本年累計自衛消防編組訓練人數、本期違反防火管理案件限期改善件次、本期違反防火管理案件處罰緩件次、本期違反防火管理案件處罰緩金額元、本期罰鍰收繳件次、本期罰鍰收繳金額元、本期罰鍰收繳率、本期強制執行件次、本年累計違反防火管理限期改善件次、本年累計違反防火管理限期改善與上年同期比較增減件次、本年累計違反防火管理處以罰鍰件次、本年累計違反防火管理處以罰鍰與上年同期比較增減件次
臺北市政府消防局樓層介紹,消防,各樓層之使用用途,縣市、機關名稱、機關代碼、樓層、用途
臺北市火災出動人員、車輛、船艇、直升機統計表,消防,臺北市每月火災出動人員、車輛、船艇、直升機統計表,行政區、出動合計、出動消防人員、出動義消人員、出動其他人員、救出人數、出動車輛合計、直線雲梯消防車、曲折雲梯消防車、化學消防車、水箱消防車、水庫消防車、泡沫消防車、幫浦消防車、超高壓消防車、救助器材車、排煙車、照明車、空氣壓縮車、救災指揮車、水陸兩用車、災情勘查車、化災處理車、火災現場勘驗車、消防警備車、消防救災越野車、消防救災機車、緊急修護車、一般型救護車、加護型救護車、救生艇、直昇機、其他車輛
內政部消防署認可專業訓練機構一覽表,消防,內政部消防署認可防火管理人專業訓練機構通訊錄,項次編號、機構名稱、機構設立型態、市話、機構地址、有效期限
臺北市狹小巷道清冊(紅黃區),消防,臺北市狹小巷道列管清冊,項次編號、分類、行政區代碼、分隊名稱、巷道名稱、寬度、備註
臺北市防溺重點水域一覽表,消防,本市防溺重點水域一覽表，供各單位加強水域安全整備與民眾遊憩參考,更新年度、縣市、行政區、地點名稱、管理單位
臺北市政府消防局各分隊駐地位置,消防,提供本府消防局各分隊駐地座標,項次編號、縣市代碼、分隊名稱、郵遞區號、地址、經度、緯度
臺北市政府消防局業務職掌及消防人力,消防,臺北市政府消防局各單位業務介紹及消防人力,項次編號、機關名稱、機關代碼、單位、工作內容、地址、電話、傳真
臺北市消防局各級救護技術員統計,消防,提供臺北市消防人員各級救護技術員人數統計資料,"救護技術員分級、初級救護技術員人數、中級救護技術員人數、高級救護技術員人數、實際執行救護人力
"
防火管理法規,消防,防火管理制度相關問題Q＆A,"項目、場所用途、面積人數、縣市別、備註
"
臺北市防災教育宣導工作,消防,防災教育宣導、消防風水師里鄰家戶防災訪視宣導情形,"項次、項目、聯絡電話、分機、服務項目
"
臺北市免費安裝住宅用火災警報器概況及宣導資訊,消防,臺北市住宅用火災警報器概況、線上申請、安裝及保養資訊,縣市別、區域別、總計、本府補助、其他補助
臺北市經營滅火器性能檢查及藥劑更換充填作業專業廠商清冊,消防,公告臺北市經營滅火器性能檢查及藥劑更換充填作業專業廠商名稱,編號、縣市別代碼、廠商名稱、地址、市話、負責人、證書號碼、證書有效期限、執行業務範圍
臺北市防焰規制執行情形－防焰性能認證合格廠商、設置防焰物品場所,消防,臺北市防焰性能認證合格廠商檢查件次、不合格件次、複查件次及違規處理情形,區域別、期底列管家數、檢查件次、不合格件次合計、合格件次合計、複查件次、違規處理情形_停業或停止使用件次、違規處理情形_處罰鍰件次、違規處理情形_處罰鍰金額、罰鍰收繳情形_件次、罰鍰收繳情形_金額、強制執行件次、區域別、期底列管家數、檢查件次、不合格件次、合格件次、複查件次、違規處理情形_限期改善件次、違規處理情形_停業或停止使用件次、違規處理情形_處罰鍰件次、違規處理情形_處罰鍰金額、罰鍰收繳情形_件次、罰鍰收繳情形_金額、強制執行件次
臺北市政府公共安全聯合稽(複)查情形,消防,消防安全不合格告示張貼情形,項目、檢查日期時間、排定稽查對象、場所名稱、地址、主要稽查成員-消防局、主要稽查成員-建管處、主要稽查成員-商業處、主要稽查成員-都發局、會同稽查成員-衛生局、會同稽查成員-社會局、會同稽查成員-教育局、會同稽查成員-觀傳局、會同稽查成員-體育局、會同稽查成員-環保局、不合格告示編號-消防、不合格告示編號-建築
臺北市災害防救團體名稱、地址、負責人、人數及類別統計表,消防,登錄於臺北市災害防救團體名稱、地址、負責人、人數及類別統計表,項次編號、團體名稱、國家代碼、縣市代碼、行政區域代碼、郵遞區號、郵遞區號（3+3碼）、聯絡地址、會長、現有人數、類別、承辦機關代碼、承辦機關統一編號
臺北市歷年溺水案件分析,消防,臺北市歷年溺水案件獲救人數、溺斃人數及失蹤人數。,年度、防溺期間發生件數統計數值、防溺期間獲救人數統計數值、防溺期間溺斃人數統計數值、防溺期間失蹤人數統計數值
臺北市政府消防局12導程心電圖機配置清冊,消防,各分隊數量,大隊、中隊、分隊、購入日期、數量
臺北市HACCP稽查,統計,臺北市HACCP稽查。,項次、行政區域代碼、業者名稱、地址、類別
臺北市通過餐飲衛生管理分級評核業者,社福,臺北市通過餐飲衛生管理分級評核業者名單。,行政區域代碼、業者名稱店名、食品業者登錄字號、地址、評核結果
臺北市樹花葬使用狀況,民政,提供臺北市樹花葬區使用數量統計資料，自112年1月1日開始每年度統計,年度、樹葬本市人數、樹葬外市人數、花葬本市人數、花葬外市人數
臺北市市立殯葬設施及服務收費基準,民政,臺北市殯葬管理處所屬公立殯儀館收費標準,編號、年度、項目、單位、數量、金額、說明
臺北市政府消防局各年度救護車收費開立件數,消防,臺北市政府消防局各年度救護車收費開立件數:區域別、收費開立件數,年度、告知單發放件數、收費開立件數、實收件數、繳款率
臺北市食品業者登錄數,統計,食品業者登錄數。,項次、行政區、資料集名稱、食品業者登錄數、內容
臺北市西藥廣告申請案件,醫療,臺北市西藥廣告申請案件。,項次、縣市別代碼、產品類別、申請廠商、相關資訊
臺北市職業訓練培育開班招生簡章,勞動,臺北市職業訓練培育開班招生簡章內容說明,報名職科、招生人數、報名開始日期、報名結束日期、培育時數-小時、上課開始日期、上課結束日期、課程內容、洽詢電話
臺北市職業訓練進修開班招生簡章,勞動,臺北市職業訓練進修開班招生簡章內容說明,報名職科、招生人數、報名開始日期、報名結束日期、進修時數-小時、上課開始日期、上課結束日期、課程內容、進修費用-金額元、洽詢電話
臺北市職業訓練人數概況,勞動,臺北市職業訓練人數概況各項統計,自辦職前訓練統計期間、訓練總人數、性別男-人數、性別女-人數、性別-其他人數、年齡別-15-19歲人數、年齡別-20-24歲人數、年齡別-25-29歲人數、年齡別-30-34歲人數、年齡別-35-39歲人數、年齡別-40-44歲人數、年齡別-45-64歲人數、年齡別-65歲以上人數
臺北市健康醫院名單,醫療,臺北市健康醫院名單。,序號、醫事機構代碼、醫事機構名稱、醫事機構地址、醫事機構電話
臺北市健走步道,醫療,北市健走步道,"縣市別代碼、行政區、步道名稱、健走步道地點、健走公里數、環境特色、地址、開放時間、停車場、交通方式
"
「臺北防災  立即go」防災手冊,消防,"有鑑於日本東京發行的「東京防災」手冊，本局意識到要提升民眾對災害風險的認知，首先必需改善與民眾溝通的方式，故本局致力改進生硬無趣的宣導文宣，以消除溝通上的障礙為目標，採取最有效率的溝通方式，進而達成宣導效益。
全國首創文青風「臺北防災 立即go」漫畫防災手冊，首度與畫家郭正宏先生合作，用一般民眾視角切入，實際到消防分隊模擬各種防災避災動作，以手繪漫畫圖像，視覺化傳達防災資訊，並搭配淺顯易懂的文字，讓民眾能以準確的方式學習防災知能，讓生硬的防救災知識，轉化為輕鬆易學的防災技能。",項次編號、標題、地震單元、颱風單元、火災單元、其他災害單元、急救單元、知識單元、附錄、出版年月日、GPN、ISBN、下載網址、備註
臺北市水患自主防災韌性社區一覽,水利,本府工務局水利處自 108 年度起針對本市易積淹水地區推動水患自主防災社區,水患自主防災社區推動年度、行政區、行政區碼、里別、主辦機關代碼
臺北市客家文化活動補助申請情形,族群,提供臺北市政府客家委員會客家文化活動補助申請情形之季別、申請件數量、核准件數量、補助金額、核發機關、省市縣市鄉鎮市區代碼,季別、申請件數量、核准件數量、補助金額、核發機關、省市縣市鄉鎮市區代碼
臺北市政府客家事務委員會經費統計,族群,北市府客委會經費統計,款、項、目、節、名稱及編號、原預算數金額、預算增減數金額、合計金額1、實現數金額、應付數金額、保留數金額、合計金額2、比較增減數金額、決算數占預算數之比率
臺北市客家文化主題公園收費基準表(客家文化中心及客家戲劇中心),族群,客家文化主題公園收費基準表(客家文化中心及客家戲劇中心)等室內空間計費,場地名稱、面積（可容納人數或座位）、基本費、水電費、保證金
財團法人台北市客家文化基金會110年度預算書收入明細表,族群,財團法人台北市客家文化基金會110年度預算書收入明細表之前年度決算數、科目名稱、本年度預算數、上年度預算數、說明（單位：新臺幣元）,前年度決算數、科目名稱、本年度預算數、上年度預算數、說明（單位：新臺幣元）
臺北市政府客家事務委員會客家美食餐飲小吃名冊,族群,客家美食餐飲小吃名冊,序號、所在區域、客家美食餐廳店名、地址、省市縣市鄉鎮市區代碼、聯絡電話
臺北市客家文化主題公園收費基準表(周邊廣場),族群,客家文化主題公園收費基準表(周邊廣場),編號、場地名稱、坪數、平方公尺、總價金額、基本費金額、維護管理費金額、總價金額、基本費金額、維護管理費金額、保證金金額
臺北市政府客家文化活動補助申請情形,族群,提供臺北市政府客家委員會客家文化活動補助申請情形之季別、申請件數量、核准件數量、補助金額、核發機關、省市縣市鄉鎮市區代碼,季別、申請件數量、核准件數量、補助金額、核發機關、省市縣市鄉鎮市區代碼
臺北市政府客家事務委員會出版品清冊,族群,臺北市客委會出版品清冊之序號、GPN、題名、出版年月、價格、出版品類型、資料類型、行銷分類,序號、GPN、題名、出版年月、價格、出版品類型、資料類型、行銷分類
臺北市政府客家事務委員會場地使用時間及收費基準表,族群,提供臺北市政府客家委員會所屬館舍之「館室別」、「場地名稱」、「面積」、「設備」及「場地費用」等5大部分之統計資料,館室別、場地名稱、容納人數、設備、短期使用費金額、長期使用費金額
臺北市政府客家事務委員會委員名冊,族群,序號、委員姓名、委員經歷、性別、省市縣市鄉鎮市區代碼、郵遞區號,序號、委員姓名、委員經歷、性別、省市縣市鄉鎮市區代碼、郵遞區號
臺北市政府客家事務委員會委員性別統計,族群,客家事務委員會委員性別統計,序號、委員姓名、職稱、委員經歷、性別、通訊地址
臺北市政府客家事務委員會辦理客家文化研習班概況,族群,北市府客委會辦理客家文化研習班概況,108年期別及課程類別、班級數量、總計男數量、總計女數量、開課區域、開課地點、省市縣市鄉鎮市區代碼
臺北市客家文化主題公園場地使用收費要點,族群,提供臺北市客家文化主題公園場地使用收費要點之資料,名稱、收費要點、省市縣市鄉鎮市區代碼、 郵遞區號3+3、聯絡地址、承辦人、下載連結
臺北市政府客家事務委員會辦理客家文化活動統計,族群,客家文化活動統計之資料,年度/月、場次數量、參與人次數量、資料提供、活動辦理地點、省市縣市鄉鎮區代碼
臺北市政府客家事務委員會辦理臺北客家書院學員人數統計,族群,學員人數統計,項次、年度、學期、課程名稱、招生人數量、地點、報名數量
109年臺北市客家社團名冊,族群,臺北市客家社團名冊,編號、單位名稱、理事長/會長
臺北市政府客家事務委員會志工名冊,族群,客家事務委員會志工名冊之序號、姓名、性別、服務區域、學歷、可配合支援縣市、省市縣市鄉鎮市區代碼,序號、姓名、性別、服務區域、學歷、可配合支援縣市、省市縣市鄉鎮市區代碼
財團法人台北市客家文化基金會109年預算書收入明細表,族群,財團法人台北市客家文化基金會109年預算書收入明細表之前年度決算數、科目名稱、本年度預算數、上年度預算數、說明（單位：新臺幣元）,台北市客家文化基金會109年預算書、收入明細表
臺北市政府觀光傳播局MICE申請案審查結果,觀光,臺北市政府觀光傳播局為鼓勵國際會議、國際展覽及獎勵旅遊等活動於臺北市舉辦，以促進相關產業發展，爰編列補助經費，並於每期公告補助。,資料項目、內容說明、更新時間、語版、網址、縣市、縣市代碼
臺北旅遊網最新消息,觀光,臺北市臺北旅遊網最新消息,資料項目、縣市、縣市代碼、語系、介接網址
臺北市水域遊憩活動訊息公告,觀光,臺北市水域遊憩公告,DataSN、ArticleType、FileName、Link、Source、title、內容、相關檔案、相關連結、相關圖片、url、title、相關影音、發布單位
臺北生技獎得獎名單,經濟,臺北生技獎得獎名單。,類別、獎項、獎金、單位名稱、標的名稱
臺北市主要觀光景點遊客數統計,觀光,2015年迄今每年主要觀光景點總遊客人次統計,年份、遊客人次、更新頻率、縣市別、縣市別代碼
臺北市旅遊服務中心據點資訊,觀光,臺北市旅服中心服務據點資訊,no(編號)、name(名稱)、address(地址)、telephone(電話)、openingHours(服務時間)
臺北市借問站據點資訊,觀光,臺北市借問站所在名稱及地址,縣市名稱、縣市代碼、借問站名稱、郵遞區號、地址
臺北市臺北旅遊網活動年曆,觀光,臺北旅遊網活動年曆,資料項目、民國年、西元年、縣市別、介接網址
臺北旅遊網活動展演,觀光,臺北市臺北旅遊網活動展演,資料項目、縣市、縣市代碼、更新頻率、網址
臺北旅遊網推薦遊程,觀光,臺北市臺北旅遊網推薦遊程,資料項目、縣市、縣市別、語系、網址
104年度台北市有線電視系統業者服務品質暨收視戶滿意度調查,統計,104年度台北市有線電視系統業者服務品質暨收視戶滿意度調查表詳細內容,年度、更新頻率、裝機率、公用頻道收視率、檔案下載網址
臺北市政府觀光傳播局人民申請案件項目及處理期限,觀光,觀光傳播局人民申請案件項目及處理期限,申請案件項目、網路申辦處理天數、一般申請處理天數、負責科室、負責局處
臺北市水域遊憩活動告示牌地點,觀光,水域遊憩活動告示牌地點一覽表,告示牌編號、位置、數量、縣市別、縣市代碼
臺北市旅遊服務中心服務人次,觀光,臺北市旅遊服務中心服務人次(104至113年),年份、人次、縣市別、縣市代碼、縣市簡稱
臺北市觀光活動補助情形一覽表,觀光,"臺北市政府觀光傳播局為扶植民間辦理觀光活動，並推廣極具地方特色或民俗節慶活動，爰編列觀光活動補助經費，並於每季公告補助及核銷情形。


",資料項目、內容說明、更新時間、語版、網址、縣市、縣市代碼
臺北市來臺旅客在臺北市之消費及動向調查,統計,"為瞭解來臺旅客在臺北市之消費及動向，觀光傳播局自101年開始辦理「來臺旅客在臺北市之消費及動向調查」，主要目的在推估來臺旅客到訪臺北市的比率、旅遊動機、動向、在臺北市之消費金額及消費情形，對臺北市的印象等，所得訊息供相關單位訂定觀光宣傳推廣策略、改善觀光設施及提昇服務品質之參考。
","資料項目、內容說明、更新時間、語版、介接網址、縣市、縣市代碼
"
臺北市 台灣好行與綠色運具推廣(台灣好行~北投竹子湖線),觀光,113-114年台灣好行~北投-竹子湖線每月搭乘人次,年度、月份、平／假日、班次、總座位數、總搭乘人數、搭乘率
臺北市政府分層負責明細表共同業務乙表,統計,說明臺北市政府分層負責明細表共同業務乙表,序號、民國年、表別、公務項目、公務內容、業務名稱、決行權責、會辦機關—單位、備考
臺北市集會堂、活動中心資料,民政,臺北市集會堂及活動中心資料,編號、區別、集會堂或活動中心名稱、地址、電話、座標X、座標Y
臺北市政府警察局違反社會秩序維護法件數,治安,臺北市政府警察局109年迄今違反社會秩序維護法件數統計表,年度及月份、總件數、總人數、妨害安寧秩序件數、妨害安寧秩序人數、妨害善良風俗件數、妨害善良風俗人數、妨害公務件數、妨害公務人數、妨害他人身體財產件數、妨害他人身體財產人數
臺北市政府分層負責明細表共同業務甲表,統計,說明臺北市政府分層負責明細表共同業務甲表,序號、民國年、表別、公務項目、公務內容、業務名稱、決行權責、會辦機關—單位、備考
臺北市娛樂營業場所噪音告發案件點位資訊,環保,娛樂營業場所噪音告發案件資訊,序號、行政區、稽查地點、稽查日期
臺北市營建工程噪音告發案件點位資訊,環保,營建工程噪音告發資訊,序號、行政區、稽查地點、稽查日期
臺北市觀光傳播局109年度觀光手冊文宣品發行一覽表,觀光,觀光傳播局109年度發行之觀光手冊文宣品名稱、出版時間、語版、發行量與閱覽連結,名稱、出版年月、語版、數量、閱覽連結
臺北市觀光傳播局110年度觀光手冊文宣品發行一覽表,觀光,觀光傳播局110年度觀光手冊文宣品名稱、出版時間、語版、發行量與閱覽連結,名稱、出版年月、語版、數量、閱覽連結
臺北市政府體育局場地租借系統線上場地一覽表,觀光,體育局場地租借系統線上場地所屬分區、場地名稱、英文場地名稱、運動型態、地址、英文地址、開放時間、關閉時間、設施科連絡電話,場地所屬分區(Area)、場地名稱(Name)、英文場地名稱(NameEng)、運動型態(SportType)、地址(Address)、英文地址(AddressEng)、開放時間(startTime)、關閉時間(endTime)、設施科連絡電話(LocalCallService)
臺北市運動產業業者名單,統計,"臺北市運動產業業者名單，內容包含公司名稱,市招名稱,聯絡電話,營業地址,電子郵件,營業時間,收費方式,運動產業12加1類別,主要運動類型,統一編號,緯度,經度",公司名稱(CompanyName1)、市招名稱(CompanyName2)、市話(Tel)、營業地址(Address1)、電子郵件(Email)、營業時間(BusinessHours)、收費方式(Charges)、運動產業12加1類別(SportType)、主要運動類型(SportType1)、統一編號(CompanyNo)、Latitude(緯度)、Longitude(經度)
臺北市列管建築物,消防,臺北市建築物列管統計,區域別、合計、5層以下（統計數值）、6樓層（統計數值）、7樓層（統計數值）、8樓層（統計數值）、9樓層（統計數值）、10樓層（統計數值）、11樓層（統計數值）、12樓層（統計數值）、13樓層（統計數值）、14樓層（統計數值）、15樓層（統計數值）、16樓層（統計數值）、17樓層（統計數值）、18樓層（統計數值）、19樓層（統計數值）、20樓層（統計數值）、21樓層（統計數值）、22樓層（統計數值）、23樓層（統計數值）、24樓層（統計數值）、25樓層（統計數值）、26樓層（統計數值）、27樓層（統計數值）、28樓層（統計數值）、29樓層（統計數值）、30層以上（統計數值）
臺北市政府消防局消防裝備器材,消防,臺北市政府消防局各年度消防裝備器材,項次編號、縣市代碼、機關代碼、品項名稱、現有數量、可調度數量
臺北市政府消防局標案明細表,消防,臺北市政府消防局標案案件明細及金額,臺北市政府消防局採購案件、採購金額等資訊。
臺北市衛生局食品抽驗不合格清冊,統計,臺北市衛生局食品抽驗不合格清冊。,專案名稱、抽驗日期、分類、檢體名稱、抽驗行政郵遞區號、抽驗地點、檢驗結果、不符合規定原因
臺北市經紀業設立備查統計表,地政,經紀業設立備查資料,縣市、仲介家數、代銷家數、仲介及代銷、經營國外不動產仲介或代銷、直營、加盟、公司、商號
臺北市生物多樣性,環保,提供臺北市生物多樣性指標調查計畫原始物種調查資料,"坐標x、坐標y、調查日期(yyyymmdd)、物種類別(綱)、物種名稱(學名或中文名)、數量、調查法、不準度
"
臺北市不動產消費爭議案件統計報表,地政,本局辦理之不動產消費爭議案件查處結果，每月所統計之相關資料,日期、收件筆數、移他機關含外縣市或其他主管機關、非屬消費爭議案件筆數、自行和解筆數、本局協商會和解、議會協商和解或撤案、撤案、函告後續處理方式、移消費者保護官申訴、本局協商會不成立、議會協商不成立或其他結論、其他
臺北捷運自行車停車場GPS座標,交通,臺北捷運所屬各自行車停車場GPS座標,項次、停車場名稱、緯度、經度、更新日期
臺北市不動產消費爭議案件處理資料,地政,本局消費爭議案理辦理情形之相關資料,序號、日期、被申訴公司名稱、公司類別、糾紛主要原因、糾紛次要原因一、其他糾紛原因、查處結果、備註
臺北市公有免費停車場,交通,公有免費停車場資訊,編號、行政區、主管機關、停車場開放狀況、機關名稱、門牌地址、是否收費
臺北市托嬰中心評鑑結果,社福,提供臺北市托嬰中心評鑑資料,編號、機構名稱、行政區、行政區碼、110年、111年、112年、113年、114年
臺北市兒童及少年寄養家庭戶數,社福,提供臺北市兒童及少年寄養家庭戶數資料,年/季、總戶數、按身分別分/一般戶數、按身分別分/原住民戶數、按行政區別分/松山區戶數、按行政區別分/信義區戶數、按行政區別分/大安區戶數、按行政區別分/中山區戶數、按行政區別分/中正區戶數、按行政區別分/大同區戶數、按行政區別分/萬華區戶數、按行政區別分/文山區戶數、按行政區別分/南港區戶數、按行政區別分/內湖區戶數、按行政區別分/士林區戶數、按行政區別分/北投區戶數、按行政區別分/其他戶數
臺北市長者乘車補助人次,社福,提供臺北市長者乘車補助人次資料,年/半年、公車補助人次、捷運補助人次、計程車補助人次、貓空纜車補助人次、微笑單車補助人次
社會福利統計_臺北市低收入戶暨中低收入戶自立脫貧服務,社福,社會福利統計_低收入戶暨中低收入戶自立脫貧服務資料呈現於【社會局局網> 統計資料 > 預告統計資料發布時間表】,年/季、低收入戶參加自立脫貧方案總人數、低收入戶參加自立脫貧方案男生人數、低收入戶參加自立脫貧方案女生人數、中低收入戶參加自立脫貧方案總人數、中低收入戶參加自立脫貧方案男生人數、中低收入戶參加自立脫貧方案女生人數
社會福利統計_臺北市急難救助,社福,社會福利統計_急難救助資料呈現於【社會局局網> 統計資料 > 預告統計資料發布時間表】,年/季、總救助人次、男生救助人次、女生救助人次、救助金額
社會福利統計_臺北市身障租金補貼,社福,社會福利統計_身障租金補貼資料呈現於【社會局局網> 統計資料 > 預告統計資料發布時間表】,年/季、房屋租金補貼個案人數、房屋租金補貼人次、房屋租金補貼金額、購屋貸款利息補貼個案人數、購屋貸款利息補貼人次、購屋貸款利息補貼金額
社會福利統計_臺北市身心障礙者生活補助申請,社福,"社會福利統計_身心障礙者生活補助申請資料呈現於【社會局網站> 統計資料 > 預告統計資料發布時間表】
",年月、總補助人數、男生補助人數、女生補助人數、補助金額
社會福利統計_臺北市脆弱家庭服務,社福,社會福利統計_脆弱家庭服務資料呈現於【社會局局網> 統計資料 > 預告統計資料發布時間表】,機關名稱、機關代碼、民國年、統計區間、總通報案件數
臺北市寄養服務業務,社福,寄養服務業務資料呈現於【社會局局網> 統計資料> 預告統計資料發布時間表】,機關名稱、機關代碼、民國年、季、執行金額
臺北市早期療育個案服務,社福,早期療育個案服務資料呈現於【社會局局網> 統計資料 > 預告統計資料發布時間表】,年/季、總收托人數、男生收托人數、女生收托人數、總療育個案人數、男生療育個案人數、女生療育個案人數
社會福利統計_臺北市身心障礙者輔具費用補助,社福,社會福利統計_身心障礙者輔具費用補助資料呈現於【社會局局網> 統計資料 > 預告統計資料發布時間表】,年/季、補助總人次、男生補助人次、女生補助人次、補助金額
臺北市臨時看護補助,社福,"臨時看護補助資料呈現於【社會局局網>統計資料 > 預告統計資料發布時間表】
",年/季、0-未滿18歲住院人次、18-未滿65歲住院人次、65歲以上住院人次、住院總日數、看護補助金額
社會福利統計_臺北市公益彩券經銷商人數統計,社福,社會福利統計_公益彩券經銷商人數資料呈現於【社會局局網>公開資訊 > 公益彩券 > 彩券經銷商】,統計年月、身心障礙者人數、身心障礙者百分比、低收入單親家庭人數、低收入單親家庭百分比、原住民人數、原住民百分比、總人數
臺北市銀髮族服務臺北市獨居老人人數,社福,臺北市獨居老人人數,年/季、行政區、總人數、男生人數、女生人數
社會福利統計_臺北市身心障礙福利機構概況,社福,社會福利統計_身心障礙福利機構概況資料呈現於【社會局局網> 統計資料 > 預告統計資料發布時間表】,年/季、核定安置服務總人數、全日型住宿核定安置服務人數、夜間型住宿核定安置服務人數、日間照顧核定安置服務人數、部分時制照顧核定安置服務人數、實際安置服務總人數、實際安置服務男生人數、實際安置服務女生人數、全日型住宿實際安置服務男生人數、全日型住宿實際安置服務女生人數、夜間型住宿實際安置服務男生人數、夜間型住宿實際安置服務女生人數、日間照顧實際安置服務男生人數、日間照顧實際安置服務女生人數、部分時制照顧實際安置服務男生人數、部分時制照顧實際安置服務女生人數、本期服務人次
臺北市共融式遊戲場資訊,社福,提供共融式遊戲場相關資訊,location、district、address、longitude、latitude、link
臺北市中低收入(含低收入戶)老人生活津貼,社福,提供臺北市中低收入(含低收入戶)老人生活津貼資訊,年/月、總人數、第0類低收入戶人數、第1類低收入戶人數、第2類低收入戶人數、第3類低收入戶人數、第4類低收入戶人數、最低生活費1倍至未滿1.5倍者人數、最低生活費1.5倍至未滿2.5倍者人數、具原住民身分人數
臺北市中低收入戶特殊項目救助及服務,社福,每季提供臺北市中低收入戶特殊項目救助及服務資訊,年/季、產婦及嬰兒營養補助人次、托兒補助人次、教育補助人次、租金補助人次、住宅借住戶數、房屋修繕補助戶次、喪葬補助人數、生育補助人次、就學交通補助人次、其他必要之救助及服務人次或戶次
臺北市中低收入戶輔導就業服務,社福,每季提供臺北市中低收入戶輔導就業服務資訊,年/季、有工作能力未就業者人數、參加以工代賑人數、以工代賑金額、社政轉介勞政人數/就業媒合服務、社政轉介勞政人數/參加職業訓練、勞政回報人數/已就業人數、勞政回報人數/參加職業訓練人數、輔導成功率、免計入家庭總收入之受益人數
臺北市特殊境遇家庭概況,社福,每季提供臺北市特殊境遇家庭概況資訊,年/季、戶數、家長年齡未滿20人數、家長年齡20歲至未滿30歲人數、家長年齡30歲至未滿40歲、家長年齡40歲至未滿50歲、家長年齡50歲至未滿60歲、家長年齡60歲至未滿70歲、家長年齡70歲至未滿80歲、家長年齡80歲以上、家長婚姻狀況/未婚、家長婚姻狀況/有偶、家長婚姻狀況/離婚、家長婚姻狀況/喪偶、家長設籍狀況/本國籍一般、家長設籍狀況/本國籍原住民、家長設籍狀況/大陸籍、家長設籍狀況/外國籍、家長工作狀況/有工作、家長工作狀況/無工作、家長工作狀況/臨時性工作、扶養子女人數、扶養孫子女人數
臺北市違反兒童及少年福利與權益保障法執行概況,社福,每年提供臺北市違反兒童及少年福利與權益保障法執行概況資訊,年/半年、罰鍰件數/違反法令執行罰鍰者、罰鍰件數/不接受親職教育或教育時數不足者、親職教育件數、親職教育課程時數、公布姓名人數、公布名稱家數、沒入物品或限期移除或下架或其他處置件數、歇業家數、勒令停業家數、停辦家數、廢止許可家數、廢止登記人數
臺北市特殊境遇家庭符合款項,社福,每季提供臺北市特殊境遇家庭符合款項資訊,年/季、65歲以下且配偶死亡人數、65歲以下且配偶失蹤經向警察機關報案協尋未獲達6個月以上人數、因配偶惡意遺棄經判決離婚確定或已完成協議離婚登記人數、受配偶不堪同居之虐待經判決離婚確定或已完成協議離婚登記、家庭暴力受害者、未婚懷孕婦女且懷胎3個月以上至分娩2個月以內者、因離婚或喪偶或未婚生子獨自扶養18歲以下子女者、獨自扶養18歲以下父母無力扶養之孫子女者、配偶處1年以上之徒刑或受拘束人身自由之保安處分1年以上且在執行中、因3個月內生活發生重大變故導致生活經濟困難者
臺北市身心障礙者支持服務成果,社福,每季提供臺北市身心障礙者支持服務成果資訊,年/季、居家服務/到宅評估輔具訓練服務人數、居家服務/送餐到家人數、社區服務/日間照顧、社區服務/社區日間作業設施服務、社區服務/臨時及短期照顧、社區服務/生活重建、社區服務/社區居住服務、社區服務/自立生活支持服務、社區服務/家庭托顧
臺北市特殊境遇家庭扶助服務,社福,每季提供臺北市特殊境遇家庭扶助服務資訊,年/季、總人次、緊急生活扶助人次、傷病醫療補助、法律訴訟補助、子女生活津貼、兒童托育津貼
臺北市低收入戶輔導就業服務,社福,每季提供臺北市低收入戶輔導就業服務資訊,序號、年/季、以工代賑/人次、以工代賑/金額、社政轉介勞政就業媒合服務人次
臺北市歷年性侵害案量統計,社福,提供臺北市性侵害案量統計資訊,年/月、總案數、受理單位/醫院診所或衛生單位案數、受理單位/警政案數、受理單位/社政單位案數、受理單位/教育單位案數、受理單位/司法機關、受理單位/勞政、受理單位/113婦幼保護專線、受理單位/自行前來、受理單位/其他、受侵害型態/性交、受侵害型態/猥褻、受侵害型態/其他、領有身心障礙證明、疑似身心障礙者、非身心障礙者、案發場所/非私人場所、案發場所/私人場所
臺北市中低收入戶數及人數按身分別分,社福,每季提供臺北市中低收入戶數及人數按身分別分,年/季、季底總戶數、季底戶數/一般戶數、季底戶數/原住民戶數、季底總人數、季底人數/一般戶人數、季底人數/原住民人數
臺北市街友處理情形,社福,每季提供臺北市街友處理情形資訊,年/季、受理報案或查報街友處理案數、街友人數/男、街友人數/女、查報未列冊街友人數、已列冊街友人數/街頭街友、已列冊街友人數/安置收容街友、處理街友情形總計、處理街友情形/關懷服務人次、處理街友情形/提供或轉介福利服務人次、處理街友情形/收容情形人次、處理街友情形/因故死亡
臺北市兒童及少年家庭寄養概況,社福,每季提供臺北市兒童及少年家庭寄養概況資訊,民國年、季、增加寄養人數、停止寄養人數、實有寄養人數
臺北市低收入戶數及人數按款別分,社福,每季提供臺北市低收入戶數及人數按款別分資訊,年/季、戶數總計、第一款戶數、第二款戶數、第三款戶數、第一款人數、第二款人數、第三款人數
臺北市低收入戶數及人數按身分別分,社福,每季提供臺北市低收入戶數及人數按身分別分資訊,年/季、本季底戶數總計、本季底一般戶戶數、本季底原住民戶戶數、本季底人數總計、本季底一般戶人數、本季底原住民戶人數
臺北市中低收入戶數及人數按年齡別分,社福,每季提供臺北市中低收入戶數及人數按年齡別分資訊,年/季、戶數、人數總計、0歲至未滿6歲人數、6歲至未滿12歲人數、12歲至未滿18歲人數、18歲至未滿26歲人數、26歲至未滿35歲人數、35歲至未滿45歲人數、45歲至未滿60歲人數、60歲至未滿65歲人數、65歲至未滿80歲人數、80歲以上人數
臺北市社會救助通報處理情形,社福,每季提供臺北市社會救助通報處理情形資訊,年/季、本季接獲社會救助通報處理情形總件數、符合補助資格件數、實物給付服務件數、急難救助件數、醫療補助件數、長期生活扶助件數、不符合補助資格件數、轉介其他福利方案件數、無須提供服務件數、其他件數
臺北市低收入戶生活扶助,社福,每季提供臺北市低收入戶生活扶助資訊,年/季、總金額、第0類低收入戶人次、第0類低收入戶發放標準、第0類低收入戶金額、第1類低收入戶人次、第1類低收入戶發放標準、第1類低收入戶金額、第2類低收入戶戶次、第2類低收入戶發放標準、第2類低收入戶金額
臺北市社會局推展志願服務志工服務成果,社福,提供臺北市社會局推展志願服務志工服務成果資訊,年/季、接受服務人次總計、身心障礙福利服務接受服務人次、老人福利服務接受服務人次、婦女福利服務接受服務人次、少年福利服務接受服務人次、兒童福利服務接受服務人次、諮商福利服務接受服務人次、家庭福利服務接受服務人次、社區福利服務接受服務人次、綜合福利服務接受服務人次
臺北市兒少高風險家庭關懷輔導處遇服務執行概況,社福,每季提供臺北市兒少高風險家庭關懷輔導處遇服務執行概況資訊,年/季、訪視評估結果總數量、兒少訪視評估結果總數量、成人訪視評估結果總數量、本季新增開案總計、本季兒少新增開案、本季成人新增開案、經評估為保護案件總計、經評估為兒少保護案件、經評估為成人保護案件、本季尚開案評估中、本季結案
臺北市兒童與少年服務_青少年就業諮詢輔導單位,社福,兒童與少年服務_青少年就業諮詢輔導單位,機構名稱、行政區、編號、負責人頭銜、負責人姓名、聯絡人頭銜、聯絡人姓名、屆期、郵遞區號、城市、地址、電話、傳真、網址、e-mail、機關簡介、字號標題、立案字號、開始日期標題、成立日期、項目一標題、項目一內容、項目二標題、項目二內容、組織區域、兼任里長、是否備有交通車、橫座標、縱座標、單位代碼、提供單位、上傳日期
臺北市兒童與少年服務_家庭寄養,社福,兒童與少年服務_家庭寄養,ADDRESS_CODE、L1_CODE、L1_NAME、ORG_TYPE、ORG_GROUP_NAME、ORG_NAME、DIVISION、PERSON_IN_CHARGE、CONTACT_NAME、ZONE_CODE、CITY、ADDRESS、PHONE、FAX、WEB_HOMEPAGE、ORG_INTRODUCTION、REGISTERED、CREATE_DATE_TITLE、CREATE_DATE、PROP_TITLE、PROP、BEDNO_TITLE、BEDNO、LAT、LON、DEPT_NAME、POST_DATE
臺北市中低收入戶輔導就業服務資料,社福,提供臺北市中低收入戶輔導就業服務資料,年/季、以工代賑/人次總計、以工代賑人次/男、以工代賑人次/女、以工代賑/金額、社政轉介勞政就業媒合服務人次總計、社政轉介勞政就業媒合服務人次/男、社政轉介勞政就業媒合服務人次/女
臺北市身心障礙者居家照顧委辦單位,社福,提供臺北市身心障礙者居家照顧委辦單位資料,委辦單位、地址、電話、分機、服務區域
臺北市小客車使用牌照稅稅額表,財稅,臺北市小客車使用牌照稅稅額表。,縣市別代碼、機關代號、小客車_每車乘人座位9人以下者_汽缸總排氣量_立方公分、自用小客車稅額_新臺幣元、營業小客車稅額_新臺幣元
臺北市113年使用牌照稅開徵概況按納稅義務人性別分,財稅,臺北市113年使用牌照稅開徵-按納稅義務人性別統計,縣市別代碼、機關代號、年度、性別、車輛數
臺北市每戶家庭收支－可支配所得戶數五等分位別,統計,"臺北市每戶家庭收支－可支配所得戶數五等分位別時間數列統計資料
",年別、可支配所得戶數五等分位、家庭戶數、每戶人數、每戶成年人數、每戶就業人數、每戶所得收入者人數、[一]所得收入總計[NT]、1.受僱人員報酬[NT]、[1]本業薪資[NT]、[2]兼業薪資[NT]、[3]其他收入[NT]、2.產業主所得[NT]、3.財產所得收入[NT]、4.自用住宅設算租金收入[NT]、5.經常移轉收入[NT]、[1]從私人[NT]、[2]從政府[NT]、[3]社會保險受益[NT]、[4]從企業[NT]、[5]從國外[NT]、6.雜項收入[NT]、[二]非消費支出[NT]、1.利息支出[NT]、2.經常移轉支出[NT]、[1]對私人[NT]、[2]對政府[NT]、[3]社會保險[NT]、[4]對國外[NT]、[三]消費支出[NT]、1.食品及非酒精飲料[NT]、2.菸酒及檳榔[NT]、3.衣著鞋襪及服飾用品[NT]、4.住宅服務水電瓦斯及其他燃料[NT]、[1]住宅服務[NT]、[2]水電費及及燃料[NT]、5.家具設備及家務維護[NT]、6.醫療保健[NT]、7.交通[NT]、[1]個人交通工具之購置[NT]、[2]個人交通設備使用管理維護[NT]、[3]客運與貨物運輸服務[NT]、8.資通訊[NT]、9.休閒運動與文化[NT]、[1]套裝旅遊[不含自助旅遊][NT]、[2]休閒運動與文化用品[NT]、[3]休閒運動與文化服務[NT]、[4]書報雜誌文具[NT]、10.教育服務[NT]、11.餐廳及住宿服務[NT]、12.保險及金融服務[NT]、13.個人清潔照護社會保障及其他[NT]、可支配所得[NT]、消費支出[NT]、儲蓄[NT]、所得總額[NT]
臺北市每戶家庭收支－住宅狀況別,統計,"臺北市每戶家庭收支－住宅狀況別時間數列統計資料
",年別、住宅狀況、家庭戶數、每戶人數、每戶成年人數、每戶就業人數、每戶所得收入者人數、[一]所得收入總計[NT]、1.受僱人員報酬[NT]、[1]本業薪資[NT]、[2]兼業薪資[NT]、[3]其他收入[NT]、2.產業主所得[NT]、3.財產所得收入[NT]、4.自用住宅設算租金收入[NT]、5.經常移轉收入[NT]、[1]從私人[NT]、[2]從政府[NT]、[3]社會保險受益[NT]、[4]從企業[NT]、[5]從國外[NT]、6.雜項收入[NT]、[二]非消費支出[NT]、1.利息支出[NT]、2.經常移轉支出[NT]、[1]對私人[NT]、[2]對政府[NT]、[3]社會保險[NT]、[4]對國外[NT]、[三]消費支出[NT]、1.食品及非酒精飲料[NT]、2.菸酒及檳榔[NT]、3.衣著鞋襪及服飾用品[NT]、4.住宅服務水電瓦斯及其他燃料[NT]、[1]住宅服務[NT]、[2]水電費及及燃料[NT]、5.家具設備及家務維護[NT]、6.醫療保健[NT]、7.交通[NT]、[1]個人交通工具之購置[NT]、[2]個人交通設備使用管理維護[NT]、[3]客運與貨物運輸服務務[NT]、8. 資通訊[NT]、9.休閒運動與文化[NT]、[1]套裝旅遊[不含自助旅遊][NT]、[2]休閒運動與文化用品[NT]、[3]休閒運動與文化服務[NT]、[4]書報雜誌文具[NT]、10.教育服務[NT]、11.餐廳及住宿服務[NT]、12.保險及金融服務[NT]、13.個人清潔照護社會保障及其他[NT]、可支配所得[NT]、消費支出[NT]、儲蓄[NT]、所得總額[NT]
臺北市政府駐地方法院家庭暴力事件聯合服務處,社福,提供每年度臺北市政府駐地方法院家庭暴力事件聯合服務處資訊,機構類型、機構名稱、地址、電話、分機、服務對象
臺北市身心障礙福利機構服務使用者人數,社福,每季提供臺北市身心障礙福利機構服務使用者人數資訊,年/季、神經系統構造及精神心智功能人數、眼耳及相關構造與感官功能及疼痛、涉及聲音與言語構造及其功能、循環或造血或免疫與呼吸系統構造及其功能、消化新陳代謝與內分泌系統相關構造及其功能、泌尿與生殖系統相關構造及其功能、神經或肌肉或骨骼之移動相關構造及其功能、皮膚與相關構造及其功能、跨兩類別以上者人數、舊制轉換新制暫無法歸類者人數
臺北市身心障礙福利機構服務使用者之年齡分配,社福,每季提供臺北市身心障礙福利機構服務使用者之年齡分配資訊,年/季、總人數、0歲至未滿3歲人數、3歲至未滿6歲人數、6歲至未滿12歲人數、12歲至未滿15歲人數、15歲至未滿18歲人數、18歲至未滿30歲人數、30歲至未滿45歲人數、45歲至未滿60歲人數、60歲至未滿65歲人數、65歲以上人數
臺北市假牙補助醫療院所名單,社福,"假牙補助醫療院所名單
資料呈現於【社會局局網>相關服務>銀髮族服務>健保費補助及健康維護>中低收入老人假牙補助>相關檔案】",補助類型、區域、院所名稱、地址、連絡電話
臺北市準公共化托嬰中心,社福,提供準公共化托嬰中心名冊,序號、機構名稱、行政區、地址、電話、核定收托人數、實際收托人數、評鑑結果
社會福利統計_臺北市兒少機構收容暨空位狀態,社福,兒少機構收容暨空位狀態,"序號、行政區、屬性、機構名稱、機構類型、服務對象、核定服務床位數量、可申請床位數量、說明、評鑑、地址、電話、聯絡人、網址、更新日期
"
社會福利統計_臺北市身障機構收容暨空位狀態,社福,身障機構空位狀態,序號、行政區、屬性、機構名稱、機構類型、成人日間照顧床位數量、全日型住宿床位數量、早療日間照顧、夜間型住宿床位數量、緊急短期安置床位數量、地址、網址
臺北市友善兒童少年福利服務據點,社福,兒童與少年服務-友善兒童少年福利服務據點,機構名稱、計畫名稱、電話、地址、服務區域
臺北市銀髮族服務_老人收容安置補助名冊,社福,提供老人收容安置補助名冊,序號、機構名稱、機構地址、機構電話、負責人、105年評鑑成績、105年度衛福部評鑑成績、106年評鑑成績、107年評鑑成績、108年評鑑成績
臺北市獨居老人緊急救援系統,社福,提供臺北市獨居老人緊急救援系統資訊,洽辦單位、聯絡電話、分機、服務對象、應備文件
臺北市中低收入老人特別照顧津貼,社福,提供臺北市中低收入老人特別照顧津貼資訊,年/月、補助人數總計、男性補助人數、女性補助人數、65歲至未滿70歲補助人數、70歲至未滿75歲補助人數、75歲至未滿80歲補助人數、80歲至未滿85歲補助人數、85歲至未滿90歲補助人數、90歲以上補助人數、發放金額
臺北市性侵害加害人處遇,社福,提供每年度臺北市性侵害加害人處遇資訊,年度、總人數、無須處遇、完成處遇人數、尚在接受處遇人數、暫停處遇人數、未完成處遇已結案人數、轉入強制治療
臺北市財團法人社會福利慈善事業基金會經費運用情形,社福,提供每年度臺北市財團法人社會福利慈善事業基金會經費運用情形,年度、總金額、社會福利支出總金額、兒童福利支出金額、少年福利支出金額、婦女福利支出、老人福利支出、身心障礙福利支出、急難救助支出、低收入補助支出、醫療補助支出、清寒獎助學金支出、志願服務支出、臨時捐助支出、災害救助支出、其他福利支出、社會公益活動、業務發展基金或準備金
臺北市每戶家庭收支－家庭組織型態別,統計,臺北市每戶家庭收支－家庭組織型態別時間數列統計資料,年別、家庭組織型態、家庭戶數、每戶人數、每戶成年人數、每戶就業人數、每戶所得收入者人數、[一]所得收入總計[NT]、1.受僱人員報酬[NT]、[1]本業薪資[NT]、[2]兼業薪資[NT]、[3]其他收入[NT]、2.產業主所得[NT]、3.財產所得收入[NT]、4.自用住宅設算租金收入[NT]、5.經常移轉收入[NT]、[1]從私人[NT]、[2]從政府[NT]、[3]社會保險受益[NT]、[4]從企業[NT]、[5]從國外[NT]、6.雜項收入[NT]、[二]非消費支出[NT]、1.利息支出[NT]、2.經常移轉支出[NT]、[1]對私人[NT]、[2]對政府[NT]、[3]社會保險[NT]、[4]對國外[NT]、[三]消費支出[NT]、1.食品及非酒精飲料[NT]、2.菸酒及檳榔[NT]、3.衣著鞋襪及服飾用品[NT]、4.住宅服務水電瓦斯及其他燃料[NT]、[1]住宅服務[NT]、[2]水電費及及燃料[NT]、5.家具設備及家務維護[NT]、6.醫療保健[NT]、7.交通[NT]、[1]個人交通工具之購置[NT]、[2]個人交通設備使用管理維護[NT]、[3]客運與貨物運輸服務[NT]、8.資通訊[NT]、9.休閒運動與文化[NT]、[1]套裝旅遊[不含自助旅遊][NT]、[2]休閒運動與文化用品[NT]、[3]休閒運動與文化服務[NT]、[4]書報雜誌文具[NT]、10.教育服務[NT]、11.餐廳及住宿服務[NT]、12.保險及金融服務[NT]、13.個人清潔照護社會保障及其他[NT]、可支配所得[NT]、消費支出[NT]、儲蓄[NT]、所得總額[NT]
臺北市每戶家庭收支－人數別,統計,"臺北市每戶家庭收支－人數別時間數列統計資料
",年別、戶內人數、家庭戶數、每戶人數、每戶成年人數、每戶就業人數、每戶所得收入者人數、[一]所得收入總計[NT]、1.受僱人員報酬[NT]、[1]本業薪資[NT]、[2]兼業薪資[NT]、[3]其他收入[NT]、2.產業主所得[NT]、3.財產所得收入[NT]、4.自用住宅設算租金收入[NT]、5.經常移轉收入[NT]、[1]從私人[NT]、[2]從政府[NT]、[3]社會保險受益[NT]、[4]從企業[NT]、[5]從國外[NT]、6.雜項收入[NT]、[二]非消費支出[NT]、1.利息支出[NT]、2.經常移轉支出[NT]、[1]對私人[NT]、[2]對政府[NT]、[3]社會保險[NT]、[4]對國外[NT]、[三]消費支出[NT]、1.食品及非酒精飲料[NT]、2.菸酒及檳榔[NT]、3.衣著鞋襪及服飾用品[NT]、4.住宅服務水電瓦斯及其他燃料[NT]、[1]住宅服務[NT]、[2]水電費及及燃料[NT]、5.家具設備及家務維護[NT]、6.醫療保健[NT]、7.交通[NT]、[1]個人交通工具之購置[NT]、[2]個人交通設備使用管理維護[NT]、[3]客運與貨物運輸服務[NT]、8.資通訊[NT]、9.休閒運動與文化[NT]、[1]套裝旅遊[不含自助旅遊][NT]、[2]休閒運動與文化用品[NT]、[3]休閒運動與文化服務[NT]、[4]書報雜誌文具[NT]、10.教育服務[NT]、11.餐廳及住宿服務[NT]、12.保險及金融服務[NT]、13.個人清潔照護社會保障及其他[NT]、可支配所得[NT]、消費支出[NT]、儲蓄[NT]、所得總額[NT]
臺北市每戶家庭收支－經濟戶長教育程度別,統計,"臺北市每戶家庭收支－經濟戶長教育程度別時間數列統計資料
",年別、經濟戶長教育程度、家庭戶數、每戶人數、每戶成年人數、每戶就業人數、每戶所得收入者人數、[一]所得收入總計[NT]、1.受僱人員報酬[NT]、[1]本業薪資[NT]、[2]兼業薪資[NT]、[3]其他收入[NT]、2.產業主所得[NT]、3.財產所得收入[NT]、4.自用住宅設算租金收入[NT]、5.經常移轉收入[NT]、[1]從私人[NT]、[2]從政府[NT]、[3]社會保險受益[NT]、[4]從企業[NT]、[5]從國外[NT]、6.雜項收入[NT]、[二]非消費支出[NT]、1.利息支出[NT]、2.經常移轉支出[NT]、[1]對私人[NT]、[2]對政府[NT]、[3]社會保險[NT]、[4]對國外[NT]、[三]消費支出[NT]、1.食品及非酒精飲料[NT]、2.菸酒及檳榔[NT]、3.衣著鞋襪及服飾用品[NT]、4.住宅服務水電瓦斯及其他燃料[NT]、[1]住宅服務[NT]、[2]水電費及及燃料[NT]、5.家具設備及家務維護[NT]、6.醫療保健[NT]、7.交通[NT]、[1]個人交通工具之購置[NT]、[2]個人交通設備使用管理維護[NT]、[3]客運與貨物運輸服務[NT]、8.資通訊[NT]、9.休閒運動與文化[NT]、[1]套裝旅遊[不含自助旅遊][NT]、[2]休閒運動與文化用品[NT]、[3]休閒運動與文化服務[NT]、[4]書報雜誌文具[NT]、10.教育服務[NT]、11.餐廳及住宿服務[NT]、12.保險及金融服務[NT]、13.個人清潔照護社會保障及其他[NT]、可支配所得[NT]、消費支出[NT]、儲蓄[NT]、所得總額[NT]
臺北市每戶家庭收支－經濟戶長年齡組別,統計,"臺北市每戶家庭收支－經濟戶長年齡組別時間數列統計資料
",年別、經濟戶長年齡組、家庭戶數、每戶人數、每戶成年人數、每戶就業人數、每戶所得收入者人數、[一]所得收入總計[NT]、1.受僱人員報酬[NT]、[1]本業薪資[NT]、[2]兼業薪資[NT]、[3]其他收入[NT]、2.產業主所得[NT]、3.財產所得收入[NT]、4.自用住宅設算租金收入[NT]、5.經常移轉收入[NT]、[1]從私人[NT]、[2]從政府[NT]、[3]社會保險受益[NT]、[4]從企業[NT]、[5]從國外[NT]、6.雜項收入[NT]、[二]非消費支出[NT]、1.利息支出[NT]、2.經常移轉支出[NT]、[1]對私人[NT]、[2]對政府[NT]、[3]社會保險[NT]、[4]對國外[NT]、[三]消費支出[NT]、1.食品及非酒精飲料[NT]、2.菸酒及檳榔[NT]、3.衣著鞋襪及服飾用品[NT]、4.住宅服務水電瓦斯及其他燃料[NT]、[1]住宅服務[NT]、[2]水電費及及燃料[NT]、5.家具設備及家務維護[NT]、6.醫療保健[NT]、7.交通[NT]、[1]個人交通工具之購置[NT]、[2]個人交通設備使用管理維護[NT]、[3]客運與貨物運輸服務[NT]、8.資通訊[NT]、9.休閒運動與文化[NT]、[1]套裝旅遊[不含自助旅遊][NT]、[2]休閒運動與文化用品[NT]、[3]休閒運動與文化服務[NT]、[4]書報雜誌文具[NT]、10.教育服務[NT]、11.餐廳及住宿服務[NT]、12.保險及金融服務[NT]、13.個人清潔照護社會保障及其他[NT]、可支配所得[NT]、消費支出[NT]、儲蓄[NT]、所得總額[NT]
臺北市每戶家庭收支－經濟戶長性別,統計,臺北市每戶家庭收支－經濟戶長性別時間數列統計資料,年別、性別、家庭戶數、每戶人數、每戶成年人數、每戶就業人數、每戶所得收入者人數、[一]所得收入總計[NT]、1.受僱人員報酬[NT]、[1]本業薪資[NT]、[2]兼業薪資[NT]、[3]其他收入[NT]、2.產業主所得[NT]、3.財產所得收入[NT]、4.自用住宅設算租金收入[NT]、5.經常移轉收入[NT]、[1]從私人[NT]、[2]從政府[NT]、[3]社會保險受益[NT]、[4]從企業[NT]、[5]從國外[NT]、6.雜項收入[NT]、[二]非消費支出[NT]、1.利息支出[NT]、2.經常移轉支出[NT]、[1]對私人[NT]、[2]對政府[NT]、[3]社會保險[NT]、[4]對國外[NT]、[三]消費支出[NT]、1.食品及非酒精飲料[NT]、2.菸酒及檳榔[NT]、3.衣著鞋襪及服飾用品[NT]、4.住宅服務水電瓦斯及其他燃料[NT]、[1]住宅服務[NT]、[2]水電費及燃料[NT]、5.家具設備及家務維護[NT]、6.醫療保健[NT]、7.交通[NT]、[1]個人交通工具之購置[NT]、[2]個人交通設備使用管理維護[NT]、[3]客運與貨物運輸服務[NT]、8.資通訊[NT]、9.休閒運動與文化[NT]、[1]套裝旅遊[不含自助旅遊][NT]、[2]休閒運動與文化用品[NT]、[3]休閒運動與文化服務[NT]、[4]書報雜誌文具[NT]、10.教育服務[NT]、11.餐廳及住宿服務[NT]、12.保險及金融服務[NT]、13.個人清潔照護社會保障及其他[NT]、可支配所得[NT]、消費支出[NT]、儲蓄[NT]、所得總額[NT]
臺北市每戶家庭收支－行政區別按年別（109年以後）,統計,臺北市每戶家庭收支－行政區別按年別時間數列統計資料,年別、行政區、家庭戶數、每戶人數、每戶成年人數、每戶就業人數、每戶所得收入者人數、[一]所得收入總計[NT]、1.受僱人員報酬[NT]、[1]本業薪資[NT]、[2]兼業薪資[NT]、[3]其他收入[NT]、2.產業主所得[NT]、3.財產所得收入[NT]、4.自用住宅設算租金收入[NT]、5.經常移轉收入[NT]、[1]從私人[NT]、[2]從政府[NT]、[3]社會保險受益[NT]、[4]從企業[NT]、[5]從國外[NT]、6.雜項收入[NT]、[二]非消費支出[NT]、1.利息支出[NT]、2.經常移轉支出[NT]、[1]對私人[NT]、[2]對政府[NT]、[3]社會保險[NT]、[4]對國外[NT]、[三]消費支出[NT]、1.食品及非酒精飲料[NT]、2.菸酒及檳榔[NT]、3.衣著鞋襪及服飾用品[NT]、4.住宅服務水電瓦斯及其他燃料[NT]、[1]住宅服務[NT]、[2]水電費及及燃料[NT]、5.家具設備及家務維護[NT]、6.醫療保健[NT]、7.交通[NT]、[1]個人交通工具之購置[NT]、[2]個人交通設備管理維護[NT]、[3]客運與貨物運輸服務[NT]、8.資通訊[NT]、9.休閒運動與文化[NT]、[1]套裝旅遊[不含自助旅遊][NT]、[2]休閒運動與文化用品[NT]、[3]休閒運動與文化服務[NT]、[4]書報雜誌文具[NT]、10.教育服務[NT]、11.餐廳及住宿服務[NT]、[1]婚生壽喪祭宴費[NT]、[2]餐飲服務[NT]、[3]住宿服務[不含套裝旅遊之住宿][NT]、12.保險及金融服務[NT]、13.個人清潔照護社會保障及其他[NT]、可支配所得[NT]、可支配所得中位數[NT]、消費支出[NT]、儲蓄[NT]、所得總額[NT]
臺北市家庭收支－行政區別按年別（109年以後）,統計,臺北市家庭收支－行政區別按年別時間數列統計資料,年別、行政區、家庭戶數、每戶人數、每戶成年人數、每戶就業人數、每戶所得收入者人數、[一]所得收入總計[NT]、1.受僱人員報酬[NT]、[1]本業薪資[NT]、[2]兼業薪資[NT]、[3]其他收入[NT]、2.產業主所得[NT]、3.財產所得收入[NT]、4.自用住宅設算租金收入[NT]、5.經常移轉收入[NT]、[1]從私人[NT]、[2]從政府[NT]、[3]社會保險受益[NT]、[4]從企業[NT]、[5]從國外[NT]、6.雜項收入[NT]、[二]非消費支出[NT]、1.利息支出[NT]、2.經常移轉支出[NT]、[1]對私人[NT]、[2]對政府[NT]、[3]社會保險[NT]、[4]對國外[NT]、[三]消費支出[NT]、1.食品及非酒精飲料[NT]、2.菸酒及檳榔[NT]、3.衣著鞋襪及服飾用品[NT]、4.住宅服務水電瓦斯及其他燃料[NT]、[1]住宅服務[NT]、[2]水電費及及燃料[NT]、5.家具設備及家務維護[NT]、6.醫療保健[NT]、7.交通[NT]、[1]個人交通工具之購置[NT]、[2]個人交通設備管理維護[NT]、[3]客運與貨物運輸服務[NT]、8.資通訊 [NT]、9.休閒運動與文化[NT]、[1]套裝旅遊[不含自助旅遊][NT]、[2]休閒運動與文化用品[NT]、[3]休閒運動與文化服務[NT]、[4]書報雜誌文具[NT]、10.教育服務[NT]、11.餐廳及住宿服務[NT]、[1]婚生壽喪祭宴費[NT]、[2]餐飲服務[NT]、[3]住宿服務[不含套裝旅遊之住宿][NT]、12.保險及金融服務[NT]、13.個人清潔照護社會保障及其他[NT]、可支配所得[NT]、消費支出[NT]、儲蓄[NT]、所得總額[NT]
臺北市每戶家庭收支－經濟戶長職業別,統計,"臺北市每戶家庭收支－經濟戶長職業別時間數列統計資料
",年別、職業、家庭戶數、每戶人數、每戶成年人數、每戶就業人數、每戶所得收入者人數、[一]所得收入總計[NT]、1.受僱人員報酬[NT]、[1]本業薪資[NT]、[2]兼業薪資[NT]、[3]其他收入[NT]、2.產業主所得[NT]、3.財產所得收入[NT]、4.自用住宅設算租金收入[NT]、5.經常移轉收入[NT]、[1]從私人[NT]、[2]從政府[NT]、[3]社會保險受益[NT]、[4]從企業[NT]、[5]從國外[NT]、6.雜項收入[NT]、[二]非消費支出[NT]、1.利息支出[NT]、2.經常移轉支出[NT]、[1]對私人[NT]、[2]對政府[NT]、[3]社會保險[NT]、[4]對國外[NT]、[三]消費支出[NT]、1.食品及非酒精飲料[NT]、2.菸酒及檳榔[NT]、3.衣著鞋襪及服飾用品[NT]、4.住宅服務水電瓦斯及其他燃料[NT]、[1]住宅服務[NT]、[2]水電費及及燃料[NT]、5.家具設備及家務維護[NT]、6.醫療保健[NT]、7.交通[NT]、[1]個人交通工具之購置[NT]、[2]個人交通設備使用管理維護[NT]、[3]客運與貨物運輸服務[NT]、8.資通訊[NT]、9.休閒運動與文化[NT]、[1]套裝旅遊[不含自助旅遊][NT]、[2]休閒運動與文化用品[NT]、[3]休閒運動與文化服務[NT]、[4]書報雜誌文具[NT]、10.教育服務[NT]、11.餐廳及住宿服務[NT]、12.保險及金融服務[NT]、13.個人清潔照護社會保障及其他[NT]、可支配所得[NT]、消費支出[NT]、儲蓄[NT]、所得總額[NT]
臺北市家庭收支－經濟戶長職業別,統計,臺北市家庭收支－經濟戶長職業別時間數列統計資料,年別、職業、家庭戶數、每戶人數、每戶成年人數、每戶就業人數、每戶所得收入者人數、[一]所得收入總計[NT]、1.受僱人員報酬[NT]、[1]本業薪資[NT]、[2]兼業薪資[NT]、[3]其他收入[NT]、2.產業主所得[NT]、3.財產所得收入[NT]、4.自用住宅設算租金收入[NT]、5.經常移轉收入[NT]、[1]從私人[NT]、[2]從政府[NT]、[3]社會保險受益[NT]、[4]從企業[NT]、[5]從國外[NT]、6.雜項收入[NT]、[二]非消費支出[NT]、1.利息支出[NT]、2.經常移轉支出[NT]、[1]對私人[NT]、[2]對政府[NT]、[3]社會保險[NT]、[4]對國外[NT]、[三]消費支出[NT]、1.食品及非酒精飲料[NT]、2.菸酒及檳榔[NT]、3.衣著鞋襪及服飾用品[NT]、4.住宅服務水電瓦斯及其他燃料[NT]、[1]住宅服務[NT]、[2]水電費及及燃料[NT]、5.家具設備及家務維護[NT]、6.醫療保健[NT]、7.交通[NT]、[1]個人交通工具之購置[NT]、[2]個人交通設備使用管理維護[NT]、[3]客運與貨物運輸服務[NT]、8.資通訊[NT]、9.休閒運動與文化[NT]、[1]套裝旅遊[不含自助旅遊][NT]、[2]休閒運動與文化用品[NT]、[3]休閒運動與文化服務[NT]、[4]書報雜誌文具[NT]、10.教育服務[NT]、11.餐廳及住宿服務[NT]、12.保險及金融服務[NT]、13.個人清潔照護社會保障及其他[NT]、可支配所得[NT]、消費支出[NT]、儲蓄[NT]、所得總額[NT]
臺北市每戶家庭收支－經濟戶長行業別,統計,臺北市每戶家庭收支－經濟戶長行業別時間數列統計資料,年別、行業、家庭戶數、每戶人數、每戶成年人數、每戶就業人數、每戶所得收入者人數、[一]所得收入總計[NT]、1.受僱人員報酬[NT]、[1]本業薪資[NT]、[2]兼業薪資[NT]、[3]其他收入[NT]、2.產業主所得[NT]、3.財產所得收入[NT]、4.自用住宅設算租金收入[NT]、5.經常移轉收入[NT]、[1]從私人[NT]、[2]從政府[NT]、[3]社會保險受益[NT]、[4]從企業[NT]、[5]從國外[NT]、6.雜項收入[NT]、[二]非消費支出[NT]、1.利息支出[NT]、2.經常移轉支出[NT]、[1]對私人[NT]、[2]對政府[NT]、[3]社會保險[NT]、[4]對國外[NT]、[三]消費支出[NT]、1.食品及非酒精飲料[NT]、2.菸酒及檳榔[NT]、3.衣著鞋襪及服飾用品[NT]、4.住宅服務水電瓦斯及其他燃料[NT]、[1]住宅服務[NT]、[2]水電費及及燃料[NT]、5.家具設備及家務維護[NT]、6.醫療保健[NT]、7.交通[NT]、[1]個人交通工具之購置[NT]、[2]個人交通設備使用管理維護[NT]、[3]客運與貨物運輸服務[NT]、8.資通訊[NT]、9.休閒運動與文化[NT]、[1]套裝旅遊[不含自助旅遊][NT]、[2]休閒運動與文化用品[NT]、[3]休閒運動與文化服務[NT]、[4]書報雜誌文具[NT]、10.教育服務[NT]、11.餐廳及住宿服務[NT]、12.保險及金融服務[NT]、13.個人清潔照護社會保障及其他[NT]、可支配所得[NT]、消費支出[NT]、儲蓄[NT]、所得總額[NT]
臺北市政府公共工程卓越獎獲獎工程名單,工務,臺北市政府公共工程卓越獎獲獎工程名單，檔案為CSV格式。,序號、年度、類別、工程名稱、契約金額（千元）、主辦機關、施工單位、設計單位、監造單位、專案管理單位
臺北市銀髮族服務_石頭湯社區照顧,社福,銀髮族服務_石頭湯社區照顧,機構類型、機構名稱、地址、電話
臺北市銀髮族服務_安養機構,社福,銀髮族服務_安養機構,機構類型、機構名稱、地址、電話
臺北市銀髮族服務_失智照顧型,社福,銀髮族服務_失智照顧型,機構類型、機構名稱、地址、電話
臺北市銀髮族服務_長期照顧型,社福,銀髮族服務_長期照顧型,機構類型、機構名稱、地址、電話
臺北市銀髮族服務_養護型,社福,銀髮族服務_養護型,機構類型、機構名稱、地址、電話
臺北市銀髮族服務_臺北市老人日間照顧中心,社福,銀髮族服務_臺北市老人日間照顧中心,機構類型、機構名稱、地址、電話
臺北市社區發展服務_社區發展協會(信義),社福,社區發展服務-社區發展協會(信義),機構名稱、行政區、編號、負責人頭銜、負責人姓名、聯絡人頭銜、聯絡人姓名、屆期、郵遞區號、城市、地址、電話、傳真、網址、e-mail、機關簡介、字號標題、立案字號、開始日期標題、成立日期、項目一標題、項目一內容、項目二標題、項目二內容、組織區域、兼任里長、是否備有交通車、橫座標、縱座標、單位代碼、提供單位、上傳日期
臺北市社區發展服務_社區發展協會(松山),社福,社區發展服務-社區發展協會(松山),機構名稱、行政區、編號、負責人頭銜、負責人姓名、聯絡人頭銜、聯絡人姓名、屆期、郵遞區號、城市、地址、電話、傳真、網址、e-mail、機關簡介、字號標題、立案字號、開始日期標題、成立日期、項目一標題、項目一內容、項目二標題、項目二內容、組織區域、兼任里長、是否備有交通車、橫座標、縱座標、單位代碼、提供單位、上傳日期
臺北市社區發展服務_社區發展協會(中山),社福,社區發展服務-社區發展協會(中山),機構名稱、行政區、編號、負責人頭銜、負責人姓名、聯絡人頭銜、聯絡人姓名、屆期、郵遞區號、城市、地址、電話、傳真、網址、e-mail、機關簡介、字號標題、立案字號、開始日期標題、成立日期、項目一標題、項目一內容、項目二標題、項目二內容、組織區域、兼任里長、是否備有交通車、橫座標、縱座標、單位代碼、提供單位、上傳日期
臺北市社區發展服務_社區發展協會(中正),社福,社區發展服務-社區發展協會(中正),機構名稱、行政區、編號、負責人頭銜、負責人姓名、聯絡人頭銜、聯絡人姓名、屆期、郵遞區號、城市、地址、電話、傳真、網址、e-mail、機關簡介、字號標題、立案字號、開始日期標題、成立日期、項目一標題、項目一內容、項目二標題、項目二內容、組織區域、兼任里長、是否備有交通車、橫座標、縱座標、單位代碼、提供單位、上傳日期
臺北市社區發展服務_社區發展協會(內湖),社福,社區發展服務-社區發展協會(內湖),機構名稱、行政區、編號、負責人頭銜、負責人姓名、聯絡人頭銜、聯絡人姓名、屆期、郵遞區號、城市、地址、電話、傳真、網址、e-mail、機關簡介、字號標題、立案字號、開始日期標題、成立日期、項目一標題、項目一內容、項目二標題、項目二內容、組織區域、兼任里長、是否備有交通車、橫座標、縱座標、單位代碼、提供單位、上傳日期
臺北市社區發展服務_社區發展協會(文山),社福,社區發展服務-社區發展協會(文山),機構名稱、行政區、編號、負責人頭銜、負責人姓名、聯絡人頭銜、聯絡人姓名、屆期、郵遞區號、城市、地址、電話、傳真、網址、e-mail、機關簡介、字號標題、立案字號、開始日期標題、成立日期、項目一標題、項目一內容、項目二標題、項目二內容、組織區域、兼任里長、是否備有交通車、橫座標、縱座標、單位代碼、提供單位、上傳日期
臺北市銀髮族服務_公立老人安養暨長期照顧機構,社福,提供公立老人安養暨長期照顧機構相關資訊 ,屬性、機構名稱、區域別、地址、電話、收容對象、核定總床位數量、長照床位數量、養護床位數量、失智床位數量、安養床位數量
臺北市銀髮族服務_公設民營老人安養暨長期照顧機構,社福,提供公設民營老人安養暨長期照顧機構相關資訊,屬性、機構名稱、區域別、地址、電話、收容對象、核定總床位數量、長照床位數量、養護床位數量、失智床位數量、安養床位數量
臺北市銀髮族服務_私立老人安養暨長期照顧機構,社福,提供私立老人安養暨長期照顧機構聯絡資訊,屬性、機構名稱、區域別、地址、電話、收容對象、核定總床位數量、長照床位數量、養護床位數量、失智床位數量、安養床位數量
臺北市銀髮族服務_居家服務,社福,銀髮族服務_居家服務,機構名稱、行政區、編號、負責人頭銜、負責人姓名、聯絡人頭銜、聯絡人姓名、屆期、郵遞區號、城市、地址、電話、傳真、網址、e-mail、機關簡介、字號標題、立案字號、開始日期標題、成立日期、項目一標題、項目一內容、項目二標題、項目二內容、組織區域、兼任里長、是否備有交通車、橫座標、縱座標、單位代碼、提供單位、上傳日期
臺北市社區發展服務_社區發展協會(北投),社福,社區發展服務-社區發展協會(北投),機構名稱、行政區、編號、負責人頭銜、負責人姓名、聯絡人頭銜、聯絡人姓名、屆期、郵遞區號、城市、地址、電話、傳真、網址、e-mail、機關簡介、字號標題、立案字號、開始日期標題、成立日期、項目一標題、項目一內容、項目二標題、項目二內容、組織區域、兼任里長、是否備有交通車、橫座標、縱座標、單位代碼、提供單位、上傳日期
臺北市社區發展服務_社區發展協會(士林),社福,社區發展服務-社區發展協會(士林),機構名稱、行政區、編號、負責人頭銜、負責人姓名、聯絡人頭銜、聯絡人姓名、屆期、郵遞區號、城市、地址、電話、傳真、網址、e-mail、機關簡介、字號標題、立案字號、開始日期標題、成立日期、項目一標題、項目一內容、項目二標題、項目二內容、組織區域、兼任里長、是否備有交通車、橫座標、縱座標、單位代碼、提供單位、上傳日期
臺北市社區發展服務_社區發展協會(大同),社福,社區發展服務-社區發展協會(大同),機構名稱、行政區、編號、負責人頭銜、負責人姓名、聯絡人頭銜、聯絡人姓名、屆期、郵遞區號、城市、地址、電話、傳真、網址、e-mail、機關簡介、字號標題、立案字號、開始日期標題、成立日期、項目一標題、項目一內容、項目二標題、項目二內容、組織區域、兼任里長、是否備有交通車、橫座標、縱座標、單位代碼、提供單位、上傳日期
臺北市社區發展服務_社區發展協會(大安),社福,社區發展服務-社區發展協會(大安),機構名稱、行政區、編號、負責人頭銜、負責人姓名、聯絡人頭銜、聯絡人姓名、屆期、郵遞區號、城市、地址、電話、傳真、網址、e-mail、機關簡介、字號標題、立案字號、開始日期標題、成立日期、項目一標題、項目一內容、項目二標題、項目二內容、組織區域、兼任里長、是否備有交通車、橫座標、縱座標、單位代碼、提供單位、上傳日期
臺北市社區發展服務_社區發展協會(萬華),社福,社區發展服務-社區發展協會(萬華),機構名稱、行政區、編號、負責人頭銜、負責人姓名、聯絡人頭銜、聯絡人姓名、屆期、郵遞區號、城市、地址、電話、傳真、網址、e-mail、機關簡介、字號標題、立案字號、開始日期標題、成立日期、項目一標題、項目一內容、項目二標題、項目二內容、組織區域、兼任里長、是否備有交通車、橫座標、縱座標、單位代碼、提供單位、上傳日期
臺北市社區發展服務_社區發展協會(南港),社福,社區發展服務-社區發展協會(南港),機構名稱、行政區、編號、負責人頭銜、負責人姓名、聯絡人頭銜、聯絡人姓名、屆期、郵遞區號、城市、地址、電話、傳真、網址、e-mail、機關簡介、字號標題、立案字號、開始日期標題、成立日期、項目一標題、項目一內容、項目二標題、項目二內容、組織區域、兼任里長、是否備有交通車、橫座標、縱座標、單位代碼、提供單位、上傳日期
臺北市取締酒後駕車前十大路口件數表,交通,提供臺北市違規酒後駕車前十名地點及件數統計資料。,序號、年度、縣市、縣市代碼、路口名、筆數
臺北市每戶可支配所得及消費支出─可支配所得戶數五等分位別及農家、非農家別,統計,"臺北市每戶可支配所得及消費支出─可支配所得戶數五等分位別及農家、非農家別時間數列統計資料
","年別、農家與非農家別、可支配所得戶數五等分位、戶數、每戶人數、可支配所得[NT]、消費支出[NT]
"
臺北市每戶家庭收支－經濟戶長社會經濟特性別,統計,"臺北市每戶家庭收支－經濟戶長社會經濟特性別時間數列統計資料
",年別、經濟戶長社會經濟特性、家庭戶數、每戶人數、每戶成年人數、每戶就業人數、每戶所得收入者人數、[一]所得收入總計[NT]、1.受僱人員報酬[NT]、[1]本業薪資[NT]、[2]兼業薪資[NT]、[3]其他收入[NT]、2.產業主所得[NT]、3.財產所得收入[NT]、4.自用住宅設算租金收入[NT]、5.經常移轉收入[NT]、[1]從私人[NT]、[2]從政府[NT]、[3]社會保險受益[NT]、[4]從企業[NT]、[5]從國外[NT]、6.雜項收入[NT]、[二]非消費支出[NT]、1.利息支出[NT]、2.經常移轉支出[NT]、[1]對私人[NT]、[2]對政府[NT]、[3]社會保險[NT]、[4]對國外[NT]、[三]消費支出[NT]、1.食品費[NT]、2.飲料費[NT]、3.菸草[NT]、4.衣著鞋襪類[NT]、5.房地租及水費[NT]、6.燃料和燈光[NT]、7.家具及家庭設備[NT]、8.家事管理[NT]、9.保健和醫療[NT]、10.運輸及通訊[NT]、[1]交通工具及通訊購置[NT]、[2]交通設備使用管理費[NT]、[3]乘交通設備之費用[NT]、[4]其他通訊費[NT]、[5]汽機車保險費支出[NT]、11.娛樂教育和文化服務[NT]、[1]旅遊費用[NT]、[2]娛樂消遣服務[NT]、[3]書報雜誌文具[NT]、[4]娛樂器材及附屬品[NT]、[5]教育與研究費[NT]、12.雜項支出[NT]、可支配所得[NT]、消費支出[NT]、儲蓄[NT]、所得總額[經常性收入][NT]
臺北市所得收入者每人所得－社會經濟特性別按年別,統計,臺北市所得收入者每人所得－社會經濟特性別按年別時間數列統計資料,年別、社會經濟特性、所得收入者人數、[一]所得收入總計[NT]、1.受僱人員報酬[NT]、[1]本業薪資[NT]、[2]兼業薪資[NT]、[3]其他收入[NT]、2.產業主所得[NT]、[1]農業淨收入[NT]、[2]營業淨收入[NT]、[3]執行業務淨收入[NT]、3.財產所得收入[NT]、4.自用住宅設算租金收入[NT]、5.經常移轉收入[NT]、[1]從私人[NT]、[2]從政府[NT]、[3]社會保險受益[NT]、[4]從企業[NT]、[5]從國外[NT]、6.雜項收入[NT]、[二]非消費支出[NT]、1.利息支出[NT]、2.經常移轉支出[NT]、[1]對私人[NT]、[2]對政府[NT]、[3]社會保險[NT]、[4]對國外[NT]、[三]可支配所得[NT]
臺北市家庭收支－行政區別按年別（101至108年）,統計,臺北市家庭收支－行政區別按年別時間數列統計資料,年別、行政區、家庭戶數、每戶人數、每戶成年人數、每戶就業人數、每戶所得收入者人數、[一]所得收入總計[NT]、1.受僱人員報酬[NT]、[1]本業薪資[NT]、[2]兼業薪資[NT]、[3]其他收入[NT]、2.產業主所得[NT]、3.財產所得收入[NT]、4.自用住宅設算租金收入[NT]、5.經常移轉收入[NT]、[1]從私人[NT]、[2]從政府[NT]、[3]社會保險受益[NT]、[4]從企業[NT]、[5]從國外[NT]、6.雜項收入[NT]、[二]非消費支出[NT]、1.利息支出[NT]、2.經常移轉支出[NT]、[1]對私人[NT]、[2]對政府[NT]、[3]社會保險[NT]、[4]對國外[NT]、[三]消費支出[NT]、1.食品及非酒精飲料[NT]、2.菸酒及檳榔[NT]、3.衣著鞋襪及服飾用品[NT]、4.住宅服務水電瓦斯及其他燃料[NT]、[1]房地租及水費[NT]、[2]電費及燃料[NT]、5.家具設備及家務維護[NT]、6.醫療保健[NT]、7.交通[NT]、[1]個人交通工具之購置[NT]、[2]個人交通設備使用管理及保養費[NT]、[3]乘交通設備及其他交通服務[NT]、[4]汽機車保險費[NT]、8.通訊[NT]、9.休閒與文化[NT]、[1]套裝旅遊[不含自助旅遊][NT]、[2]娛樂消遣及文化服務[NT]、[3]書報雜誌文具[NT]、[4]教育消遣康樂器材及其附屬品[NT]、10.教育[NT]、11.餐廳及旅館[NT]、12.什項消費[NT]、可支配所得[NT]、消費支出[NT]、儲蓄[NT]、所得總額[NT]
臺北市每戶家庭收支－行政區別按年別（101至108年）,統計,臺北市每戶家庭收支－行政區別按年別時間數列統計資料,年別、行政區、家庭戶數、每戶人數、每戶成年人數、每戶就業人數、每戶所得收入者人數、[一]所得收入總計[NT]、1.受僱人員報酬[NT]、[1]本業薪資[NT]、[2]兼業薪資[NT]、[3]其他收入[NT]、2.產業主所得[NT]、3.財產所得收入[NT]、4.自用住宅設算租金收入[NT]、5.經常移轉收入[NT]、[1]從私人[NT]、[2]從政府[NT]、[3]社會保險受益[NT]、[4]從企業[NT]、[5]從國外[NT]、6.雜項收入[NT]、[二]非消費支出[NT]、1.利息支出[NT]、2.經常移轉支出[NT]、[1]對私人[NT]、[2]對政府[NT]、[3]社會保險[NT]、[4]對國外[NT]、[三]消費支出[NT]、1.食品及非酒精飲料[NT]、2.菸酒及檳榔[NT]、3.衣著鞋襪及服飾用品[NT]、4.住宅服務水電瓦斯及其他燃料[NT]、[1]房地租及水費[NT]、[2]電費及燃料[NT]、5.家具設備及家務維護[NT]、6.醫療保健[NT]、7.交通[NT]、[1]個人交通工具之購置[NT]、[2]個人交通設備使用管理及保養費[NT]、[3]乘交通設備及其他交通服務[NT]、[4]汽機車保險費[NT]、8.通訊[NT]、9.休閒與文化[NT]、[1]套裝旅遊[不含自助旅遊][NT]、[2]娛樂消遣及文化服務[NT]、[3]書報雜誌文具[NT]、[4]教育消遣康樂器材及其附屬品[NT]、10.教育[NT]、11.餐廳及旅館[NT]、12.什項消費[NT]、可支配所得[NT]、消費支出[NT]、儲蓄[NT]、所得總額[NT]
臺北市地籍清理公告標售土地清冊,地政,屬於「未依有關法令清理的神明會」、「以日據時期會社或組合名義登記」、「土地總登記時登記名義人之姓名、名稱或住址記載不全或不符者」、「非以自然人、法人或依法登記之募建寺廟名義登記者」等4類土地，而土地權利人尚未於期限內提出申請登記，為澈底清理這些地籍問題，依地籍清理條例規定，由直轄市或縣（市）政府代為標售。,標號、鄉鎮市區、段小段、地號、面積(平方公尺)、使用分區/使用地類別、權利範圍、原登記名義人、他項權利人姓名或名稱、權利種類、標售底價金額、標售總底價金額、保證金額、備註
政府服務獎臺北市政府歷屆入圍及獲獎名單,統計,政府服務品質獎(政府服務獎前身)及政府服務獎臺北市政府歷屆入圍及獲獎名單,參獎名稱、屆次、民國年、臺北市政府入圍、臺北市政府獲獎
臺北市各級學校公教人員異動概況,統計,統計資料,年度、機關類別、總計、離職人數、調職人數、新進人數、其他
臺北市國民小學補習學校新住民學生數,教育,111學年度至113學年度臺北市國民小學補習學校新住民學生數 ,項次、學年度、項目、總計【人】、年齡別21歲以下【人】、年齡別22-24歲【人】、年齡別25-44歲【人】、年齡別45-64歲【人】、年齡別65歲以上【人】、國籍別大陸地區及港澳、國籍別越南、國籍別印尼、國籍別泰國、國籍別菲律賓、國籍別日本、國籍別馬來西亞、國籍別美國、國籍別南韓、國籍別緬甸、國籍別加拿大、國籍別其他
臺北市立美術館_展覽資訊,文化,本資料集提供臺北市立美術館展覽訊息簡介。(本資料集開放授權應用內容僅限文字範圍，圖片、聲音及影片等多媒體資訊不在開放授權範圍),"CountyCode、title、內容、發布單位、AgencyCodes
"
臺北市立美術館_活動資訊,文化,本資料集提供臺北市立美術館活動訊息簡介。(本資料集開放授權應用內容僅限文字範圍，圖片、聲音及影片等多媒體資訊不在開放授權範圍),"CountyCode、活動標題、活動簡介、發布單位、機關代碼
"
臺北市抗蛇毒血清儲備點查詢,醫療,抗蛇毒血清儲備點查詢。,縣市、物資分類、單位名稱、連絡電話、地址
臺北市立文獻館_常設展資訊,文化,臺北市立文獻館常設展資訊介紹,展覽名稱、單元名稱、開放時間、展區地點、是否收費
臺北市立文獻館場館介紹,文化,臺北市立文獻館本堂及樹心會館場館介紹,"名稱、地址、開放時間、服務項目、官網、場地租借、經度、緯度
"
臺北市立文獻館_動線史蹟導覽路線清冊,文化,臺北市立文獻館動線史蹟導覽路線資料,"編號、動線名稱、動線路線、活動類別、是否售票
"
臺北市立美術館_申請案件,文化,臺北市立美術館申請案件說明(本資料集開放授權應用內容僅限文字範圍，圖片、聲音及影片等多媒體資訊不在開放授權範圍),"name、year、CountyCode、LocalCallService、AgencyCodes
"
臺北市12行政區新舊區名對照表_以1990年臺北市現行12行政區劃分前為基準,文化,以1990年臺北市現行12行政區劃分前為基準臺北市12行政區新舊區名對照表,序號、行政區、舊行政區名、縣市別代碼、行政區域代碼
台北雙年展網站,文化,開放台北雙年展藝術家作品線上瀏覽,title、CountyCode、說明、主辦單位、年份、上傳日期
臺北市公共危險物品執行情形,消防,公共危險物品檢查情形、違規處理情形、裁處件次,縣市別、列管家數、未達30倍、30倍以上、檢查件次、合格件次、不合格件次、檢查率、合格率、不合格件次合計、不合格情形-位置構造設備、不合格情形-安全管理、不合格情形-消防安全設備、違規處理情形-限改件次、違規處理情形-舉發件次、違規處理情形-停業或停止使用、處罰鍰件次、處罰鍰金額、罰鍰收繳情形-件次、罰鍰收繳情形-金額、強制執行件次
臺北市稅捐稽徵處歲入歲出預決算,財稅,本處歲入歲出法定預算及決算,名稱、機關名稱、機關代碼、市話、內容 url、說明
臺北市青少年親善照護機構名單,醫療,臺北市青少年親善照護機構名單。,院所名稱、郵遞區號、行政區、地址、電話
臺北市政府消防局消防通道清冊,消防,臺北市政府消防通道列管清冊,項次編號、行政區代碼、里別、列管名稱、列管要件、搶救困難地區場所、轄區分隊、聯絡電話
臺北文學獎得主名冊,文化,臺北文學獎得主名冊。,西元年、屆數、主辦機關、機關代碼、類別、組別、獎項、得主、作品名稱
臺北市表演空間資訊,文化,臺北市之表演空間資訊,管理單位、場館、行政區、座位數或坪數、申請方式、市話、分機、地址、網址
臺北市年度演藝團隊徵選與獎勵計畫 (原臺北市傑出演藝團隊徵選與獎勵計畫),文化,111-114年臺北市年度演藝團隊獲選名單,獲選年度、團隊名稱、立案年度、登記地址、社群網址
臺北市政府文化局經費概況,文化,臺北市政府文化局經費概況說明,款、項、目、節、科目名稱及編號、原預算數金額、預算增減數金額、預算數合計金額、實現數金額、保留數金額、決算數合計金額、比較增減數金額、決算數占預算數之比率、說明
臺北市政府文化局藝文補助案,文化,收錄臺北市政府文化局近年藝文補助案相關資料,年度、類別、補助對象、補助計畫名稱、核定補助金額
臺北文化獎,文化,臺北文化獎得主名冊,編號、西元年、屆次、獎勵重點、得獎者
臺北市選舉(市長),統計,"臺北市選舉(市長)時間數列統計資料
",統計期、選舉屆期別、行政區別、人口數[人]、選舉人數[人]、投票日期/年、投票日期/月、投票日期/日、候選人數/總計[人]、候選人數/男[人]、候選人數/女[人]、當選人數/總計[人]、當選人數/男[人]、當選人數/女[人]、投票數/總計[票]、投票數/有效[票]、投票數/無效[票]、選舉人數對人口數百分比[%]、投票數對選舉人數百分比[%]、當選人對候選人百分比[%]、就職日期/年、就職日期/月、就職日期/日
臺北市市立殯儀館及公立納骨塔(含坐標資訊),資訊,"本市立殯儀館及公立納骨塔列表
",name(名稱)、address(地址)、openingHours(開放時間)、telephone(連絡電話)、POI(坐標資訊)
臺北市新住民人口數,資訊,年度、行政區、當月新住民人數、大陸含港澳地區男性、大陸含港澳地區女性、越南男性、越南女性、馬來西亞男性、馬來西亞女性、印尼男性、印尼女性、泰國男性、泰國女性、菲律賓男性、菲律賓女性、其他國籍男性、其他國籍女性、國籍不詳男性、國籍不詳女性,年度、行政區、當月新住民人數_統計數值、大陸含港澳地區男性_統計數值、大陸含港澳地區女性_統計數值、越南男性_統計數值、越南女性_統計數值、馬來西亞男性_統計數值、馬來西亞女性_統計數值、印尼男性_統計數值、印尼女性_統計數值、泰國男性_統計數值、泰國女性_統計數值、菲律賓男性_統計數值、菲律賓女性_統計數值、其他國籍男性_統計數值、其他國籍女性_統計數值、國籍不詳男性_統計數值、國籍不詳女性_統計數值
臺北市演藝團體名冊,文化,臺北市演藝團體名冊（演藝團體名稱、申請類別、立案字號、主管機關、主管機關代碼、團址、網址）,演藝團體名稱、申請類別、立案字號、主管機關、主管機關代碼、團址、網址
臺北市影視協拍統計數據,文化,臺北市協拍統計數據,主管機關、主管機關代碼、年度、類別、協拍數量、說明
臺北市每戶可支配所得及消費支出－可支配所得戶數五等分位別及行政區別按年別,統計,臺北市每戶可支配所得及消費支出－可支配所得戶數五等分位別及行政區別按年別時間數列統計資料,"年別、行政區、可支配所得戶數五等分位、戶數、每戶人數、可支配所得[NT]、消費支出[NT]
"
臺北市家庭住宅及主要設備概況－行政區別按年別,統計,臺北市家庭住宅及主要設備概況－行政區別按年別時間數列統計資料,年別、行政區、家庭戶數、每戶人數、每戶成年人數、每戶就業人數、每戶所得收入者人數、1.住宅所有權[1]自有[Percent]、[2]不住在一起的配偶父母或子女所擁有[Percent]、[3]租押[Percent]、[4]其它[含配住及借用][Percent]、2.住宅用途[1]專用[Percent]、[2]併用[Percent]、3.建築式樣[1]平房[Percent]、[2]二~三層樓[Percent]、[3]四~五層樓[Percent]、[4]六層樓以上[Percent]、4.具有自來水設備[Percent]、5.有車家庭停車位情形[1]自有停車位[Percent]、[2]租借停車位[Percent]、[3]無停車位[Percent]、6.每戶建坪[坪][Percent]、[1]彩色電視機[Percent]、一般彩色電視機[Percent]、液晶電漿電視機[Percent]、[2]數位影音光碟機[Percent]、[3]攝影機[Percent]、[4]音響[Percent]、[5]鋼琴[含電子琴][Percent]、[6]數位相機[Percent]、[7]電視遊樂器[Percent]、[8]有線電視頻道設備 [含多媒體隨選視訊][Percent]、[9]家用電腦[Percent]、[10]電話機[Percent]、[11]行動電話[Percent]、[12]連網[使用電腦及其他設備][Percent]、[13]汽車[Percent]、[14]機車[Percent]、[15]電磁爐[Percent]、[16]冷暖氣機[Percent]、[17]除濕機[Percent]、[18]洗衣機[Percent]、[19]烘衣機[Percent]、[20]空氣清淨機[Percent]、[21]濾水器[Percent]、[22]吸塵器[Percent]、[23]熱水器[Percent]、[24]開飲機[Percent]、[25]微波爐[Percent]、[26]報紙[Percent]、[27]期刊雜誌[Percent]
臺北市所得收入者每人所得－行政區別按年別,統計,臺北市所得收入者每人所得－行政區別按年別時間數列統計資料,年別、行政區、所得收入者人數、[一]所得收入總計[NT]、1.受僱人員報酬[NT]、[1]本業薪資[NT]、[2]兼業薪資[NT]、[3]其他收入[NT]、2.產業主所得[NT]、[1]農業淨收入[NT]、[2]營業淨收入[NT]、[3]執行業務淨收入[NT]、3.財產所得收入[NT]、4.自用住宅設算租金收入[NT]、5.經常移轉收入[NT]、[1]從私人[NT]、[2]從政府[NT]、[3]社會保險受益[NT]、[4]從企業[NT]、[5]從國外[NT]、6.雜項收入[NT]、[二]非消費支出[NT]、1.利息支出[NT]、2.經常移轉支出[NT]、[1]對私人[NT]、[2]對政府[NT]、[3]社會保險[NT]、[4]對國外[NT]、[三]可支配所得[NT]
臺北市室內空氣品質相關資訊,環保,臺北市室內空品列表,序號、管理編號、場所名稱、場所類別、縣市代碼、地址、批次
臺北市士林官邸北側區段徵收範圍開發前後地號資料,地政,臺北市士林官邸北側區段徵收範圍開發前後地號資料.,Development、city、CountyCode、Land lot A、AreaCode、Land lot B、Land serial no.
臺北市奇岩新社區區段徵收範圍開發前後地號資料,地政,臺北市奇岩新社區區段徵收範圍開發前後地號資料.,Development、city、CountyCode、Land lot A、AreaCode、Land lot B、Land serial no.
臺北市北投士林科技園區區段徵收範圍開發前後地號資料,地政,臺北市北投士林科技園區區段徵收範圍開發前後地號資料.,Development、city、CountyCode、Land lot A、AreaCode、Land lot B、Land serial no.
臺北市南港車站特定專用區區段徵收範圍開發前後地號資料,地政,臺北市南港車站特定專用區區段徵收範圍開發前後地號資料.,Development、city、CountyCode、Land lot A、AreaCode、Land lot B、Land serial no.
臺北市區段徵收區,地政,臺北市區段徵收範圍及位置圖,開發案、狀態、狀態碼、ID、街廓碼、縣市別
臺北市區段徵收成果統計表,地政,區段徵收成果統計表,區段徵收案、區段徵收範圍土地總計[公頃]、徵收私有土地[公頃]、公有土地[公頃]、原土地所有權人取得土地[公頃]、可標（讓）售土地[公頃]、公共設施用地[公頃]、補償補助費總計、私有土地補償地價、公有土地撥用地價、地上物補償費、其他補助費
臺北市桶裝瓦斯零售商名冊,經濟,臺北市桶裝瓦斯零售商名冊資料。,行政區、瓦斯行名稱、營業地址、電話、售價-元/每桶16公斤、售價-元/每桶20公斤、位置X座標、位置Y座標
臺北市殯葬禮儀公司,社福,本市登記之合法殯葬禮儀公司地址及連絡方式,seqno、name、contact、telephone、ZipCode、address
臺北市企業營運總部分布圖,經濟,臺北市企業營運總部分布圖。,NAME(企業名稱)、USEDATE(日期)、ADDR(公司地址)、CATEGORY(產業類別)、ADDR_X(座標X)、ADDR_Y(座標Y)
Maps.Taipei圖磚(WMTS)服務,資訊,"Maps.Taipei圖磚(WMTS)服務 介接網址　
https://maps.taipei/wmts/",ows:Identifier(ID編號)、ScaleDenominator(標度)、TopLeftCorner(左上角座標)、TileWidth(圖磚寬度)、TileHeight(圖磚高度)、MatrixWidth(矩陣寬度)、MatrixHeight(矩陣高度)
臺北市總決算附屬單位決算營業基金損益綜計表(依收支科目),財稅,總決算附屬單位決算營業基金損益綜計表(依收支科目),上年度決算審定數-金額、上年度決算審定數-百分比、科目、本年度-預算數-金額、本年度-預算數-百分比、本年度-決算核定數-金額、本年度-決算核定數-百分比、本年度-比較增減-金額、本年度-比較增減-百分比
臺北市總決算附屬單位決算營業基金損益綜計表(依機關及基金別),財稅,總決算附屬單位決算營業基金損益綜計表(依機關及基金別),科目、合計-金額、合計-百分比、財政局主管-臺北市動產質借處-金額、財政局主管-臺北市動產質借處-百分比、交通局主管-臺北大眾捷運股份有限公司-金額、交通局主管-臺北大眾捷運股份有限公司-百分比、自來水事業處主管-臺北自來水事業處-金額、自來水事業處主管-臺北自來水事業處-百分比、捷運工程局主管-臺北都會區大眾捷運系統土地開發基金-金額、捷運工程局主管-臺北都會區大眾捷運系統土地開發基金-百分比
臺北市總決算附屬單位決算營業基金盈虧撥補綜計表(依撥補項目),財稅,總決算附屬單位決算營業基金盈虧撥補綜計表(依撥補項目) ,上年度決算審定數-金額、上年度決算審定數-百分比、項目、本年度-預算數-金額、本年度-預算數-百分比、本年度-決算核定數-金額、本年度-決算核定數-百分比、本年度-比較增減-金額、本年度-比較增減-百分比
臺北市總決算附屬單位決算營業基金盈虧撥補綜計表(依機關及基金別),財稅,總決算附屬單位決算營業基金盈虧撥補綜計表(依機關及基金別),項目、合計-金額、合計-百分比、財政局主管-臺北市動產質借處-金額、財政局主管-臺北市動產質借處-百分比、交通局主管-臺北大眾捷運股份有限公司-金額、交通局主管-臺北大眾捷運股份有限公司-百分比、自來水事業處主管-臺北自來水事業處-金額、自來水事業處主管-臺北自來水事業處-百分比、捷運工程局主管-臺北都會區大眾捷運系統土地開發基金-金額、捷運工程局主管-臺北都會區大眾捷運系統土地開發基金-百分比
臺北市總決算附屬單位決算作業基金現金流量綜計表(依現金流量項目),財稅,總決算附屬單位決算作業基金現金流量綜計表(依現金流量項目),項目、預算數、決算核定數、比較增減-金額、比較增減-百分比
臺北市總決算附屬單位決算營業基金現金流量綜計表(依現金流量項目),財稅,總決算附屬單位決算營業基金現金流量綜計表(依現金流量項目),項目、預算數、決算核定數、比較增減-金額、比較增減-百分比
臺北市總決算附屬單位決算營業基金現金流量綜計表(依機關及基金別),財稅,總決算附屬單位決算營業基金現金流量綜計表(依機關及基金別),項目、合計、財政局主管-臺北市動產質借處、交通局主管-臺北大眾捷運股份有限公司、自來水事業處主管-臺北自來水事業處、捷運工程局主管-臺北都會區大眾捷運系統土地開發基金
臺北市總決算附屬單位決算營業基金資產負債綜計表(依科目),財稅,總決算附屬單位決算營業基金資產負債綜計表(依科目),"科目、本年度決算核定數-金額、本年度決算核定數-百分比、上年度決算審定數-金額、上年度決算審定數-百分比
"
臺北市總決算附屬單位決算營業基金資產負債綜計表(依機關及基金別),財稅,總決算附屬單位決算營業基金資產負債綜計表(依機關及基金別),科目、合計-金額、合計-百分比、財政局主管-臺北市動產質借處-金額、財政局主管-臺北市動產質借處-百分比、交通局主管-臺北大眾捷運股份有限公司-金額、交通局主管-臺北大眾捷運股份有限公司-百分比、自來水事業處主管-臺北自來水事業處-金額、自來水事業處主管-臺北自來水事業處-百分比、捷運工程局主管-臺北都會區大眾捷運系統土地開發基金-金額、捷運工程局主管-臺北都會區大眾捷運系統土地開發基金-百分比
臺北市總決算附屬單位決算營業基金財務摘要綜計表,財稅,總決算附屬單位決算營業基金財務摘要綜計表,項目、本年度、上年度、比較增減、百分比
臺北市總決算附屬單位決算作業基金收支餘絀綜計表(依收支科目),財稅,總決算附屬單位決算作業基金收支餘絀綜計表(依收支科目),科目、預算數-金額、預算數-百分比、決算核定數-金額、決算核定數-百分比、比較增減-金額、比較增減-百分比
臺北市總決算附屬單位決算作業基金收支餘絀綜計表(依機關及基金別),財稅,總決算附屬單位決算作業基金收支餘絀綜計表(依機關及基金別),科目、合計-金額、合計-百分比、人事處主管-臺北市輔助公教人員購置住宅及急難貸款基金-金額、人事處主管-臺北市輔助公教人員購置住宅及急難貸款基金-百分比、財政局主管-臺北市市有財產開發基金-金額、財政局主管-臺北市市有財產開發基金-百分比、教育局主管-臺北市立大學校務發展基金-金額、教育局主管-臺北市立大學校務發展基金-百分比、產業發展局主管-臺北市市場發展基金-金額、產業發展局主管-臺北市市場發展基金-百分比、工務局主管-臺北市共同管道基金-金額、工務局主管-臺北市共同管道基金-百分比、交通局主管-臺北市公有收費停車場基金-金額、交通局主管-臺北市公有收費停車場基金-百分比、衛生局主管-臺北市立聯合醫院醫療基金-金額、衛生局主管-臺北市立聯合醫院醫療基金-百分比、都市發展局主管-臺北市住宅基金-金額、都市發展局主管-臺北市住宅基金-百分比、都市發展局主管-臺北市都市更新基金-金額、都市發展局主管-臺北市都市更新基金-百分比、文化局主管-臺北市文化設施發展基金-金額、文化局主管-臺北市文化設施發展基金-百分比、地政局主管-臺北市實施平均地權基金-金額、地政局主管-臺北市實施平均地權基金-百分比、以下空白
臺北市總決算附屬單位決算作業基金餘絀撥補綜計表(依撥補項目),財稅,總決算附屬單位決算作業基金餘絀撥補綜計表(依撥補項目),項目、預算數-金額、預算數-百分比、決算核定數-金額、決算核定數-百分比、比較增減-金額、比較增減-百分比
臺北市總決算附屬單位決算作業基金餘絀撥補綜計表(依機關及基金別),財稅,總決算附屬單位決算作業基金餘絀撥補綜計表(依機關及基金別),項目、合計-金額、合計-百分比、人事處主管-臺北市輔助公教人員購置住宅及急難貸款基金-金額、人事處主管-臺北市輔助公教人員購置住宅及急難貸款基金-百分比、財政局主管-臺北市市有財產開發基金-金額、財政局主管-臺北市市有財產開發基金-百分比、教育局主管-臺北市立大學校務發展基金-金額、教育局主管-臺北市立大學校務發展基金-百分比、產業發展局主管-臺北市市場發展基金-金額、產業發展局主管-臺北市市場發展基金-百分比、工務局主管-臺北市共同管道基金-金額、工務局主管-臺北市共同管道基金-百分比、交通局主管-臺北市公有收費停車場基金-金額、交通局主管-臺北市公有收費停車場基金-百分比、衛生局主管-臺北市立聯合醫院醫療基金-金額、衛生局主管-臺北市立聯合醫院醫療基金-百分比、都市發展局主管-臺北市住宅基金-金額、都市發展局主管-臺北市住宅基金-百分比、都市發展局主管-臺北市都市更新基金-金額、都市發展局主管-臺北市都市更新基金-百分比、文化局主管-臺北市文化設施發展基金-金額、文化局主管-臺北市文化設施發展基金-百分比、地政局主管-臺北市實施平均地權基金-金額、地政局主管-臺北市實施平均地權基金-百分比、以下空白
臺北市總決算附屬單位決算債務基金現金流量查核表,財稅,總決算附屬單位決算債務基金現金流量查核表,縣市別、縣市別代碼、年度、項目、決算核定數
臺北市總決算附屬單位決算作業基金平衡綜計表(依科目),財稅,總決算附屬單位決算作業基金平衡綜計表(依科目),科目、本年度決算核定數-金額、本年度決算核定數-百分比、上年度決算審定數-金額、上年度決算審定數-百分比、比較增減-金額、比較增減-百分比
臺北市總決算附屬單位決算作業基金平衡綜計表(依機關及基金別),財稅,總決算附屬單位決算作業基金平衡綜計表(依機關及基金別),科目、合計-金額、合計-百分比、人事處主管-臺北市輔助公教人員購置住宅及急難貸款基金-金額、人事處主管-臺北市輔助公教人員購置住宅及急難貸款基金-百分比、財政局主管-臺北市市有財產開發基金-金額、財政局主管-臺北市市有財產開發基金-百分比、教育局主管-臺北市立大學校務發展基金-金額、教育局主管-臺北市立大學校務發展基金-百分比、產業發展局主管-臺北市市場發展基金-金額、產業發展局主管-臺北市市場發展基金-百分比、工務局主管-臺北市共同管道基金-金額、工務局主管-臺北市共同管道基金-百分比、交通局主管-臺北市公有收費停車場基金-金額、交通局主管-臺北市公有收費停車場基金-百分比、衛生局主管-臺北市立聯合醫院醫療基金-金額、衛生局主管-臺北市立聯合醫院醫療基金-百分比、都市發展局主管-臺北市住宅基金-金額、都市發展局主管-臺北市住宅基金-百分比、都市發展局主管-臺北市都市更新基金-金額、都市發展局主管-臺北市都市更新基金-百分比、文化局主管-臺北市文化設施發展基金-金額、文化局主管-臺北市文化設施發展基金-百分比、地政局主管-臺北市實施平均地權基金-金額、地政局主管-臺北市實施平均地權基金-百分比、以下空白
臺北市總決算附屬單位決算作業基金現金流量綜計表(依機關及基金別),財稅,總決算附屬單位決算作業基金現金流量綜計表(依機關及基金別),項目、合計、人事處主管-臺北市輔助公教人員購置住宅及急難貸款基金、財政局主管-臺北市市有財產開發基金、教育局主管-臺北市立大學校務發展基金、產業發展局主管-臺北市市場發展基金、工務局主管-臺北市共同管道基金、交通局主管-臺北市公有收費停車場基金、衛生局主管-臺北市立聯合醫院醫療基金、都市發展局主管-臺北市住宅基金、都市發展局主管-臺北市都市更新基金、文化局主管-臺北市文化設施發展基金、地政局主管-臺北市實施平均地權基金、以下空白
臺北市總決算附屬單位決算特別收入基金現金流量綜計表(依現金流量項目),財稅,總決算附屬單位決算特別收入基金現金流量綜計表(依現金流量項目),縣市別、縣市別代碼、年度、項目、決算核定數
臺北市總決算附屬單位決算特別收入基金現金流量綜計表(依機關及基金別),財稅,總決算附屬單位決算特別收入基金現金流量綜計表(依機關及基金別),項目、合計、教育局主管-臺北市地方教育發展基金、產業發展局主管-臺北市農業發展基金、產業發展局主管-臺北市溫泉資源管理基金、產業發展局主管-臺北市產業發展基金、工務局主管-臺北市道路基金、社會局主管-臺北市公益彩券盈餘分配基金、勞動局主管-臺北市勞工權益基金、勞動局主管-臺北市身心障礙者就業基金、環境保護局主管-臺北市環境保護基金、都市發展局主管-臺北市建築物無障礙設備與設施改善基金、都市發展局主管-臺北市容積代金基金、文化局主管-臺北市公共藝術基金、地政局主管-臺北市土地重劃抵費地出售盈餘款基金、捷運工程局主管-臺北市臺北都會區捷運固定資產重置基金、捷運工程局主管-臺北市大眾捷運系統建設基金
臺北市總決算附屬單位決算特別收入基金平衡綜計表(依科目),財稅,總決算附屬單位決算特別收入基金平衡綜計表(依科目),科目、本年度決算核定數-金額、本年度決算核定數-百分比、上年度決算審定數-金額、上年度決算審定數-百分比、比較增減-金額、比較增減-百分比
臺北市總決算附屬單位決算特別收入基金平衡綜計表(依機關及基金別),財稅,總決算附屬單位決算特別收入基金平衡綜計表(依機關及基金別),科目、合計-金額、合計-百分比、教育局主管-臺北市地方教育發展基金-金額、教育局主管-臺北市地方教育發展基金-百分比、產業發展局主管-臺北市農業發展基金-金額、產業發展局主管-臺北市農業發展基金-百分比、產業發展局主管-臺北市溫泉資源管理基金-金額、產業發展局主管-臺北市溫泉資源管理基金-百分比、產業發展局主管-臺北市產業發展基金-金額、產業發展局主管-臺北市產業發展基金-百分比、工務局主管-臺北市道路基金-金額、工務局主管-臺北市道路基金-百分比、社會局主管-臺北市公益彩券盈餘分配基金-金額、社會局主管-臺北市公益彩券盈餘分配基金-百分比、勞動局主管-臺北市勞工權益基金-金額、勞動局主管-臺北市勞工權益基金-百分比、勞動局主管-臺北市身心障礙者就業基金-金額、勞動局主管-臺北市身心障礙者就業基金-百分比、環境保護局主管-臺北市環境保護基金-金額、環境保護局主管-臺北市環境保護基金-百分比、都市發展局主管-臺北市建築物無障礙設備與設施改善基金-金額、都市發展局主管-臺北市建築物無障礙設備與設施改善基金-百分比、都市發展局主管-臺北市容積代金基金-金額、都市發展局主管-臺北市容積代金基金-百分比、文化局主管-臺北市公共藝術基金-金額、文化局主管-臺北市公共藝術基金-百分比、地政局主管-臺北市土地重劃抵費地出售盈餘款基金-金額、地政局主管-臺北市土地重劃抵費地出售盈餘款基金-百分比、捷運工程局主管-臺北市臺北都會區捷運固定資產重置基金-金額、捷運工程局主管-臺北市臺北都會區捷運固定資產重置基金-百分比、捷運工程局主管-臺北市大眾捷運系統建設基金-金額、捷運工程局主管-臺北市大眾捷運系統建設基金-百分比
臺北市總決算附屬單位決算債務基金基金來源、用途及餘絀查核表,財稅,總決算附屬單位決算債務基金基金來源、用途及餘絀查核表,項目、預算數-金額、預算數-百分比、決算核定數-金額、決算核定數-百分比
臺北市總決算附屬單位決算債務基金資產負債查核表,財稅,總決算附屬單位決算債務基金資產負債查核表,科目、本年度決算核定數-金額、本年度決算核定數-百分比、上年度決算審定數-金額、上年度決算審定數-百分比
臺北市公私立醫院,醫療,有關臺北市公私立醫院資料。,機構名稱、地址、電話、經度、緯度
臺北市如何申請長照服務,社福,如何申請長照服務。,序號、資料集名稱、長照服務電話、長照2.0相關資料、更新時間
臺北市各級農會理事及監事人數,統計,臺北市各級農會理事及監事人數時間數列統計資料,年底別、性別、上級農會理事人數[人]、上級農會監事人數[人]、基層農會理事人數[人]、基層農會監事人數[人]
臺北市婦女子宮頸抹片檢查,統計,臺北市婦女子宮頸抹片檢查時間數列統計資料,年別、檢查人數[人]、檢查利用率[%]、篩檢人數[人]、篩檢陽性人數[人]、篩檢陽性人數比率[%]
臺北市河濱自行車道景點,水利,河濱自行車道週邊景點介紹，提供CSV檔案格式，採WGS84座標系統呈現,Riverside_Park(河濱公園)、Scenic_Spot(取景點)、Latitude(緯度)、Longitude(經度)、Description(景點描述)
臺北市政府民意調查結果清單,民政,歷次民意調查結果清單,年度、調查起始日、調查結束日、市政建設議題、電子檔
臺北市總決算附屬單位決算特別收入基金基金來源、用途及餘絀綜計表,財稅,總決算附屬單位決算特別收入基金基金來源、用途及餘絀綜計表,基金名稱、預算數-基金來源、預算數-基金用途、預算數-賸餘-短絀、決算核定數-基金來源、決算核定數-基金用途、決算核定數-賸餘-短絀、決算核定數與預算數比較-基金來源、決算核定數與預算數比較-基金用途、決算核定數與預算數比較-賸餘-短絀、期初基金餘額、解繳公庫、期末基金餘額
體育局列管臺北市各類運動場館一覽表,觀光,體育局列管臺北市各類運動場館一覽表統計,編號、行政區、廠商名稱〈市招〉、所屬單位、經營主體、市話、分機、行動電話、地址、經度、緯度、備註
臺北市中等學校畢業生出路(57學年度至102學年度),統計,"臺北市中等學校畢業生出路(57學年度至102學年度)時間數列統計資料
",統計期、學制別、總計[人]、升學/合計[人]、升學/大學校院[人]、升學/專科學校[人]、升學/高中或高職[人]、升學/師專師院[人]、升學/軍警學校[人]、升學/其他[人]、就業/合計[人]、就業/農林漁牧狩獵業[人]、就業/礦業及土石採取業[人]、就業/製造業或營造業[人]、就業/水電燃氣業[人]、就業/批發零售及餐飲業[人]、就業/金融保險不動產及租賃業[人]、就業/運輸倉儲通信業[人]、就業/社會及個人服務業[人]、就業/其他[人]、閒居[人]、其他[人]
臺北市事業單位勞工檢查次數(59至81年),統計,"臺北市事業單位勞工檢查次數(59至81年)時間數列統計資料
",統計期、總次數[次]、工廠檢查次數[次]、鍋爐檢查次數[次]、特種檢查次數[次]、礦場安全檢查次數[次]、礦場衛生勞動條件檢查次數[次]
臺北翡翠水庫淤積調查報告,水利,"翡翠水庫淤積調查從78年開始執行，為每年例行作業，透過斷面測量再據以統計分析水庫年淤積量，以作為水庫操作運轉、集水區管理及日後辦理清淤計畫之依據。本年度(112年)水庫淤積量23.4萬立方公尺，換算年淤積速率約為水庫初期總容量千分之0.58。自73年6月水庫初期蓄水至112年底止總淤積量約為2,805.5萬立方公尺，約佔水庫初期總容量（4億600萬立方公尺）之6.91%，蓄水總容量仍保有93.09％，年平均淤積量為71萬立方公尺，目前翡翠水庫淤積尚屬輕微。",期別、起訖年月、間隔/年、累計間隔/年、水庫剩餘總蓄水容量（立方公尺）、淤積量（立方公尺）、水庫歷年累計淤積量（立方公尺）、水庫歷年累計年平均淤積量（立方公尺）、歷年累計淤積率（%）
臺北市可供避難收容處所一覽表,消防,臺北市可供避難收容處所一覽表（原各類防災任務學校一覽表）,收容所編號、名稱、縣市、鄉鎮、村里、門牌地址、類型、水災、震災、土石流、海嘯、救濟支站、無障礙設施、室內、室外、服務里別、容納人數、收容所面積（平方公尺）、聯絡人姓名、聯絡人連絡電話、管理人姓名、管理人連絡電話、備考
臺北市立高級中等以下學校校園場地開放時間調查表,教育,臺北市立高級中等以下學校校園場地開放時間序號與校名,序號、校名、行政區、郵遞區號、機關代碼、縣市別代碼、校園場地開放時間
臺北市醫療糾紛申訴案件統計,醫療,"臺北市醫療糾紛申訴案件統計
*註1：醫療糾紛係指與醫療機構或醫事人員因醫療行為引起傷病、殘廢或死亡之醫療糾紛。上述醫療糾紛數字包含相關費用爭議案件。
*註2：陳情客訴係指針對醫療機構或醫事人員之行政流程、服務態度等一般陳情案件。",年份、醫療糾紛、陳情客訴、總件數、醫爭占率、客訴占率、執行調處件數、執行調處比例、成立件數、成立比例
臺北市重大職災資訊集,勞動,有關臺北市重大職災資訊資料。,經度、緯度、序號、發生日期、事業單位名稱、地址、災害類型、死亡人數、受傷人數
臺北市勞動檢查概況,勞動,臺北市實施勞動檢查概況統計資訊。　　,年度、直轄市、行業別、安全衛生（數量）、勞動條件（數量）
臺北市政府地政局土地開發總隊工程開發進度,地政,工程名稱、範圍、期程、辦理情形,序號、工程名稱、面積-公頃、預算金額、決標金額、實際開工日期、預定竣工日期、預定進度、實際進度、備註
臺北市區段徵收公共工程獲獎資訊,地政,獲獎工程名稱、獲獎行政區位、獲獎名稱、設計單位、監造單位、營造單位,序號、獲獎工程名稱、獲獎行政區位、獲獎年度、獲獎名稱、設計單位、監造單位、營造單位
臺北天文館舉辦天文知能檢定之試題及解答,教育,天文知能檢定－天文知識考題附答案,題目編號、題目、答題選項1、答題選項2、答題選項3、答題選項4、答案編號、機關代碼
臺北市水利處水位計,水利,市轄水位計位置及名稱採用座標系統(WGS84)座標提供CSV檔案格式,水位計、Brand(廠牌)、Type(類型)、行政區域、建置日期、管理單位、Longitude、Latitude
臺北市水利處臨時抽水井,水利,市轄臨時抽水井位置及名稱採用座標系統TWD97-TM2(zone121)座標提供CSV檔案格式,臨時抽水井、抽水機數量、行政區域、建置年度、管理單位、X坐標、Y坐標
臺北市水準點,水利,"水準點位置提供TWD97-TM2座標
",序號、identifica(識別碼)、name(點號)、grade(等級)、owner(埋設單位)、X坐標、Y坐標、標高、TNAME(行政區)
臺北市水利處獨立閘閥門,水利,獨立閘閥門點位資料，採用座標系統TWD97-TM2,GATE_NO(閘門編號)、X坐標、Y坐標、GATE_W長度(閘門寬度)、GATE_H長度(閘門深度)、GATE__NUM數量、GATE__MAT、UP_PNO(上游管線編號)、OUT_BEL標高(出口底高程)、G_EL標高(地面高程)、WARN_EL標高(維持開啟警戒外水位)、LG_EL標高(集水區最低地盤高程)、RIVER(排入河川名稱)、RIVER_1(河川斷面編號里程)、OPERATN(操作方式)、OP_TIME、MANAGER(管理單位)、MAINTEIN(維護單位)
臺北市水利處沉砂池,水利,臺北市沉砂池位置，採用座標系統TWD97-TM2，資料格式提供KML檔,CUSTOM_CODE(編號)、POOL_CODE(沉砂池編號)、POOL_NAME(地點)、TOWN_NAME(行政區)、X坐標、Y坐標、集水區面積
臺北市河濱公園涼亭,水利,河濱公園涼亭與橋下休憩位置，提供CSV檔案格式，採WGS84座標系統呈現,項次、形式、河系、河濱公園、管理單位、Longitude、Latitude
臺北市河濱公園越堤階梯,水利,河濱公園越堤梯位置，提供CSV檔案格式，採WGS84座標系統呈現,項次、河濱公園、管理單位、階梯材質、階梯扶手、階梯編號、新項次、Longitude、Latitude
臺北市河濱公園販賣機,水利,河濱公園自動販賣機設置位置，TWD97座標，WGS84座標,編號、河濱公園、廠商、緯度_TWD97、經度_TWD97、緯度_WGS84、經度_WGS84
臺北市河川水位站位置資料,水利,為利判別河川水位站位置，故提供水位站站碼及WGS84座標,站碼、站名、X座標、Y座標、流域、行政區
臺北市政府工務局水利工程處防溺告示牌救生圈座標位置,水利,"臺北市河濱防溺設備(WGS84)類型、數量、設置地點簡述，提供CSV檔案格式，採WGS84座標系統呈現
","編號、告示牌設施、救生圈設施、位置、緯度、經度
"
臺北市所得收入者每人所得－行業別按年別,統計,臺北市所得收入者每人所得－行業別按年別時間數列統計資料,年別、行業、所得收入者人數、[一]所得收入總計[NT]、1.受僱人員報酬[NT]、[1]本業薪資[NT]、[2]兼業薪資[NT]、[3]其他收入[NT]、2.產業主所得[NT]、[1]農業淨收入[NT]、[2]營業淨收入[NT]、[3]執行業務淨收入[NT]、3.財產所得收入[NT]、4.自用住宅設算租金收入[NT]、5.經常移轉收入[NT]、[1]從私人[NT]、[2]從政府[NT]、[3]社會保險受益[NT]、[4]從企業[NT]、[5]從國外[NT]、6.雜項收入[NT]、[二]非消費支出[NT]、1.利息支出[NT]、2.經常移轉支出[NT]、[1]對私人[NT]、[2]對政府[NT]、[3]社會保險[NT]、[4]對國外[NT]、[三]可支配所得[NT]
臺北市家庭住宅及主要設備概況－經濟戶長職業別,統計,臺北市家庭住宅及主要設備概況－經濟戶長職業別時間數列統計資料,年別、經濟戶長職業、家庭戶數、每戶人數、每戶成年人數、每戶就業人數、每戶所得收入者人數、1.住宅所有權[1]自有[Percent]、[2]不住在一起的配偶父母或子女所擁有[Percent]、[3]租押[Percent]、[4]其它[含配住及借用][Percent]、2.住宅用途[1]專用[Percent]、[2]併用[Percent]、3.建築式樣[1]平房[Percent]、[2]二~三層樓[Percent]、[3]四~五層樓[Percent]、[4]六層樓以上[Percent]、4.具有自來水設備[Percent]、5.有車家庭停車位情形[1]自有停車位[Percent]、[2]租借停車位[Percent]、[3]無停車位[Percent]、6.每戶建坪[坪][Percent]、[1]彩色電視機[Percent]、一般彩色電視機[Percent]、液晶電漿電視機[Percent]、[2]數位影音光碟機[Percent]、[3]攝影機[Percent]、[4]音響[Percent]、[5]鋼琴[含電子琴][Percent]、[6]數位相機[Percent]、[7]電視遊樂器[Percent]、[8]有線電視頻道設備 [含多媒體隨選視訊][Percent]、[9]家用電腦[Percent]、[10]電話機[Percent]、[11]行動電話[Percent]、[12]連網[使用電腦及其他設備][Percent]、[13]汽車[Percent]、[14]機車[Percent]、[15]電磁爐[Percent]、[16]冷暖氣機[Percent]、[17]除濕機[Percent]、[18]洗衣機[Percent]、[19]烘衣機[Percent]、[20]空氣清淨機[Percent]、[21]濾水器[Percent]、[22]吸塵器[Percent]、[23]熱水器[Percent]、[24]開飲機[Percent]、[25]微波爐[Percent]、[26]報紙[Percent]、[27]期刊雜誌[Percent]
臺北市家庭住宅及主要設備概況－家庭組織型態別,統計,"臺北市家庭住宅及主要設備概況－家庭組織型態別時間數列統計資料
",年別、家庭組織、家庭戶數、每戶人數、每戶成年人數、每戶就業人數、每戶所得收入者人數、1.住宅所有權[1]自有[Percent]、[2]不住在一起的配偶父母或子女所擁有[Percent]、[3]租押[Percent]、[4]其它[含配住及借用][Percent]、2.住宅用途[1]專用[Percent]、[2]併用[Percent]、3.建築式樣[1]平房[Percent]、[2]二~三層樓[Percent]、[3]四~五層樓[Percent]、[4]六層樓以上[Percent]、4.具有自來水設備[Percent]、5.有車家庭停車位情形[1]自有停車位[Percent]、[2]租借停車位[Percent]、[3]無停車位[Percent]、6.每戶建坪[坪][Percent]、[1]彩色電視機[Percent]、一般彩色電視機[Percent]、液晶電漿電視機[Percent]、[2]數位影音光碟機[Percent]、[3]攝影機[Percent]、[4]音響[Percent]、[5]鋼琴[含電子琴][Percent]、[6]數位相機[Percent]、[7]電視遊樂器[Percent]、[8]有線電視頻道設備 [含多媒體隨選視訊][Percent]、[9]家用電腦[Percent]、[10]電話機[Percent]、[11]行動電話[Percent]、[12]連網[使用電腦及其他設備][Percent]、[13]汽車[Percent]、[14]機車[Percent]、[15]電磁爐[Percent]、[16]冷暖氣機[Percent]、[17]除濕機[Percent]、[18]洗衣機[Percent]、[19]烘衣機[Percent]、[20]空氣清淨機[Percent]、[21]濾水器[Percent]、[22]吸塵器[Percent]、[23]熱水器[Percent]、[24]開飲機[Percent]、[25]微波爐[Percent]、[26]報紙[Percent]、[27]期刊雜誌[Percent]
臺北市家庭住宅及主要設備概況－可支配所得戶數五等分位別,統計,"臺北市家庭住宅及主要設備概況－可支配所得戶數五等分位別時間數列統計資料
",年別、可支配所得戶數五等分位、家庭戶數、每戶人數、每戶成年人數、每戶就業人數、每戶所得收入者人數、1.住宅所有權[1]自有[Percent]、[2]不住在一起的配偶父母或子女所擁有[Percent]、[3]租押[Percent]、[4]其它[含配住及借用][Percent]、2.住宅用途[1]專用[Percent]、[2]併用[Percent]、3.建築式樣[1]平房[Percent]、[2]二~三層樓[Percent]、[3]四~五層樓[Percent]、[4]六層樓以上[Percent]、4.具有自來水設備[Percent]、5.有車家庭停車位情形[1]自有停車位[Percent]、[2]租借停車位[Percent]、[3]無停車位[Percent]、6.每戶建坪[坪][Percent]、[1]彩色電視機[Percent]、一般彩色電視機[Percent]、液晶電漿電視機[Percent]、[2]數位影音光碟機[Percent]、[3]攝影機[Percent]、[4]音響[Percent]、[5]鋼琴[含電子琴][Percent]、[6]數位相機[Percent]、[7]電視遊樂器[Percent]、[8]有線電視頻道設備 [含多媒體隨選視訊][Percent]、[9]家用電腦[Percent]、[10]電話機[Percent]、[11]行動電話[Percent]、[12]連網[使用電腦及其他設備][Percent]、[13]汽車[Percent]、[14]機車[Percent]、[15]電磁爐[Percent]、[16]冷暖氣機[Percent]、[17]除濕機[Percent]、[18]洗衣機[Percent]、[19]烘衣機[Percent]、[20]空氣清淨機[Percent]、[21]濾水器[Percent]、[22]吸塵器[Percent]、[23]熱水器[Percent]、[24]開飲機[Percent]、[25]微波爐[Percent]、[26]報紙[Percent]、[27]期刊雜誌[Percent]
臺北市所得收入者每人所得－職業別按年別,統計,臺北市所得收入者每人所得－職業別按年別時間數列統計資料,年別、職業、所得收入者人數、[一]所得收入總計[NT]、1.受僱人員報酬[NT]、[1]本業薪資[NT]、[2]兼業薪資[NT]、[3]其他收入[NT]、2.產業主所得[NT]、[1]農業淨收入[NT]、[2]營業淨收入[NT]、[3]執行業務淨收入[NT]、3.財產所得收入[NT]、4.自用住宅設算租金收入[NT]、5.經常移轉收入[NT]、[1]從私人[NT]、[2]從政府[NT]、[3]社會保險受益[NT]、[4]從企業[NT]、[5]從國外[NT]、6.雜項收入[NT]、[二]非消費支出[NT]、1.利息支出[NT]、2.經常移轉支出[NT]、[1]對私人[NT]、[2]對政府[NT]、[3]社會保險[NT]、[4]對國外[NT]、[三]可支配所得[NT]
臺北市所得收入者每人所得－年齡組別按年別,統計,臺北市所得收入者每人所得－年齡組別按年別時間數列統計資料,年別、年齡組、所得收入者人數、[一]所得收入總計[NT]、1.受僱人員報酬[NT]、[1]本業薪資[NT]、[2]兼業薪資[NT]、[3]其他收入[NT]、2.產業主所得[NT]、[1]農業淨收入[NT]、[2]營業淨收入[NT]、[3]執行業務淨收入[NT]、3.財產所得收入[NT]、4.自用住宅設算租金收入[NT]、5.經常移轉收入[NT]、[1]從私人[NT]、[2]從政府[NT]、[3]社會保險受益[NT]、[4]從企業[NT]、[5]從國外[NT]、6.雜項收入[NT]、[二]非消費支出[NT]、1.利息支出[NT]、2.經常移轉支出[NT]、[1]對私人[NT]、[2]對政府[NT]、[3]社會保險[NT]、[4]對國外[NT]、[三]可支配所得[NT]
臺北市所得收入者每人所得－教育程度別按年別,統計,臺北市所得收入者每人所得－教育程度別按年別時間數列統計資料,年別、教育程度、所得收入者人數、[一]所得收入總計[NT]、1.受僱人員報酬[NT]、[1]本業薪資[NT]、[2]兼業薪資[NT]、[3]其他收入[NT]、2.產業主所得[NT]、[1]農業淨收入[NT]、[2]營業淨收入[NT]、[3]執行業務淨收入[NT]、3.財產所得收入[NT]、4.自用住宅設算租金收入[NT]、5.經常移轉收入[NT]、[1]從私人[NT]、[2]從政府[NT]、[3]社會保險受益[NT]、[4]從企業[NT]、[5]從國外[NT]、6.雜項收入[NT]、[二]非消費支出[NT]、1.利息支出[NT]、2.經常移轉支出[NT]、[1]對私人[NT]、[2]對政府[NT]、[3]社會保險[NT]、[4]對國外[NT]、[三]可支配所得[NT]
臺北市所得收入者每人所得－性別按年別,統計,臺北市所得收入者每人所得－性別按年別時間數列統計資料,年別、性別、所得收入者人數、[一]所得收入總計[NT]、1.受僱人員報酬[NT]、[1]本業薪資[NT]、[2]兼業薪資[NT]、[3]其他收入[NT]、2.產業主所得[NT]、[1]農業淨收入[NT]、[2]營業淨收入[NT]、[3]執行業務淨收入[NT]、3.財產所得收入[NT]、4.自用住宅設算租金收入[NT]、5.經常移轉收入[NT]、[1]從私人[NT]、[2]從政府[NT]、[3]社會保險受益[NT]、[4]從企業[NT]、[5]從國外[NT]、6.雜項收入[NT]、[二]非消費支出[NT]、1.利息支出[NT]、2.經常移轉支出[NT]、[1]對私人[NT]、[2]對政府[NT]、[3]社會保險[NT]、[4]對國外[NT]、[三]可支配所得[NT]
臺北市站牌,交通,資料集說明文詳如https://pto.gov.taipei/News_Content.aspx?n=A1DF07A86105B6BB&s=55E8ADD164E4F579&sms=2479B630A6BD8079,檔案名稱、縣市、縣市代碼、介接網址、主要欄位說明、更新頻率、檔案格式、說明文件網址
臺北市機動班次時刻表,交通,各路線班距，資料集說明文詳如https://pto.gov.taipei/News_Content.aspx?n=A1DF07A86105B6BB&s=55E8ADD164E4F579&sms=2479B630A6BD8079,檔案名稱、縣市、縣市代碼、介接網址、主要欄位說明、更新頻率、檔案格式、說明文件網址
臺北市站位資訊,交通,資料集說明文件詳如https://pto.gov.taipei/News_Content.aspx?n=A1DF07A86105B6BB&s=55E8ADD164E4F579,檔案名稱、縣市、縣市代碼、介接網址、主要欄位說明、更新頻率、檔案格式、說明文件網址
臺北市預定班表資訊,交通,資料集說明文詳如https://pto.gov.taipei/News_Content.aspx?n=A1DF07A86105B6BB&s=55E8ADD164E4F579&sms=2479B630A6BD8079,檔案名稱、縣市、縣市代碼、介接網址、主要欄位說明、更新頻率、檔案格式、說明文件網址
臺北市公車路線軌跡,交通,北市公車路線軌跡資料，說明文件詳如https://pto.gov.taipei/News_Content.aspx?n=A1DF07A86105B6BB&sms=2479B630A6BD8079&s=55E8ADD164E4F579,資料名稱、縣市、縣市代碼、介接網址、欄位說明、檔案格式、說明文件網址、更新頻率
大臺北公車最新消息,交通,"資料集說明文詳如https://pto.gov.taipei/News_Content.aspx?n=A1DF07A86105B6BB&s=55E8ADD164E4F579&sms=2479B630A6BD8079
",檔案名稱、縣市、縣市代碼、介接網址、主要欄位說明、更新頻率、檔案格式、說明文件網址
臺北市新住民統計,統計,臺北市新住民時間數列統計資料,年別、求職就業率、求職就業率/男性、求職就業率/女性、參加就業研習人次占全市比率、參加就業研習人次占全市比率/男性、參加就業研習人次占全市比率/女性、參加職訓人次比率、參加職訓人次比率/男性、參加職訓人次比率/女性、新婚個案訪視個案完訪率、子女訪視個案完訪率、提供新住民懷孕婦女產前衛教諮詢服務個案率、各類緊急救援庇護安置及輔導服務人次比率、各類緊急救援庇護安置及輔導服務人次比率/男性、各類緊急救援庇護安置及輔導服務人次比率/女性、辦理新住民多元文化週活動國小學校比率、遭逢特殊境遇家庭經濟支持服務人次比率、遭逢特殊境遇家庭經濟支持服務人次比率/男性、遭逢特殊境遇家庭經濟支持服務人次比率/女性、國小新住民學生數、國小新住民學生比率、國小新住民學生比率/男性、國小新住民學生比率/女性、國中新住民學生數、國中新住民學生比率、國中新住民學生比率/男性、國中新住民學生比率/女性、子女優先進入公立幼兒園人數占全市比率、子女優先進入公立幼兒園人數占全市比率/男性、子女優先進入公立幼兒園人數占全市比率/女性、子女完成兒童發展篩檢表比率、子女早期療育服務人數占全市比率、子女早期療育服務人數占全市比率/男性、子女早期療育服務人數占全市比率/女性、身心障礙子女幼兒教育補助人數比率、身心障礙子女幼兒教育補助人數比率/男性、身心障礙子女幼兒教育補助人數比率/女性、國小子女學校課後輔導人次比率、國小子女學校課後輔導人次比率/男性、國小子女學校課後輔導人次比率/女性
臺北市家庭戶數－經濟戶長性別及每戶所得總額（經常性收入）組別,統計,"臺北市家庭戶數－經濟戶長性別及每戶所得總額（經常性收入）組別時間數列統計資料
","年別、經常性收入組別、戶數、男[戶]、女[戶]
"
臺北市每戶可支配所得及消費支出－可支配所得戶數五等分位別及經濟戶長性別、年齡組別、教育程度別,統計,"臺北市每戶可支配所得及消費支出－可支配所得戶數五等分位別及經濟戶長性別、 年齡組別、教育程度別時間數列統計資料
","年別、性別和年齡及教育程度、可支配所得戶數五等分位、戶數、每戶人數、可支配所得[NT]、消費支出[NT]
"
臺北市家庭戶數－經濟戶長性別及每戶消費支出組別,統計,"臺北市家庭戶數－經濟戶長性別及每戶消費支出組別時間數列統計資料
","年別、消費支出組別、戶數、男[戶]、女[戶]
"
臺北市定點車機資訊,交通,資料集說明文詳如https://pto.gov.taipei/News_Content.aspx?n=A1DF07A86105B6BB&s=55E8ADD164E4F579&sms=2479B630A6BD8079,檔案名稱、縣市、縣市代碼、介接網址、主要欄位說明、更新頻率、檔案格式、說明文件網址
智慧型站牌,交通,資料集說明文詳如https://pto.gov.taipei/News_Content.aspx?n=A1DF07A86105B6BB&s=55E8ADD164E4F579&sms=2479B630A6BD8079,檔案名稱、縣市、縣市代碼、介接網址、主要欄位說明、更新頻率、檔案格式、說明文件網址
臺北市智慧型站牌所屬路線,交通,資料集說明文詳如https:/pto.gov.taipei/News_Content.aspx?n=A1DF07A86105B6BB&s=55E8ADD164E4F579&sms=2479B630A6BD8079,檔案名稱、縣市、縣市代碼、介接網址、主要欄位說明、更新頻率、檔案格式、說明文件網址
臺北市附屬路線與路線對應資訊,交通,資料集說明文詳如https://pto.gov.taipei/News_Content.aspx?n=A1DF07A86105B6BB&s=55E8ADD164E4F579&sms=2479B630A6BD8079,檔案名稱、縣市、縣市代碼、介接網址、主要欄位說明、更新頻率、檔案格式、說明文件網址
臺北市業者營運基本資料,交通,資料集說明文詳如https://pto.gov.taipei/News_Content.aspx?n=A1DF07A86105B6BB&s=55E8ADD164E4F579&sms=2479B630A6BD8079,檔案名稱、縣市、縣市代碼、介接網址、主要欄位說明、更新頻率、檔案格式、說明文件網址
臺北市路線,交通,資料集說明文詳如https://pto.gov.taipei/News_Content.aspx?n=A1DF07A86105B6BB&s=55E8ADD164E4F579&sms=2479B630A6BD8079,檔案名稱、縣市、縣市代碼、介接網址、主要欄位說明、更新頻率、檔案格式、說明文件網址
臺北市政府環境教育基金管理委員會委員名單,環保,臺北市政府環教基金管理會委員名單,"序號、委員類別	、姓名、性別、服務單位、職稱
"
臺北市環境教育機構,環保,環境教育機構,縣市別、機構名稱、機構地址、聯絡電話、申請許可事項、核准日期、機關網址
臺北市環境教育設施場所,環保,臺北市環境教育設施場所名稱、地址、電話等資訊,縣市別、設施場所名稱、申請單位、設施場所地址或座落、聯絡電話、設施場所網址、核准日期
臺北市政府環境教育基金對民間團體環境教育計畫補(捐)助辦理情形,環保,臺北市政府補助辦理環境教育推展事項實施計畫補助情形,"編號、補助單位、補助計畫、補助金額、核准日期

"
臺北市歷年清潔人員數,環保,臺北市垃圾清運及資源回收人員數,"統計期、地區別、總計（人數）、工員（人數）、垃圾清運（人數）、水肥清運（人數）、資源回收（人數）、其他（含消毒,割草,拆除違規廣告,拖吊廢機動車輛等人數）、男（人數）、女（人數）
"
臺北市公車結構性票價資訊,交通,北市公車路線票價資料，說明文件詳如https://www.pto.gov.taipei/News_Content.aspx?n=A1DF07A86105B6BB&sms=2479B630A6BD8079&s=55E8ADD164E4F579,資料名稱、縣市、縣市代碼、介接網址、欄位說明、檔案格式、說明文件網址、更新頻率
臺北市河濱公園,水利,臺北市河濱公園位置等相關介紹，提供CSV檔案格式，採WGS84座標系統呈現,FID (項次)、Park (河濱公園)、District (行政區)、面積、Description (範圍描述)、Longitude、Latitude
臺北市政府市政顧問,民政,臺北市政府市政顧問相關資訊,序號、年度、組別數、法定聘期、屆期
臺北市嬰幼兒照顧服務_社區公共托育家園,社福,提供臺北市社區公共托育家園聯絡資訊,序號、機構類型、機構名稱、地址、電話
臺北市GHP稽查,統計,臺北市GHP稽查。,項次、資料集名稱、內容、更新日期、相關資料
臺北市人工生殖機構通過許可名單,醫療,臺北市人工生殖機構通過許可名單。,縣市別、補助方案之特約人工生殖機構名稱、全民健康保險特約醫療院所、備註
臺北市定時車機資訊,交通,資料集說明文詳如https://www.pto.gov.taipei/News_Content.aspx?n=A1DF07A86105B6BB&s=55E8ADD164E4F579&sms=2479B630A6BD8079,檔案名稱、縣市、縣市代碼、介接網址、主要欄位說明、更新頻率、檔案格式、說明文件網址
臺北市水利處颱風豪雨期間外租機械佈設點,消防,颱風豪雨期間因應低窪及易淹水地區委託民間廠商協助佈設抽水機等機具進行防救工作,OBJECTID(編號)、DISTRICT(行政區)、ENGINEID(外租機械編號)、ENGLOC(位置敘述)、ENGNAME(設備名稱)、EMAN(責任承辦人)、市話、行動電話、EFIRM(責任廠商)、SPRECDATE、SPUSEDIR、Longitude、Latitude
臺北市五項公設面積彙整表,地政,臺北市兒遊、公園綠地、廣場、體育場等公共設施面積彙整,項次、公共設施分類、行政區、段名、地號、土地面積/平方公尺、公共設施名稱
臺北市土地使用內容與使用管制彙整表,地政,臺北市各行政區中各土地使用分區容積、建蔽及各分區與公共設施所占面積,行政區、分區、筆數、建蔽率/百分比、容積率上限/百分比、面積/平方公尺
臺北市大貨車聯結車禁行範圍,交通,臺北市政府轄管道路禁行大貨車、聯結車路段或區域,行政區、地址-行政區域代碼、路段或區域、車種及噸數（含）、禁行時段
臺北市職業團體會員數,統計,臺北市職業團體會員數時間數列統計資料,統計期、會員別、總計[人；個]、農民團體/合計[人；個]、農民團體/市農會[人；個]、農民團體/區農會[人；個]、工人團體/合計[人；個]、工人團體/總工會[人；個]、工人團體/產業工會/產業工會聯合會[人；個]、工人團體/產業工會/產業工會[人；個]、工人團體/產業工會/交通事業工會[人；個]、工人團體/產業工會/公用事業工會[人；個]、工人團體/職業工會[人；個]、工商團體/合計[人；個]、工商團體/商業會[人；個]、工商團體/商業同業公會[人；個]、工商團體/工業同業公會/工業會[人；個]、工商團體/工業同業公會/市工業同業公會[人；個]、自由職業團體/合計[人；個]、自由職業團體/教育[師]會[人；個]、自由職業團體/醫師公會[人；個]、自由職業團體/其他[人；個]
臺北市社會團體會員數(80年以後),統計,臺北市社會團體會員數(80年以後)時間數列統計資料,統計期、項目、總計[人；個]、學術文化團體[人；個]、醫療衛生團體[人；個]、宗教團體[人；個]、體育團體[人；個]、社會服務及慈善團體[人；個]、國際團體[人；個]、經濟業務團體[人；個]、宗親會[人；個]、同鄉會[人；個]、同學校友會[人；個]、其他[人；個]
臺北市社會團體會員數(57年至79年),統計,臺北市社會團體會員數(57年至79年)時間數列統計資料,統計期、項目、總計[人；個]、青年團體[人；個]、文化學術團體[人；個]、宗教團體[人；個]、公益團體[人；個]、慈善團體[人；個]、婦女團體[人；個]、體育團體[人；個]、其他[人；個]
臺北市營利型電動車充換電站資訊,環保,臺北市營利型電動車充換電站相關資訊。,序號、廠商、名稱、地址、縣市、縣市代碼
臺北市登革熱戶外化學防疫軌跡記錄,環保,臺北市各里別戶外環境噴藥日程表,行政區、日期、里別、執行區隊、聯絡電話
臺北市本市戶外環境噴藥日期,環保,臺北市各里戶外環境噴藥日期查詢,名稱、施藥地區、施藥類型、期程、開始日期、結束日期、主題分類、關鍵詞、內容摘要
臺北市食材登錄平台,民政,為建立本市食品來源之追蹤（溯）系統及落實資訊公開透明，臺北市政府衛生局於102年9月9日建置「臺北市食材登錄平台」，並於105年1月13日公告「臺北市食品安全自治條例」，依據第7條陸續公告應強制於平台公開食材來源之業別。本資料集為本市食材登錄平台各專區資料。,行政區域代碼、公司名稱、品牌名稱、產品名稱、原料名稱、原料品牌、相關資訊連結
臺北市CCTV設施,交通,閉路電視攝影機設備資料,流水號、縣市、攝影機編號位置、WGSX(WGS84經度座標)、WGSY(WGS84緯度座標)
臺北市政府暑期工讀名額分配統計,統計,"本府大專青年學生公部門暑期工讀需求分配表
",年度、名額分配機關名稱、權責機關1-人事處、權責機關2-青年局（自114年起業務由就業服務處移交至青年局）、總計
臺北市再生能源設置資料,環保,臺北市再生能源設置相關資料。,類別、名稱、地址、行政區、經度座標、緯度座標、裝置容量-瓩
臺北市溫室氣體排放統計—本市總排放量及人均排放量,環保,為檢視本市節能減碳方案是否達到目標願景，以及了解經由各局處整合推動之各項減碳成果，本市持續調查溫室氣體總排放量、人均排放量，以及各部門排放比例，並公佈於網站提供市民參考，期與國際減碳策略接軌，將節能減碳觀念深耕於全體市民心中。,年度、住商部門排放量_萬公噸、住商部門占比_%、運輸部門排放量_萬公噸、運輸部門占比_%、廢棄物部門排放量_萬公噸、廢棄物部門占比_%、工業部門排放量_萬公噸、工業部門占比_%、農業部門排放量_萬公噸、農業部門占比_%、森林部門排放量_萬公噸、森林部門占比_%、總排放量_萬公噸、人均排放量_公噸/年
臺北市都市計畫使用分區圖,地政,臺北市都市計畫主要計畫暨細部計畫土地使用分區圖SHP檔案格式(更新至114年1月),編號、圖層、顏色、街廓編號、分區代碼、分區簡稱、使用分區、分區說明、原屬分區、變更前代碼、變更前簡稱、變更前分區
臺北市政府依法進用身心障礙人員概況,統計,提供臺北市政府身心障礙人員進用資料,編號、日期、機關數、應進用人數、已進用人數、超額或不足額數、進用比率
臺北市農業用水相關資訊,農業,提供臺北市農業用水相關資訊。,水權狀號、行政區、地號、出水量/CMD、用途、有效期限或廢止日期、是否屬管制區
申請介接臺北市閉路電視攝影機(CCTV)作業說明,交通,提供本處即時交通影像資訊加值利用申請須知、申請使用表及授權加值利用契約書,"項目、網址、機關名稱、機關代碼、說明
"
臺北市推動社區治安工作績效,治安,臺北市推動社區治安工作績效。,單位、治安社區總數量、輔導治安社區數量、專業輔導團隊數量、專業輔導團隊人數量、輔導訪視社區次、輔導訪視社區場、標竿輔導社區次、標竿輔導社區場、召開治安會議、社區觀摩學習、守望相助隊數、守望相助隊人數、社區治安區塊、錄影監視系統處數、錄影監視系統支數
臺北市無障礙列管數清冊,工務,臺北市無障礙列管案件數清冊,縣市別、縣市別代碼、機關代碼、類組、列管案件數
臺北市精神復健暨精神護理機構,醫療,臺北市日間型、住宿型精神復健機構及精神護理之家。,序號、機構類型、行政區、機構名稱、地址、電話
臺北市政府創業基地,經濟,提供臺北市政府創業基地各基地資訊。,序號、基地名稱、行政區、門牌號碼、基地[平方米]、新創育成使用總樓地板面積[平方米]、TWD97X[經度]、TWD97Y[緯度]
臺北市年度建築物公共安全檢查稽查數量,工務,臺北市年建築物公共安全檢查稽查數量,類組、107年度（數量）、108年度（數量）、109年度（數量）、110年度（數量）、111年度（數量）、112年度（數量）、113年度（數量）
臺北市建築物附設停車空間部分,工務,本市現有停車概說-建築物附設停車空間部分,年度、季度、項目、都市計畫區內[總計]（數量）、都市計畫區內[法定停車位合計]（數量）、都市計畫區內[法定停車位室內]（數量）、都市計畫區內[法定停車位室外]（數量）、都市計畫區內[增設停車位合計]（數量）、都市計畫區內[增設停車位室內]（數量）、都市計畫區內[增設停車位室外]（數量）
臺北市經濟弱勢原住民家庭建購或修繕住宅補助統計,社福,針對臺北市經濟弱勢原住民家庭建購或修繕住宅補助統計,年度、建購補助受理數量、建購補助核定數量、修繕補助受理數量、修繕補助核定數量、總補助金額
臺北市都市原住民家庭租屋補貼,社福,臺北市都市原住民家庭租屋補貼申請統計表,年度、申請數量、核定數量、補助額度、單位名稱、統一編號
臺北市政府原住民族事務委員會職業訓練生活津貼差額補助及學費材料費補助年度申請統計,統計,依據本會「臺北市政府原住民族事務委員會職業訓練生活津貼差額補助及學費材料費補助實施計畫」核定補助人數及金額之統計。,年度、職業訓練學費材料費核准數量、職業訓練學費材料費核撥金額、職業訓練生活津貼差額補助核准數量、職業訓練生活津貼差額補助核撥金額、職業訓練學費材料費及生活津貼差額補助總核准數量、職業訓練學費材料費及生活津貼差額補助總核撥金額
臺北市各區區公所原住民服務窗口,民政,原服員定期訪視原住民家戶，主動瞭解並隨時掌握本市高風險家戶及個人，協助本會業務申請案之受理與審查，並主動傳達臺北市政府及本會相關福利、施政等相關措施。,郵遞區號、姓名、地址、電話、分機、辦公時間、訪視時間
台北市青年農民聯絡資訊,農業,台北市青年農民聯絡資訊。,序號、行政區域代碼、行政區、姓名、電話、農場名稱、地址
臺北市A1及A2交通事故資料,交通,提供臺北市A1及A2類交通事故明細。,發生年度、發生月、發生日、發生時-Hours、發生分、處理別-編號、區序、肇事地點、死亡人數、2-30日死亡人數、受傷人數、當事人序號、車種、天候、光線、道路類別、速限-速度限制、道路型態、事故位置、路面狀況1、路面狀況2、路面狀況3、道路障礙1、道路障礙2、號誌1、號誌2、車道劃分-分向、車道劃分-分道1、車道劃分-分道2、車道劃分-分道3、事故類型及型態、性別、年齡、受傷程度、主要傷處、保護裝置、行動電話、車輛用途、當事者行動狀態、駕駛資格情形、駕駛執照種類、飲酒情形、車輛撞擊部位1、車輛撞擊部位2、肇因碼-個別、肇因碼-主要、個人肇逃否、職業、座標-X、座標-Y
臺北市環境用藥販賣業者名單,環保,臺北市環境用藥販賣業者名單資訊,"編號、許可證、許可證字號、公司名稱、公司電話、分機、公司地址、負責人
"
臺北市病媒防治業者,環保,臺北市病媒防治業者名單,編號、許可證、字號、公司名稱、公司電話、公司地址、負責人
臺北市戶籍登記案件及核發證明文件統計,民政,臺北市各區戶籍登記案件及核發證明文件統計表,月份、區別、戶籍登記案件數量、國民身分證_初發補發換發數量、空白證毀損數量、門牌數量、門牌證明數量、戶口統計資料數量、催告戶籍登記數量、家暴防治註記數量、本地戶籍謄本數量、代發本市戶籍謄本數量、代發他縣市戶籍謄本數量、印鑑證明與登記數量、戶口名簿數量、閱覽數量、本地英文戶籍謄本數量、代發他縣市英文戶籍謄本、結婚證明書、英文結婚證明書、離婚證明書、英文離婚證明書、巡迴查對更正、里鄰改編改註戶數、非現住人口處理案件、閱覽、親等關聯資料、婚姻紀錄證明書、遷徙紀錄證明書、姓名更改紀錄證明書、戶籍罰鍰、單區案件總數
臺北市服務業汰換節能設備補助,環保,臺北市服務業汰換節能設備補助相關資訊。,年度、核撥件數、累積核撥件數、補助金額、累計補助金額、節電量、累積節電量
臺北市政府產業局再生能源憑證案場統計,環保,臺北市政府產業局再生能源憑證案場統計資料。,序號、產發局既有案場、地址、裝置總容量、總累計
臺北市聯合型群組需量競價成效,環保,臺北市聯合型群組需量競價成效相關資訊。,執行次數、執行日期[yyyy-mm-dd]、執行開始時間[hh-mm]、執行結束時間[hh-mm]、得標金額[元]
臺北市政府市議會市長施政報告,資訊,依台北市議會議事規則第28條，於市議會大會開議時辦理市長施政報告。,序號、會期、網址
臺北市節能輔導情形,環保,臺北市節能輔導情形相關資訊。,年度、輔導家數、查核家數、節電量(度)、減碳量(公噸)
臺北市路邊停車格位使用情形,交通,提供臺北市路邊停車格位的座標、路段名稱、收費時段、收費標準等資訊。,roadSegAvail、roadSegCarType、roadSegFee、roadSegID、roadSegName、roadSegTmEnd、roadSegTmStart、roadSegTotal、roadSegUpdateTm、roadSegUsage
臺北市地籍清理公告開標結果土地清冊,地政,屬於「未依有關法令清理的神明會」、「以日據時期會社或組合名義登記」、「土地總登記時登記名義人之姓名、名稱或住址記載不全或不符者」、「非以自然人、法人或依法登記之募建寺廟名義登記者」等4類土地，而土地權利人尚未於期限內提出申請登記，為澈底清理這些地籍問題，依地籍清理條例規定，由直轄市或縣（市）政府代為標售。,標號、鄉鎮市區、段小段、地號、面積-㎡、原登記名義人、權利範圍、標售底價-元、標售總底價-元、決標金額-元、得標人
臺北市地籍清理囑託登記國有公告清冊,地政,按地籍清理條例第15條規定代為標售之土地或建物，經二次標售而未完成標售者，由直轄市或縣（市）主管機關囑託登記為國有。,編號、鄉鎮市區、段小段、地/建號、面積(平方公尺)、原登記名義人之姓名或名稱、原登記名義人之住址、權利範圍、囑託登記完畢日期、第二次標售底價金額、欠繳稅賦、利息金額、已領價金總額
臺北市地籍清理標售價金保管款清冊,地政,按地籍清理條例第14條規定直轄市或縣（市）政府應將代為標售所得土地價金，扣除行 政處理費用、地籍清理獎金及應納稅賦後，以其餘額儲存於「地籍清理土地權利價金保管款專戶」（以下簡稱保管款專戶）。,編號、存支日期、存支編號、標售金額(元)、應納稅賦(元)、行政處理費(元)、地籍清理獎金(元)、存入金額(元)、應領金額(元)、應領取人姓名
臺北廣播電臺中文節目表,資訊,廣播內容中文節目表，連結網頁提供線上收聽及過去60天節目音檔。,頻道(channel)、 星期(week)、 開始時間(start_time)、結束時間(end_time)、 節目(program)、主持人(DJ)
臺北廣播電臺英文節目表,資訊,廣播內容英文節目表，連結網頁提供線上收聽及過去60天節目音檔。,"channel、week、start_time、end_time、program,DJ
"
113年上半年臺北市違章漏稅案件處理情形,財稅,分析違章漏稅案件處理情形。,稅目別、受理情形總計、受理情形上期未結件數、受理情形本期受理件數、本期審理情形依法免議件數、本期審理情形依法免罰件數、本期審理情形依法併案件數、本期審理情形依法註銷件數、本期審理情形處罰件數、本期審理情形處罰金額、本期審理情形未結件數、本期繳納及移送情形總計件數、本期繳納及移送情形總計金額、本期繳納及移送情形自行繳納件數、本期繳納及移送情形自行繳納金額、本期繳納及移送情形移送執行件數、本期繳納及移送情形移送執行金額、更正註銷案件件數、更正註銷案件金額、本期執行情形總計件數、本期執行情形總計金額、本期執行情形移送繳納件數、本期執行情形移送繳納金額、本期執行情形發給執行憑證件數、本期執行情形發給執行憑證金額、本期執行情形撤案件數、本期執行情形撤案金額、本期執行情形退案件數、本期執行情形退案金額、本期執行情形結案件數、本期執行情形結案金額、更正調整案件件數、更正調整案件金額、截至本期移送執行未結案件件數、截至本期移送執行未結案件金額
捷運萬大中和樹林線第一期工程交通即時影像位置(一工處),交通,捷運萬大中和樹林線第一期工程交通即時影像位置(一工處)統計表,線別、標別、車站名、監造單位、監造工務所、工地主任、聯絡電話、聯絡地址、鏡頭位置、經度、緯度、來源網址
臺北都會區大眾捷運系統萬大線第一期工程範圍示意圖 (第一區工程處施作範圍圖),交通,臺北都會區大眾捷運系統萬大線第一期工程施工範圍統計,序號、工程標號、施工起迄時間、工程轄區、車站名、監造工務所、工地主任、聯絡電話、聯絡地址、來源網址
臺北市交通違規舉發項目及地點,交通,臺北市交通違規檢舉點位，資料為民眾檢舉且有裁罰的紀錄,西元年、月份、時間、law、fact、縣市別代碼、AreaName、地址-行政區域代碼、Road
臺北市身心障礙者保護通報處遇結果按障礙類別及年齡別分,社福,提供臺北市身心障礙者保護通報處遇結果按障礙類別及年齡別分資訊,年/季、總人數、未滿18歲人數、18歲至未滿65歲人數、65歲以上人數、視覺障礙者、聽覺機能障礙者、平衡機能障礙者、聲音機能或語言機能障礙者、肢體障礙者、智能障礙者、重要器官失去功能者、顏面損傷者、植物人、失智症者、自閉症者、慢性精神病患者、多重障礙者、頑性難治症瘨癇症者、因罕見疾病而致身心功能障礙者、其他人數、新制類別無法對應舊制類別者
臺北市多重障礙者之年齡分配按多重障礙類別分,社福,提供臺北市多重障礙者之年齡分配按多重障礙類別分資訊,年度/年紀、視覺障礙者人數、聽覺機能障礙者人數、平衡機能障礙者人數、聲音機能或語言機能障礙者人數、肢體障礙者人數、智能障礙者人數、重要器官失去功能者人數、顏面損傷者人數、植物人人數、失智症者人數、自閉症者人數、慢性精神病患者人數、頑性難治症瘨癇症者人數、因罕見疾病而致身心功能障礙者人數、其他人數、新制類別無法對應舊制類別者人數
社會福利統計臺北市中低收入老人生活津貼,社福,社會福利統計中低收入老人生活津貼資料呈現於【社會局局網> 統計資料 > 預告統計資料發布時間表】,年/月、總補助金額、第0類低收入戶補助金額、第1類低收入戶補助金額、第2類低收入戶補助金額、第3類低收入戶補助金額、第4類低收入戶補助金額、中低收入戶補助金額
社會福利統計_臺北市市民醫療補助,社福,社會福利統計_臺北市市民醫療補助資料呈現於【社會局局網> 統計資料 > 預告統計資料發布時間表】,民國年、月、總人數、總人次、總醫療費用
社會福利統計_臺北市強化社會安全網－急難紓困方案(原馬上關懷)救助,社福,社會福利統計_強化社會安全網－急難紓困方案(原馬上關懷)救助資料呈現於【社會局局網> 社會救助 > 統計資料】,民國年、月、申請人數、核定人數、核定金額
臺北市低收入戶概況,社福,定期提供臺北市低收入戶概況資訊,民國年、月、戶數總計、有眷戶數、單身戶數
臺北市身心障礙者同步聽打服務成果,社福,提供臺北市身心障礙者同步聽打服務成果資訊,年/季、申請案件數、申請人數、出勤案件數、出勤人次、服務人次
臺北市身心障礙者生活輔具費用補助,社福,提供臺北市身心障礙者生活輔具費用補助資訊,年/月、總人數、低收入戶人數、中低收入戶人數、非低收入戶及非中低收入戶人數、未滿18歲人數、18歲至未滿65歲人數、65歲以上人數
臺北市中低收入老人特別照顧津貼照顧者概況,社福,定期提供臺北市中低收入老人特別照顧津貼照顧者概況資訊,年/月、總人數、照顧者年齡20歲至未滿30歲人數、照顧者年齡30歲至未滿40歲人數、照顧者年齡40歲至未滿50歲人數、照顧者年齡50歲至未滿60歲人數、照顧者年齡60歲至未滿65歲人數、照顧者與受照顧者關係/夫、照顧者與受照顧者關係/妻、照顧者與受照顧者關係/兒子、照顧者與受照顧者關係/女兒、照顧者與受照顧者關係/子媳、照顧者與受照顧者關係/女婿、照顧者與受照顧者關係/孫子、照顧者與受照顧者關係/孫女
臺北市老人長期照顧、安養機構與老人公寓、老人住宅概況,社福,定期提供臺北市老人長期照顧、安養機構與老人公寓、老人住宅概況資訊,年/月、機構數、可供進住總人數、長期照護可供進住人數、養護可供進住人數、失智照顧可供進住人數、安養可供進住人數、實際進住總人數、長期照護實際進住人數、養護實際進住人數、養護/一般養護實際進住人數、養護/管路養護實際進住人數、失智照顧實際進住人數、安養實際進住人數、具原住民身分者實際進住人數
臺北捷運車站免費接駁車路線,交通,臺北捷運車站免費接駁公車路線資料,序號、路線別、車站、免費接駁車路線、更新日期
臺北市立美術館111年度預算書,文化,臺北市立美術館111年度預算書。,name、year、CountyCode、發布單位、機關代碼、檔案連結
臺北市立美術館110年度決算書,文化,臺北市立美術館110年度決算書。,name、year、CountyCode、發布單位、機關代碼、檔案連結
臺北市捷運路網工程施工階段監測資訊下載連結,交通,臺北市捷運路網工程施工階段監測資訊下載連結清單,縣市代碼、機關代碼、捷運工程名稱、捷運線路名稱、廠站、工地監測報告下載連結、監測說明
臺北市轄河川河道斷面檢測成果,水利,臺北市河川河道支距高程表及斷面樁成果表，提供CSV檔案格式。,"流域、左右岸、點名、縱坐標、橫坐標、標高、樁別
"
臺北市政府各一級機關業務職掌一覽表,統計,本府各一級機關業務職掌一覽表,序號、機關代碼、機關名稱、業務單位、業務職掌
臺北市稅捐稽徵處111年辦理政策及業務宣導之執行情形表(全國案_牌照稅),統計,111年辦理政策及業務宣導之執行情形表(全國案_牌照稅),"項次、宣導項目、媒體類型、宣導期程、預算來源、預算科目、執行金額、受委託廠商名稱、預期效益、刊登或託播對象
"
臺北市稅捐稽徵處分處稽徵區域,財稅,臺北市稅捐稽徵處各分處稽徵區域,單位、面積、里數、戶數、人口數
臺北市稅捐稽徵處推展志願服務志工人數及服務成果概況,財稅,108年臺北市稅捐稽徵處推展志願服務志工人數及服務成果概況,項次、機關名稱、分類別、性別_1為男性_2為女性、人數
臺北市稅捐稽徵處108年申請案件處理成績表,財稅,臺北市稅捐稽徵處108年公文系統、櫃檯直接受理案件、土地增值稅申報案件、契稅申報案件申請件數,項次、機關名稱、年度、項目、件數
臺北市稅捐稽徵處推行親民服務民意反映問卷調查報告,財稅,委外電話訪問推行親民服務民意反映問卷調查報告,項次、機關名稱、年度、說明、樣本數
臺北市取締闖紅燈前十大路口件數表,交通,提供臺北市違規闖紅燈前十名地點及件數統計資料。,序號、年度、縣市、縣市代碼、路口名、筆數
臺北市車輛拖吊前十大路段與件數,交通,提供臺北市歷年違規車輛拖吊前十大地點與件數資料,序號、年度、縣市、縣市代碼、路段名、筆數
臺北市智慧管理科技執法設備資料表,交通,提供臺北市智慧管理科技執法設備名稱、取締路段、座標-X、座標-Y、啟用日期、取締項目資料。,編號、名稱、取締路段、座標-X、座標-Y、啟用日期、取締項目
臺北市民眾檢舉前五大違規項目統計表,交通,提供臺北市歷年民眾檢舉前五名違規項目及件數統計資料。,序號、年度、縣市、縣市代碼、違規項目、筆數
臺北市動產質借處各分處一覽表,社福,臺北市動產質借處各分處資訊,名稱、地址、電話、傳真、緯度、經度
臺北惜物網服務概況,環保,臺北惜物網年度服務狀況資料,月份(月)、網站瀏覽人次數量(人次)、平均每日網站瀏覽人次數量(人次)、會員總人數數量(人)、出貨結案件數數量(件)、交易金額數量(元)、參與機關學校總數量-臺北市所屬(間)、參與機關學校數量-其他(間)
臺北市動產質借概況,社福,臺北市動產質借處年度質借狀況資料,戶籍地(戶籍地)、總人次(件)、按質借金額分未滿10萬元人次(件)、按質借金額分10-未滿20萬元人次(件)、按質借金額分20-未滿30萬元人次(件)、按質借金額分30-未滿40萬元人次(件)、按質借金額分40-未滿50萬元人次(件)、按質借金額分50-未滿60萬元人次(件)、按質借金額分60-未滿70萬元人次(件)、按質借金額分70-未滿80萬元人次(件)、按質借金額分80-未滿90萬元人次(件)、按質借金額分90-未滿100萬元人次(件)、按質借金額分100萬元以上人次(件)、按客戶年齡及性別分男20歲以下人次(件)、按客戶年齡及性別分女20歲以下人次(件)、按客戶年齡及性別分男21-30歲人次(件)、按客戶年齡及性別分女21-30歲人次(件)、按客戶年齡及性別分男31-40歲人次(件)、按客戶年齡及性別分女31-40歲人次(件)、按客戶年齡及性別分男41-50歲人次(件)、按客戶年齡及性別分女41-50歲人次(件)、按客戶年齡及性別分男51-60歲人次(件)、按客戶年齡及性別分女51-60歲人次(件)、按客戶年齡及性別分男61-64歲人次(件)、按客戶年齡及性別分女61-64歲人次(件)、按客戶年齡及性別分男65歲以上人次(件)、按客戶年齡及性別分女65歲以上人次(件)
臺北市動產質借處營業概況,社福,臺北市動產質借處年度營運狀況資料,分處別(分處)、項目(項目)、本年質借件數(件)、本年質借本金(元)、現金利息收入(元)、本年變賣總計(元)、本年變賣本金(元)、本年變賣利息(元)、本年變賣利益(元)
臺北市環保局輻射監測站測站位置,環保,臺北市環境輻射監測站之測站名稱及地址等資訊,STA_NO、測站名稱、地址、備註、經度、緯度
臺北市環境輻射監測,環保,"環境輻射監測(原始檔案為json格式)
監測站位址資料請至:https://data.taipei/#/dataset/detail?id=e2da2946-2735-411a-836b-52e2666b6a76 下載或介接API","SeqNo、DTIME、DOSERATE、Temperature、VALID
"
臺北市空氣品質監測站基本資料,環保,臺北市空氣品質監測站種類、分類、名稱、地址、監測項目等資訊,station_type_測站種類、classification_測站分類、station_name_測站名稱、station_address_測站地址、monitor_item_監測項目、longitude_經度、latitude_緯度
臺北市環境及交通音量監測站地點,環保,提供環境及交通音量監測站地點,測點名稱、測點編號、測點地址、管制區類別、測點性質、經度、緯度
臺北市執行警勤區訪查工作成果統計,治安,本市警察局轄區內，為達成犯罪預防、為民服務及社會治安調查等任務所執行警勤區訪查工作為統計範圍及對象。,年度別、治安顧慮人口及記事人口查訪次數、集合式住宅訪查件數、一般人口訪查戶數、諮詢對象聯繫拜訪戶數、無設籍治安顧慮人口及記事人口數量、治安重點處所
臺北市柴油車管制推動相關資料,環保,臺北市柴油車排煙檢測站及環境部認證保養廠,臺北市柴油車排煙檢測站名稱、檢測站地址、檢測站電話、環境部認證保養廠名稱、保養廠地址、保養廠電話
臺北市符合博物館法設立之私立博物館一覽,文化,臺北市符合博物館法設立之私立博物館名單,博物館名稱、地址、聯絡電話
臺北市已核發應回收廢棄物回收處理業登記名冊,環保,提供已登記回收業之資訊,項次、行政區、回收業者名稱、登記證證號、電話、地址、回收項目
臺北市各區百歲人瑞人數統計表,民政,臺北市各區百歲人瑞人數統計,年度、行政區、人數_男、人數_女、總人數
臺北市105年度行政救濟案件統計表,財稅,105年度行政救濟案件各階段受理件數統計,"項目、復查(件數)、訴願(件數)、訴願再審(件數)、行政訴訟第一審(件數)、行政訴訟上訴審(件數)、行政訴訟再審之訴(件數)、合計
"
臺北市106年度行政救濟案件統計表,財稅,106年度行政救濟案件各階段受理件數統計,項目、復查（件數）、訴願（件數）、訴願再審（件數）、行政訴訟第一審（件數）、行政訴訟上訴審（件數）、行政訴訟再審之訴（件數）、合計
臺北市107年度行政救濟案件統計表,財稅,107年度行政救濟案件各階段受理件數統計,項目、復查（件數）、訴願（件數）、訴願再審（件數）、行政訴訟第一審（件數）、行政訴訟上訴審（件數）、行政訴訟再審之訴（件數）、合計
臺北市108年度行政救濟案件統計表,財稅,108年度行政救濟案件各階段受理件數統計,項目、復查（件數）、訴願（件數）、訴願再審（件數）、行政訴訟第一審（件數）、行政訴訟上訴審（件數）、行政訴訟再審之訴（件數）、合計
臺北市復查案件辦理情形統計表,財稅,復查案件各稅辦理情形統計,年度、稅目、截至上年度未辦結數（件數）、本年度收件數（件數）、本年度辦結數（件數）、未辦結數（件數）、復查駁回（件數）、撤銷或變更原處分（件數）、撤回（件數）、其他（件數）
臺北市飲用水水質檢驗資料,環保,臺北市自來水供水系統管線水質檢測結果,稽查日期、檢驗點、大腸桿菌群、總菌落數、自由有效餘氯（數值）、氫離子濃度指數（數值）
臺北市公共場所飲水機資訊,環保,"提供民眾本市公共場所設置飲用水設備相關資訊，包含設置場所之地點、設置飲水機數量及管理單位聯絡方式等資訊。 自107年9月5日起「臺北市直飲臺」資料，請改由「opendata -臺北市直飲臺」介接：
https://data.taipei/dataset/detail?id=155999f2-3c5d-486b-af58-d7f4c0b0a4c9","行政區、場所名稱、場所地址、管理單位、連絡電話、場所開放時間、飲水台數、設置地點、緯度、經度
"
臺北市再生家具拍賣展示場,環保,臺北市再生家具拍賣展示場相關資料,序號、展示場名稱、展示場地址、參觀時間、競標時間、連絡電話、備註
臺北市飲用水檢驗測定機構,環保,取得中央主管機關核發許可證之環境檢驗測定機構,"許可字號、檢驗機構、許可期限、檢驗室名稱、檢驗室地址、電話、傳真		
"
臺北市水污染防治基金管理委員會委員名單,環保,臺北市水污染防治基金委員會委員名單,委員類別、姓名、性別、服務單位、職稱
臺北市水污染處理工作及案件裁處情形,環保,臺北市水污染處理工作及案件裁處情形。,年度、事業廢水列管家數、事業廢水稽查次數、事業廢水罰鍰次數、事業廢水罰鍰金額
臺北市立圖書館贈書處理業務,教育,提供臺北市立圖書館贈書處理業務,序號、資料類型、數量、轉贈單位、郵遞區號、地址
臺北市各學校可上網載具設備配備情形,資訊,5年內以及以上各學校可上網載具設備配備學校名稱、電腦設備數量,序號、學校類型、學校名稱、5年內桌機筆電平板設備數量【統計數值】、5年以上桌機筆電平板設備數量【統計數值】、學校小計【統計數值】
臺北市政府教育局公告資訊,教育,臺北市政府教育局公告最新消息、新聞稿與活動花絮,編號、名稱、連結、說明、調整日、機關代碼、統一編號
臺北市歷年住宅補貼受理情形統計表,社福,臺北市歷年住宅補貼受理申請戶數、計畫戶數及核定戶數情形統計表,項目、租金補貼申請戶數、租金補貼計畫戶數、租金補貼核定戶數、自購住宅貸款利息補貼申請戶數、自購住宅貸款利息補貼計畫戶數、自購住宅貸款利息補貼核定戶數、修繕住宅貸款利息補貼申請戶數、修繕住宅貸款利息補貼計畫戶數、修繕住宅貸款利息補貼核定戶數、備註
臺北市道路寬度,統計,臺北市道路寬度SHP圖檔資料(依本市都市計畫並參酌地籍位置標註路寬資訊),road_width、angle
臺北市都市設計及土地使用開發許可審議委員會幹事及委員名單,工務,"【臺北市都市設計及土地使用開發許可審議委員會】，當年度之府內委員府外委員及府內幹事名單。
每屆委員任期為當年7月1日至次年6月30日，包含各委員成員之委員會職務(在委員會內部的職稱)、姓名(本國中文姓名)、服務單位(現在任職機構或單位)、現職(現在任職機構或單位內的職務名稱)、性別(委員生理性別)",項次、委員會職務、姓名、服務單位、現職、性別、性別代碼
臺北市TWD67、TWD97之1/1000、1/5000及1/25000圖示規格表、讀圖手冊及地形資料分類編碼說明,資訊,臺北市TWD67、TWD97之1/1000、1/5000及1/25000圖示規格表、讀圖手冊及地形資料分類編碼說明，各版本及比例尺地形圖適用之圖示規格表、讀圖手冊及地形資料分類編碼說明可至地形圖數值圖檔供應系統查詢(https://map.udd.gov.taipei/67_97info.aspx),項次、縣市、縣市代碼、名稱、項目網址
臺北市住宅及都市更新中心年度預算書,都更,有關臺北市住宅及都市更新中心年度預算書資料。,行政區域代碼、行政區、統計年度、統計年度收入預算數、統計年度支出預算數、賸餘預算數、網址超連結
臺北市政府都市發展局通訊錄,資訊,臺北市政府都市發展局各單位總機及分機號碼,項次、行政區、行政區代碼、單位名稱、市話、分機
臺北市建築線指示核發數量,工務,提供臺北市近五年建築線指示核發數量,項次、統計年度、行政區、行政區代碼、核發件數
臺北市都市計畫樁位公告案數量,工務,提供臺北市近五年都市計畫樁位公告案數量,項次、統計年度、行政區、行政區代碼、公告案數
臺北市都市計畫樁位測釘數,工務,提供臺北市都市計畫樁位目前測釘數,項次、統計日期、行政區、行政區代碼、樁位數量
臺北市土地使用分區圖資,資訊,本市土地使用分區圖資,項次、行政區代碼、土地使用分區行政區、連結、備註
臺北市都市設計及土地使用開發許可審議委員會審議案通過情形,工務,臺北市都市設計及土地使用開發許可審議委員會105至113年度間，每一場召開之委員會議程序、類別、提請審查之審議案總數及其通過、未通過、未審查(會議前自行撤案或超過會議時間等)件數。,統計年度、總案次數（件）、通過案次數（件）、未通過案次數（件）、通過案次比率（％）、未通過案次比率（％）
臺北市各行政區都市設計審議案件核定數,工務,臺北市各行政區自民國105年至民國113年間申請之都審案，經過「臺北市都市設計及土地使用開發許可審議委員會」審議通過，並按期限申請核定並本府確定送發核定函公文之都審案件數。統計年度以本府公新文系統內各都審案申請之【收文日期】為準，意味110年12月31日掛件申請核定至111年1月14日完成核定程序並發送核定函之都核定定案，應計入110年度之核定函資料統計。,行政區、105年件數、106年件數、107年件數、108年件數、109年件數、110年件數、111年件數、112年件數、113年件數
臺北市通盤檢討辦理情形彙整,地政,臺北市各行政區通盤檢討進度,項次、行政區、行政區代碼、網址、市話、分機、備註
臺北市提供夜間急診或24小時營業動物醫院一覽表,農業,提供夜間急診或24小時營業動物醫院一覽表,縣市、動物醫院名稱、地址、電話、負責人
臺北市原住民身心障礙者人數,社福,提供臺北市原住民身心障礙者人數,年度、總人數、視覺障礙者人數、聽覺機能障礙者人數、平衡機能障礙者人數、聲音機能或語言機能障礙者人數、肢體障礙者人數、智能障礙者人數、重要器官失去功能者人數、顏面損傷者人數、植物人人數、失智症者人數、自閉症者人數、慢性精神病患者人數、多重障礙者人數、頑性瘨癇症者人數、因罕見疾病而致身心功能障礙者人數、其他人數、新制類別無法對應舊制類別者人數
臺北市國民中小學中途輟學學生概況,教育,111-112學年度臺北市國民中小學中途輟學學生概況,民國年、教育層別、總計、性別男[人數]、性別女[人數]、背景雙親[人數]、背景單親[人數]、背景失親[人數]、輟學原因個人因素[人數]、輟學原因家庭因素[人數]、輟學原因學校因素[人數]、輟學原因社會因素[人數]、輟學原因其他因素[人數]
臺北市水利處雨水下水道水位監測站,水利,雨水下水道水位監測站位置採用座標系統WGS84,設施編號、站名、行政區、經度、緯度
臺北市稅式支出報告,財稅,稅式支出報告,年度、項目、url、說明、資料來源
臺北市高級中等以下學校締結姊妹校資料一覽表,教育,臺北市高級中等以下學校締結姊妹校城市、交流方式,項次、單位名稱、國家、姊妹校名稱、城市、締結時間【民國年】、交流方式
臺北市稅捐稽徵處人民申請案件處理時限表,財稅,臺北市稅捐稽徵處人民申請案件項目處理時限,機關名稱、項目名稱、處理時限類別、處理時限、更新年度
臺北市政府各機關辦理統計調查概況,統計,臺北市政府各機關辦理統計調查概況時間數列統計資料,年別、主辦單位、調查名稱、調查週期、核定文號、核定日期、辦理期間、樣本回收率
臺北市噪音管制區,環保,臺北市噪音管制區圖,"序號、計畫名稱、資料名稱、資料連結、主辦機關、機關聯絡人、資料涵蓋地區、上架時間（年月）、關鍵詞、公告內容摘要
"
臺北市車輛偵測器(VD)靜態資料,交通,配合交通部即時路況資料標準v2.0提供車輛偵測器(VD)靜態資料,縣市、檔案名稱、介接網址、主要欄位說明、更新頻率
臺北市資訊可變標誌(CMS)顯示內容,交通,資訊可變標誌看板顯示資訊(原始檔案為XML格式),資料名稱、介接網址、欄位說明、檔案格式、更新頻率
臺北市稅捐統計年報,財稅,本刊資料內容包括稅收概況、稅收統計、稅源及其他、行政組織等4大項。,年度、名稱、編制年月、檔案格式、網址
臺北市用電大戶資料,環保,臺北市用電大戶相關資料。,序號、用戶名稱、縣市、縣市代碼、備註
臺北市太陽光電發電量資訊,環保,臺北市太陽光電發電量相關資訊。,行政區、月份、減碳量(公斤)、發電量(度)
臺北市老人安養暨長期照顧機構評鑑,社福,銀髮族服務_老人安養暨長期照顧機構評鑑資料,序號、機構名稱、郵遞區號、地址、電話、104年評鑑成績、105年評鑑成績、106年評鑑成績、107年評鑑成績、108年評鑑成績
臺北市內湖垃圾焚化廠營運管理及環境品質監測報告,環保,涵蓋內湖垃圾焚化廠（以下簡稱本廠）營運操作之處理物進廠及產出物出廠統計：如垃圾進廠量、焚化量、底渣及飛灰產生量，以及進出本廠之清運車輛、廚餘進廠量等統計數據。,內容摘要、焚化廠營運管理、污染防制及監測、敦親睦鄰與回饋設施及景觀維護、結論與建議及其他事項
臺北市辦理市地重劃成果,統計,臺北市辦理市地重劃成果時間數列統計資料,統計期、市地重劃別、重劃後面積/筆數[筆]、重劃後面積/面積[公頃]、重劃後土地使用情形/公共設施用地面積[公頃]、重劃後土地使用情形/可用建地面積[公頃]、地價變動情形/重劃前[元/平方公尺]、地價變動情形/重劃後[元/平方公尺]、抵費地/筆數[筆]、抵費地/面積[公頃]
臺北市自來水水源、給水地區及配水量,統計,臺北市自來水水源、給水地區及配水量時間數列統計資料,統計期、出水量數值[立方公尺]、長興[第一]淨水場配水量數值[立方公尺]、公館[第二]淨水場配水量數值[立方公尺]、雙溪[第三]淨水場配水量數值[立方公尺]、南港[第四]淨水場配水量數值[立方公尺]、陽明[第五]淨水場配水量數值[立方公尺]、直潭淨水場配水量數值[立方公尺]、十四張淨水場配水量數值[立方公尺]、地下水源配水量數值[立方公尺]、外購配水量數值[立方公尺]
臺北市自來水售水與收費概況,統計,臺北市自來水售水與收費概況時間數列統計資料,統計期、售水量數值/總計[立方公尺]、售水量數值/供水區域用水量/家庭用水[立方公尺]、售水量數值/供水區域用水量/營業用水[立方公尺]、售水量數值/供水區域用水量/機關用水[立方公尺]、售水量數值/供水區域用水量/學校用水[立方公尺]、售水量數值/供水區域用水量/市政用水[立方公尺]、售水量數值/供水區域用水量/其他用水[立方公尺]、售水量數值/支援台灣自來水公司水量[立方公尺]、配水總量售水率[%]、水費收入[元]
臺北翡翠水庫水源利用情形,統計,臺北翡翠水庫水源利用情形時間數列統計資料,統計期、總蓄水量數值[百萬立方公尺]、有效蓄水量數值[百萬立方公尺]、平均水位[公尺]、進水量數值[千立方公尺]、放水量數值[千立方公尺]、利用量數值[千立方公尺]、用水量數值[千立方公尺]、發電水量數值[千立方公尺]
臺北市錄影監視系統破獲案件,統計,"臺北市錄影監視系統破獲案件時間數列統計資料
","統計期、破獲案件數/總計[件]、破獲案件數/全般刑案/竊盜[件]、破獲案件數/全般刑案/暴力犯罪[件]、破獲案件數/全般刑案/詐欺[件]、破獲案件數/全般刑案/毀棄損壞[件]、破獲案件數/全般刑案/公共危險[件]、破獲案件數/全般刑案/其他[件]、破獲案件數/車禍案件[件]、錄影監視系統建置鏡頭數[個]
"
臺北市市立各級學校每生享有教育經費,統計,"臺北市市立各級學校每生享有教育經費時間數列統計資料
",統計期、大學[新臺幣元]、高級中等學校[新臺幣元]、高級中學[新臺幣元]、職業學校[新臺幣元]、國民中學[新臺幣元]、國民小學[新臺幣元]、幼兒園[新臺幣元]
臺北市市立各級學校游泳池概況,統計,"臺北市市立各級學校游泳池概況時間數列統計資料
",統計期、大學/有泳池學校數[所]、大學/游泳池總計座數[座]、大學冷水游泳池座數[座]、大學/溫水游泳池座數[座]、高級中等學校/有泳池學校數[所]、高級中等學校/游泳池總計座數[座]、高級中等學校/冷水游泳池座數[座]、高級中等學校/溫水游泳池座數[座]、高級中等學校/游泳檢測通過率[％]、高級中學/有泳池學校數[所]、高級中學/游泳池總計座數[座]、高級中學/冷水游泳池座數[座]、高級中學/溫水游泳池座數[座]、高級中學/游泳檢測通過率[％]、職業學校/有泳池學校數[所]、職業學校/游泳池總計座數[座]、職業學校/冷水游泳池座數[座]、職業學校/溫水游泳池座數[座]、職業學校/游泳檢測通過率[％]、國民中學/有泳池學校數[所]、國民中學/游泳池總計座數[座]、國民中學/冷水游泳池座數[座]、國民中學/溫水游泳池座數[座]、國民中學/游泳檢測通過率[％]、國民小學/有泳池學校數[所]、國民小學/游泳池總計座數[座]、國民小學/冷水游泳池座數[座]、國民小學/溫水游泳池座數[座]、國民小學/游泳檢測通過率[％]
臺北市總決算以前年度歲入來源別轉入數決算表,財稅,總決算以前年度歲入來源別轉入數決算表,年度別、科目-款、科目-項、科目-目、科目-節、科目-名稱、以前年度轉入數-應收數、以前年度轉入數-保留數、本年度減免註銷數-應收數、本年度減免註銷數-保留數、本年度實現數-應收數、本年度實現數-保留數、本年度調整數-應收數、本年度調整數-保留數、本年度未結清數-應收數、本年度未結清數-保留數、說明
臺北市總決算以前年度歲入來源別轉入數決算總表,財稅,總決算以前年度歲入來源別轉入數決算總表,年度別、科目-名稱、以前年度轉入數-應收數_金額、以前年度轉入數-保留數_金額、本年度減免註銷數-應收數_金額、本年度減免註銷數-保留數_金額、本年度實現數-應收數_金額、本年度實現數-保留數_金額、本年度調整數-應收數_金額、本年度調整數-保留數_金額、本年度未結清數-應收數_金額、本年度未結清數-保留數_金額、說明
臺北市社教活動概況,統計,臺北市社教活動概況時間數列統計資料,統計期、圖書館館數[所]、民眾閱覽室[所]、智慧圖書館[所]、自助借書站[所]、圖書館藏書冊數/總計[冊]、圖書館藏書冊數/中文[冊]、圖書館藏書冊數/外文[冊]、圖書館藏書冊數/視聽[冊]、圖書館期刊冊數/總計[冊]、圖書館期刊冊數/中文[冊]、圖書館期刊冊數/外文[冊]、圖書館電子書收藏數[種]、圖書館圖書資訊借閱人次[人次]、圖書館圖書資訊借閱冊數[冊次]、圖書館進館人次[人次]、電影教育觀賞人次[人次]、電影戲劇家數[家]、電影戲劇廳數[廳]、電影戲劇觀覽人次[人次]、運動中心座數[座]、運動中心使用人次[人次]、體育活動競賽次數[次]、體育活動競賽人次[人次]、游泳池池數[座]、游泳池入場人次[人次]
臺北市新住民人口,統計,臺北市新住民人口時間數列、按年齡別時間數列統計資料,統計期、性別、總計[人]、大陸港澳配偶[人]、外裔外籍配偶按原屬國籍/合計[人]、外裔外籍配偶按原屬國籍/越南[人]、外裔外籍配偶按原屬國籍/印尼[人]、外裔外籍配偶按原屬國籍/馬來西亞[人]、外裔外籍配偶按原屬國籍/菲律賓[人]、外裔外籍配偶按原屬國籍/泰國[人]、外裔外籍配偶按原屬國籍/日本[人]、外裔外籍配偶按原屬國籍/美國[人]、外裔外籍配偶按原屬國籍/韓國[人]、外裔外籍配偶按原屬國籍/其他國家[人]、國籍不詳[人]
臺北市毒化物告發情形,環保,臺北市毒化物告發情形。,序號、行為人名稱、告發日期、違反事實、違反法令、裁處法令、裁處金額
臺北市立各級學校決算數,教育,111-112年度臺北市立各級學校決算數,項次、民國年、高級中等學校決算數（新臺幣元）、國民中學決算數（新臺幣元）、國民小學決算數（新臺幣元）
臺北市政府警察局詐欺案件統計表,治安,臺北市政府警察局109年迄今詐欺案件統計表,年度、單位、發生件數、破獲件數、縣市
臺北市長者福利服務成果按半年別,統計,臺北市長者福利服務成果按半年別時間數列統計資料,統計期、老人居家服務人次[人次]、日間照顧服務人次[人次]、關懷服務人次[人次]、中低收入老人補助裝置假牙人數[人]、長青學苑參加人次[人次]、失能者營養餐飲服務人次[人次]、獨居老人安裝緊急救援裝置人數[人]
臺北市表揚孝行獎名單,民政,臺北市表揚孝行獎名單相關資訊,年度、縣市、類別、姓名、備註
臺北市銀髮族據點課程資訊,社福,提供臺北市銀髮族據點課程資訊,課程名稱、開課起始日期、開課結束日期、地點、電話、人數、授課老師
財團法人台北市文化基金會預算案,財稅,財團法人台北市文化基金會預算案。,民國年、名稱、主管機關、主管機關代碼、提供資料單位、檔案連結
臺北市機車優先道,交通,機車優先道資料,FNODE_、TNODE_、LPOLY_、RPOLY_、LENGTH、MAINNET_、MAINNET_ID、RDCODE、RDSELE、RDGEOM、RDTYPE、RDDWIT、RDCWN1、RDCWN2、RDCCN1、RDCCN2、RDBSEX、RDCLCC、RDCLCA、RDPARK、RDSWCD、RDTCCW、RDTCCC、RDOW、RDNAME、VELOCITY、COST、ONEWAY、FIDATE、OPDATE、OKDATE、DOC_NO、UPDATE、DOCMEMO
臺北市機車專用道,交通,機車專用道資料,FNODE_、TNODE_、LPOLY_、RPOLY_、LENGTH、MAINNET_、MAINNET_ID、RDCODE、RDSELE、RDGEOM、RDTYPE、RDDWIT、RDCWN1、RDCWN2、RDCCN1、RDCCN2、RDBSEX、RDCLCC、RDCLCA、RDPARK、RDSWCD、RDTCCW、RDTCCC、RDOW、RDNAME、VELOCITY、COST、ONEWAY、FIDATE、OPDATE、OKDATE、DOC_NO、UPDATE、DOCMEMO
臺北市調撥車道,交通,調撥車道資料,路段、起迄點、調撥時間、備註
臺北市大客車禁行路段,交通,臺北市政府轄管道路大客車禁行路段,項次、縣市別、縣市別代碼、鄉鎮市區、地址-行政區域代碼、路線路名、路線樁號及起迄地名、管制通行措施、路況概述
臺北市政府捷運工程局常見問答,交通,臺北市政府捷運工程局常見工程相關不同問題，局、處依民眾需求分類詳加說明回答等資料提供，即時更新以達解除民眾疑惑而更加了解捷運工程。,"DataSN、ArticleType、FileName、Link、Source、title、內容、日期時間、相關檔案、相關連結、title、url、相關圖片、相關影音、發布單位
"
臺北市政府捷運工程局資料盤點表,交通,臺北市政府捷運工程局暨工程處資料集使用對象、資料分類、現況、開放程度盤點明細、聯絡電話彙整,項次、資料集名稱、使用對象、資料分類、現況、開放程度、分機
臺北市已立案宗教團體點位資料,民政,臺北市已立案宗教團體點位相關資料,寺廟名稱、行政區、里、教別、祭典日期、負責人、電話、地址、X座標、Y座標
臺北市稅捐稽徵處辦理政策及業務宣導之執行情形表(單位預算),財稅,本處辦理政策及業務宣導之執行情形表,宣導項目或標題及內容、媒體類型、宣導期程、執行單位、執行金額元
臺北市113年度房屋稅開徵概況 按納稅義務人性別分,財稅,臺北市房屋稅開徵概況-按納稅義務人性別分（113年度）,行政區別、男性戶數、女性戶數、男性面積、女性面積、男性現值、女性現值
臺北市房屋折舊率及耐用年數表(自106年7月1日起實施),財稅,臺北市房屋折舊率及耐用年數表-(自106年7月1日起實施),房屋構造種類、構造別、每年折舊率、最高折舊年數、殘值率
臺北市114年度房屋稅查定,財稅,臺北市房屋稅查定（114年度）,項目別、應稅戶數、應稅本稅、應稅面積、應稅現值、免稅戶數、免稅面積、免稅現值
臺北捷運聯合開發公有不動產標售物件資料,交通,捷運開發公有不動產依捷運站別說明每戶標售金額相關資料,序號、區位代號、門牌號碼、土地座落區號、土地座落段號、土地座落地號、房屋土地持分比、車位土地持分比、土地持分比合計、建號、主建物面積㎡、陽台、雨遮、合計、共用面積不含車公㎡、產權面積㎡、產權面積坪、公設百分比%、標售底價新台幣元、應繳押標金新台幣元、車位說明
臺北捷運聯合開發不動產統一經營資訊,交通,捷運聯合開發公有不動產屬統一經營管理之區位及出租狀態等相關資料,捷運路線、捷運車站、捷運區位、建物名稱、樓層區位、門牌號碼、面積坪數、車位數量、是否收費、使用執照
臺北市銀髮族服務_互助家庭,社福,銀髮族服務_互助家庭,機關代碼、機關名稱、機構名稱、地址、電話
臺北市兒童與少年服務_兒少福利相關機構,社福,提供兒童與少年服務-兒少福利相關機構資訊,機關名稱、機構類型、機構名稱、地址、電話
臺北市銀髮族服務_老人住宅(公寓),社福,提供銀髮族服務_老人住宅(公寓)資料,機構名稱、受託單位、地址、電話、連結網址
臺北市各項稅捐劃解分配率,統計,臺北市各項稅捐劃解分配率時間數列統計資料,統計期、分配別、田賦[%]、地價稅[%]、土地增值稅[%]、房屋稅[%]、使用牌照稅[%]、屠宰稅[%]、契稅[%]、印花稅[%]、筵席稅[%]、娛樂稅[%]、所得稅[%]、遺產稅[%]、貨物稅[%]、證券交易稅[%]、營業稅[%]
臺北市委託民間設置TAS浪愛滿屋推廣動物認養計畫,農業,臺北市動物保護處與商家團體合作送養動物之家犬貓,區域、合作機構名稱、地址、電話、行動電話
臺北市污水下水道人孔,工務,臺北市污水下水道人孔資料(csv),縣市別、縣市別代碼、人孔編號、X、Y、人孔頂高程、人孔深度、竣工日期
臺北市114年度牌照稅徵績全期滯納期滿,財稅,臺北市114年度牌照稅徵績-全期滯納期滿,車種別、查定數輛數、查定數稅額、徵起數輛數、徵起數稅額、徵績輛數、徵績稅額
臺北市114年度牌照稅徵績全期徵期結束,財稅,臺北市114年度牌照稅徵績-全期徵期結束,車種別、查定數輛數、查定數稅額、徵起數輛數、徵起數稅額、徵績輛數百分比、徵績稅額百分比
臺北市稅捐稽徵處106年全功能服務櫃臺統計表,財稅,106年全功能服務櫃臺統計表,機關、項目分類、服務項目、件數、跨機關件數
臺北市稅捐稽徵處戶籍異動各分處件數,財稅,戶籍異動各分處件數表,項次、機關、項目、分處別代碼、件數
臺北市稅捐稽徵處便民服務站件數統計,財稅,受理稅務便民工作站件數統計總表,分處別\受理件數、1月、2月、3月、4月、5月、6月、7月、8月、9月、10月、11月、12月、合計
臺北市污水下水道陰井,工務,污水下水道陰井(csv),"縣市別、縣市別代碼、陰井編號、X、Y、地面高程、陰井深度、竣工日期
"
臺北市稅捐稽徵處109年度不動產買賣聯合健診件數彙總表,財稅,國地稅不動產買賣聯合健診,項目、1月、2月、3月、4月、5月、6月、7月、8月、9月、10月、11月、12月
他縣市稅捐機關代發臺北市稅捐稽徵處作業統計,財稅,他縣市稅捐機關全功能櫃檯代發本處作業統計,項次、county、113年、112年、111年
臺北市稅捐稽徵處代發他縣市稅捐機關作業統計,財稅,本處全功能櫃檯代發他縣市稅捐機關作業統計,項次、county、113年、112年、111年
臺北市節稅秘笈電子書,財稅,節稅秘笈文宣電子書資料,機關名稱、年度、說明、頁數、資料說明
臺北市地方稅簡介電子書,財稅,地方稅簡介文宣電子書,機關名稱、項次、資料說明、年度、說明
臺北市稅捐稽徵處104年度全功能服務櫃臺統計表,財稅,"機關名稱、項目分類、服務項目、件數、跨機關件數
","機關名稱、項目分類、服務項目、件數、跨機關件數
"
臺北市稅捐稽徵處103年度全功能服務櫃臺統計表,財稅,"機關名稱、項目分類、服務項目、件數、跨機關件數
","機關名稱、項目分類、服務項目、件數、跨機關件數
"
臺北市稅捐稽徵處102年度全功能服務櫃臺統計表,財稅,"機關名稱、項目分類、服務項目、件數、跨機關件數
","機關名稱、項目分類、服務項目、件數、跨機關件數
"
臺北市稅捐稽徵處101年度全功能服務櫃臺統計表,財稅,"機關名稱、項目分類、服務項目、件數、跨機關件數
","機關名稱、項目分類、服務項目、件數、跨機關件數
"
臺北市稅捐稽徵處105年度全功能服務櫃臺統計表,財稅,機關名稱、項目分類、服務項目、件數、跨機關件數,機關名稱、項目分類、服務項目、件數、跨機關件數
臺北市稅捐稽徵處107年全功能服務櫃臺統計表,財稅,機關名稱、項目分類、服務項目、件數、跨機關件數,機關名稱、項目分類、服務項目、件數、跨機關件數
113年臺北市防止新欠清理舊欠競賽成績,財稅,本市稅捐處防止新欠清理舊欠競賽成績,機關別、本年度查定淨數（金額千元）、本年度徵起數（金額千元）、本年度徵起率比、本年度徵起數得分、舊欠應清理數（金額千元）、舊欠清理數（金額千元）、舊欠清理率比、舊欠清理數得分、舊欠徵起數（金額千元）、舊欠徵起率比、舊欠徵起數得分、總分
臺北市稅捐稽徵處違章案件件數金額統計表,財稅,各稅違章案件裁罰違反法條統計,機關名稱、年度、違反法條、數量、金額
臺北市污水下水道管線,工務,污水下水道管線(csv),縣市別、縣市別代碼、管線編號、上游人孔編號、下游人孔編號、管線長度、上游管底高程、下游管底高程、竣工日期
臺北市污水下水道巷弄連接管,工務,臺北市污水下水道巷弄連接管資料(csv),縣市別、縣市別代碼、連接管編號、上游陰井編號、下游陰井編號、管線材質、管徑、管線長度
臺北市政府教育局公立國民小學課後照顧班開辦情形,教育,臺北市政府教育局112學年度第2學期公立國民小學課後照顧班開辦情形,序號、縣市、行政區、學校名稱、郵遞區號、縣市別代碼、主管機關代碼
臺北市補習學校聯絡資訊一覽表,教育,臺北市補習學校聯絡資訊國小共計16校，國中共計12校，共計28校。,"編號、辦理單位、課程內容、招生對象、開課時段、開課地點、聯絡電話、分機
"
臺北市空品淨化區資訊,環保,臺北市空氣品質淨化區位置等相關資訊,項次、基地名稱、郵遞區號、地址、管理單位
臺北市稅捐稽徵處跨區繼承查欠統計表,財稅,跨區繼承案件代辦地方稅查欠件數統計表,項目、1月、2月、3月、4月、5月、6月、7月、8月、9月、10月、11月、12月
臺北市稅捐稽徵處跨機關合作統計表,財稅,跨機關合作統計表,年度、合作機關、服務項目、單位、值
臺北市機車使用牌照稅稅額表,財稅,依使用牌照稅法第6條規定課徵,編號、縣市別代碼、機關代號、汽缸總排氣量_立方公分、機車稅額_新臺幣元
臺北市完全以電能為動力之電動機車使用牌照稅稅額表,財稅,依使用牌照稅法第6條規定課徵,縣市別代碼、機關代號、馬達最大馬力英制馬力_HP、馬達最大馬力公制馬力_PS、電動機車稅額_新臺幣元
臺北市完全以電能為動力之電動小客車使用牌照稅稅額表,財稅,依使用牌照稅法第6條規定課徵,縣市別代碼、機關代號、馬達最大馬力英制馬力_HP、馬達最大馬力公制馬力_PS、電動自用小客車稅額_新臺幣元、電動營業小客車稅額_新臺幣元
臺北市稅捐稽徵處1110年推展志願服務志工服務成果統計表,財稅,10年推展志願服務志工服務成果統計表,"項次、單位、志工人數、接受服務人次、提供服務時數
"
臺北市完全以電能為動力之電動大客車及貨車使用牌照稅稅額表,財稅,依使用牌照稅法第6條規定課徵,縣市別代碼、機關代號、馬達最大馬力英制馬力_HP、馬達最大馬力公制馬力_PS、電動大客車_每車乘人座位在十人以上者_稅額_新臺幣元、電動貨車稅額_新臺幣元
臺北市稅捐稽徵處108年全功能服務櫃台辦理件數,財稅,108年全功能服務櫃台辦理件數,機關、項目分類、服務項目、件數、跨機關件數
臺北市大客車及貨車使用牌照稅稅額表,財稅,大客車及貨車汽缸排氣量對應稅額表,縣市別代碼、機關代號、汽缸總排氣量_立方公分、大客車_每車乘人座位在10人以上者_稅額_新臺幣元、貨車稅額_新臺幣元
臺北市稅捐稽徵處110年全功能服務櫃台辦理件數,財稅,110年全功能服務櫃台辦理件數,機關、項目分類、服務項目、件數、跨機關件數
臺北市污水其他設施,統計,污水其他設施(CSV),縣市別、縣市別代碼、人孔編號、液位計型式、緯度、經度
臺北市水資源回收中心相關資訊,工務,水資源回收中心相關資訊(CSV),序號、廠別、源別、位置資訊、供水量、水質、用途、供水時間、管理單位、市話、其他、經度、緯度
臺北市污水管線工程及用戶接管工程施工位置,工務,污水管線工程及用戶接管工程施工位置(csv),項次、工程名稱、執行機關、開工日期、預定完成日期、決標金額-千元、工程位置-緯度、工程位置-經度
臺北市政府體育局所轄河濱及市區公園運動場地位置表,觀光,臺北市政府體育局所轄河濱及市區公園運動場地位置表，內容包含行政區、場地、類別、緯度、經度,行政區、場地、類別、緯度、經度
臺北市空氣品質即時污染指標,環保,提供臺北市環境保護局空氣品質監測站之即時監測值,時間、發布時間、站名代號、站名、指標物、指標值、指標等級
臺北市延慧書庫,環保,提供民眾捐贈書籍的類別及數量資訊,序號、展示場名稱、展示場地址、參觀時間、連絡電話、備註
臺北市水質監測站基本資料,環保,臺北市現有水質監測站名稱與位置,序號、測站名稱、位址、經度、緯度
臺北市社區資源回收站資訊,環保,歷年接受補助輔導社區資訊。,編號、回收站名稱、行政區、行政區代碼、地址
臺北市個案研討,社福,本市社會安全網進行個案研討數量統計,"機關名稱、機關代碼、年度、月份、案數
"
臺北市局處篩選,社福,本市社會安全網篩選個案符合跨局處(2個以上)服務之個案統計數量,機關名稱、機關代碼、年度、月份、跨局處服務之個案統計數量
臺北市精神衛生行政工作,統計,臺北市精神衛生行政工作時間數列統計資料,統計期、精神管理個案人數/ 總計、精神管理個案人數/ 松山區、精神管理個案人數/ 信義區、精神管理個案人數/ 大安區、精神管理個案人數/ 中山區、精神管理個案人數/ 中正區、精神管理個案人數/ 大同區、精神管理個案人數/ 萬華區、精神管理個案人數/ 文山區、精神管理個案人數/ 南港區、精神管理個案人數/ 內湖區、精神管理個案人數/ 士林區、精神管理個案人數/ 北投區
臺北市人口年齡中位數,統計,臺北市人口年齡中位數時間數列統計資料,統計期、年齡中位數[歲]/ 全體、年齡中位數[歲]/ 男、年齡中位數[歲]/ 女、年齡中位數增減數[歲]/ 全體、年齡中位數增減數[歲]/ 男、年齡中位數增減數[歲]/ 女
臺北市就業保險育嬰留職停薪津貼初次核付人數,統計,臺北市就業保險育嬰留職停薪津貼初次核付人數時間數列統計資料,統計期、就業保險育嬰留職停薪津貼初次核付人數[人]/ 總計、就業保險育嬰留職停薪津貼初次核付人數[人]/ 男、就業保險育嬰留職停薪津貼初次核付人數[人]/ 女、就業保險育嬰留職停薪津貼初次核付人數增減率[%]/ 總計、就業保險育嬰留職停薪津貼初次核付人數增減率[%]/ 男、就業保險育嬰留職停薪津貼初次核付人數增減率[%]/ 女
財團法人台北市文化基金會決算書,財稅,財團法人台北市文化基金會決算書。,民國年、名稱、主管機關、主管機關代碼、提供資料單位、檔案連結
臺北市水利處監視器,工務,"臺北市水利處設立之監視器位置, 提供WGS84座標",NO、站碼、站名、經度、緯度
臺北市水利處基地台(中繼站),水利,水利處基地台中繼站位置提供TWD97及WGS84座標,identifica(識別碼)、name(中繼站)、Longitude、Latitude、district(行政區)、X坐標(X_97座標)、Y坐標(Y_97座標)
臺北市兒童新樂園園區資訊,交通,兒童新樂園園區營運時間及門票資訊、13項遊樂設施介紹、其他遊樂設施介紹、設施設備位置、園區美食商品、兒童劇場、樹蛙表演場、停車場資訊、大眾運輸轉乘資訊及開車路線資訊,項次、項目、詳細說明、更新日期、生效日期
臺北市文化局文化藝術財團法人一覽表,文化,臺北市文化局文化藝術財團法人之名稱、地址等資料,編號、基金會名稱、縣市別代碼、縣市、登記會址
臺北市政府產業發展局主管6間政府捐助財團法人預算書及決算書,統計,提供臺北市政府產業發展局主管6間政府捐助財團法人預算書及決算書資訊。,年度、財團法人、預算書網址、決算書網址、備註
臺北市號誌位置,交通,提供臺北市政府轄管號誌之位置經緯度座標(WGS)資訊,流水號、地點(路口名稱)、行政區、WGSX(WGS經度座標)、WGSY(WGS緯度座標)
臺北市交通管制工程處無障礙設施設置資料,交通,臺北市交通管制工程處有聲號誌設置地點,項次、路口、行政區、號誌編號、WGS84經度座標、WGS84緯度座標
臺北市機車例外管制路口列表,交通,提供三(含)車道以上例外開放機車直接左轉路口、臺北市二車道路段例外實施兩段式左轉管制清冊、臺北市開放機車行駛第3車道路段列表,編號、分區、路口、方向、開放時間
臺北市平面道路禁行機車,交通,臺北市平面道路禁行機車列表,縣市別代碼、地址-行政區域代碼、行政區、路名、方向、起點、迄點、速限、管制原因、建議替代動線
臺北市資訊可變標誌(CMS)靜態資料,交通,配合交通部即時路況資料標準v2.0提供資訊可變標誌(CMS)靜態資料,資料名稱、介接網址、欄位說明、檔案格式、更新頻率
臺北市車輛偵測器(VD)資料,交通,"車輛偵測器(VD)蒐集之道路資訊(原始檔案為XML格式)
資料欄位說明、更新頻率以實際檔案內為主。","縣市、檔案名稱、介接網址、主要欄位說明、更新頻率
"
臺北市市區自行車道,交通,自行車道資料,路段序號、自行車道路線編號、路段名稱、路段起點描述、路段迄點描述、縣市別、鄉鎮別、管養單位、所屬道路寬度（M）、自行車道車行方向、自行車道類型、自行車道鋪面類別、自行車道長度（M）、自行車道寬度（M）、自行車道道路結構、補助經費（百萬元）、補助機關、完工日期、路徑（X）、路徑（Y）、備註，資料及欄位代號來自自行車道資料建置平台bikeway.nlma.gov.tw/Bikeway/
臺北市公車專用道,交通,公車專用道資料,路線、路段、起點、終點、長度、佈設方式、行駛方向、實施日期
臺北市標誌資料(10條快速道路及34條主次要幹道),交通,臺北市10條快速道路及34條主次要幹道標誌資料,標誌型式、標誌內容、附牌、方向、座標
臺北市市區道路速限表,交通,臺北市市區道路行車速限別於法定速限（50公里）之道路及路段 (本表僅供參考，依據現場標誌為準。),縣市別代碼、類別、路段、速限、備註
臺北市有效農機使用證之農機數量,農業,臺北市有效農機使用證之農機數量(113年底)。,項目、松山區[數量]、信義區[數量]、大安區[數量]、中山區[數量]、中正區[數量]、大同區[數量]、萬華區[數量]、文山區[數量]、南港區[數量]、內湖區[數量]、士林區[數量]、北投區[數量]
臺北市環境保護局歲出預決算數,環保,臺北市環境保護局歲出預決算數-108年度起,年、科目、預算金額（元）、決算金額（元）、決算數占預算數（％）
臺北市環境保護基金預決算,環保,臺北市環境保護基金預決算數,年度、基金名稱、收入預算數、收入決算數、收入執行率（%）、支出預算數、支出決算數、支出執行率（%）
臺北市各農會信用部總機構數及存放款餘額,農業,臺北市各農會信用部總機構數及存放款餘額(113年底)。,農會別、機構數[家]、存款餘額[千元]-總計、存款餘額[千元]-活期、存款餘額[千元]-定期、存款餘額[千元]-儲蓄存款、放款餘額[千元]-總計、放款餘額[千元]-無擔保、放款餘額[千元]-擔保
臺北市有機農場,農業,臺北市取得有機驗證之有機農場名單。,編號、農場名稱、農友姓名、通訊地址、認證字號、面積（公頃）、食農教育體驗、飼養蜜蜂、飼養雞隻、備註
臺北市農業類農情調查資料,農業,農業類農情調查資料。,名稱、行政區、種植面積-公頃、收穫面積-公頃、每公頃平均產量-公斤、產量-公斤
臺北市竹子湖海芋及繡球花觀光農園資料,農業,竹子湖海芋及繡球花觀光農園資料。,序號、農園主、農園名稱、聯絡電話[市話]、聯絡電話[行動電話]、位置及經營項目
臺北市政府警察局警力員額統計,治安,警察局警力員額統計,"年別、編制員額數量、預算員額數量、現有員額數量、備註
"
臺北市政府警察局文具物品管理表,統計,北市警局文具物品使用數量,編號、物品編號、名稱/規格、單位、盤點前帳面數、盤點數、備註
臺北市稅捐稽徵處及分處聯絡資訊,財稅,臺北市稅捐稽徵處及各分處電話、傳真、地址、電子信箱等聯絡資訊,單位、電話號碼、傳真號碼、地址、電子信箱
臺北市撤銷裁罰非法經營旅館業及網路刊登非法旅館營業訊息名單,觀光,臺北市政府撤銷裁罰「非法經營旅館業」及「網路刊登非法旅館營業訊息」之名單。,名稱、名單型式、依據法規、更新日期、網址、縣市、縣市代碼
臺北市平面媒體廣告及新聞處理情形,統計,臺北市平面媒體廣告及新聞處理情形時間數列統計資料,統計期、違反兒童及少年性剝削防制條例新聞及廣告/案件數[則]、違反兒童及少年性剝削防制條例新聞及廣告/處分數[件]、違反兒童及少年性剝削防制條例新聞及廣告/處分金額[萬元]、違反菸酒管理法廣告/案件數[則]、違反菸酒管理法廣告/處分數[件]、違反菸酒管理法廣告/處分金額[萬元]、違反性騷擾防治法新聞/案件數[則]、違反性騷擾防治法新聞/處分數[件]、違反性騷擾防治法新聞/處分金額[萬元]、違反兒童及少年福利與權益保障法新聞/案件數[則]、違反兒童及少年福利與權益保障法新聞/處分數[件]、違反兒童及少年福利與權益保障法新聞/處分金額[萬元]、違反性侵害犯罪防治法新聞/案件數[則]、違反性侵害犯罪防治法新聞/處分數[件]、違反性侵害犯罪防治法新聞/處分金額[萬元]、違反人口販運防制法新聞/案件數[則]、違反人口販運防制法新聞/處分數[件]、違反人口販運防制法新聞/處分金額[萬元]
新北市站位資訊,交通,"資料集說明文件詳如https://www.pto.gov.taipei/News.aspx?n=A1DF07A86105B6BB&sms=2479B630A6BD8079
",資料名稱、縣市、縣市代碼、介接網址、欄位說明、檔案格式、說明文件網址、更新頻率
新北市定點車機資訊,交通,資料集說明文件詳如https://www.pto.gov.taipei/News.aspx?n=A1DF07A86105B6BB&sms=2479B630A6BD8079,資料名稱、縣市、縣市代碼、介接網址、欄位說明、檔案格式、說明文件網址、更新頻率
新北市車輛基本資訊,交通,"資料集說明文件詳如https://www.pto.gov.taipei/News.aspx?n=A1DF07A86105B6BB&sms=2479B630A6BD8079
",資料名稱、縣市、縣市代碼、介接網址、欄位說明、檔案格式、說明文件網址、更新頻率
新北市定時車機資訊,交通,資料集說明文件詳如https://www.pto.gov.taipei/News.aspx?n=A1DF07A86105B6BB&sms=2479B630A6BD8079,資料名稱、縣市、縣市代碼、介接網址、欄位說明、檔案格式、說明文件網址、更新頻率
新北市車機異常資訊,交通,資料集說明文件詳如https://www.pto.gov.taipei/News.aspx?n=A1DF07A86105B6BB&sms=2479B630A6BD8079,資料名稱、縣市、縣市代碼、介接網址、欄位說明、檔案格式、說明文件網址、更新頻率
新北市附屬路線與路線對應資訊,交通,"資料集說明文件詳如https://www.pto.gov.taipei/News.aspx?n=A1DF07A86105B6BB&sms=2479B630A6BD8079
",資料名稱、縣市、縣市代碼、介接網址、欄位說明、檔案格式、說明文件網址、更新頻率
新北市機動班次時刻表,交通,"資料集說明文件詳如https://www.pto.gov.taipei/News.aspx?n=A1DF07A86105B6BB&sms=2479B630A6BD8079
",資料名稱、縣市、縣市代碼、介接網址、欄位說明、檔案格式、說明文件網址、更新頻率
新北市路線及營業站對應,交通,資料集說明文詳如https://pto.gov.taipei/News_Content.aspx?n=A1DF07A86105B6BB&sms=2479B630A6BD8079&s=C668AE404DCD2EFE,資料名稱(資料集名稱)、縣市(縣市)、縣市代碼(縣市代碼)、介接網址(網址)、欄位說明(欄位說明)、檔案格式(格式)、說明文件網址(網址)、更新頻率(更新頻率)
新北市預估到站時間,交通,"資料集說明文件詳如https://www.pto.gov.taipei/News.aspx?n=A1DF07A86105B6BB&sms=2479B630A6BD8079
",資料名稱、縣市、縣市代碼、介接網址、欄位說明、檔案格式、說明文件網址、更新頻率
新北市智慧型站牌,交通,資料集說明文件詳如https://www.pto.gov.taipei/News.aspx?n=A1DF07A86105B6BB&sms=2479B630A6BD8079,資料名稱、縣市、縣市代碼、介接網址、欄位說明、檔案格式、說明文件網址、更新頻率
新北市智慧型站牌所屬路線,交通,"資料集說明文詳如https://www.pto.gov.taipei/News.aspx?n=A1DF07A86105B6BB&sms=2479B630A6BD8079
",資料名稱、縣市、縣市代碼、介接網址、欄位說明、檔案格式、說明文件網址、更新頻率
新北市業者營運基本資料,交通,資料集說明文詳如https://www.pto.gov.taipei/News.aspx?n=A1DF07A86105B6BB&sms=2479B630A6BD8079,資料名稱、縣市、縣市代碼、介接網址、欄位說明、檔案格式、說明文件網址、更新頻率
新北市預定班表資訊,交通,"資料集說明文詳如https://www.pto.gov.taipei/News.aspx?n=A1DF07A86105B6BB&sms=2479B630A6BD8079
",資料名稱、縣市、縣市代碼、介接網址、欄位說明、檔案格式、說明文件網址、更新頻率
新北市站牌,交通,新北市站牌資料集，說明文件詳如https://pto.gov.taipei/News_Content.aspx?n=A1DF07A86105B6BB&sms=2479B630A6BD8079&s=C668AE404DCD2EFE,資料名稱、縣市、縣市代碼、介接網址、欄位說明、檔案格式、說明文件網址、更新頻率
新北市路線,交通,文件請參閱以下連結https://pto.gov.taipei/News_Content.aspx?n=A1DF07A86105B6BB&sms=2479B630A6BD8079&s=C668AE404DCD2EFE,資料名稱、縣市、縣市代碼、介接網址、欄位說明、檔案格式、說明文件網址、更新頻率
新北市公車路線軌跡,交通,新北市公車路線軌跡資料，說明文件詳如https://www.pto.gov.taipei/News_Content.aspx?n=A1DF07A86105B6BB&sms=2479B630A6BD8079&s=C668AE404DCD2EFE,資料名稱、縣市、縣市代碼、介接網址、欄位說明、檔案格式、說明文件網址、更新頻率
新北市公車路線票價,交通,新北市公車路線票價資料，說明文件詳如https://www.pto.gov.taipei/News_Content.aspx?n=A1DF07A86105B6BB&sms=2479B630A6BD8079&s=C668AE404DCD2EFE,資料名稱、縣市、縣市代碼、介接網址、欄位說明、檔案格式、說明文件網址、更新頻率
臺北市提供兒童座椅、通用及多元化計程車清單,交通,臺北市提供兒童座椅、通用及多元化計程車,序號、縣市、縣市代碼、分類、業者
公車票證交易量,交通,臺北市公車票證交易量,縣市(縣市)、縣市代碼(縣市代碼)、資料集名稱(資料集資料概述)、資料網址(網址)、備註(備註)
臺北市計程車客運業數量,交通,年度、車行計程車客運業-家數、車行計程車客運業-車輛數、計程車運輸合作社-家數、計程車運輸合作社-車輛數、個人計程車業-家數、個人計程車業-車輛數,年度、縣市、縣市代碼、車行計程車客運業-家數、車行計程車客運業-車輛數、計程車運輸合作社-家數、計程車運輸合作社-車輛數、個人計程車業-家數、個人計程車業-車輛數
臺北市計程車共乘相關資訊,交通,起點、迄點、搭乘人數、每人分攤金額、備註,縣市、縣市代碼、起點、迄點、搭乘人數、每人分攤金額、備註
聯營公車行車效率,交通,年度、行駛路線數、平均每日營運車輛數、行駛次數（千段次）、每車每日平均（段次）、行駛里程（千公里）、每車每日平均（公里）、客運人數（千人次）、平均每日（人次）、每段次乘客（人次）、客運收入（千元）、每公里營收（元）、耗油情形（千公升）、捷運轉乘聯營公車優惠運量（千人次）,年度、行駛路線數、平均每日營運車輛數、行駛次數（千段次）、每車每日平均（段次）、行駛里程（千公里）、每車每日平均（公里）、客運人數（千人次）、平均每日（人次）、每段次乘客（人次）、客運收入（千元）、每公里營收（元）、耗油情形（千公升）、捷運轉乘聯營公車優惠運量（千人次）
臺北市社會工作專職人員數,社福,提供臺北市社會工作專職人員數,年度、總人數、社工員、非社工員、一般民眾、原住民
臺北市原住民身心障礙者之年齡分配,社福,提供臺北市原住民身心障礙者之年齡分配資訊,年齡、總人數、神經系統構造及精神心智功能、眼耳及相關構造與感官功能及疼痛、涉及聲音與言語構造及其功能、循環或造血或免疫與呼吸系統構造及其功能、消化新陳代謝與內分泌系統相關構造及其功能、泌尿與生殖系統相關構造及其功能、神經或肌肉或骨骼之移動相關構造及其功能、皮膚與相關構造及其功能、跨兩類別以上者人數、舊制轉換新制暫無法歸類者人數
臺北市原住民身心障礙者致殘成因,社福,提供臺北市原住民身心障礙者致殘成因資訊,年度、總人數、先天、疾病、意外、交通事故、職業傷害、戰爭、其他
臺北市政府從事社會福利工作人員數,社福,提供臺北市政府從事社會福利工作人員數,年度、行政人員數量、社會工作人員數量、社會工作師數量、非社工專業人員數量、其他人員數量
臺北市推行社區發展工作概況,社福,提供臺北市推行社區發展工作概況資訊,年度、社區發展協會總數、社區戶數、社區人口數、理監事人數、參加社區發展協會會員數、實際使用總經費
臺北市身心障礙者致殘成因,社福,提供臺北市身心障礙者致殘成因資訊,年度、總人數、先天、疾病、意外、交通事故、職業傷害、戰爭、其他
臺北市合作事業現有工作人員,社福,提供臺北市合作事業現有工作人員數,年度、工作人員總計、縣市政府合作事業行政管理人員數、專營合作社社數、專營合作社工作人員數總計、專營合作社工作人員理事人數、專營合作社工作人員監事人數、專營合作社工作人員僱用人員數、專營合作社工作人員兼任人數、兼營合作社場數、兼營合作社工作人員數總計、兼營合作社工作人員理事人數、兼營合作社工作人員監事人數、兼營合作社工作人員僱用人員數、儲蓄互助社場數、儲蓄互助社工作人員總數、儲蓄互助社工作人員理事人數、儲蓄互助社工作人員監事人數、儲蓄互助社工作人員僱用人員數
臺北市老人福利機構評鑑,社福,老人福利機構評鑑資料呈現於【社會局局網 > 銀髮族服務 > 老人機構專區】,機構名稱、郵遞區號、地址、電話、104年評鑑成績、105年評鑑成績、106年評鑑成績、107年評鑑成績、108年評鑑成績、112年評鑑成績
臺北市新移民(外籍配偶),社福,新移民(外籍配偶)資料呈現於【社會局局網> 統計資料 > 預告統計資料發布時間表】,年度、電話訪問人次、家庭訪視人次、個案管理服務人次、新移民個人支持性服務參加人次、新移民家庭支持性服務參加人次、新移民社會支持服務參加人次、新移民資訊支持服務參加人次、新移民經濟支持服務參加人次
社會福利統計_臺北市災害救助,社福,"社會福利統計_災害救助資料呈現於【社會局局網> 統計資料 > 預告統計資料發布時間表】
",年/季、臨時收容災民人數、受災死亡人數、受災失蹤人數、受災重傷人數、受災其他人數、住宅毀損安遷救助戶數、住宅毀損安遷救助人數、救助金額
臺北市國民年金保險費補助統計資料,社福,"國民年金保險費補助統計資料呈現於 【社會局局網> 社會救助 > 統計資料】
",補助別、已繳費人數、未繳費人數、合計人數、已繳費金額、未繳費金額、合計金額
社會福利統計_臺北市身心障礙證明(手冊)管理,社福,"社會福利統計_身心障礙證明(手冊)管理資料呈現於【社會局局網> 統計資料 > 預告統計資料發布時間表】
",年/季、註銷身心障礙者原因/死亡人數、註銷身心障礙者原因/治療人數、註銷身心障礙者原因/復健人數、註銷身心障礙者原因/自動放棄人數、註銷身心障礙者原因/重新鑑定未符合身心障礙等級人數、註銷身心障礙者原因/未依規定辦理重新鑑定人數、註銷身心障礙者原因/未依規定辦理換發證明人數、註銷身心障礙者原因/戶籍遷出人數、註銷身心障礙者原因/辦理新制重新鑑定人數、註銷身心障礙者原因/其他人數
社會福利統計_臺北市受理公益勸募活動申請,社福,社會福利統計_受理公益勸募活動申請資料呈現於【社會局局網> 公益勸募 > 歷年度許可案件】,辦理單位、活動名稱、活動期間、實籌金額、財務查核年
臺北市政府推展志願服務基本資料,社福,提供臺北市政府推展志願服務基本資料,機關名稱、志工隊數、志工人數、男生志工人數、女生志工人數
社會福利統計_臺北市弱勢兒童及少年醫療補助,社福,社會福利統計_臺北市弱勢兒童及少年醫療補助資料呈現於【社會局局網> 兒童與少年服務 > 統計資料】,年度、補助項目、男生補助人次、女生補助人次、總補助人次、補助金額
臺北市兒童及少年福利服務,社福,提供臺北市兒童及少年福利服務資訊,年度、兒童及少年諮詢代表人數、兒童及少年培力活動參與人次、無依兒童及少年安置及處理人數/尋獲父母或監護人者、無依兒童及少年安置及處理人數/逾法定期限未尋獲父母或監護人者、無依兒童及少年安置及處理人數/法定期限內尚在協尋父母或監護人者
臺北市財團法人社會福利慈善事業基金會基本資料與經費來源,社福,提供臺北市財團法人社會福利慈善事業基金會基本資料與經費來源,年度、董事會召開次數、基金會董事人數、基金會監事人數、基金會會務工作人員人數、基金財產總額、經費來源總計
臺北市未立案宗教場所資料,民政,臺北市未立案宗教場所開放查詢資料。,編號、名稱、縣市別、行政區、里別、地址
臺北市宗教（祠）財團法人一覽,民政,臺北市財團法人寺廟資料，臺北市財團法人教會資料，臺北市財團法人基金會資料，臺北市財團法人宗祠、宗祠基金會資料,編號、名稱、縣市、行政區、主事務所地址
臺北市旅行時間動態資料,交通,配合交通部即時路況資料標準v2.0提供旅行時間動態資料,縣市、檔案名稱、介接網址、主要欄位說明、更新頻率
臺北市旅行時間偵測站設備資訊,交通,配合交通部即時路況資料標準v2.0提供旅行時間偵測站設備資訊,縣市、檔案名稱、介接網址、主要欄位說明、更新頻率
臺北市旅行時間偵測站配對路段,交通,配合交通部即時路況資料標準v2.0提供旅行時間偵測站配對路段,檔案名稱、縣市別、介接網址、主要欄位說明、更新頻率
臺北市寺廟一覽,民政,臺北市立案寺廟一覽資訊,編號、寺廟名稱、聯絡電話、縣市、行政區、所在地
臺北市績優宗教團體,民政,臺北市績優宗教團體名冊資料,編號、縣市、區別、宗教團體名稱、團體屬性、績優項目
臺北市道路速率,交通,提供道路即時資訊，包含車速、流量及道路績效。介接欄位說明文件詳:https://www-ws.gov.taipei/001/Upload/public/mmo/dot/臺北市交通控制中心資料庫介接說明文件.pdf,縣市、資料名稱、介接網址、欄位說明、檔案格式、更新頻率
臺北市立聯合醫院門診進度查詢,醫療,臺北市立聯合醫院全院門診進度查詢,序號、縣市代碼、行政區、院區、機構地址、機構電話、查詢網址
臺北市政府警察局取締攤販績效,治安,警察局取締攤販績效統計,機關代碼、年度、月份、名稱、件數
臺北市交通管制公告,交通,集會交管資訊,日期、管制範圍、縣市、機關名稱、機關代碼
臺北市政府民政局開放資料盤點表,統計,民政局開放資料盤點,編號、縣市、縣市代碼、提供機關、資料集識別碼_數發部、資料集識別碼_臺北市、資料集名稱
臺北市忠烈祠管理概況,民政,臺北市忠烈祠管理概況有關資訊,忠烈祠名稱、座落地點、年底土地面積（平方公尺）、地面層面積（平方公尺）、總樓地板面積（平方公尺）、軍人男性數、軍人女性數、警消及民防人員男性數、警消及民防人員女性數、公務人員男性數、公務人員女性數、民眾男性數、民眾女性數、共立牌位
臺北市計程車運價,交通,有關臺北市計程車運價資料。,序號(id)、縣市(縣市)、縣市代碼(縣市代碼)、計價分類(分類)、計費方式(計費內容)
臺北市原住民與新住民子女學生占學生總數比率,教育,103至113學年臺北市各學層原住民與新住民子女學生占學生總數比率,項次、民國年、高級中等學校原住民學生占學生總數【比率】、高級中等學校新住民子女學生占學生總數【比率】、國中原住民學生占學生總數【比率】、國中新住民子女學生占學生總數【比率】、國小原住民學生占學生總數【比率】、國小新住民子女學生占學生總數【比率】
臺北市高級中等學校學生異動概況,教育,103至112學年臺北市高級中等學校學生異動概況,項次、民國年、放棄或廢止或註銷學籍【人】、休學【人】、修業年限期滿【人】、未達畢業標準【人】
臺北市特殊教育學校原住民學生數,教育,113學年臺北市特殊教育學校原住民學生數按族別分,項次、族別、總計【人】、幼兒部【人】、國小部【人】、國中部【人】、高中職部【人】
臺北市高級中等學校學生數按年級分,教育,103至113學年臺北市高級中等學校學生數按年級分,項次、民國年、總計【人】、一年級【人】、二年級【人】、三年級【人】、四年級【人】、延修生【人】
臺北市校數,教育,113年臺北市校數,項次、民國年、學制、校數/總計【統計數值】、校數/國立【統計數值】、校數/市立【統計數值】、校數/私立【統計數值】、校數/松山區、校數/信義區、校數/大安區、校數/中山區、校數/中正區、校數/大同區、校數/萬華區、校數/文山區、校數/南港區、校數/內湖區、校數/士林區、校數/北投區
臺北市各級學校校地校舍概況,教育,103至113年臺北市各級學校校地校舍概況,序號、民國年、高級中等學校/校地總面積、高級中等學校/校舍總面積、國民中學/校地總面積、國民中學/校舍總面積、國民小學/校地總面積、國民小學/校舍總面積
臺北市各級學校圖書館概況,教育,103至113學年臺北市各級學校圖書館概況,項次、民國年、高級中等學校/圖書收藏冊數【統計數值】、國民中學/圖書收藏冊數【統計數值】、國民小學/圖書收藏冊數【統計數值】、高級中等學校/圖書借閱人次、國民中學/圖書借閱人次、國民小學/圖書借閱人次
小型復康巴士電話訂車統計數據,交通,臺北市小型復康巴士電話訂車統計數據,序號(序號)、年月(年度月份)、級別(級別)、成功率(百分比)、失敗率(百分比)
臺北市雙層觀光巴士月運量資訊,交通,提供本市雙層觀光巴士106年1月起各月份運量,序號(序號)、年度(年度)、月份(月份)、統計期間(統計期間)、載客人數(載客人數)
電動公車,交通,臺北市電動公車行駛路線,序號(序號)、縣市(縣市)、營運路線(起點訖點)、路線編號(番號)、電動公車輛數(臺)
計程車服務品質評鑑計畫,交通,各年度計程車服務品質評鑑計畫,序號(序號)、年度(評鑑報告年度)、檔案名稱(檔案名稱)、網址(評鑑報告放置網址)、位置(位置)
臺北市警察人員退休、資遣、撫卹人數,治安,警察人員退休、資遣、撫卹人數,機關代碼、年度、退休人數、資遣人數、撫卹人數
臺北市社區大學聯絡資訊,教育,序號、社區大學名稱、聯絡電話、聯絡地址、縣市別代碼,序號、社區大學名稱、聯絡電話、聯絡地址、縣市別代碼
各縣市指定藥癮戒治機構及替代治療機構及非鴉片類藥癮治療補助機構,醫療,有關各縣市指定藥癮戒治機構及替代治療機構及非鴉片類藥癮治療補助機構資料。,序號、縣市別、機構數、各縣市序號、機構名稱、電話、地址、戒治機構模式、戒治服務內容
臺北市毒品防制資源表,醫療,有關臺北市毒品防制資源表資料。,序號、縣市別、機構名稱、電話、地址、戒治機構模式、戒治服務內容
臺北市指定藥癮戒治機構,醫療,有關臺北市指定藥癮戒治機構資料（北北基）。,序號、縣市別、機構名稱、電話、地址、戒治機構模式、戒治服務內容
臺北市樂齡學習據點,教育,臺北市樂齡學習據點分布及聯繫窗口,編號、行政區、郵遞區號、辦理學校、民眾洽詢電話、地址、網址
臺北市辦理老人保護概況,社福,提供臺北市辦理老人保護概況資訊,年/季、老人保護類型總數量、老人保護類型/疏忽、老人保護類型/遺棄、老人保護類型/身心虐待、老人保護類型/財產侵占、老人保護類型/無人扶養、老人保護類型/其他、老人保護通報案件數
臺北市老人福利服務_中低收入老人補助裝置假牙服務,社福,定期提供臺北市老人福利服務_中低收入老人補助裝置假牙服務資訊,年/半年、總人數、男性列冊低收入戶者人數、女性列冊低收入戶者、男性列冊中低收入戶者、女性列冊中低收入戶者、男性領有中低收入老人生活津貼者、女性領有中低收入老人生活津貼者、男性領有身心障礙者生活補助者、女性領有身心障礙者生活補助者、男性經各級政府全額補助收容安置者、女性經各級政府全額補助收容安置者、補助金額
臺北市身心障礙福利機構工作人員數,社福,定期提供臺北市身心障礙福利機構工作人員數資訊,年/半年、核列人力總人數、核列人力/行政人員數、核列人力/社會工作人員數、核列人力/護理人員數、核列人力/教保員數、核列人力/訓練員數、核列人力/生活服務員數、核列人力/外籍看護工人數、核列人力/其他醫事人員數、核列人力/其他人員數、非屬核列人力/外籍看護工人數
臺北市兒少保護調查處理情形,社福,提供臺北市兒少保護調查處理情形資訊,年/季、死亡人數及原因/總計、死亡人數及原因/遭父母受虐致死、死亡人數及原因/在社工處遇期間生病或意外死亡、死亡人數及原因/其他、保護處理安置總人數、保護處理安置/個案仍住家中人數、保護處理安置/調查前已為安置個案人數、保護處理安置/72小時緊急安置人數、保護處理安置/繼續安置人數、保護處理安置/委託安置人數
臺北市總決算附屬單位決算特別收入基金收入支出綜計表(依科目),財稅,總決算附屬單位決算特別收入基金收入支出綜計表(依科目),縣市別、縣市別代碼、年度、科目、決算核定數
臺北市總決算附屬單位決算債務基金收入支出查核表,財稅,總決算附屬單位決算債務基金收入支出查核表,縣市別、縣市別代碼、年度、科目、決算核定數
臺北市性侵害事件裁罰案按裁罰事由,社福,定期提供臺北市性侵害事件裁罰案按裁罰事由資訊,年/季、總件數、加害人裁罰/無正當理由不到場或拒絕接受評估或身心治療或輔導教育者件數、加害人裁罰/無正當理由不按時到場接受身心治療或輔導教育或接受之時數不足者、加害人裁罰/未依規定定期辦理登記或報到者、媒體不當報導裁罰、任何人揭露被害人身分裁罰
臺北市家庭暴力事件裁罰案按裁罰事由,社福,定期提供臺北市家庭暴力事件裁罰案按裁罰事由資訊,年/季、總件數、家庭暴力防治人員在執行職務時知有疑似家庭暴力情事未立即通報當地主管機關者件數、醫療機構對於家庭暴力之被害人無故拒絕診療及開立驗傷診斷書者、無正當理由撥打24小時專線電話致妨害公務執行經勸阻不聽者
臺北市家庭暴力加害人處遇,社福,定期提供臺北市家庭暴力加害人處遇資訊,年/季、應執行處遇人數、完成處遇人數、尚在執行處遇人數、顯已無法完成處遇者人數、已移送家防中心或警察局、已移送地檢署人數
臺北市藥癮替代治療醫院,醫療,有關台北市藥癮替代治療醫院資料。,序號、縣市別、醫院名稱、醫院地址、醫院電話、備註
臺北市稅捐稽徵處歷年(70年起)地價稅累進起點地價及課稅級距表,財稅,臺北市稅捐稽徵處歷年(70年起至114年)地價稅累進起點地價及課稅級距表,年度、年期、繳納期間起日、繳納期間迄日、一般土地地價稅計算公式、自用住宅用地地價稅計算公式、工業用地地價稅計算公式、公共設施保留地地價稅計算公式
臺北市國中小學校規模(按學生數分),教育,112學年度臺北市國中小學校規模(按學生數分),民國年、組別、國民中學校數（所）、國民小學校數（所）、縣市別代碼
臺北市兼任鐘點特教助理員核定情形一覽表,教育,兼任鐘點特教助理員核定情形障礙程度和個案數與經費,序號、學校、每週時數、核定經費、縣市別代碼
臺北市財團法人教育基金會清冊,教育,臺北市財團法人基金會,序號、基金會名稱、所在縣市、縣市別代碼、備註
臺北市家庭教育中心(推廣家庭教育)113年度辦理情形,教育,臺北市家庭教育中心(推廣家庭教育)113年度辦理情形，包含課程名稱、辦理場次、參與人次,序號、課程名稱、辦理場次（場）、參與人次（人次）、縣市別代碼
臺北市各行政區設有校園無障礙電梯之學校數,教育,說明臺北市各行政區設有校園無障礙電梯之學校數,行政區、郵遞區號、設有校園無障礙電梯之學校數、縣市別代碼、備註
兒童新樂園13項大型遊樂設施,教育,提供兒童新樂園13項大型遊樂設施,序號、縣市代碼、設施種類、圖片、設施簡介
110年臺北市金輪獎績優學校導護志工導護教師名單(導護教師),教育,提供110年臺北市金輪獎績優學校導護志工導護教師名單(導護教師),編號、獎項、姓名、學校、縣市別代碼
臺北市教保服務機構違反《幼兒教育及照顧法》及《教保服務人員條例》相關規定處理情形,統計,統計資料,機關代碼、名稱、連結、說明、調整日
110年臺北市金輪獎績優學校導護志工導護教師名單(導護志工),教育,提供110年臺北市金輪獎績優學校導護志工導護教師名單(導護志工),編號、獎項、姓名、學校、縣市別代碼
臺北市高級中等以下學校專任運動教練彙整表,教育,臺北市高級中等以下學校專任運動教練所屬學層、任職學校與運動種類,縣市代碼、學層、任職學校、行政區、運動種類
110年臺北市金輪獎績優學校名單,教育,提供110年臺北市金輪獎績優學校名單,編號、獎項、校名、縣市別代碼、備註
臺北市公私立幼兒園基礎評鑑通過名單,教育,臺北市公私立幼兒園基礎評鑑通過所屬行政區與設立別和評鑑學年度,"縣市代碼、行政區、幼兒園、設立別、評鑑學年度
"
臺北市立大學交通資訊,資訊,介紹有關抵達臺北市立大學之交通資訊,"校區、地址、交通方式、到達方法、縣市別代碼、郵遞區號
"
臺北市兒少安置機構管理,社福,"兒少安置機構管理資料呈現於【社會局局網> 統計資料 > 預告統計資料發布時間表】
",年度、安置及教養機構所數、安置及教養機構床位數、安置及教養機構本期進住人數、安置及教養機構現有收容人數
臺北市政府警察局為民服務成果統計表,治安,警察局為民服務成果統計,序號、機關代碼、年月、項目、數量
臺北市義勇警察訓練及服勤成果,治安,臺北市義勇警察訓練及服勤成果統計,序號、機關代碼、年度、月份、件數
臺北市政府警察局公務人員按學歷別,統計,臺北市政府警察局公務人員按學歷別。,序號、機關代碼、年度、教育程度別、總計
臺北市政府警察局員工總人數,統計,警察局員工總人數統計,序號、機關代碼、年度、名稱、總計
臺北市政府警察局公務人員按性別及年齡別,統計,警察局公務人員按性別及年齡別統計,機關代碼、年度、年齡別、性別、人數
臺北市小巡邏區勤務立即偵破刑案績效表,治安,臺北市政府警察局線上立即偵破刑案績效表,單位別、逮捕犯嫌人數、立即偵破刑案數總計、殺人、強盜、搶奪、強制性交、擄人勒贖、殺人未遂、竊盜、恐嚇、妨害自由、縱火、販毒、違反槍砲彈藥刀械管制條例、傷害數量、職業賭博數量、竊盜未遂數量、違反毒品危害防制條例數量、其他立即偵破刑案數量、處理自殺件數
臺北市政府警察局受理網路報案統計,治安,警察局受理網路報案統計,單位別、共計數量、竊盜數量、搶奪數量、賭博數量、詐欺數量、侵占數量、毀損數量、恐嚇數量、公共危險、違反著作權法、電腦犯罪、其他刑案、妨害安寧、遺失案件、違規停車、檢舉員警、非法外勞、檢舉色情、車禍、為民服務、糾紛、協尋人口、測試案件、無案情、其他
臺北市不動產經紀業業者名冊,地政,不動產經紀業業者相關資料,縣市、縣市代碼、機關代碼、登錄號碼、經紀業名稱
臺北市立大學校園平面圖,資訊,介紹臺北市立大學的校園平面圖資訊,編號、名稱、連結、說明、調整日、機關代碼、統一編號
臺北市財團法人郭錫瑠先生文教基金會110年度預算書(議會審定),教育,序號、內容、作者、連結、機關代碼,序號、內容、作者、連結、機關代碼
臺北市財團法人郭錫瑠先生文教基金會109年度預算書(議會審定),教育,序號、內容、作者、連結、機關代碼,序號、內容、作者、連結、機關代碼
臺北市廢止設立許可幼兒園名錄,統計,臺北市廢止設立許可幼兒園區域與幼兒園名稱地址,編號、名稱、連結、說明、調整日、機關代碼
臺北市地政士裁罰資料,地政,109年至112年地政士裁罰資料,日期、地政士、行政區、案由、罰鍰金額
臺北市家庭暴力暨性侵害防治中心,社福,提供臺北市家庭暴力暨性侵害防治中心聯絡資訊,機構單位、地址、行政區代碼、電話、分機
臺北翡翠水庫即時水情資料,水利,每小時水庫水位、水庫有效蓄水量、水庫蓄水百分比，以及當日累積翡翠雨量站、十三股雨量站、九芎根雨量站、坪林雨量站、碧湖雨量站、太平雨量站、以及集水區加權平均降雨量。,時間、水位、有效蓄水量、有效蓄水量百分比、翡翠、坪林、十三股、九芎根、碧湖、太平、集水區平均
臺北市老人健保自付額補助,社福,老人健保自付額補助資料呈現於【社會局局網>銀髮族服務 > 統計資料】,機關名稱、民國年、月、補助金額、補助人次
社會福利統計_臺北市社會工作師管理,社福,"社會福利統計_社會工作師管理資料呈現於【社會局局網> 統計資料 > 預告統計資料發布時間表】
",機關名稱、機關代碼、民國年、統計區間、事務所開業數量
社會福利統計_臺北市政府公益彩券盈餘分配辦理社會福利事業情形,社福,提供社會福利統計_臺北市政府公益彩券盈餘分配辦理社會福利事業情形資訊,機關名稱、年度、預算金額、執行金額、執行百分比
臺北市低收入戶及節日慰問概況,社福,提供臺北市低收入戶及節日慰問概況資訊,機關名稱、年/節日、慰問款物金額、受慰問戶次、受慰問人次
臺北市性騷擾事件裁罰統計,社福,定期提供臺北市性騷擾事件裁罰統計資訊,機關名稱、民國年、統計區間、裁罰件數、裁罰金額
臺北市兒童及少年結束家外安置後續追蹤輔導服務概況,社福,定期提供臺北市兒童及少年結束家外安置後續追蹤輔導服務概況資訊,機關名稱、年/半年、本期追蹤輔導人數、本期新增追蹤輔導人數、前期未結案追蹤輔導人數
臺北市領有社會工作師執照人數,社福,定期提供臺北市領有社會工作師執照人數資訊,機關名稱、機關代碼、民國年、統計區間、領有社工師執照人數
臺北市社福設施主題地圖,社福,臺北市社福設施主題地圖圖資資料,"OBJECTID、CODE、NAME、ZIPCODE、TOWN、ADDRESS、TEL、FAX、LON、LAT、X、Y、MULTITYPE、PUBLICYN
"
臺北市性騷擾事件申訴審議概況,社福,定期提供臺北市性騷擾事件申訴審議概況資訊,年度、季、行為樣態、兩造關係、事件發生地點
社會福利統計_臺北市身障者專用停車位識別證申請,社福,社會福利統計_身障者專用停車位識別證申請資料呈現於【社會局局網> 統計資料 > 預告統計資料發布時間表】,機關名稱、機關代碼、民國年、統計區間、核發專用停車位識別証數量
臺北市育兒津貼,社福,臺北市育兒津貼資料呈現於【社會局局網> 嬰幼兒照顧服務 >育兒及托育相關補助 >育兒津貼,民國年、月、累計補助人數、補助人次、補助金額
社會福利統計_臺北市政府義務採購機關採購身心障礙機構團體彙整表,社福,相關資料呈現於臺北市政府社會局>身心障礙者服務 >優先採購身障機構團體或庇護工場生產物品及服務,機關名稱、機關代碼、單位名稱、地址、聯絡電話
社會福利統計_臺北市居家服務,社福,社會福利統計_居家服務資料呈現於【社會局局網> 統計資料 > 預告統計資料發布時間表】,機關代碼、民國年、統計區間、期底服務個案人數、本期補助服務人數
社會福利統計_臺北市婦女中心統計資料,社福,社會福利統計_婦女中心統計資料【社會局局網> 統計資料 > 預告統計資料發布時間表】,民國年、統計區間、機構數量、公立機構數量、公設民營機構數量
臺北市政府警察局財產統計表,統計,臺北市政府警察局財產增減情形,年度、財產類別、上期結轉、本期增加量、本期減少量、本期折舊量、本期結存量
臺北市土壤液化潛勢圖,工務,"臺北市土壤液化潛勢圖層
提供TWD97 及 WGS84座標",type、properties、class、geometry、coordinates
臺北市立平均每生分攤經費,教育,103學年度至113學年度臺北市立各學層平均每位學生分攤經費,項次、學年度、市立大學平均每生分攤經費【新臺幣元】、高級中等學校平均每生分攤經費【新臺幣元】、國民中學平均每生分攤經費【新臺幣元】、國民小學平均每生分攤經費【新臺幣元】、幼兒園平均每生分攤經費【新臺幣元】、特殊教育學校平均每生分攤經費【新臺幣元】
臺北市身心障礙者保護通報處遇結果按障礙類別及等級別分,社福,提供臺北市身心障礙者保護通報處遇結果按障礙類別及等級別分資訊,年/季、通報類型、視覺障礙者人數、聽覺機能障礙者人數、平衡機能障礙者人數、聲音機能或語言機能障礙者人數、肢體障礙者、智能障礙者、重要器官失去功能者、顏面損傷者、植物人、失智症者、自閉症者、慢性精神病患者、多重障礙者、頑性難治症瘨癇症者、因罕見疾病而致身心功能障礙者、其他、新制類別無法對應舊制類別者
臺北市提供手語翻譯、同步聽打服務人數,社福,定期提供臺北市提供手語翻譯、同步聽打服務人數資訊,機關名稱、民國年、統計區間、手語翻譯服務人數、同步聽打服務人數
臺北市身心障礙者保護通報類型按障礙類別及等級別分,社福,提供臺北市身心障礙者保護通報類型按障礙類別及等級別分資訊,年/季、通報類型、視覺障礙者人數、聽覺機能障礙者人數、平衡機能障礙者人數、聲音機能或語言機能障礙者人數、肢體障礙者、智能障礙者、重要器官失去功能者、顏面損傷、植物人、失智症者、自閉症者、慢性精神病患者、多重障礙者、頑性難治症瘨癇症者、因罕見疾病而致身心功能障礙者、其他、新制類別無法對應舊制類別者
臺北市家庭暴力被害人保護扶助人次,社福,定期提供臺北市家庭暴力被害人保護扶助人次資訊,年/季、總人次、諮詢協談人次、庇護安置人次、陪同報案偵詢人次、陪同出庭、驗傷診療、聲請保護令、法律扶助、經濟扶助、心理諮商與輔導、就業服務、就學或轉學服務、提供目睹暴力服務、子女問題協助、通譯服務、其他扶助
臺北市弱勢兒童及少年扶助概況,社福,定期提供臺北市弱勢兒童及少年扶助概況資訊,年/季、生活扶助、醫療補助人數、托育補助或津貼人數、緊急生活扶助人數
臺北市註銷領有身心障礙證明(手冊)者及死亡者年齡分析,社福,提供臺北市註銷領有身心障礙證明(手冊)者及死亡者年齡分析資訊,年/季、註銷身心障礙者總人數、因死亡註銷身心障礙者總人數、死亡者0歲至未滿3歲人數、死亡者3歲至未滿6歲人數、死亡者6歲至未滿12歲人數、死亡者12歲至未滿15歲人數、死亡者15歲至未滿18歲人數、死亡者18歲至未滿30歲人數、死亡者30歲至未滿45歲人數、死亡者45歲至未滿50歲人數、死亡者50歲至未滿60歲人數、死亡者60歲至未滿65歲人數、死亡者65歲以上人數
臺北市多重障礙者人數按多重障礙類別分,社福,提供臺北市多重障礙者人數按多重障礙類別分資訊,年/季、視覺障礙者人數、聽覺機能障礙者人數、平衡機能障礙者人數、聲音機能或語言機能障礙者人數、肢體障礙者、智能障礙者、重要器官失去功能者、顏面損傷者、植物人、失智症者、自閉症者、慢性精神病患者、頑性難治症瘨癇症者、因罕見疾病而致身心功能障礙者、其他、新制類別無法對應舊制類別者、尚無詳細類別之多障者
臺北市兒少保護個案處遇及結案情形,社福,定期提供臺北市兒少保護個案處遇及結案情形資訊,年/季、處遇個案總數量、家庭維繫個案數量、家庭重整個案數量、安置後返家個案數、中長程處遇服務類型個案數、處遇中服務量總計、結轉案人數、結轉案原因/受虐原因消失、結轉案原因/結束安置返家且列入追蹤輔導計畫、結轉案原因/案家搬遷或案件屬他轄、結轉案原因/個案死亡、結轉案原因/個案出養、結轉案原因/其他
臺北市性騷擾申訴事件審議結果,社福,提供臺北市性騷擾申訴事件審議結果資訊,年/季、申訴事件調查結果成立總數量、申訴事件調查結果不成立總數量、申訴事件調查結果撤回總計、再申訴事件調查結果成立、再申訴事件調查結果不成立、再申訴事件調查結果撤回、調解事件調解結果成立、調解事件調解結果不成立、移送司法偵查
臺北市社區發展服務_通過認證之社區發展協會名單,社福,通過認證之社區發展協會名單,序號、機構名稱、地址、行政區、行政區代碼、電話
臺北市銀髮族服務家庭托顧服務人數,社福,定期提供臺北市銀髮族服務-家庭托顧服務人數資訊,年度、長照低收入戶人數、長照中低收入戶人數、長照一般戶人數、65歲以上老人人數、65歲以上領有身心障礙證明者人數、64歲以下領有身心障礙證明者人數、55歲至64歲原住民人數、50歲以上失智症者人數
臺北市中低收入老人住宅修繕補助,社福,提供每年度臺北市中低收入老人住宅修繕補助資訊,序號、民國年、統計區間、低收入戶補助金額、中低收入戶補助金額
臺北市低收、中低收入老人修繕住屋補助人數,社福,低收、中低收入老人修繕住屋補助人數資料呈現於【社會局局網> 統計資料 > 預告統計資料發布時間表】,年度、低收入戶補助人數、低收入戶補助人次、中低收入戶補助人數、中低收入戶補助人次
臺北市家庭暴力被害人保護扶助金額,社福,定期提供臺北市家庭暴力被害人保護扶助金額資訊,年/季、總金額、緊急生活扶助金額、生活扶助、急難救助、租金補助、醫療補助金額、庇護安置補助、心理治療諮商與輔導金額、律師費用補助、訴訟費用補助、子女生活津貼、子女教育補助、兒童托育費用、民間慈善團體資助、其他補助
臺北市性侵害被害人保護扶助人次,社福,定期提供臺北市性侵害被害人保護扶助人次資訊,年/季、總人次、諮詢協談人次、庇護安置人次、陪同報案偵詢人次、陪同出庭、驗傷診療、法律扶助、經濟扶助、心理諮商與輔導、就業服務、就學或轉學服務、通譯服務、轉介戒毒中心、其他扶助
臺北市交通流量及特性調查資料,交通,交通流量及特性調查資料,項目、縣市別、縣市別代碼、網址、說明
臺北市政府警察局各分局巡邏線箱數量,治安,警察局各分局巡邏線箱數量,單位、汽機車巡邏線數量、自行車巡邏線數量、徒步巡邏線數量、巡邏線上設置之巡邏箱數量、警勤區內設置之查巡合一巡邏箱數量、巡邏線上巡邏箱與勤區查巡合一巡邏箱設置重疊數量、其他臨時性、階段性巡邏袋數量
臺北捷運移設連通基本資料,交通,提供臺北捷運設置之移設連通基本資料,項次、案件名稱、移設連通位置、廠商、案件進度、更新日期
臺北市政府警察局當舖業資料清冊,治安,臺北市政府警察局合法當舖業資料清冊表,序號、許可證號、當舖名稱、營業地址、縣市
臺北市各類短期補習班概況,教育,103至112年底臺北市各類短期補習班概況,項次、民國年、總計【統計數值】、文理類/合計【統計數值】、文理類/文理【統計數值】、文理類/外語【統計數值】、文理類/法政【統計數值】、技藝類/合計【統計數值】、技藝類/建築及工藝製圖及電機及汽車修護、技藝類/資訊、技藝類/家政及插花及烹飪、技藝類/縫紉、技藝類/美容及美髮及理髮、技藝類/音樂及舞蹈、技藝類/美術及書法及攝影及美工設計及圍棋、技藝類/商類：心算及珠算及會計、技藝類/瑜珈、技藝類/游泳、技藝類/速讀、技藝類/無線電、技藝類/其他
臺北市非法經營旅館業及網路刊登非法旅館營業訊息裁罰名單,觀光,臺北市政府裁罰「非法經營旅館業」及「網路刊登非法旅館營業訊息」之名單,"年份、裁罰日期、行政區、非法營業地址、罰鍰或怠金（新臺幣）、裁處原因
"
臺北市社區式家事商談服務單位,社福,提供臺北市社區式家事商談服務單位資料,服務單位、服務據點、聯絡電話、郵遞區號、地址
臺北市兒少保護及福利服務通報案件_受暴問題類型,社福,定期提供臺北市兒少保護及福利服務通報案件_受暴問題類型資訊,年/季、總案件數、保護服務總案件數、保護服務/兒少保護案件數、保護服務/兒少性剝削案件數、福利服務案件數、諮詢或轉介案件數、轉介服務案件數、其他情形案件數
臺北市身心障礙者社區式服務專業人員數,社福,定期提供臺北市身心障礙者社區式服務專業人員數,年/半年、社區日間照顧服務/社會工作人員數、社區日間照顧服務/教保員數、社區日間照顧服務/生活服務員數、社區日間照顧服務/其他專業工作人員數、家庭托顧服務/家庭托顧服務員數、家庭托顧服務/社會工作人員數、自立生活支持服務/個人助理人數、自立生活支持服務/同儕支持員數、臨時及短期照顧服務員數、生活重建/訓練員數、生活重建/視覺功能障礙定向行動訓練員數、生活重建/視覺功能障礙生活技能訓練員數、生活重建/社會工作人員數、輔具服務/輔具評估人員數、輔具服務/輔具維修技術人員數、輔具服務/社會工作人員數、社區居住服務/社會工作人員數、社區居住服務/教保員數
臺北市性侵害被害人保護扶助金額,社福,定期提供臺北市性侵害被害人保護扶助金額,年/季、總金額、緊急生活扶助金額、生活扶助金額、急難救助金額、租金補助金額、醫療補助金額、庇護安置補助金額、心理復健補助金額、律師費用補助金額、訴訟費用補助金額、民間慈善團體資助金額、其他補助金額
臺北市老人長期照謢、安養機構工作人員數,社福,定期提供臺北市老人長期照謢、安養機構工作人員數,年/半年、總人數、業務負責人數、護理人員數、社會工作人員數、照顧服務員人數、外籍看護工人數、服務相關之專業人員數、其他人員數
臺北市兒少通報案件處理情形,社福,定期提供臺北市兒少通報案件處理情形資訊,年度、社會安全網兒少保護通報表及未滿18歲性侵害通報表總數量、社會安全網兒少保護通報表及未滿18歲性侵害通報表/責任通報總數、社會安全網兒少保護通報表及未滿18歲性侵害通報表/一般通報總數、社會安全網事件諮詢表-未滿18歲通報案件總數、社會安全網事件諮詢表-未滿18歲通報案件/責任通報總數、社會安全網事件諮詢表-未滿18歲通報案件/一般通報
臺北市兒童少年保護執行(三)_家內兒少保護個案基本資料,社福,定期提供臺北市兒童少年保護執行(三)_家內兒少保護個案基本資料,年/季、總計、受虐類型/遺棄、受虐類型/身心虐待、受虐類型/不當管教、受虐類型/目睹家暴、受虐類型/兒少物質濫用、受虐類型/其它、0歲至未滿3歲人數、3歲至未滿6歲人數、6歲至未滿9歲人數、9歲至未滿12歲人數、12歲至未滿15歲人數、15歲至未滿18歲人數
臺北市兒童少年保護執行_施虐者情形,社福,定期提供臺北市兒童少年保護執行_施虐者情形資訊,年/季、總人次、缺乏親職教育知識人次、習於體罰或不當管教人次、負向情緒行為特質人次、親密關係失調人次、經濟因素人次、酗酒人次、藥物濫用人次、精神疾病人次、有自殺紀錄或自殺意圖人次、未婚生育人次、未成年生育人次、人格違常人次、迷信人次、童年有受虐經驗人次、其他人次
臺北市社會福利基金會名冊,社福,提供臺北市社會福利基金會名冊資料,序號、名稱、電話、地址、代碼編號、行政區、立案字號、成立日期、類別
114年臺北市可供避難收容處所一覽表,社福,提供114年臺北市可供避難收容處所一覽表,序號、名稱、縣市、鄉鎮、村里、門牌地址、類型、水災、震災、土石流、海嘯、救濟支站、無障礙設施、室內、室外、服務里別、容納人數、收容所面積（平方公尺）
社會福利統計_臺北市政府社會局施政計畫,社福,社會福利統計_施政計畫資料呈現於【社會局局網> 定期報告 > 施政計畫】,機關代碼、資料名稱、資料連結路徑、點閱數量、公告日期
社會福利統計_臺北市政府社會局相關業務年度統計,社福,社會福利統計_相關業務年度統計資料呈現於【社會局局網> 統計資料 > 相關業務年度統計】,序號、資料名稱、資料連結路徑、點閱數量、公告日期
社會福利統計_臺北市政府社會局議會工作報告,社福,社會福利統計_議會工作報告資料呈現於【社會局局網> 定期報告 > 議會工作報告】,機關代碼、資料名稱、資料連結路徑、點閱數量、公告日期
社會福利統計_臺北市公益彩券盈餘分配基金預算,社福,社會福利統計_本市公益彩券盈餘分配基金預算資料呈現於【社會局局網> 公益彩券 > 預算資料】,機關名稱、機關代碼、年度、計畫項目、預算金額
社會福利統計_臺北市庇護家園,社福,社會福利統計_庇護家園資料呈現於【社會局局網> 婦女服務 > 統計資料】,機關名稱、機關代碼、年度、庇護人數、核銷金額
社會福利統計_臺北市社區互助方案申請,社福,社會福利統計_社區互助方案申請資料呈現於【社會局局網 > 社區發展服務 > 統計資料】,機關名稱、年度、社區發展協會總數量、社區照顧關懷據點數量、社區圖書室數量
社會福利統計_臺北市受理人民團體籌組申請,社福,"社會福利統計_受理人民團體籌組申請資料呈現於【社會局網> 人民團體服務 > 統計資料】
",序號、機關名稱、機關代碼、團體類別、團體數量
臺北市兒童及少年未來教育與發展帳戶洽辦單位,社福,提供兒童及少年未來教育與發展帳戶洽辦單位資料,機構名稱、行政區、郵遞區號、地址、電話
臺北市性別人才資料庫,社福,提供臺北市性別人才資料庫資料,序號、姓名、性別、職務、專長
臺北市立圖書館各分館暨民眾閱覽室,教育,臺北市立圖書館各分館暨民眾閱覽室一覽表,name、address、tel、fax、lat、lon
臺北市樂齡學習統計資料,教育,臺北市樂齡學習場次、人次、性別等統計資料,名稱、場次、女、男、女比率、男比率、總人次
臺北市立案課照中心資訊,教育,臺北市立案課照中心名稱地址與電話聯絡資料,序號、縣市、行政區、郵遞區號、課照中心代碼、課照中心名稱、地址、許可證日期、營業狀態、設立別、電話、負責人、立案狀態、核定人數【人】
臺北市國中小教師主要任教領域,統計,112-113學年度臺北市國中小教師主要任教領域,學年度、任教領域、國民中學教師數（人）、國民中學男教師數（人）、國民中學女教師數（人）、國民小學教師數（人）、國民小學男教師數（人）、國民小學女教師數（人）
臺北市國小學生數按年級分,教育,103學年度至113學年度臺北市國小各年級學生人數,項次、學年度、國小總計學生數【人】、國小一年級學生數【人】、國小二年級學生數【人】、國小三年級學生數【人】、國小四年級學生數【人】、國小五年級學生數【人】、國小六年級學生數【人】
臺北市國民中學補習學校新住民學生數,教育,111學年度至113學年度臺北市國民中學補習學校新住民學生數,項次、項目、總計【人】、年齡別21歲以下【人】、年齡別22至24歲【人】、年齡別25至44歲【人】、年齡別45至64歲【人】、年齡別65歲以上【人】、國籍別大陸地區及港澳【人】、國籍別越南【人】、國籍別印尼【人】、國籍別泰國【人】、國籍別菲律賓【人】、國籍別日本【人】、國籍別美國【人】、國籍別南韓【人】
臺北市國民中學班級數按年級別、班別分,教育,111學年度至113學年度臺北市國民中學班級數按年級別、班別分,項次、項目、總計【統計數值】、按年級分七年級【統計數值】、按年級分八年級【統計數值】、按年級分九年級【統計數值】、按班別分普通班【統計數值】、按班別分體育班【統計數值】、按班別分藝術才能班【統計數值】、按班別分集中式特殊班【統計數值】
臺北市國民小學僑生數,教育,111學年度至113學年度臺北市國民小學僑生數,項次、學年度、項目、總計【人】、國立【人】、市立【人】、私立【人】
臺北市國民中學僑生數,教育,111學年度至113學年度臺北市國民中學僑生數,項次、學年度、項目、總計【人】、國立【人】、市立【人】、私立【人】
臺北市教育預算數,教育,103年至114年臺北市教育預算數,項次、民國年、教育主管預算數【新臺幣元】、教育局預算數【新臺幣元】、市立大學預算數【新臺幣元】、高級中等學校預算數【新臺幣元】、國民中學預算數【新臺幣元】、國民小學預算數【新臺幣元】、幼兒園預算數【新臺幣元】、特殊教育學校預算數【新臺幣元】、社教機構預算數【新臺幣元】
臺北市身心障礙福利基金會,社福,提供臺北市身心障礙福利基金會資訊,序號、基金會名稱、行政區、地址、電話、成立日期
社會福利統計_臺北市補助團體一覽表,社福,社會福利統計_公益彩券盈餘分配基金歷年補助民間團體一覽表 資料呈現於【社會局局網> 公開資訊 > 公益彩券 > 補助團體一覽表】,機關名稱、機關代碼、福利服務項目、福利服務金額、核准補助金額（累計）
臺北市嬰幼兒照顧服務_育兒友善園,社福,提供育兒友善園聯絡資訊,序號、機構類型、機構名稱、地址、電話
臺北市嬰幼兒照顧服務_定點臨托,社福,提供臺北市定點臨托相關資訊,序號、機構類型、機構名稱、地址、電話
臺北市嬰幼兒照顧服務_居家托育服務中心,社福,提供臺北市居家托育服務中心聯絡資訊,序號、機構類型、機構名稱、地址、電話
臺北市低收入戶暨中低收入戶生育補助申請,社福,"低收入戶暨中低收入戶生育補助申請資料呈現於【社會局局網> 社會救助 > 健保及醫療補助】
",機關代碼、項目、資料連結路徑、點閱數量、公告日期
臺北市兒童臨時托育補助,社福,兒童臨時托育補助統計資料呈現於【社會局局網> 嬰幼兒照顧服務 > 育兒及托育相關補助】,序號、項目、資料連結路徑、點閱數量、公告日期
社會福利統計_臺北市弱勢少年自立生活經濟扶助,社福,社會福利統計_弱勢少年自立生活經濟扶助資料呈現於【社會局局網>兒童與少年服務>少年自立服務】,機關代碼、資料名稱、資料連結路徑、點閱數量、公告日期
臺北市弱勢家庭兒童托育補助,社福,弱勢家庭兒童托育補助統計資料呈現於【社會局局網 > 嬰幼兒照顧服務 > 育兒及托育相關補助】,機關代碼、項目、資料連結路徑、點閱數量、公告日期
臺北市中低收入老人假牙補助,社福,中低收入老人假牙補助資料呈現於【社會局局網> 銀髮族服務 > 統計資料】,機關名稱、機關代碼、類別、人次、金額
臺北市老人居家服務教育訓練概況,社福,提供臺北市老人居家服務教育訓練概況資訊,年/半年、總計、督導員/合計、督導員/基礎訓練、督導員/進階訓練、督導員/成長訓練、照顧服務員、場次、總人數、男生人數、女生人數
臺北市政府社會局現有職員概況,社福,提供臺北市政府社會局現有職員概況資訊,序號、機關名稱、機關代碼、單位、預算員額數量
臺北市敬老愛心卡補助搭乘公車捷運路線表,社福,提供臺北市敬老愛心卡補助搭乘公車捷運路線表,編號、路線名稱、起迄站、頭班車時間、末班車時間
臺北市銀髮族服務長青學苑,社福,提供銀髮族服務長青學苑資料,序號、機構名稱、地址、行政區代碼、電話
臺北市建築物昇降設備檢查取得使用許可證概況,統計,"臺北市建築物昇降設備檢查取得使用許可證概況時間數列統計資料
",統計期、竣工檢查數量[臺]/ 總計、竣工檢查數量[臺]/ 松山區、竣工檢查數量[臺]/ 信義區、竣工檢查數量[臺]/ 大安區、竣工檢查數量[臺]/ 中山區、竣工檢查數量[臺]/ 中正區、竣工檢查數量[臺]/ 大同區、竣工檢查數量[臺]/ 萬華區、竣工檢查數量[臺]/ 文山區、竣工檢查數量[臺]/ 南港區、竣工檢查數量[臺]/ 內湖區、竣工檢查數量[臺]/ 士林區、竣工檢查數量[臺]/ 北投區、定期安全檢查數量[臺]/ 總計、定期安全檢查數量[臺]/ 松山區、定期安全檢查數量[臺]/ 信義區、定期安全檢查數量[臺]/ 大安區、定期安全檢查數量[臺]/ 中山區、定期安全檢查數量[臺]/ 中正區、定期安全檢查數量[臺]/ 大同區、定期安全檢查數量[臺]/ 萬華區、定期安全檢查數量[臺]/ 文山區、定期安全檢查數量[臺]/ 南港區、定期安全檢查數量[臺]/ 內湖區、定期安全檢查數量[臺]/ 士林區、定期安全檢查數量[臺]/ 北投區
臺北市各級學校職員及工友數,教育,112學年度臺北市各級學校職員及工友數,項目、高級中等學校職員數（人）、國民中學職員數（人）、國民小學職員數（人）、高級中等學校工友數（人）、國民中學工友數（人）、國民小學工友數（人）
臺北市各級學校公教人員獎懲概況,統計,統計資料,年度、機關類別、總計、平時功過獎懲合計、獎勵小計、獎勵記一大功、獎勵記功、獎勵嘉獎、懲處小計、懲處記一大過、懲處記過、懲處申誡、專案考績小計、專案考績一次記二大功、專案考績一次記二大過、懲戒處分小計、懲戒處分免除職務、懲戒處分撤職、懲戒處分剝奪減少退休退職退伍金、懲戒處分休職、懲戒處分降級、懲戒處分減俸、懲戒處分罰款、懲戒處分記過、懲戒處分申誡、請勳、褒揚、復職、停職、免職
臺北市成人基本教育研習班學生數,教育,113年臺北市成人基本教育研習班學生數,項目、總計（人）、級別初級班（人）、級別中級班（人）、級別高級班（人）、國籍別本國人（人）、國籍別新住民（人）
臺北市各級學校代碼,教育,113學年臺北市各級學校代碼,隸屬別、學校名稱、代碼、行政區、郵遞區號
臺北市終身學習教育資源據點數,教育,111至112年臺北市終身學習教育資源據點數,項次、年、終身學習資源【據點】、總數【統計數值】、松山區【統計數值】、信義區【統計數值】、大安區【統計數值】、中山區【統計數值】、中正區【統計數值】、大同區【統計數值】、萬華區【統計數值】、文山區【統計數值】、南港區【統計數值】、內湖區【統計數值】、士林區【統計數值】、北投區【統計數值】
臺北市各級學校特殊班概況,教育,112-113學年度臺北市各級學校特殊班概況,項目、高級中等學校班級數（統計數值）、高級中等學校學生數（人）、國民中學班級數（統計數值）、國民中學學生數（人）、國民小學班級數（統計數值）、國民小學學生數（人）
臺北市終身學習教育資源辦理情形,教育,103至112年臺北市終身學習教育資源辦理情形,年、社區大學課程班次、社區大學學員人數、樂齡學習中心辦理場次、樂齡學習中心參加人次、樂齡學堂辦理場次、樂齡學堂參加人次
臺北市衛生局所屬婦女健康或衛生相關委員會(工作小組)個數,統計,臺北市衛生局所屬婦女健康或衛生相關委員會(工作小組)個數時間數列統計資料,統計期、臺北市委員會個數[個]、新北市委員會個數[個]、桃園市委員會個數[個]、臺中市委員會個數[個]、臺南市委員會個數[個]、高雄市委員會個數[個]
臺北市里長候選人數,統計,臺北市里長候選人數時間數列統計資料,統計期、屆別、里長候選人數[人] /總計、里長候選人數[人] /男、里長候選人數[人] /女
臺北市女性乳房檢查,統計,臺北市女性乳房檢查時間數列統計資料,統計期、超音波檢查人數[人]、攝影檢查人數[人]、攝影檢查服務利用率[%]、超音波檢查人數增減率[%]、攝影檢查服務利用率增減數[百分點]
臺北市兒童牙齒塗氟服務利用率,統計,"臺北市兒童牙齒塗氟服務利用率時間數列統計資料
",統計期、兒童牙齒塗氟服務利用率[%] /全體、兒童牙齒塗氟服務利用率[%] /男、兒童牙齒塗氟服務利用率[%] /女、兒童牙齒塗氟服務利用率增減數[百分點] /全體、兒童牙齒塗氟服務利用率增減數[百分點] /男、兒童牙齒塗氟服務利用率增減數[百分點] /女
臺北市國中小受輔學生及認輔教師概況,教育,111學年度臺北市國中小受輔學生及認輔教師概況,項目、國民中學受輔學生數（人）、國民中學認輔教師數（人）、國民小學受輔學生數（人）、國民小學認輔教師數（人）
臺北市身心障礙學生教育補助人數,統計,"臺北市身心障礙學生教育補助人數時間數列統計資料
",統計期、身心障礙學生教育補助人數[人] /總計、身心障礙學生教育補助人數[人] /男、身心障礙學生教育補助人數[人] /女、身心障礙學生教育補助人數增減率[%] /總計、身心障礙學生教育補助人數增減率[%] /男、身心障礙學生教育補助人數增減率[%] /女
臺北市各級學校學生數,教育,103學年度至112學年度臺北市各級學校學生數,項次、民國年、高級中等學校學生數【人】、國民中學學生數【人】、國民小學學生數【人】
臺北市各級學校原住民學生數,教育,103學年度至112學年度臺北市各級學校原住民學生數,項次、民國年、高級中等學校原住民學生數【人】、國民中學原住民學生數【人】、國民小學原住民學生數【人】
臺北市各級學校新住民子女學生數,教育,103學年度至112學年度臺北市各級學校新住民子女學生數,項次、民國年、高級中等學校新住民子女學生數【人】、國民中學新住民子女學生數【人】、國民小學新住民子女學生數【人】
臺北市國中小補習學校概況,教育,103學年度至112學年度臺北市國中小補習學校概況,項次、民國年、國中補校校數【統計數值】、國中補校班級數【統計數值】、國中補校學生數【統計數值】、國中補校上學年畢業生數【統計數值】、國小補校校數【統計數值】、國小補校班級數【統計數值】、國小補校學生數【統計數值】、國小補校上學年畢業生數【統計數值】
臺北市國中小裸眼視力不良率,教育,103學年度至112學年度臺北市國中小裸眼視力不良率,民國年、國民中學學生裸視視力檢查人數（人）、國民中學學生裸視視力不良率（百分比）、國民小學學生裸視視力檢查人數（人）、國民小學學生裸視視力不良率（百分比）
臺北市各級學校學生數按年齡別分,教育,113學年臺北市各級學校學生數按年齡別分,年齡別、教保服務機構（人）、國民小學（人）、國民中學（人）、高級中等學校（人）
臺北市各級學校大陸地區未成年人民（子女）申請就讀（學）學生數,教育,103至113學年臺北市各級學校大陸地區未成年人民（子女）申請就讀（學）學生數,民國年、總計（人）、高級中等學校/大陸地區未成年人民在臺期間申請就讀學生數（人）、國中/大陸地區未成年子女申請就學學生數（人）、國小/大陸地區未成年子女申請就學學生數（人）
臺北市各級學校教師數,教育,103學年度至112學年度臺北市各級學校教師數,項次、民國年、高級中等學校教師數【人】、國民中學教師數【人】、國民小學教師數【人】
臺北市預防保健利用率,統計,臺北市預防保健利用率時間數列統計資料,統計期、成人預防保健利用率[%] /全體、成人預防保健利用率[%] /男、成人預防保健利用率[%] /女、兒童預防保健利用率[%]、兒童預防保健利用率[%] /全體、兒童預防保健利用率[%] /女
臺北市旅行業從業人員,統計,臺北市旅行業從業人員時間數列統計資料,統計期、旅行業從業人員[人]/ 總計、旅行業從業人員[人]/ 男、旅行業從業人員[人]/ 女、旅行業從業人員增減率[%]/ 總計、旅行業從業人員增減率[%]/ 男、旅行業從業人員增減率[%]/ 女
臺北市政府自殺防治中心自殺通報人次,統計,臺北市政府自殺防治中心自殺通報人次時間數列統計資料,統計期、自殺通報人次/ 總計、自殺通報人次/ 男、自殺通報人次/ 女、自殺通報人次增減率[%]/ 總計、自殺通報人次增減率[%]/ 男、自殺通報人次增減率[%]/ 女
臺北市實施環境消毒及施噴殺蟲劑成果,統計,"臺北市實施環境消毒及施噴殺蟲劑成果時間數列統計資料
","統計期、施噴次數[次]、施噴總面積[平方公尺]、施噴次數增減率[%]、施噴總面積增減率[%]
"
臺北市客家文化活動,統計,臺北市客家文化活動時間數列統計資料,統計期、場次[場次]/ 總計、場次[場次]/ 演出活動、場次[場次]/ 展覽活動、場次[場次]/ 研討會、場次[場次]/ 民俗信仰活動、場次[場次]/ 其他、參與人次[人次]/ 總計、參與人次[人次]/ 演出活動、參與人次[人次]/ 展覽活動、參與人次[人次]/ 研討會、參與人次[人次]/ 民俗信仰活動、參與人次[人次]/ 其他
臺北捷運各站進出人次,統計,"臺北捷運各站進出人次時間數列統計資料
",統計期、捷運站別、進站人次、出站人次、進站人次增減率[%]、出站人次增減率[%]
臺北市農民健康保險被保險人數,統計,臺北市農民健康保險被保險人數時間數列統計資料,統計期、農民健康保險被保險人數[人]/ 總計、農民健康保險被保險人數[人]/ 男、農民健康保險被保險人數[人]/ 女、農民健康保險被保險人數增減率[%]/ 總計、農民健康保險被保險人數增減率[%]/ 男、農民健康保險被保險人數增減率[%]/ 女
臺北市性別平等委員會,統計,臺北市性別平等委員會按年別數列統計資料,統計期、臺北市性別平等委員會委員人數[人]/ 總計、臺北市性別平等委員會委員人數[人]/ 男、臺北市性別平等委員會委員人數[人]/ 女、臺北市性別平等委員會委員性別比率[%]/ 總計、臺北市性別平等委員會委員性別比率[%]/ 男、臺北市性別平等委員會委員性別比率[%]/ 女
臺北市受威脅生態區域,統計,"臺北市受威脅生態區域時間數列統計資料
","統計期、遭受違規開墾或破壞區域面積[公頃]、生態區域面積[公頃]、受威脅生態區域比率[%]、受威脅生態區域比率增減數[百分點]
"
臺北市雜糧種植面積及產量,統計,臺北市雜糧種植面積及產量時間數列統計資料,統計期、雜糧別、行政區別、種植面積[公頃]、產量[公斤]
臺北市主要園藝作物種植面積及產量(蔬菜類),統計,臺北市主要園藝作物種植面積及產量(蔬菜類)時間數列統計資料,"統計期、園藝作物蔬菜類別、行政區別、種植面積[公頃]、產量[公斤]
"
臺北市傳染病人數(88年至95年),統計,臺北市傳染病人數(88年至95年)時間數列統計資料,統計期、報告人數/ 總計、報告人數/ 第一類/霍亂、報告人數/ 第一類/鼠疫、報告人數/ 第一類/黃熱病、報告人數/ 第一類/狂犬病、報告人數/ 第一類/伊波拉病毒出血熱、報告人數/ 第一類/炭疽病、報告人數/ 第一類/嚴重急性呼吸道症候群、報告人數/ 第一類/新型流感、報告人數/ 第二類/流行性斑疹傷寒、報告人數/ 第二類/白喉、報告人數/ 第二類/流行性腦脊髓膜炎、報告人數/ 第二類/傷寒、報告人數/ 第二類/副傷寒、報告人數/ 第二類/小兒麻痺症、報告人數/ 第二類/急性無力肢體麻痺、報告人數/ 第二類/桿菌性痢疾、報告人數/ 第二類/阿米巴性痢疾、報告人數/ 第二類/腸道出血性大腸桿菌感染症、報告人數/ 第二類/腸病毒感染併發重症、報告人數/ 第二類/登革熱、報告人數/ 第二類/登革出血熱或休克症候、報告人數/ 第二類/瘧疾、報告人數/ 第二類/漢他病毒症候群/漢他病毒出血熱、報告人數/ 第二類/漢他病毒症候群/漢他病毒肺症候群、報告人數/ 第二類/麻疹、報告人數/ 第二類/急性病毒性肝炎A型、報告人數/ 第三類/結核病/開放性肺結核、報告人數/ 第三類/結核病/其他結核病、報告人數/ 第三類/癩病、報告人數/ 第三類/日本腦炎、報告人數/ 第三類/德國麻疹、報告人數/ 第三類/先天性德國麻疹症候群、報告人數/ 第三類/百日咳、報告人數/ 第三類/侵襲性b型嗜血桿菌感染症、報告人數/ 第三類/退伍軍人症、報告人數/ 第三類/流行性感冒併發重症、報告人數/ 第三類/急性病毒性肝炎/B型、報告人數/ 第三類/急性病毒性肝炎/C型、報告人數/ 第三類/急性病毒性肝炎/D型、報告人數/ 第三類/急性病毒性肝炎/E型、報告人數/ 第三類/急性病毒性肝炎/未定型、報告人數/ 第三類/腮腺炎、報告人數/ 第三類/水痘、報告人數/ 第三類/破傷風、報告人數/ 第三類/猩紅熱、報告人數/ 第三類/恙蟲症、報告人數/ 第三類/梅毒、報告人數/ 第三類/淋病、報告人數/ 其他/HIV感染、報告人數/ 其他/AIDS、報告人數/ 其他/肉毒桿菌中毒、確定人數/ 總計、確定人數/ 第一類/霍亂、確定人數/ 第一類/鼠疫、確定人數/ 第一類/黃熱病、確定人數/ 第一類/狂犬病、確定人數/ 第一類/伊波拉病毒出血熱、確定人數/ 第一類/炭疽病、確定人數/ 第一類/嚴重急性呼吸道症候群、確定人數/ 第一類/新型流感、確定人數/ 第二類/流行性斑疹傷寒、確定人數/ 第二類/白喉、確定人數/ 第二類/流行性腦脊髓膜炎、確定人數/ 第二類/傷寒、確定人數/ 第二類/副傷寒、確定人數/ 第二類/小兒麻痺症、確定人數/ 第二類/急性無力肢體麻痺、確定人數/ 第二類/桿菌性痢疾、確定人數/ 第二類/阿米巴性痢疾、確定人數/ 第二類/腸道出血性大腸桿菌感染症、確定人數/ 第二類/腸病毒感染併發重症、確定人數/ 第二類/登革熱、確定人數/ 第二類/登革出血熱或休克症候、確定人數/ 第二類/瘧疾、確定人數/ 第二類/漢他病毒症候群/漢他病毒出血熱、確定人數/ 第二類/漢他病毒症候群/漢他病毒肺症候群、確定人數/ 第二類/麻疹、確定人數/ 第二類/急性病毒性肝炎A型、確定人數/ 第三類/結核病/開放性肺結核、確定人數/ 第三類/結核病/其他結核病、確定人數/ 第三類/癩病、確定人數/ 第三類/日本腦炎、確定人數/ 第三類/德國麻疹、確定人數/ 第三類/先天性德國麻疹症候群、確定人數/ 第三類/百日咳、確定人數/ 第三類/侵襲性b型嗜血桿菌感染症、確定人數/ 第三類/退伍軍人症、確定人數/ 第三類/流行性感冒併發重症、確定人數/ 第三類/急性病毒性肝炎/B型、確定人數/ 第三類/急性病毒性肝炎/C型、確定人數/ 第三類/急性病毒性肝炎/D型、確定人數/ 第三類/急性病毒性肝炎/E型、確定人數/ 第三類/急性病毒性肝炎/未定型、確定人數/ 第三類/腮腺炎、確定人數/ 第三類/水痘、確定人數/ 第三類/破傷風、確定人數/ 第三類/猩紅熱、確定人數/ 第三類/恙蟲症、確定人數/ 第三類/梅毒、確定人數/ 第三類/淋病、確定人數/ 其他/HIV感染、確定人數/ 其他/AIDS、確定人數/ 其他/肉毒桿菌中毒
臺北市商業登記現有家數及資本額(91年至95年),統計,臺北市商業登記現有家數及資本額(91年至95年)時間數列統計資料,統計期、現有家數[家]/ 總計、現有家數[家]/ 農林漁牧業、現有家數[家]/ 礦業及土石採取業、現有家數[家]/ 製造業、現有家數[家]/ 水電燃氣業、現有家數[家]/ 營造業、現有家數[家]/ 批發及零售業、現有家數[家]/ 住宿及餐飲業、現有家數[家]/ 運輸倉儲及通信業、現有家數[家]/ 金融及保險業、現有家數[家]/ 不動產及租賃業、現有家數[家]/ 專業科學及技術服務業、現有家數[家]/ 教育服務業、現有家數[家]/ 醫療保健及社會福利服務業、現有家數[家]/ 文化運動及休閒服務業、現有家數[家]/ 其他服務業、現有家數[家]/ 公共行政業、資本額[百萬元]/ 總計、資本額[百萬元]/ 農林漁牧業、資本額[百萬元]/ 礦業及土石採取業、資本額[百萬元]/ 製造業、資本額[百萬元]/ 水電燃氣業、資本額[百萬元]/ 營造業、資本額[百萬元]/ 批發及零售業、資本額[百萬元]/ 住宿及餐飲業、資本額[百萬元]/ 運輸倉儲及通信業、資本額[百萬元]/ 金融及保險業、資本額[百萬元]/ 不動產及租賃業、資本額[百萬元]/ 專業科學及技術服務業、資本額[百萬元]/ 教育服務業、資本額[百萬元]/ 醫療保健及社會福利服務業、資本額[百萬元]/ 文化運動及休閒服務業、資本額[百萬元]/ 其他服務業、資本額[百萬元]/ 公共行政業
臺北市商業登記現有家數及資本額(79年至90年),統計,臺北市商業登記現有家數及資本額(79年至90年)時間數列統計資料,統計期、現有家數[家]/ 總計、現有家數[家]/ 農林漁牧業、現有家數[家]/ 礦業及土石採取業、現有家數[家]/ 製造業、現有家數[家]/ 水電燃氣業、現有家數[家]/ 營造業、現有家數[家]/ 商業、現有家數[家]/ 運輸倉儲及通信業、現有家數[家]/ 金融保險不動產業及工商服務業、現有家數[家]/ 社會服務及個人服務業、資本額[百萬元]/ 總計、資本額[百萬元]/ 農林漁牧業、資本額[百萬元]/ 礦業及土石採取業、資本額[百萬元]/ 製造業、資本額[百萬元]/ 水電燃氣業、資本額[百萬元]/ 營造業、資本額[百萬元]/ 商業、資本額[百萬元]/ 運輸倉儲及通信業、資本額[百萬元]/ 金融保險不動產業及工商服務業、資本額[百萬元]/ 社會服務及個人服務業
臺北市營利事業家數及銷售額(97年以後),統計,臺北市營利事業家數及銷售額(97年以後)時間數列統計資料,統計期、家數[家]/ 總計、家數[家]/ 農林漁牧業、家數[家]/ 礦業及土石採取業、家數[家]/ 製造業、家數[家]/ 電力及燃氣供應業、家數[家]/ 用水供應及污染整治業、家數[家]/ 營建工程業、家數[家]/ 批發及零售業、家數[家]/ 運輸及倉儲業、家數[家]/ 住宿及餐飲業、家數[家]/ 出版影音製作傳播及資通訊服務業、家數[家]/ 金融及保險業、家數[家]/ 不動產業、家數[家]/ 專業科學及技術服務業、家數[家]/ 支援服務業、家數[家]/ 公共行政及國防；強制性社會安全、家數[家]/ 教育業、家數[家]/ 醫療保健及社會工作服務業、家數[家]/ 藝術娛樂及休閒服務業、家數[家]/ 其他服務業、家數[家]/ 其他不能歸類之行業、銷售額[百萬元]/ 總計、銷售額[百萬元]/ 農林漁牧業、銷售額[百萬元]/ 礦業及土石採取業、銷售額[百萬元]/ 製造業、銷售額[百萬元]/ 電力及燃氣供應業、銷售額[百萬元]/ 用水供應及污染整治業、銷售額[百萬元]/ 營建工程業、銷售額[百萬元]/ 批發及零售業、銷售額[百萬元]/ 運輸及倉儲業、銷售額[百萬元]/ 住宿及餐飲業、銷售額[百萬元]/ 出版影音製作傳播及資通訊服務業、銷售額[百萬元]/ 金融及保險業、銷售額[百萬元]/ 不動產業、銷售額[百萬元]/ 專業科學及技術服務業、銷售額[百萬元]/ 支援服務業、銷售額[百萬元]/ 公共行政及國防；強制性社會安全、銷售額[百萬元]/ 教育業、銷售額[百萬元]/ 醫療保健及社會工作服務業、銷售額[百萬元]/ 藝術娛樂及休閒服務業、銷售額[百萬元]/ 其他服務業、銷售額[百萬元]/ 其他不能歸類之行業
臺北市離婚或終止結婚之未成年子女權利義務行使歸屬,統計,臺北市離婚或終止結婚之未成年子女權利義務行使歸屬時間數列統計資料,統計期、環保志義工人數/總計、環保志義工人數/男、環保志義工人數/女、環保志義工人數/其他
臺北市環保志義工概況,統計,臺北市環保志義工概況時間數列統計資料,統計期、環保志義工人數/總計、環保志義工人數/男、環保志義工人數/女、環保志義工人數/其他
臺北市民間參與公共建設,統計,臺北市民間參與公共建設時間數列統計資料,統計期、簽約件數[件]、簽約金額[億元]、平均每件簽約金額[億元]、民參獎勵金[百萬元]
臺北市政府iVoting網路投票辦理情形,統計,"臺北市政府iVoting網路投票辦理情形時間數列統計資料
",統計期、議案數量[案]、議案數量年增數[案]、投票數量[票]、平均每議案投票數量[票]
臺北市婦女服務_婦女支持培力中心,社福,提供婦女支持培力中心聯絡資訊,機構名稱、地址、行政區、行政區代碼、電話
臺北市婦女服務_新住民社區關懷據點,社福,提供新住民社區關懷據點聯絡資訊,機構類型、機構名稱、地址、行政區、電話
臺北市托嬰中心、居家式托育服務及親子館服務概況,社福,提供臺北市托嬰中心及親子館家數、居家式托育服務人數、收托人數及使用人次等資訊,"年度、私立托嬰中心家數、公辦民營托嬰中心家數、社區公共托育家園家數、私立托嬰中心收托人數、公辦民營托嬰中心收托人數、社區公共托育家園收托人數、登記托育人員人數、親屬托育人員人數、登記托育實際收托人數、親屬托育實際收托人數、家數、使用人次、備註
"
臺北市人民團體名冊,社福,提供臺北市人民團體名冊,機關代碼、名稱、地址、電話、成立日期
臺北市銀髮族服務_社區整體照顧服務體系C級單位一覽表,社福,提供臺北市銀髮族服務_社區整體照顧服務體系C級單位一覽表,序號、據點名稱、行政區、行政區代碼、據點地址、電話
臺北市銀髮族服務_臺北市老人共餐單位一覽表,社福,提供臺北市銀髮族服務_臺北市老人共餐單位一覽表,序號、據點名稱、行政區、行政區代碼、據點地址、聯絡電話
臺北市銀髮族服務_臺北市長期照顧管理中心,社福,提供臺北市銀髮族服務_臺北市長期照顧管理中心聯絡資訊,機構名稱、地址、行政區、行政區代碼、電話
臺北市二手輔具資源提供單位,社福,提供臺北市二手輔具資源提供單位資訊,"中心名稱、開放時間、中心地址、行政區、中心電話
"
臺北市急難救助提供單位,社福,提供臺北市急難救助提供單位資訊,序號、機構類型、機構名稱、地址、電話
臺北市政府社會局身心障礙者需求評估中心,社福,提供臺北市政府社會局身心障礙者需求評估中心聯絡資訊,機構名稱、地址、行政區代碼、電話、傳真
臺北市政府實物銀行聯絡資訊,社福,提供臺北市政府實物銀行聯絡資訊,序號、機構類型、機構名稱、行政區代碼、地址
臺北市婦女服務_臺北市婦女館,社福,提供臺北市婦女服務-臺北市婦女館聯絡資訊,機構名稱、地址、行政區、行政區代碼、電話
臺北市政府推展志願服務成果,社福,提供臺北市政府推展志願服務成果資訊,年度、訓練情形/總人次、訓練情形/基礎訓練人次、訓練情形/特殊訓練人次、訓練情形/在職訓練人次、接受服務人次
臺北市兒少及家庭社區支持服務方案,社福,提供臺北市兒少及家庭社區支持服務方案資訊,縣市別、縣市代碼、辦理單位、服務地址、聯絡電話
臺北市老人福利機構名冊,社福,提供臺北市老人福利機構名冊資料,編號、屬性、機構名稱、區域別、地址、電話、收容對象、核定總床位數量、長照床位數量、養護床位數量、失智床位數量、安養床位數量
臺北市國民年金辦事處,社福,提供國民年金辦事處資訊,序號、機構類型、機構名稱、地址、電話
臺北市政府社會局114年度辦理公益勸募活動一覽表,社福,提供社會局114年度辦理公益勸募活動一覽表,標題、勸募團體、聯絡電話、勸募方式、起始日期、結束日期
臺北市政府社會局111年度辦理公告金額以上採購案件一覽表,社福,提供社會局111年度辦理公告金額以上採購案件一覽表,序號、單位、標案名稱、預算金額、採購案件性質
臺北市未婚懷孕服務中心,社福,提供臺北市未婚懷孕服務中心資料,機關名稱、機構類型、機構名稱、地址、電話
臺北市113年度長青學苑秋季班課程資料,社福,提供113年度長青學苑秋季班課程資料,上課區域、中心別、課程、上課時間、指導老師、開課期間、名額數量、會員學費金額、非會員學費金額、其他優惠、報名暨上課地點、聯絡電話、分機、承辦窗口
臺北市危機家庭兒童托育補助,社福,危機家庭兒童托育補助統計資料呈現於【社會局局網> 嬰幼兒照顧服務 > 育兒及托育相關補助】,機關代碼、資料名稱、資料連結路徑、點閱數量、公告日期
臺北市身障社區長照機構,社福,身心障礙者服務-身障社區長照機構,序號、機構名稱、行政區、地址、電話
臺北市身心障礙者服務_身心障礙者臨時及短期照顧服務單位,社福,提供臺北市身心障礙者服務_身心障礙者臨時及短期照顧服務單位資訊,序號、機構名稱、地址、行政區代碼、電話
臺北市社區發展服務_臺北市非營利組織發展中心,社福,提供臺北市非營利組織發展中心聯絡資訊,機關名稱、機構名稱、地址、行政區代碼、電話
臺北市身心障礙者手語翻譯服務成果,社福,提供身心障礙者手語翻譯服務成果資訊,年/季、申請案件數、申請人數、出勤案件數、出勤人次、服務人次
102年臺北市兒童及少年生活狀況調查原始資料,社福,提供102年臺北市兒童及少年生活狀況調查原始資料,編號、出生民國年、出生民國月、性別、兄弟姊妹數
臺北市106年幼兒生活狀況調查原始資料,社福,提供106年幼兒生活狀況調查原始資料,序號、樣本分層、出生民國年、受訪者、性別
臺北市嬰幼兒照顧服務_109年度臺北市居家式托育人員在職訓練課程行事曆,社福,109年度臺北市居家式托育人員在職訓練課程行事曆,序號、行政區、課程日期、課程時間、課程類別、課程名稱、辦理地點、地址
臺北市嬰幼兒照顧服務_109年度臺北市機構式托育人員在職訓練課程行事曆,社福,109年度臺北市機構式托育人員在職訓練課程行事曆,序號、課程日期、課程時間、課程類別、課程名稱、辦理地點、地址
臺北市特用作物種植面積及產量,統計,臺北市特用作物種植面積及產量時間數列統計資料,統計期、特用作物別、行政區別、種植面積[公頃]、產量[公斤]
臺北市主要園藝作物種植面積及產量(果實類),統計,臺北市主要園藝作物種植面積及產量(果實類)時間數列統計資料,統計期、行政區別、總計/種植面積[公頃]、總計/產量[公斤]、柑橘類/種植面積[公頃]、柑橘類產量[公斤]、蕃石榴/種植面積[公頃]、蕃石榴/產量[公斤]、蓮霧/種植面積[公頃]、蓮霧/產量[公斤]、楊桃/種植面積[公頃]、楊桃/產量[公斤]、木瓜/種植面積[公頃]、木瓜/產量[公斤]、其他/種植面積[公頃]、其他/產量[公斤]
臺北市農牧戶概況—按可耕作地所有權屬分,統計,臺北市農牧戶概況按可耕作地所有權屬分時間數列統計資料,統計期、農戶別、行政區別、農牧戶數[戶]、農牧戶人口[人]
臺北市乳母牛頭數及產乳量值,農業,提供臺北市乳母牛頭數及產乳量值資料統計,行政區代碼、區別、年底飼養戶數、年底經產牛頭數、全年產乳量(公斤)
臺北市乳母羊頭數及產乳量值資料統計,農業,提供臺北市乳母羊頭數及產乳量值資料統計,行政區代碼、區別、年底飼養戶數、年底經產羊頭數、全年產乳量(公斤)
臺北市現有馬頭數,統計,提供臺北市現有馬頭數,行政區代碼、縣市、區別、養馬戶數、頭數
Taipeizoo_animal,教育,About Taipeizoo_animal Data,A_Name、A_Longitude1、A_Latitude1、A_Longitude2、A_Latitude2、A_Longitude3、A_Latitude3、A_Longitude4、A_Latitude4、A_Location、A_Name_Latin、A_Phylum、A_Class、A_Order、A_Family、A_Conservation、A_Distribution、A_Habitat、A_Feature、A_Behavior、A_Diet、A_Crisis、A_Code、A_Pic01_ALT、A_Pic01_URL、A_Pic02_ALT、A_Pic02_URL、A_Pic03_ALT、A_Pic03_URL、A_Pic04_ALT、A_Pic04_URL
臺北市都市計畫公共用設施用地面積,統計,"臺北市都市計畫公共用設施用地面積時間數列統計資料
",統計期、計畫面積[公頃]/ 總計、計畫面積[公頃]/ 公園、計畫面積[公頃]/ 綠地、計畫面積[公頃]/ 廣場、計畫面積[公頃]/ 兒童遊樂場、計畫面積[公頃]/ 體育場、計畫面積[公頃]/ 道路及人行步道、計畫面積[公頃]/ 停車場、計畫面積[公頃]/ 加油站、計畫面積[公頃]/ 市場、計畫面積[公頃]/ 學校、計畫面積[公頃]/ 社教機構、計畫面積[公頃]/ 醫療衛生機構、計畫面積[公頃]/ 機關用地、計畫面積[公頃]/ 墓地、計畫面積[公頃]/ 變電所及電力事業用地、計畫面積[公頃]/ 郵政及電信用地、計畫面積[公頃]/ 民用航空站及機場、計畫面積[公頃]/ 溝渠河道用地、計畫面積[公頃]/ 港埠用地、計畫面積[公頃]/ 捷運系統與交通車站及鐵路、計畫面積[公頃]/ 環保設施用地、計畫面積[公頃]/ 其他用地、已闢建面積[公頃]/ 總計、已闢建面積[公頃]/ 公園、已闢建面積[公頃]/ 綠地、已闢建面積[公頃]/ 廣場、已闢建面積[公頃]/ 兒童遊樂場、已闢建面積[公頃]/ 體育場、已闢建面積[公頃]/ 道路及人行步道、已闢建面積[公頃]/ 停車場、已闢建面積[公頃]/ 加油站、已闢建面積[公頃]/ 市場、已闢建面積[公頃]/ 學校、已闢建面積[公頃]/ 社教機構、已闢建面積[公頃]/ 醫療衛生機構、已闢建面積[公頃]/ 機關用地、已闢建面積[公頃]/ 墓地、已闢建面積[公頃]/ 變電所及電力事業用地、已闢建面積[公頃]/ 郵政及電信用地、已闢建面積[公頃]/ 民用航空站及機場、已闢建面積[公頃]/ 溝渠河道用地、已闢建面積[公頃]/ 港埠用地、已闢建面積[公頃]/ 捷運系統與交通車站及鐵路、已闢建面積[公頃]/ 環保設施用地、已闢建面積[公頃]/ 其他用地
臺北市殯葬禮儀服務業備查核准清冊,民政,"提供臺北市禮儀服務業備查核准清冊，包含殯葬禮儀服務業者名稱、負責人、地址、電話等資料
",公司名稱、負責人、郵遞區號、公司地址、電話
臺北市水利處暴雨事件滯洪池滯洪量,水利,滯洪池暴雨事件最高滯洪量，資料格式採CSV格式。,"NO、滯洪池名稱、日期、最高滯洪量體_m3、機關代碼
"
臺北市管河川主要橋樑計畫洪水位,水利,主要橋樑計畫河川洪水位標準，200年計畫洪提供CSV檔,NO、河系、河川代碼、主要橋梁、200年計畫洪水位標高
臺北市水利處年度區域排水清疏,水利,區域排水清疏資料，提供CSV檔案格式,項次、年度、河川區域名稱、詳細位置、清淤數量
臺北市都市地價指數,統計,臺北市都市地價指數時間數列統計資料,"統計期、定基指數[基期：112年3月31日=100]/ 總計、定基指數[基期：112年3月31日=100]/ 松山區、定基指數[基期：112年3月31日=100]/ 信義區、定基指數[基期：112年3月31日=100]/ 大安區、定基指數[基期：112年3月31日=100]/ 中山區、定基指數[基期：112年3月31日=100]/ 中正區、定基指數[基期：112年3月31日=100]/ 大同區、定基指數[基期：112年3月31日=100]/ 萬華區、定基指數[基期：112年3月31日=100]/ 文山區、定基指數[基期：112年3月31日=100]/ 南港區、定基指數[基期：112年3月31日=100]/ 內湖區、定基指數[基期：112年3月31日=100]/ 士林區、定基指數[基期：112年3月31日=100]/ 北投區、對上期漲跌率[基期：112年3月31日=100]/ 總計、對上期漲跌率[基期：112年3月31日=100]/ 松山區、對上期漲跌率[基期：112年3月31日=100]/ 信義區、對上期漲跌率[基期：112年3月31日=100]/ 大安區、對上期漲跌率[基期：112年3月31日=100]/ 中山區、對上期漲跌率[基期：112年3月31日=100]/ 中正區、對上期漲跌率[基期：112年3月31日=100]/ 大同區、對上期漲跌率[基期：112年3月31日=100]/ 萬華區、對上期漲跌率[基期：112年3月31日=100]/ 文山區、對上期漲跌率[基期：112年3月31日=100]/ 南港區、對上期漲跌率[基期：112年3月31日=100]/ 內湖區、對上期漲跌率[基期：112年3月31日=100]/ 士林區、對上期漲跌率[基期：112年3月31日=100]/ 北投區
"
臺北市河川區私有土地分佈,水利,"提供CSV及KML檔案格式。
※本調查結果僅供參考，實際結果仍以本府都市發展局公告為準。",市區、行政區域、段名、母地號、子地號
臺北市河濱生態棕櫚,水利,"1.本市堤外29座河濱公園、社子島島頭公園、社子島濕地、社六濕地及已闢建為草皮具休憩功能之堤外灘地與堤坡，棕櫚分布情形。
2. 提供CSV檔案格式，採TWD97及WGS84座標系統呈現",樹籍編碼、樹種、學名、科別、河濱公園、管理單位、樹高m、胸高直徑cm、樹冠投影面、推估樹齡_y、資料日期、備註、經度_TWD97、緯度_TWD97、經度_WGS84、緯度_WGS84
臺北市河濱生態灌木,水利,"1.範圍：本市堤外29座河濱公園、社子島島頭公園、社子島濕地、社六濕地及已闢建為草皮具休憩功能之堤外灘地，不含堤防與堤坡。 
2.灌木面積占比前三名依序為金露花、朱槿、杜鵑；河濱公園灌木面積占比前三名為雙溪、延平、大佳。 
3.提供CSV檔案格式，採TWD97座標系統呈現","樹籍編碼、樹種、學名、科別、面積平方公尺、建置年份、河濱公園、管理單位、備註
"
臺北市河濱生態喬木,水利,"1.範圍：本市堤外29座河濱公園、社子島島頭公園、社子島濕地、社六濕地、樟腳公園、中庸2號公園及已闢建為草皮具休憩功能之堤外灘地、堤坡。
2.對象：樹高高於1.5公尺，DBH>6公分。
3.提供CSV檔案格式，採TWD97及WGS84座標系統呈現",樹籍編碼、樹種、學名、科別、河濱公園、管理單位、樹高_m、胸高直徑_cm、樹冠投影面、推估樹齡_y、資料日期、備註、經度_TWD97、緯度_TWD97、經度_WGS84、緯度_WGS84
中華郵政股份有限公司臺北市收寄投遞郵件數,統計,"中華郵政股份有限公司臺北市收寄投遞郵件數時間數列統計資料
",統計期、收寄郵件數/ 總計、收寄郵件數/ 函件/合計、收寄郵件數/ 函件/平信/計、收寄郵件數/ 函件/平信/水陸路、收寄郵件數/ 函件/平信/航空、收寄郵件數/ 函件/特種、收寄郵件數/ 包裹、投遞郵件數/ 總計、投遞郵件數/ 函件/合計、投遞郵件數/ 函件/平信/計、投遞郵件數/ 函件/平信/水陸路、投遞郵件數/ 函件/平信/航空、投遞郵件數/ 函件/特種、投遞郵件數/ 包裹
臺北市木柵垃圾焚化廠營運管理及環境品質監測報告,環保,"本資料集主要提供木柵垃圾焚化廠焚化廠營運管理(包括焚化爐操作、垃圾進廠管理、飛灰與底渣清運、處理及作業環境安全衛生管理)
污染防治及監測(包括空氣污染防治、水污染防治、噪音管制、病媒防治及其他委外檢測項目)、敦親睦鄰與回饋設施及景觀維護等相關資料。
",DataSN、ArticleType、FileName、Link、Source、title、內容、日期時間、相關檔案、title、url、相關連結、相關圖片、相關影音、發布單位
臺北市區域立法委員選舉,統計,臺北市區域立法委員選舉時間數列統計資料,統計期、選舉屆期別、選區別、人口數[人]、選舉人數[人]、投票日期/年、投票日期/月、投票日期/日、候選人數/總計[人]、候選人數/男[人]、候選人數/女[人]、當選人數/總計[人]、當選人數/男[人]、當選人數/女[人]、投票數/總計[票]、投票數/有效[票]、投票數/無效[票]、選舉人數對人口數百分比[%]、投票數對選舉人數百分比[%]、當選人對候選人百分比[%]、就職日期/年、就職日期/月、就職日期/日
臺北市政府正副主管人員人數,統計,臺北市政府正副主管人員人數時間數列統計資料,"統計期、性別、機關首長人數/總計、機關首長人數/政務人員、機關首長人數/事務人員、正副主管人數、行政區首長人數
"
臺北市公有超級市場,統計,臺北市公有超級市場時間數列統計資料,統計期、行政區別、市場數[間]、土地面積[平方公尺]、建築物樓地板面積[平方公尺]
臺北市公告地價,統計,臺北市公告地價時間數列統計資料,統計期、公告地價總額[千元]/ 總計、公告地價總額[千元]/ 松山區、公告地價總額[千元]/ 信義區、公告地價總額[千元]/ 大安區、公告地價總額[千元]/ 中山區、公告地價總額[千元]/ 中正區、公告地價總額[千元]/ 大同區、公告地價總額[千元]/ 萬華區、公告地價總額[千元]/ 文山區、公告地價總額[千元]/ 南港區、公告地價總額[千元]/ 內湖區、公告地價總額[千元]/ 士林區、公告地價總額[千元]/ 北投區、調整幅度[%]/ 總計、調整幅度[%]/ 松山區、調整幅度[%]/ 信義區、調整幅度[%]/ 大安區、調整幅度[%]/ 中山區、調整幅度[%]/ 中正區、調整幅度[%]/ 大同區、調整幅度[%]/ 萬華區、調整幅度[%]/ 文山區、調整幅度[%]/ 南港區、調整幅度[%]/ 內湖區、調整幅度[%]/ 士林區、調整幅度[%]/ 北投區
臺北市公告土地現值,統計,臺北市公告土地現值時間數列統計資料,統計期、公告土地現值總額[千元]/ 總計、公告土地現值總額[千元]/ 松山區、公告土地現值總額[千元]/ 信義區、公告土地現值總額[千元]/ 大安區、公告土地現值總額[千元]/ 中山區、公告土地現值總額[千元]/ 中正區、公告土地現值總額[千元]/ 大同區、公告土地現值總額[千元]/ 萬華區、公告土地現值總額[千元]/ 文山區、公告土地現值總額[千元]/ 南港區、公告土地現值總額[千元]/ 內湖區、公告土地現值總額[千元]/ 士林區、公告土地現值總額[千元]/ 北投區、調整幅度[%]/ 總計、調整幅度[%]/ 松山區、調整幅度[%]/ 信義區、調整幅度[%]/ 大安區、調整幅度[%]/ 中山區、調整幅度[%]/ 中正區、調整幅度[%]/ 大同區、調整幅度[%]/ 萬華區、調整幅度[%]/ 文山區、調整幅度[%]/ 南港區、調整幅度[%]/ 內湖區、調整幅度[%]/ 士林區、調整幅度[%]/ 北投區
臺北市總決算累計餘絀計算表,財稅,總決算累計餘絀計算表,縣市別代碼、摘要、金額小計、金額合計、說明
臺北市動物之家相關資訊,農業,臺北市動物之家地址、電話、開放時間。,地址、電話、開放時間、網址
臺北市防洪陸閘資訊,水利,市轄防洪陸閘位置及名稱採用座標系統(TWD97_TM2)提供CSV檔案格式,項次、名稱、橋梁、經度_TWD97、緯度_TWD97
臺北市河濱生態蝴蝶,水利,臺北市淡水河、新店溪、景美溪及雙溪蝴蝶種類及相關分布位置等相關調查資料，提供CSV檔案格式，採TWD97座標系統呈現,No(項次)、Family(科名)、Name_S(學名)、Name_C(中文名稱)、Endemic(特有性)、西元年、Month(月)、Date(日)、Region(區域)、X坐標(經度TWD97)、Y坐標(緯度TWD97)、數量
臺北市河濱生態蜻蜓,水利,臺北市淡水河、新店溪、景美溪及雙溪蜻蜓種類及相關分布位置等相關調查資料，提供CSV檔案格式，採TWD97座標系統呈現,No(項次)、Family(科名)、Name_S(學名)、Name_C(中文名稱)、西元年、Month(月)、Date(日)、Region(區域)、X坐標(經度TWD97)、Y坐標(緯度TWD97)、數量
臺北市河濱生態爬蟲,水利,臺北市淡水河、新店溪、景美溪及雙溪爬蟲動物種類及相關分布位置等相關調查資料，提供CSV檔案格式，採TWD97座標系統呈現,No(項次)、Group(類別)、Family(科名)、Name_S(學名)、Name_C(中文名稱)、Endemic(特有性)、Alien、西元年、Month(月)、Date(日)、Time(時間)、Region(區域)、X坐標(經度TWD97)、Y坐標(緯度TWD97)、數量
臺北市河濱生態兩棲,水利,臺北市淡水河、新店溪、景美溪及雙溪兩棲動物種類及相關分布位置等相關調查資料，提供CSV檔案格式，採TWD97座標系統呈現,No(項次)、Group(類別)、Family(科名)、Name_S(學名)、Name_C(中文名稱)、Endemic(特有性)、Alien(外來種)、西元年、Month(月)、Date(日)、Time(時間)、Park(公園)、Region(區域)、X坐標(經度TWD97)、Y坐標(緯度TWD97)、數量、Investgat(調查人員)
臺北市河濱生態底棲,水利,臺北市淡水河、新店溪、景美溪及雙溪底棲動物種類及分布位置等相關調查資料，提供CSV檔案格式，採TWD97座標系統呈現,No(項次)、Group(類別)、Family(科名)、Name_S(學名)、Name_C(中文名稱)、Alien(外來種)、西元年、Month(月)、Date(日)、Region(區域)、TWD97_X(經度TWD97)、TWD97_Y(緯度TWD97)、數量
臺北市河濱生態鳥類,水利,臺北市淡水河、新店溪、景美溪及雙溪鳥類動物種類及相關分布位置等相關調查資料，提供CSV檔案格式，採TWD97座標系統呈現,Family(科名)、Name_S(學名)、Name_C(中文名稱)、Endemic(特有性)、Alien(外來種)、Status(狀態)、西元年、Month(月)、Date(日)、Region(區域)、X_TWD97(經度TWD97)、Y_TWD97(緯度TWD97)、數量、Investgat(調查人員)
臺北市已核發之廢食用油回收工作證清除機構名單,環保,提供合格廢食用油回收清除機構以便民眾查詢，避免廢食用油流向不明。,"序號、縣市別、縣市代碼、清除機構、許可證字號、公司電話、管制編號
"
Taipeizoo_DisplayAreas,教育,臺北市立動物園館區介紹,"Code、E_Category、E_Name、E_Pic_URL、E_Info、E_Longitude、E_Latitude
"
臺北市稅捐稽徵處員工人數,統計,臺北市稅捐稽徵處員工人數統計資料,統計標準分類項目、統計數值類型、男性人數、女性人數、主管人數
臺北市強降雨災害河川、海岸及區域排水損失情形統計,水利,依據發生強降雨災害編製。,日期、受災區域、工程數量、災害受損狀況、預估損失經費金額、預估搶修及復建經費金額、備註
臺北市河濱公園自行車道里程牌,水利,提供河濱公園自行車道里程牌提供CSV檔案格式，採WGS84及TWD97座標系統呈現。,里程牌名稱、經度、緯度、TWD97X、TWD97Y
臺北市水利處閘閥門,水利,市轄閘閥門位置及名稱採用座標系統TWD97-TM2(zone121)座標提供CSV檔案格式,Name(閘閥門名稱)、閘門類別、閥門類別、尺寸、數量、河系名稱、行政區域、管理單位別、X坐標、Y坐標
臺北市政府工務局水利工程處歷年防汛搶險演練,水利,水利處歷年辦理防汛搶險演練基本資料，提供CSV檔,序號、年度、辦理日期、辦理地點
臺北市廢食用油資訊,環保,"一、民眾建議提供廢棄管道、法源依據、罰則、合格清除機構名單宣導資訊等相關資料。
二、臺北市環境保護局將以現有資料提供常見問答，俾利民眾查詢。",機關名稱、機關代碼、類別、提問、答覆、相關連結網址、相關連結說明
臺北市降雨積水模擬圖（112年更新版）,水利,"本市短延時強降雨條件下（78.8mm/h、100mm/h、130mm/h）之可能積水範圍、可能積水深度。
（※深度15公分以下之地表逕流不顯示於圖面中）圖資為KML格式、圖層空間參考系統座標是WGS84座標。

本圖資係基於設計降雨條件及特定年份地形資料下，運用客觀水理模式經數值模擬演算而得。由於實際降雨在空間分布上因地形效應及當時大氣條件而極度不均勻，且氣象及水文條件具不確定性，故本圖資無法模擬未來單一颱洪事件之實際淹水狀況，參考使用時應特別留意此情形。

另依經濟部「水災潛勢資料公開辦法」規定及水利署淹水潛勢圖於「政府資料開放平臺」說明，淹水潛勢圖僅供防救災相關業務使用，不適合作為土地使用管制或土地利用及其他相關措施之判定依據。",GRIDCODE、depth、case、year、AGENCYCODE
臺北市河川區域線,工務,"本市河川區域線位置,提供KML格式",RIVER、RIVERCODE、AREA、AREACODE、AGENCYCODE
臺北市水利處易積水地區,水利,臺北市易積水地區範圍，提供KML格式,DISTRICT、AREACODE、SCOPE、LOCATION、AGENCYCODE
臺北市政府警察局名稱及地址,治安,警察局各分局、派出所地址等資料,"縣市別代碼、name、content、display_addr、poi_addr
"
臺北市堤防起迄點位資料集,水利,"本市堤防起迄位置資料集,提供TWD97及WGS84座標",堤防名稱、堤防位置、TWD97X、TWD97Y、Longitude、Latitude
臺北市特殊景點彩繪區,觀光,"本市特殊景點彩繪區點位位置,提供CSV檔","NO、特殊景點彩繪區名稱、特殊景點位置、Longitude、Latitude
"
臺北市河濱公園遊戲區,水利,臺北市29座河濱公園遊戲區相關設施及座落位置，提供CSV檔案格式，採TWD97及WGS84座標系統呈現,地點、設施、緯度_WGS84、經度_WGS84、緯度_TWD97、經度_TWD97
臺北市河濱公園塗鴉區,水利,臺北市河濱公園塗鴉區位置描述及開放塗鴉面積，提供CSV檔案格式，採TWD97及WGS84座標系統呈現,編號、行政區、河濱公園、位置地點、面積（平方公尺）、緯度_TWD97、經度_TWD97、緯度_WGS84、經度_WGS84
臺北市自行車可通行之橋樑,水利,"自行車可通行之橋樑,WGS84座標",no(項次)、Riverside_Park(河濱公園)、Location(地點)、Latitude(緯度)、Longitude (經度)
臺北市河濱休憩點,水利,各自行車休憩點位置，提供CSV檔案格式，採WGS84座標系統呈現,Riverside_Park(河濱公園)、Location(地點)、Latitude(緯度)、Longitude(經度)、Type(型式)
臺北市河濱自行車租借站、租借費率、提供免費飲水、打氣及簡易維修服務,水利,河濱自行車租借站及租借費率說明，提供CSV檔案格式，採TWD97及WGS84座標系統呈現,名稱、河濱公園、位置、營業時間、電話、服務資訊、租借費率、緯度TWD97、經度TWD97、緯度WGS84、經度WGS84
臺北市河濱求救點資訊,水利,河濱求救點位置標示牌及自行車里程牌，提供CSV檔案格式，採WGS84座標系統呈現,名稱、河系、管理站、經度、緯度
臺北市疏散門資訊,水利,臺北市疏散門編號及座落位置描述，提供CSV檔案格式，採WGS84座標系統呈現,Riverside_Park(河濱公園)、Name(名稱)、Description(位置描述)、Longitude、Latitude
臺北市藍色公路碼頭,水利,藍色公路碼頭位置，提供CSV檔案格式，採WGS84座標系統呈現,no(項次)、Riverside_Park(河濱公園)、Location(地點)、Latitude(緯度)、	Longitude(經度)
臺北市河流,水利,市轄河川主流及支流位置及名稱,PARCCID、大分類、英文代碼、簡稱、全名、RGBID、CHN、SHAPE_AREA、SHAPE_LEN
臺北市河濱輕食區,水利,河濱輕食區位置，提供CSV檔案格式，採WGS84及TWD97座標系統呈現,河濱公園、地點、經度WGS84、緯度WGS84、經度TWD97、緯度TWD97、餐飲種類、營業時間
臺北市自行車道(河濱),水利,臺北市河濱自行車道路線介紹，提供KML檔案格式,LENGTH(KM)、TIME、MRT、DRIVE、CONNECT
臺北市水利處抽水站,水利,市轄抽水站位置及名稱採用座標系統TWD97-TM2(zone121)座標提供CSV檔案格式,NO、站名、河系、行政區域、建置日期、管理單位、X坐標、Y坐標
臺北市水利處雨量站,水利,全市雨量站位置，採用座標系統TWD97-TM2,TOWN(行政區)、STATIONID(水利處站碼)、NAME(站名)、經度、緯度
臺北市自行車河濱出入口,水利,"自行車河濱出入口說明,WGS84座標",Riverside_Park、Location、Latitude、Longitude、TYPE
臺北市YouBike潛在需求預測,交通,"根據YouBike交易、調度、信令人口資料建模，預測臺北市的潛在用車需求。
將全市以 250*250 公尺的網格切分(配合信令人口)，各網格條件分為可設站及無法設站，其中無法設站類型包含山區、土地限制及特殊條件。
土地限制為根據國土利用現況調查結果不適合開發之區域，特殊條件為軍方用地或無設站空間。
預測需求量透過機器學習方法LightGBM建模，對各網格預測每小時的借車與還車量，再轉換為建議設置車柱。目前僅提供可設站但還未未設站網格的預測值。
需求柱數15以下為極低、15~79為低、79~142為中低、142~205為中、205~269為中高、269以上為高。 
資料分析範圍為112年7月整。",class(類型)、category(需求等級)、city(縣市別)、county_code(縣市別代碼)、agency_codes(機關代碼)、geometry(網格座標)
臺北市路燈(57年到81年),統計,"臺北市路燈(57年到81年)時間數列統計資料
",統計期、總數[盞]、白熱燈數/合計[盞]、白熱燈數/100W[盞]、白熱燈數/200W[盞]、白熱燈數/250W[盞]、白熱燈數/400W[盞]、白熱燈數/500W[盞]、日光燈數/合計[盞]、日光燈數/10W[盞]、日光燈數/20W[盞]、日光燈數/30W[盞]、日光燈數/40W[盞]、水銀燈數/合計[盞]、水銀燈數/80W以下[盞]、水銀燈數/100W[盞]、水銀燈數/125至175W[盞]、水銀燈數/200W[盞]、水銀燈數/250W[盞]、水銀燈數/360至400W[盞]、水銀燈數/1000至2000W[盞]、水銀燈數/其他[盞]、鈉光燈數[盞]
臺北市路燈(82年到103年),統計,"臺北市路燈(82年到103年)時間數列統計資料
",統計期、總數[盞]、鈉光燈數/合計[盞]、鈉光燈數/150W[盞]、鈉光燈數/250W[盞]、鈉光燈數/400W[盞]、鈉光燈數/其他[盞]、日光燈數/合計[盞]、日光燈數/T5[28]W[盞]、日光燈數/20W[盞]、日光燈數/40W[盞]、日光燈數/其他[盞]、水銀燈數/合計[盞]、水銀燈數/100W[盞]、水銀燈數200W[盞]、水銀燈數/400W[盞]、水銀燈數/其他[盞]、LED燈數[盞]、其他路燈數[盞]
臺北自來水事業處設備(水表數),統計,臺北自來水事業處設備(水表數)時間數列統計資料,統計期、水表使用情形別、總數量[具]、口徑20毫米以下數量[具]、口徑25毫米數量[具]、口徑40毫米數量[具]、口徑50毫米數量[具]、口徑75毫米數量[具]、口徑100毫米數量[具]、口徑150毫米數量[具]、口徑200至300毫米數量[具]
臺北市防洪設施,統計,臺北市防洪設施時間數列統計資料,統計期、河流別、堤防長度/合計[公尺]、堤防長度/混凝土堤防[公尺]、堤防長度/土堤防[公尺]、護岸長度[公尺]、丁壩數[座]、抽水站數[處]、閘門數[座]、自動閥門數[座]、疏散門數[處]
臺北市防洪工程,統計,臺北市防洪工程時間數列統計資料,統計期、環境改善工程長度/堤防[公尺]、環境改善工程長度/護岸[公尺]、歲修工程長度/堤防[公尺]、歲修工程長度/護岸[公尺]、防災減災工程長度/堤防[公尺]、防災減災工程長度/護岸[公尺]、災修及搶修工程長度/堤防[公尺]、災修及搶修工程長度/護岸[公尺]
臺北市市議員按年齡與性別,統計,臺北市市議員按年齡與性別時間數列統計資料,統計期、選舉屆期別、性別、總計[人]、未滿25歲[人]、25至29歲[人]、30至34歲[人]、35至39歲[人]、40至44歲[人]、45至49歲[人]、50至54歲[人]、55至59歲[人]、60歲以上[人]
臺北市事業單位勞工檢查次數(82年以後),統計,"臺北市事業單位勞工檢查次數(82年以後)時間數列統計資料
",統計期、事業單位勞工檢查次數/一般行業勞動條件檢查[次]、事業單位勞工檢查次數/一般行業安全衛生檢查[次]、事業單位勞工檢查次數/營造業勞動條件檢查[次]、事業單位勞工檢查次數/營造業安全衛生檢查[次]、事業單位勞工檢查次數/專業檢查[次]、事業單位勞工檢查次數/危險性機械及設備檢查[次]、事業單位勞工檢查次數/礦場安全衛生檢查[次]、列管特別危害健康作業/辦理健康檢查事業單位數[家次]、列管特別危害健康作業/從事特別危害健康作業勞工人數[人]
臺北市政府暨所屬機關現任編制職員數按年齡與性別—87年以後,統計,臺北市政府暨所屬機關現任編制職員數按年齡與性別—87年以後時間數列統計資料,統計期、性別、總計[人]、24歲以下[人]、25至29歲[人]、30至34歲[人]、35至39歲[人]、40至44歲[人]、45至49歲[人]、50至54歲[人]、55至59歲[人]、60至64歲[人]、65歲以上[人]、平均年齡[歲]
臺北市政府暨所屬機關現任編制職員數按年齡與機關性質別—87年以後,統計,臺北市政府暨所屬機關現任編制職員數按年齡與機關性質別—87年以後時間數列統計資料,統計期、機關性質別、總計[人]、24歲以下[人]、25至29歲[人]、30至34歲[人]、35至39歲[人]、40至44歲[人]、45至49歲[人]、50至54歲[人]、55至59歲[人]、60至64歲[人]、65歲以上[人]、平均年齡[歲]
臺北市政府暨所屬機關現任編制職員數按年齡別(57年至86年),統計,臺北市政府暨所屬機關現任編制職員數按年齡別-57年至86年時間數列統計資料,"統計期、總計[人]、未滿20歲[人]、20至29歲[人]、30至39歲[人]、40至49歲[人]、50至59歲[人]、60歲以上[人]、平均年齡[歲]
"
臺北市事業廢棄物再利用者登記資料,環保,臺北市事業廢棄物再利用者登記資料、管制編號、名稱、地址、廢棄物來源、檢核通過日期、檢核到期日期、批發零售業等資訊,序號、管制編號、機構名稱、機構電話、機構地址、再利用廢棄物、最大月再利用量（公噸/月）、廢棄物來源、再利用用途、檢核通過日期、檢核到期日期、批發零售業
Taipei Zoo_schedule,觀光,Taipei Zoo Event Schedule,D_Category、D_Title、D_Summary、D_Brief、D_StartDate、D_EndDate、D_Time、D_Location、D_Geo、D_AddDate、D_RemoveDate、D_Keywords、D_Pic_Alt、D_Pic_URL、D_site_URL、D_Address、D_Site
臺北市老人福利服務_教育宣導及人才培訓參加人數,社福,提供臺北市老人福利服務_教育宣導及人才培訓參加人數資料,年/半年、教育宣導參加總人數、教育宣導/宣導老人福利服務業務參加人數、教育宣導/其他媒體宣導活動參加人數、人才培訓參加總人數、人才培訓/志願服務人員參加人數、人才培訓/專業人員參加人數
臺北市環境影響評估案件統計,環保,通過環境影響評估審查之開發行為統計,"年份、工廠之設立及園區之開發件數、道路,鐵路,大眾捷運系統,港灣及機場之開發件數、土石採取及探礦,採礦件數、蓄水,供水,抽水,引水,防洪排水工程之開發件數、農,林,漁,牧地之開發利用件數、遊樂,風景區,高爾夫球場,運動場地之開發件數、文教,醫療建設之開發件數、新市區建設及高樓建築或舊市區更新件數、環境保護工程之興建件數、核能及其他能源之開發及放射性廢棄物貯存或處理設施之興建件數、其他件數"
臺北市環評個案監督及處分情形,環保,臺北市環境影響評估個案監督及處分情形統計,年份、月份、列管開發行為（件）、監督次數、處分情形（次）
臺北市消防設備(57年至85年),統計,"臺北市消防設備(57年至85年)時間數列統計資料
",統計期、主要消防車輛數/消防指揮車[輛]、主要消防車輛數/雲梯消防車[輛]、主要消防車輛數/化學消防車[輛]、主要消防車輛數/水箱消防車[輛]、主要消防車輛數/吉普消防車[輛]、主要消防車輛數/器材車[輛]、主要消防車輛數/救護車[輛]、消防船救生艇數[艘]、動力消防幫浦數[臺]、主要消防器材數/消防水帶[條]、主要消防器材數/消防衣鞋帽[套]、主要消防器材數/救生衣[件]、主要消防器材數/防毒面具[個]、主要消防器材數/防煙面罩[個]、主要消防器材數/乾粉滅火器[個]、主要消防器材數/二氧化碳滅火器[個]、主要消防器材數/泡沫滅火器[個]、主要消防器材數/消防梯[架]、消防栓數量[支]
臺北市汽車運輸業家數及車輛數,統計,臺北市汽車運輸業家數及車輛數時間數列統計資料,統計期、家數/車數、總計[家；輛]、遊覽車客運業[家；輛]、車行計程車客運業[家；輛]、計程車運輸合作社[家；輛]、個人計程車客運業[家；輛]、汽車貨運業[家；輛]、小客貨車租賃業[家；輛]、市區汽車客運業[家；輛]、公路汽車客運業[家；輛]
臺北市育幼院收容兒童按年齡別,統計,臺北市育幼院收容兒童按年齡別時間數列統計資料,統計期、性別、總計[人]、0至2歲[人]、3至5歲[人]、6至8歲[人]、9至11歲[人]、12至14歲[人]、15歲以上[人]
社會福利統計_臺北市低收入戶及中低收入戶申請,社福,社會福利統計_低收入戶及中低收入戶申請資料呈現於【社會局局網>統計資料 > 預告統計資料發布時間表】,民國年、季、申請數量、核定低收入戶通過數量、核定中低收入戶通過數量
臺北市兒童與少年服務_早療通報轉介中心及社區資源中心,社福,提供臺北市兒童與少年服務_早療通報轉介中心及社區資源中心聯絡資訊,機構類型、機構名稱、地址、行政區代碼、電話
臺北市身心障礙者服務_家庭托顧服務費用,社福,提供臺北市身心障礙者服務-家庭托顧服務費用,身分別、托顧類型、障礙類別、每月分攤費用金額、社會局補助金額、使用者自付金額
臺北市性侵害案件一站式服務醫療院所,社福,提供性侵害案件一站式服務醫療院所聯絡資訊,機構類型、機構名稱、地址、行政區代碼、電話
臺北市兒童與少年服務_臺北市政府早期療育聯合評估中心暨評估鑑定醫院,社福,提供臺北市政府早期療育聯合評估中心暨評估鑑定醫院聯絡資訊,序號、機構類型、機構名稱、地址、電話
臺北市兒童與少年服務_早療社區療育服務,社福,提供臺北市兒童與少年服務_早療社區療育服務資訊,序號、機構名稱、行政區代碼、地址、電話、服務內容
臺北市身心障礙者服務_臺北市復康巴士,社福,提供臺北市身心障礙者服務_臺北市復康巴士資訊,序號、機構類型、機構名稱、地址、電話
臺北市社福人口分佈情形,社福,提供中低收、低收及身障人口分佈情形資料,序號、行政區、行政區代碼、性別、出生日期
臺北市社會福利常見問答,社福,提供社會福利常見問答,項目、資料連結路徑、點閱數量、公告日期、問題數量
臺北市各級學校暨幼兒園班級數(103年以後),統計,臺北市各級學校暨幼兒園班級數(103年以後)時間數列統計資料,統計期、公私立別、系所數/高等學校/總計、系所數/高等學校/大學校院、系所數/高等學校/專科學校、科系數/高等學校/大學校院、科系數/高等學校/專科學校、研究所數、班級數/中等學校/總計、班級數/中等學校/高級中等學校/總計、班級數/中等學校/高級中等學校/普通科、班級數/中等學校/高級中等學校/綜合高中、班級數/中等學校/高級中等學校/專業群[職業科]、班級數/中等學校/高級中等學校/實用技能學程、班級數/中等學校/高級中等學校/進修部[學校]、班級數/中等學校/國民中學、班級數/國民小學、班級數/幼兒園、班級數/特殊教育
臺北市兒童與少年服務_早療機構,社福,提供臺北市兒童與少年服務_早療機構資訊,機構類型、機構名稱、地址、行政區代碼、電話
臺北捷運車站出入口座標,交通,臺北捷運各車站出入口座標資料,項次、出入口名稱、出入口編號、經度、緯度、是否為無障礙用
臺北市環境用藥管理成果統計,環保,臺北市環境用藥管理(查核及宣導)成果統計,編號、機關名稱、機關代碼、地區、統計項目、數量
臺北市職災慰問金發放統計,勞動,本市歷年職災慰問金發放件數及金額統計表,行政區、年度、月份、發放人次、發放金額（千元）
臺北市政府教育局志工表揚名單,教育,臺北市政府教育局志願服務貢獻獎名單,序號、服務時數【統計數值】、姓名、性別、志願服務運用單位、審查機關
臺北捷運列車到站站名,交通,提供臺北捷運文湖線、淡水信義線、松山新店線、中和新蘆線以及板南線之列車進入月台之車站站名、行駛方向等資料。,Station(列車進入月台車站站名)、StationEn(列車進入月台英文車站站名)、Destination(行駛目的地站名)、DestinationEn(行駛目的地英文站名)、UpdateTime(資料更新時間)
臺北市地區農會信用部地址一覽表,農業,臺北市地區農會信用部地址一覽表。,序號、名稱、地址、電話、備註
臺北市政府體育局開放式運動場地開放時間及收費基準表,觀光,臺北市政府體育局開放式運動場地開放時間及收費基準表，內容包含開放式運動場地種類、每小時場地使用收費金額（元）、每小時照明收費金額（元）、其他收費項目（元）、備註,開放式運動場地種類、每小時場地使用收費金額（元）、每小時照明收費金額（元）、其他收費項目（元）、備註
臺北捷運系統相鄰兩站間之行駛時間、停靠站時間,交通,提供臺北捷運系統所有相鄰兩站間之行駛時間、停靠站時間,SeqNo、stationbus、stationA、stationB、traveltime、SeqNo、stoptime、UpdateTime、EffectiveDate
臺北市所轄公立高中職以下有游泳池學校一覽表,教育,臺北市所轄公立高中職以下有游泳池學校一覽表，有學校配置救生員員額，泳池面積,郵遞區號、行政區、單位名稱、泳池種類（1.冷水池；2.溫水池；3.新建中）、開放狀態（1.對外開放；2.未開放）、營運模式（1.委外；2.自營；3.部分時段委外）、長（m）、寬（m）、面積、配置救生員人數
臺北捷運車站無障礙設施資料,交通,臺北捷運車站各種無障礙設施設置情形資料,Line、Station_Number、Station_Name、Station_Form、PAO、Elevator_and_Wheelchair_Ramps、Ticket_Gates_for_the_Disabled、Toilet_Facilities_for_Disabled、Reserved_Spaces_for_Wheelchairs、Doors_Open_Side、Elevator、Anti_slip_Strips、Train_Destination_Announcements、Public_Address_System、Priority_Seats_for_Visually_Impaired_Passengers、Tactile_Guide_Paths_quantity、Passenger_Information_Display_Systems_count、door_indicator_light_count、Train_Passenger_Information_Systems_quantity、1999_Sign_Language_Service_quantity
臺北捷運車站出口公車資訊,交通,臺北捷運車站各出口周邊公車路線號及方向,序號、車站、出口、公車名稱、最後更新日期
臺北捷運車站i郵箱基本資料,交通,臺北捷運各車站設置i郵箱基本資料,"項次、線別、車站、位置、更新日期
"
臺北捷運車站無障礙電梯位置,交通,臺北捷運車站無障礙電梯位置資料,路線別、車站名稱、車站編號、電梯位置、更新日期
臺北市土壤液化分析鑽井圖層資料,工務,"臺北市土壤液化分析鑽井圖層資料
提供TWD97 及 WGS84座標",proj_no、proj_name、hole_point、coord_x、coord_y、wt_depth、depth、PL、geometry
臺北捷運轉乘車站轉乘步行時間,交通,提供臺北捷運所有轉乘車站之轉乘步行估計時間,轉乘車站、轉乘步行時間、UpdateTime、EffectiveDate
臺北捷運路線車站資料服務,交通,臺北捷運路線車站資料,SEQNO、LineID、Stations、UpdateTime、Valid Time
臺北捷運車站出入口無障礙電梯、無障礙坡道GPS座標,交通,臺北捷運車站出入口設置無障礙電梯、無障礙坡道GPS座標資料,項次、出入口電梯/無障礙坡道名稱、出入口編號、經度、緯度
臺北市職業安全衛生教育訓練機構,勞動,本市轄內依法設立職業訓練機構之非營利法人，辦理推廣安全衛生之績效良好且與其設立目的相符，並經中央主管機關認可者。,訓練單位名稱、電話、郵遞區號、地址、行政區:臺北市
美沙冬跨區給藥服務機構清單（11406）,醫療,心理及口腔健康司公告之美沙冬跨區給藥服務機構清單。,序號、機構名稱、機構地址、聯絡電話、分機、平日給藥時間、假日給藥時間、其他給藥時間、轉入掛號費、跨區給藥服務費、轉出掛號費、跨區給藥評估費、注意事項
臺北市原民會族語學習教室,教育,每年公告線上族語學習教室及介紹,序號、民國年、場館名稱、網站內容、單位、統一編號
臺北市原住民場館介紹,族群,介紹臺北市原住民族場館,民國年、場館名稱、說明、單位名稱、統一編號
臺北市取締併排停車前十大路口件數表,交通,提供臺北市違規併排停車前十名地點及件數統計資料。,"序號、年度、縣市、縣市代碼、路口名、筆數
"
臺北市取締超速前十大路段件數表,交通,提供臺北市違規超速前十名地點及件數統計資料。,序號、年度、縣市、縣市代碼、路段名、筆數
臺北市A3交通事故資料,交通,提供臺北市A3類交通事故件數。,年度、縣市、縣市代碼、交通事故類別、筆數
臺北市違規左轉前十大違規路口件數表,交通,提供臺北市歷年違規左轉前十名違規地點及件數統計資料。,序號、年度、縣市、縣市代碼、前十大違規路口、筆數
臺北市舉發交通違規明細表,交通,提供臺北市歷年舉發交通違規項目、金額、件數明細資料。,年度、縣市、縣市代碼、違規罰單法條、舉發筆數
臺北市特殊教育學校學生年齡別統計,教育,113學年臺北市特殊教育學校學生數按年齡別及性別分,項次、年齡別及性別、總計【人】、幼兒部【人】、國小部合計【人】、國小部一年級【人】、國小部二年級【人】、國小部三年級【人】、國小部四年級【人】、國小部五年級【人】、國小部六年級【人】、國中部合計【人】、國中部一年級【人】、國中部二年級【人】、國中部三年級【人】、高中職部合計【人】、高中職部一年級【人】、高中職部二年級【人】、高中職部三年級【人】
臺北市政府警察局勸導少年偏差行為執行成果,治安,警察局勸導少年偏差行為執行成果統計,年度、加暴行於人或互相鬥毆未至傷害人數、深夜遊蕩形跡可疑經詢無正當理由人數、逃學或逃家人數、出入酒家（店）夜店限制級電子遊戲場及其他涉及賭博色情暴力等經主管機關認定足以危害身心健康之場所人數、吸菸飲酒嚼檳榔或使用其他有害身心健康之物質人數、其他人數
臺北市酒後駕車事故統計表,交通,"1.資料來源：道安資訊查詢網:交通事故統計快覽https://roadsafety.tw
2.統計條件：凡駕駛人(汽車、機車、動力機械、慢車)酒駕(經呼氣檢測超過0.15mg/L)發生事故，所造成人員(包含當次事件波及之所有駕駛人、乘客、行人)死亡人數、受傷人數。",年度、縣市、縣市代碼、死亡人數、受傷人數
臺北市政府警察局少年(兒童)犯罪狀況,治安,警察局辦理少年(兒童)犯罪狀況統計,年度、總計人次、詐欺人次、竊盜人次、一般傷害人次、妨害秩序人次、毒品人次、妨害性自主人次、妨害自由人次、妨害名譽人次、暴力犯罪人次、其他人次
臺北市社教機構分佈圖(含社區大學),教育,臺北市社教機構聯絡方式、電話、網際網路網址,name、url、addr、tel、fax、lat、lon
臺北市政府警察局業務職掌,治安,警察局業務職掌,項次、機關代碼、科室別、電話、業務職掌
臺北市現有警力配置,治安,警察局現有警力配置統計,"序號、單位、編制員額數量、預算員額數量、現有員額數量
"
臺北市警察人員死亡人數,治安,警察人員死亡人數統計,序號、機關、機關代碼、年度、人數
臺北市防空警報臺數量,統計,臺北市防空警報臺數量統計,機關代碼、項目別、遙控警報臺數、人工警報臺數、堪用警報臺數
臺北市警察人員受傷人數,治安,臺北市警察人員受傷人數統計,序號、機關、機關代碼、年度、人數
臺北市民防團隊年度訓練成果,治安,臺北市民防團隊年度訓練成果統計,序號、機關代碼、年度、單位、常年訓練人數
臺北市處理集會遊行發生數統計,治安,警察局處理集會遊行發生數統計,序號、機關代碼、年度、月份、件數
臺北市供氣區域分布表,經濟,臺北市四家公用天然氣事業供氣區域分布。,序號、公司名稱、轄區、縣市、縣市代碼
臺北市立案補習班資訊,教育,臺北市立案補習班名稱地址聯絡資訊、立案日期、教室面積和立案文號,序號、主管機關文件代碼、補習班中文名稱、補習班中文住址、電話、立案日期、立案文號、教室數、教室面積、班舍總面積
臺北市15歲以上人口勞動力狀況及指標,統計,臺北市15歲以上人口勞動力狀況及指標按年別時間數列統計資料,統計期、性別、總人口[千人]、15歲以上民間人口[千人]、15歲以上勞動力人口[千人]、15歲以上勞動力人口/就業者[千人]、15歲以上勞動力人口/失業者[千人]、15歲以上非勞動力人口[千人]、勞動力參與率[%]、就業者平均每週工時[時]、失業率[%]
臺北市各區農會地址一覽表,農業,臺北市各區農會地址一覽表。,農會名稱、郵遞區號、農會地址、電話、備註
臺北市米榖種植面積及產量,統計,臺北市米榖種植面積及產量時間數列統計資料,統計期、稻米別、種植面積[公頃]、產量[公斤]、平均產量[公斤/公頃]
臺北市托兒及兒童少年福利機構概況,統計,臺北市托兒及兒童少年福利機構概況時間數列統計資料,統計期、幼兒園總所數、幼兒園總可收托人數、公立幼兒園數、公立幼兒園可收托人數、私立幼兒園數、私立幼兒園可收托人數、公設民營幼兒園數、公設民營幼兒園可收托人數、私立兒童課後照服中心家數、私立兒童課後照服中心可收容人數、私立兒童課後照服中心專業人員總數、私立兒童課後照服中心照服人員數、托嬰中心所數、托嬰中心可收容人數、托嬰中心專業人員總數、托嬰中心托育人員數、親子館家數、親子館使用人次、育幼院總家數、育幼院總實際收容人數/合計、育幼院總實際收容人數/男、育幼院總實際收容人數/女、公立育幼院家數、公立育幼院實際收容人數/合計、公立育幼院實際收容人數/男、公立育幼院實際收容人數/女、私立育幼院家數、私立育幼院實際收容人數/合計、私立育幼院實際收容人數/男、私立育幼院實際收容人數/女、其他安置及教養機構家數、其他安置及教養機構實際收容人數/合計、其他安置及教養機構實際收容人數/男、其他安置及教養機構實際收容人數/女、心理輔導或家庭諮詢家數、心理輔導或家庭諮詢機構服務人次/總計、心理輔導或家庭諮詢機構服務人次/男、心理輔導或家庭諮詢機構服務人次/女、兒童及少年福利服務中心家數、兒童及少年福利服務中心服務人次/總計、兒童及少年福利服務中心服務人次/男、兒童及少年福利服務中心服務人次/女
臺北市灌溉服務面積,統計,臺北市灌溉服務面積時間數列統計資料,統計期、灌溉服務面積[公頃]、灌溉排水服務面積/總計[公頃]、灌溉排水服務面積/灌溉專用/合計[公頃]、灌溉排水服務面積/灌溉專用/兩期作田[公頃]、灌溉排水服務面積/灌溉專用/單期作田[公頃]、灌溉排水服務面積/灌溉專用/輪作田[公頃]、灌溉排水服務面積/灌溉專用/旱田[公頃]、灌溉排水服務面積/農排下游具引灌需求/合計[公頃]、灌溉排水服務面積/農排下游具引灌需求/兩期作田[公頃]、灌溉排水服務面積/農排下游具引灌需求/單期作田[公頃]、灌溉排水服務面積/農排下游具引灌需求/輪作田[公頃]、灌溉排水服務面積/農排下游具引灌需求/旱田[公頃]、灌溉排水服務面積/農排下游不具引灌需求/合計[公頃]、灌溉排水服務面積/農排下游不具引灌需求/水田[公頃]、灌溉排水服務面積/農排下游不具引灌需求/旱田[公頃]
臺北市信用合作社,統計,臺北市信用合作社時間數列統計資料,統計期、分支機構數/分社[家]、分支機構數/儲蓄部[家]、社員數/個人[人]、社員數/法人[人]、社員數/社員代表[人]、職工人數/總計[人]、職工人數/理事[人]、職工人數/監事[人]、職工人數/職員[人]、職工人數/臨時人員[人]、職工人數/工友[人]、股數[股]、每股金額[元]、已繳股金[千元]
臺北市主要觀光遊憩區遊客人次,統計,臺北市主要觀光遊憩區遊客人次時間數列統計資料,統計期、國立故宮博物院遊客人次、市立美術館遊客人次、國民革命忠烈祠遊客人次、國立歷史博物館遊客人次、國立臺灣科學教育館遊客人次、國立臺灣藝術教育館遊客人次、市立動物園遊客人次、市立兒童新樂園遊客人次、市立天文科學教育館遊客人次、兒童交通博物館遊客人次、客家文化主題公園遊客人次、小巨蛋遊客人次、青年局場館遊客人次、國立國父紀念館遊客人次、士林官邸公園遊客人次、林安泰古厝民俗文物館遊客人次、順益臺灣原住民博物館遊客人次、陽明公園[陽明山]遊客人次、二二八紀念館遊客人次、國立中正紀念堂遊客人次、臺北自來水園區遊客人次、龍山寺遊客人次、關渡自然公園遊客人次、台北當代藝術館遊客人次、北投溫泉博物館遊客人次、林語堂故居遊客人次、圓山別莊遊客人次、台北探索館遊客人次、凱達格蘭文化館遊客人次、台北101遊客人次、美麗華百樂園摩天輪遊客人次、臺北市孔廟遊客人次、梅庭遊客人次、大龍峒保安宮遊客人次、台北霞海城隍廟遊客人次、臺北流行音樂中心遊客人次、臺北表演藝術中心遊客人次、西門紅樓遊客人次、草山行館遊客人次、寶藏巖遊客人次、芝山文化生態綠園遊客人次、西門町商圈遊客人次、松山文創園區遊客人次、華山1914文化創意產業園區遊客人次、台北植物園遊客人次
臺北市查緝經濟犯罪績效統計表,治安,臺北市109年迄今查緝經濟犯罪績效統計表,年度、單位、違反金融件數、違反金融人數、囤積哄抬民生物資件數、囤積哄抬民生物資人數、違反石油管理法件數、違反石油管理法人數、走私件數、走私人數、產製或販賣私劣酒件數、產製或販賣私劣酒人數、盜採砂或土石件數、盜採砂或土石人數、濫或盜伐林木件數、濫或盜伐林木人數、濫墾林地或山坡地件數、濫墾林地或山坡地人數、非法食品件數、非法食品人數、非法藥物件數、非法藥物人數、其他經濟案件件數、其他經濟案件人數、違反洗錢防制法件數、違反洗錢防制法人數
臺北市環境音量監測不合格情形(99年以後),統計,"臺北市環境音量監測不合格情形(99年以後)時間數列統計資料
",統計期、一般地區監測站數[站數]、一般地區監測時段數[時段數]、一般地區不合格時段數按時段別/總計[時段數]、一般地區不合格時段數按時段別/日間[時段數]、一般地區不合格時段數按時段別/晚間[時段數]、一般地區不合格時段數按時段別/夜間[時段數]、一般地區不合格時段百分比按時段別/總計[%]、一般地區不合格時段百分比按時段別/日間[%]、一般地區不合格時段百分比按時段別/晚間[%]、一般地區不合格時段百分比按時段別/夜間[%]、一般地區不合格時段數按管制區別/總計[時段數]、一般地區不合格時段數按管制區別/第一類管制區[時段數]、一般地區不合格時段數按管制區別/第二類管制區[時段數]、一般地區不合格時段數按管制區別/第三類管制區[時段數]、一般地區不合格時段數按管制區別/第四類管制區[時段數]、一般地區不合格時段百分比按管制區別/總計[%]、一般地區不合格時段百分比按管制區別/第一類管制區[%]、一般地區不合格時段百分比按管制區別/第二類管制區[%]、一般地區不合格時段百分比按管制區別/第三類管制區[%]、一般地區不合格時段百分比按管制區別/第四類管制區[%]、道路交通監測站數[站數]、道路交通監測時段數[時段數]、道路交通不合格時段數按時段別/總計[時段數]、道路交通不合格時段數按時段別/日間[時段數]、道路交通不合格時段數按時段別/晚間[時段數]、道路交通不合格時段數按時段別/夜間[時段數]、道路交通不合格時段百分比按時段別/總計[%]、道路交通不合格時段百分比按時段別/日間[%]、道路交通不合格時段百分比按時段別/晚間[%]、道路交通不合格時段百分比按時段別/夜間[%]、道路交通不合格時段數按管制區別/總計[時段數]、道路交通不合格時段數按管制區別/第一類管制區[時段數]、道路交通不合格時段數按管制區別/第二類管制區[時段數]、道路交通不合格時段數按管制區別/第三類管制區[時段數]、道路交通不合格時段數按管制區別/第四類管制區[時段數]、道路交通不合格時段百分比按管制區別/總計[%]、道路交通不合格時段百分比按管制區別/第一類管制區[%]、道路交通不合格時段百分比按管制區別/第二類管制區[%]、道路交通不合格時段百分比按管制區別/第三類管制區[%]、道路交通不合格時段百分比按管制區別/第四類管制區[%]
臺北市環境音量監測不合格情形(88至98年),統計,"臺北市環境音量監測不合格情形(88至98年)時間數列統計資料
",統計期、一般地區監測站數[站數]、一般地區監測時段數[時段數]、一般地區不合格時段數按時段別/總計[時段數]、一般地區不合格時段數按時段別/早[5~7時][時段數]、一般地區不合格時段數按時段別/日[7~20時][時段數]、一般地區不合格時段數按時段別/晚[20~22時][時段數]、一般地區不合格時段數按時段別/夜[22~5時][時段數]、一般地區不合格時段百分比按時段別/總計[%]、一般地區不合格時段百分比按時段別/早[5~7時][%]、一般地區不合格時段百分比按時段別/日[7~20時][%]、一般地區不合格時段百分比按時段別/晚[20~22時][%]、一般地區不合格時段百分比按時段別/夜[22~5時][%]、一般地區不合格時段數按管制區別/總計[時段數]、一般地區不合格時段數按管制區別/第一類管制區[時段數]、一般地區不合格時段數按管制區別/第二類管制區[時段數]、一般地區不合格時段數按管制區別/第三類管制區[時段數]、一般地區不合格時段數按管制區別/第四類管制區[時段數]、一般地區不合格時段百分比按管制區別/總計[%]、一般地區不合格時段百分比按管制區別/第一類管制區[%]、一般地區不合格時段百分比按管制區別/第二類管制區[%]、一般地區不合格時段百分比按管制區別/第三類管制區[%]、一般地區不合格時段百分比按管制區別/第四類管制區[%]、道路交通監測站數[站數]、道路交通監測時段數[時段數]、道路交通不合格時段數按時段別/總計[時段數]、道路交通不合格時段數按時段別/早[5~7時][時段數]、道路交通不合格時段數按時段別/日[7~20時][時段數]、道路交通不合格時段數按時段別/晚[20~22時][時段數]、道路交通不合格時段數按時段別/夜[22~5時][時段數]、道路交通不合格時段百分比按時段別/總計[%]、道路交通不合格時段百分比按時段別/早[5~7時][%]、道路交通不合格時段百分比按時段別/日[7~20時][%]、道路交通不合格時段百分比按時段別/晚[20~22時][%]、道路交通不合格時段百分比按時段別/夜[22~5時][%]、道路交通不合格時段數按管制區別/總計[時段數]、道路交通不合格時段數按管制區別/第一類管制區[時段數]、道路交通不合格時段數按管制區別/第二類管制區[時段數]、道路交通不合格時段數按管制區別/第三類管制區[時段數]、道路交通不合格時段數按管制區別/第四類管制區[時段數]、道路交通不合格時段百分比按管制區別/總計[%]、道路交通不合格時段百分比按管制區別/第一類管制區[%]、道路交通不合格時段百分比按管制區別/第二類管制區[%]、道路交通不合格時段百分比按管制區別/第三類管制區[%]、道路交通不合格時段百分比按管制區別/第四類管制區[%]
臺北市空氣污染物測定,統計,"臺北市空氣污染物測定時間數列統計資料
",統計期、監測站數[年底資料]、落塵量[公噸/平方公里]、總懸浮微粒[μg/m3]、總懸浮微粒/鉛[μg/m3]、懸浮微粒[μg/m3]、細懸浮微粒/臺北市政府環境保護局測站[μg/m3]、細懸浮微粒/環境部測站[μg/m3]、二氧化硫[ppm]、硫氧化物[mg/100cm2]、一氧化碳[ppm]、二氧化氮[ppm]、非甲烷碳氫化合物[ppm]、臭氧[ppm]、溫室氣體排放量[萬公噸]、空氣品質指標[AQI]>100日數/一般測站[日]、空氣品質指標總日數/一般測站[日]、空氣品質指標[AQI]>100日數/交通測站[日]、空氣品質指標總日數/交通測站[日]
臺北市職業團體團體數,統計,臺北市職業團體團體數時間數列統計資料,統計期、總計團體數、農民團體數/合計、農民團體數/市農會、農民團體數/區農會、工人團體數/合計、工人團體數/總工會、工人團體數/產業工會/產業工會聯合會、工人團體數/產業工會/產業工會、工人團體數/產業工會/交通事業工會、工人團體數/產業工會/公用事業工會、工人團體數/職業工會、工商團體數/合計、工商團體數/商業會、工商團體數/商業同業公會、工商團體數/工業同業公會/工業會、工商團體數/工業同業公會/市工業同業公會、自由職業團體數/合計、自由職業團體數/教育[師]會、自由職業團體數/醫師公會、自由職業團體數/其他
臺北市人民團體概況,統計,臺北市人民團體概況時間數列統計資料,"統計期、團體數/總計[個]、團體數/職業團體[個]、團體數/社會團體[個]、會員數/總計/個人會員[人]、會員數/總計/團體會員[個]、會員數/職業團體/個人會員[人]、會員數/職業團體/團體會員[個]、會員數/社會團體/個人會員[人]、會員數/社會團體/團體會員[個]
"
臺北市政府債負概況,統計,"臺北市政府債負概況時間數列統計資料
","統計期、債務還本[元]、債務付息[元]、本息支出[元]、自有財源[元]、還本付息數占自有財源比率[％]
"
臺北市實施平均地權規定地價面積,統計,臺北市實施平均地權規定地價面積時間數列統計資料,"統計期、土地面積[公頃]、實施平均地權面積[公頃]、重新規定地價面積[公頃]、實施平均地權面積占總面積比率[%]
"
臺北市家畜家禽頭數,統計,臺北市家畜家禽頭數時間數列統計資料,統計期、家畜數量/牛[頭]、家畜數量/乳牛[頭]、家畜數量/馬[頭]、家畜數量/豬[頭]、家畜數量/羊[頭]、家畜數量/鹿[頭]、家畜數量/兔[頭]、家禽數量/雞[隻]、家禽數量/鴨[隻]、家禽數量/鵝[隻]、家禽數量/火雞[隻]
臺北市國民中小學學生健康情形,統計,"臺北市國民中小學學生健康情形時間數列統計資料
","統計期、一年級學生平均身高數值[公分]、一年級學生平均體重數值[公斤]、一年級學生齲齒率[%]、七年級學生平均身高數值[公分]、七年級學生平均體重數值[公斤]
"
臺北市依性別平等教育法處理概況,統計,臺北市依性別平等教育法處理概況時間數列統計資料,統計期、性侵害案件通報件數[件]、性侵害案件調查屬實件數[件]、性侵害案件行為人數/總計[人]、性侵害案件行為人數/男性[人]、性侵害案件行為人數/女性[人]、性侵害案件被害人數/總計[人]、性侵害案件被害人數/男性[人]、性侵害案件被害人數/女性[人]、性騷擾案件通報件數[件]、性騷擾案件調查屬實件數[件]、性騷擾案件行為人數/總計[人]、性騷擾案件行為人數/男性[人]、性騷擾案件行為人數/女性[人]、性騷擾案件被害人數/總計[人]、性騷擾案件被害人數/男性[人]、性騷擾案件被害人數/女性[人]
臺北市就業人口之行業(91至95年),統計,臺北市就業人口之行業(91至95年)時間數列統計資料,統計期、性別、行業別、實數[千人]、百分比[%]
臺北市就業人口之行業(90年以前),統計,臺北市就業人口之行業(90年以前)時間數列統計資料,統計期、性別、行業別、實數[千人]、百分比[%]
臺北市長期照顧十年計畫服務個案人數,統計,臺北市長期照顧十年計畫服務個案人數時間數列統計資料,統計期、長照需要等級、性別、居家服務[人]、日間照顧[人]、家庭托顧[人]、營養餐飲服務[人]、交通接送服務[人]
臺北市就業人口之職業(81年以前),統計,臺北市就業人口之職業(81年以前)時間數列統計資料,統計期、性別、總計/實數[千人]、專門性技術性及有關人員/實數[千人]、行政及主管人員/實數[千人]、監督及佐理人員/實數[千人]、買賣工作人員/實數[千人]、服務工作人員/實數[千人]、農林漁牧狩獵工作人員/實數[千人]、生產及有關工人運輸設備操作工及體力工人/實數[千人]、總計/百分比[%]、專門性技術性及有關人員/百分比[%]、行政及主管人員/百分比[%]、監督及佐理人員/百分比[%]、買賣工作人員/百分比[%]、服務工作人員/百分比[%]、農林漁牧狩獵工作人員/百分比[%]、生產及有關工人運輸設備操作工及體力工人/百分比[%]
臺北市就業人口之職業(82年至99年),統計,臺北市就業人口之職業(82年至99年)時間數列統計資料,統計期、性別、總計/實數[千人]、民意代表企業主管及經理人員/實數[千人]、專業人員/實數[千人]、技術員及助理專業人員/實數[千人]、事務工作人員/實數[千人]、服務工作人員及售貨員/實數[千人]、農林漁牧工作人員/實數[千人]、生產有關工人機械設備操作工及體力工/實數[千人]、總計/百分比[%]、民意代表企業主管及經理人員/百分比[%]、專業人員/百分比[%]、技術員及助理專業人員/百分比[%]、事務工作人員/百分比[%]、服務工作人員及售貨員/百分比[%]、農林漁牧工作人員/百分比[%]、生產有關工人機械設備操作工及體力工/百分比[%]
臺北市核發營造建築物建造執照按用途別(57年至94年),統計,"臺北市核發營造建築物建造執照按用途別(57年至94年)時間數列統計資料
","統計期、總計/件數[件]、總計/棟數[棟]、總計/總面積[平方公尺]、總計/造價[千元]、集合住宅及住宅/件數[件]、集合住宅及住宅/棟數[棟]、集合住宅及住宅/總面積[平方公尺]、集合住宅及住宅/造價[千元]、店鋪住宅/件數[件]、店鋪住宅/棟數[棟]、店鋪住宅/總面積[平方公尺]、店鋪住宅/造價[千元]、商場或市場/件數[件]、商場或市場/棟數[棟]、商場或市場/總面積[平方公尺]、商場或市場/造價[千元]、辦公室/件數[件]、辦公室/棟數[棟]、辦公室/總面積[平方公尺]、辦公室/造價[千元]、工廠或工廠宿舍/件數[件]、工廠或工廠宿舍/棟數[棟]、工廠或工廠宿舍/總面積[平方公尺]、工廠或工廠宿舍/造價[千元]、學校或教室/件數[件]、學校或教室/棟數[棟]、學校或教室/總面積[平方公尺]、學校或教室/造價[千元]、醫院或診所/件數[件]、醫院或診所/棟數[棟]、醫院或診所/總面積[平方公尺]、醫院或診所/造價[千元]、娛樂性建築/件數[件]、娛樂性建築/棟數[棟]、娛樂性建築/總面積[平方公尺]、娛樂性建築/造價[千元]、旅館或餐廳/件數[件]、旅館或餐廳/棟數[棟]、旅館或餐廳/總面積[平方公尺]、旅館或餐廳/造價[千元]、倉庫/件數[件]、倉庫/棟數[棟]、倉庫/總面積[平方公尺]、倉庫/造價[千元]、公共建築/件數[件]、公共建築/棟數[棟]、公共建築/總面積[平方公尺]、公共建築/造價[千元]、文教設施建築/件數[件]、文教設施建築/棟數[棟]、文教設施建築/總面積[平方公尺]、文教設施建築/造價[千元]、其他建築/件數[件]、其他建築/棟數[棟]、其他建築/總面積[平方公尺]、其他建築/造價[千元]
"
臺北市核發營造建築物建造執照按構造別(57年至94年),統計,"臺北市核發營造建築物建造執照按構造別(57年至94年)時間數列統計資料
",統計期、總計/件數[件]、總計/棟數[棟]、總計/總面積[平方公尺]、總計/造價[千元]、鋼骨鋼筋混凝土造/件數[件]、鋼骨鋼筋混凝土造/棟數[棟]、鋼骨鋼筋混凝土造/總面積[平方公尺]、鋼骨鋼筋混凝土造/造價[千元]、鋼筋混凝土造/件數[件]、鋼筋混凝土造/棟數[棟]、鋼筋混凝土造/總面積[平方公尺]、鋼筋混凝土造/造價[千元]、鋼鐵或其他金屬構造/件數[件]、鋼鐵或其他金屬構造/棟數[棟]、鋼鐵或其他金屬構造/總面積[平方公尺]、鋼鐵或其他金屬構造/造價[千元]、加強磚造/件數[件]、加強磚造/棟數[棟]、加強磚造/總面積[平方公尺]、加強磚造/造價[千元]、其他/件數[件]、其他/棟數[棟]、其他/總面積[平方公尺]、其他/造價[千元]
臺北市核發營造建築物使用執照按構造別(57年至94年),統計,"臺北市核發營造建築物使用執照按構造別(57年至94年)時間數列統計資料
",年別、構造別、件數[件]、棟數[棟]、總面積[平方公尺]
臺北市都市計畫區域內違反建築法令處理情形(58年至82年),統計,"臺北市都市計畫區域內違反建築法令處理情形(58年至82年)時間數列統計資料
","年別、違反建築法令件數/總計、違反建築法令件數/公共建築/合計、違反建築法令件數/公共建築/執照逾期、違反建築法令件數/公共建築/先行動工、違反建築法令件數/公共建築/未報查驗、違反建築法令件數/公共建築/拆除、違反建築法令件數/公共建築/先行使用、違反建築法令件數/公共建築/違規使用、違反建築法令件數/公共建築/違章補照、違反建築法令件數/公共建築/逾期報開工、違反建築法令件數/公共建築/其他、違反建築法令件數/私有建築/合計、違反建築法令件數/私有建築/執照逾期、違反建築法令件數/私有建築/先行動工、違反建築法令件數/私有建築/未報查驗、違反建築法令件數/私有建築/拆除、違反建築法令件數/私有建築/先行使用、違反建築法令件數/私有建築/違規使用、違反建築法令件數/私有建築/違章補照、違反建築法令件數/私有建築/逾期報開工、違反建築法令件數/私有建築/其他
"
臺北市國小畢業生與國中七年級學生之比較情形,統計,"臺北市國小畢業生與國中七年級學生之比較情形時間數列統計資料
",統計期、性別、國小畢業生人數[人]、國中七年級學生人數[人]、國中七年級對上學年國小畢業生百分比[%]
臺北市就業人口之從業身分,統計,臺北市就業人口之從業身分時間數列統計資料,統計期、性別、從業身分別、實數[千人]、百分比[%]
臺北市核發營造建築物使用執照按用途別及公私有別,統計,"臺北市核發營造建築物使用執照按用途別及公私有別時間數列統計資料
",統計期、總計/件數[件]、總計/棟數[棟]、總計/總面積[平方公尺]、按用途別分/住宅/件數[件]、按用途別分/住宅/棟數[棟]、按用途別分/住宅/戶數[戶]、按用途別分/住宅/總面積[平方公尺]、按用途別分/其他/件數[件]、按用途別分/其他/棟數[棟]、按用途別分/其他/總面積[平方公尺]、按公私有別分/公有/件數[件]、按公私有別分/公有/棟數[棟]、按公私有別分/公有/總面積[平方公尺]、按公私有別分/私有/件數[件]、按公私有別分/私有/棟數[棟]、按公私有別分/私有/總面積[平方公尺]、住宅供給率[％]
臺北市核發營造建築物開工統計按用途別,統計,"臺北市核發營造建築物開工統計按用途別時間數列統計資料
",統計期、用途別、件數[件]、棟數[棟]、總樓地板面積[平方公尺]、工程造價[千元]
臺北市核發營造建築物開工統計按構造別,統計,"臺北市核發營造建築物開工統計按構造別時間數列統計資料
","統計期、構造別、件數[件]、棟數[棟]、總樓地板面積[平方公尺]、工程造價[千元]
"
臺北市屋頂綠化及取得綠建築標章建築,統計,"臺北市屋頂綠化及取得綠建築標章建築時間數列統計資料
",統計期、工程造價五千萬以上市有建築屋頂綠化面積[平方公尺]、公有建築物領有綠建築標章案件數/總計[件]、公有建築物領有綠建築標章案件數/免評估[件]、公有建築物領有綠建築標章案件數/合格級[件]、公有建築物領有綠建築標章案件數/銅級[件]、公有建築物領有綠建築標章案件數/銀級[件]、公有建築物領有綠建築標章案件數/黃金級[件]、公有建築物領有綠建築標章案件數/鑽石級[件]、公有建築物領有綠建築候選證書案件數/總計[件]、公有建築物領有綠建築候選證書案件數/免評估[件]、公有建築物領有綠建築候選證書案件數/合格級[件]、公有建築物領有綠建築候選證書案件數/銅級[件]、公有建築物領有綠建築候選證書案件數/銀級[件]、公有建築物領有綠建築候選證書案件數/黃金級[件]、公有建築物領有綠建築候選證書案件數/鑽石級[件]
臺北市違建處理,統計,"臺北市違建處理時間數列統計資料
",統計期、尚未結案數[年底數]/總計[件]、尚未拆除數[年底數]/舊違建[件]、尚未結案數[年底數]/既存違建[件]、尚未結案數[年底數]/新違建[件]、查報數/總計[件]、查報數/既存違建[件]、查報數/新違建[件]、拆除數/總計[件]、拆除數/舊違建[件]、拆除數/既存違建[件]、拆除數/新違建[件]、累計未處理違建數[件]、累計未處理違建面積[平方公尺]
臺北市刑事案件,統計,"臺北市刑事案件時間數列統計資料
",統計期、發生件數[件]、發生率[件/十萬人]、破獲件數[件]、破獲件數/本市轄區/當期[件]、破獲件數/本市轄區/積案[件]、破獲件數/其他轄區[件]、破獲率[%]、嫌疑犯人數/總計[人]、嫌疑犯人數/兒童[人]、嫌疑犯人數/少年[人]、嫌疑犯人數/青年[人]、嫌疑犯人數/成年[人]、犯罪人口率[人/十萬人]、兒童犯罪人口率[人/十萬人]、少年犯罪人口率[人/十萬人]、青年犯罪人口率[人/十萬人]、成年犯罪人口率[人/十萬人]、被害人數[人]
臺北市刑事案件類別統計,統計,"臺北市刑事案件類別統計時間數列統計資料
",統計期、發生件數/總計、發生件數/竊盜、發生件數/贓物、發生件數/賭博、發生件數/傷害/合計、發生件數/傷害/重傷害、發生件數/傷害/一般傷害、發生件數/詐欺背信/合計、發生件數/詐欺背信/詐欺、發生件數/詐欺背信/背信、發生件數/重利、發生件數/殺人/合計、發生件數/殺人/故意殺人、發生件數/殺人/過失致死、發生件數/駕駛過失、發生件數/妨害婚姻及家庭、發生件數/妨害風化、發生件數/妨害性自主罪/合計、發生件數/妨害性自主罪/強制性交、發生件數/妨害性自主罪/共同強制性交、發生件數/妨害性自主罪/對幼性交、發生件數/妨害性自主罪/性交猥褻、發生件數/恐嚇取財/合計、發生件數/恐嚇取財/重大恐嚇取財、發生件數/恐嚇取財/一般恐嚇取財、發生件數/擄人勒贖、發生件數/侵占、發生件數/偽造文書印文、發生件數/違反毒品危害防制條例、發生件數/毀棄損壞、發生件數/妨害公務、發生件數/違反著作權法、發生件數/違反商標法、發生件數/妨害電腦使用、發生件數/強盜搶奪/合計、發生件數/強盜搶奪/強盜、發生件數/強盜搶奪/搶奪、發生件數/竊佔、發生件數/違反藥事法、發生件數/違反森林法、發生件數/公共危險、發生件數/妨害自由、發生件數/妨害名譽、發生件數/違反選罷法、發生件數/妨害秘密、發生件數/遺棄、發生件數/誣告、發生件數/違反槍砲彈藥刀械管制條例、發生件數/違反就業服務法、發生件數/內亂、發生件數/偽造有價證券、發生件數/妨害秩序、發生件數/違反國家總動員法、發生件數/侵害墳墓屍體、發生件數/懲治走私條例、發生件數/違反貪污治罪條例、發生件數/瀆職、發生件數/妨害兵役、發生件數/偽造貨幣、發生件數/偽造度量衡、發生件數/偽證、發生件數/湮滅證據、發生件數/藏匿頂替、發生件數/脫逃、發生件數/其他、破獲件數/總計、破獲件數/竊盜、破獲件數/贓物、破獲件數/賭博、破獲件數/傷害/合計、破獲件數/傷害/重傷害、破獲件數/傷害/一般傷害、破獲件數/詐欺背信/合計、破獲件數/詐欺背信/詐欺、破獲件數/詐欺背信/背信、破獲件數/重利、破獲件數/殺人/合計、破獲件數/殺人/故意殺人、破獲件數/殺人/過失致死、破獲件數/駕駛過失、破獲件數/妨害家庭及婚姻、破獲件數/妨害風化、破獲件數/妨害性自主罪/合計、破獲件數/妨害性自主罪/強制性交、破獲件數/妨害性自主罪/共同強制性交、破獲件數/妨害性自主罪/對幼性交、破獲件數/妨害性自主罪/性交猥褻、破獲件數/恐嚇取財/合計、破獲件數/恐嚇取財/重大恐嚇取財、破獲件數/恐嚇取財/一般恐嚇取財、破獲件數/擄人勒贖、破獲件數/侵占、破獲件數/偽造文書印文、破獲件數/違反毒品危害防制條例、破獲件數/毀棄損壞、破獲件數/妨害公務、破獲件數/違反著作權法、破獲件數/違反商標法、破獲件數/妨害電腦使用、破獲件數/強盜搶奪/合計、破獲件數/強盜搶奪/強盜、破獲件數/強盜搶奪/搶奪、破獲件數/竊佔、破獲件數/違反藥事法、破獲件數/違反森林法、破獲件數/公共危險、破獲件數/妨害自由、破獲件數/妨害名譽、破獲件數/違反選罷法、破獲件數/妨害秘密、破獲件數/遺棄、破獲件數/誣告、破獲件數/違反槍砲彈藥刀械管制條例、破獲件數/違反就業服務法、破獲件數/內亂、破獲件數/偽造有價證券、破獲件數/妨害秩序、破獲件數/違反國家總動員法、破獲件數/侵害墳墓屍體、破獲件數/懲治走私條例、破獲件數/違反貪污治罪條例、破獲件數/瀆職、破獲件數/妨害兵役、破獲件數/偽造貨幣、破獲件數/偽造度量衡、破獲件數/偽證、破獲件數/湮滅證據、破獲件數/藏匿頂替、破獲件數/脫逃、破獲件數/其他
臺北市竊盜案件,統計,"臺北市竊盜案件時間數列統計資料
",統計期、發生件數/總計[件]、發生件數/普通竊盜[件]、發生件數/重大竊盜[件]、發生件數/汽車竊盜[件]、發生件數/機車竊盜[件]、發生率[件/十萬人]、破獲件數/總計[件]、破獲件數/按案件類別分/普通竊盜[件]、破獲件數/按案件類別分/重大竊盜[件]、破獲件數/按案件類別分/汽車竊盜[件]、破獲件數/按案件類別分/機車竊盜[件]、破獲件數/按報案轄區分/本市轄區/當期[件]、破獲件數/按報案轄區分/本市轄區/積案[件]、破獲件數/按報案轄區分/其他轄區[件]、破獲率[%]、嫌疑犯人數/總計[件]、嫌疑犯人數/普通竊盜[件]、嫌疑犯人數/重大竊盜[件]、嫌疑犯人數/汽車竊盜[件]、嫌疑犯人數/機車竊盜[件]、犯罪人口率[人/十萬人]
臺北市暴力犯罪,統計,"臺北市暴力犯罪時間數列統計資料
",統計期、發生件數/總計[件]、發生件數/強盜搶奪[件]、發生件數/故意殺人[件]、發生件數/強制性交[件]、發生件數/其他[件]、發生率[件/十萬人]、破獲件數/總計[件]、破獲件數/按案件類別分/強盜搶奪[件]、破獲件數/按案件類別分/故意殺人[件]、破獲件數/按案件類別分/強制性交[件]、破獲件數/按案件類別分/其他[件]、破獲件數/按報案轄區分/本市轄區/當期[件]、破獲件數/按報案轄區分/本市轄區/積案[件]、破獲件數/按報案轄區分/其他轄區[件]、破獲率[%]、嫌疑犯人數/總計[人]、嫌疑犯人數/強盜搶奪[人]、嫌疑犯人數/故意殺人[人]、嫌疑犯人數/強制性交[人]、嫌疑犯人數/其他[人]、犯罪人口率[人/十萬人]
臺北市電腦網路犯罪案件,統計,"臺北市電腦網路犯罪案件時間數列統計資料
",統計期、發生件數/總計[件]、破獲件數/總計[件]、發生件數/毒品防制條例[件]、破獲件數/毒品防制條例[件]、發生件數/賭博[件]、破獲件數/賭博、發生件數/詐欺背信[件]、破獲件數/詐欺背信[件]、發生件數/一般妨害風化[不含性侵害案件][件]、破獲件數/一般妨害風化[不含性侵害案件][件]、發生件數/違反兒少條例[件]、破獲件數/違反兒少條例[件]、發生件數/妨害電腦使用[件]、破獲件數/妨害電腦使用[件]、發生件數/違反著作權法[件]、破獲件數/違反著作權法[件]、發生件數/其他刑案[件]、破獲件數/其他刑案[件]
臺北市兒童少年犯罪人數按案件及性別,統計,臺北市兒童少年犯罪人數按案件及性別 時間數列統計資料,統計期、刑事案件/總計[人]、刑事案件/男[人]、刑事案件/女[人]、竊盜/男[人]、竊盜/女[人]、傷害/男[人]、傷害/女[人]、詐欺/男[人]、詐欺/女[人]、殺人/男[人]、殺人/女[人]、毒品/男[人]、毒品/女[人]、賭博/男[人]、賭博/女[人]、強盜搶奪/男[人]、強盜搶奪/女[人]、恐嚇取財/男[人]、恐嚇取財/女[人]、其他/男[人]、其他/女[人]
臺北市違反毒品危害防制條例查獲數,統計,臺北市違反毒品危害防制條例查獲數時間數列統計資料,統計期、發生件數/總計[件]、發生件數/第一級[件]、發生件數/第二級[件]、發生件數/第三級[件]、發生件數/第四級[件]、發生件數/其他[件]、破獲件數/總計[件]、破獲件數/第一級[件]、破獲件數/第二級[件]、破獲件數/第三級[件]、破獲件數/第四級[件]、破獲件數/其他[件]、嫌疑犯人數/總計[人]、嫌疑犯人數/第一級[人]、嫌疑犯人數/第二級[人]、嫌疑犯人數/第三級[人]、嫌疑犯人數/第四級[人]、嫌疑犯人數/其他[人]、重量/總計[公克]、重量/第一級[公克]、重量/第二級[公克]、重量/第三級[公克]、重量/第四級[公克]、重量/其他[公克]
臺北市取締查處各類案件,統計,臺北市取締查處各類案件時間數列統計資料。,統計期、取締賭博性電玩件數[件]、取締賭博性電玩人數[人]、取締賭博性電玩臺數[臺]、酒後駕車舉發件數[件]、酒後駕車扣車數[輛]、酒後駕車移送法辦件數[件]、酒後駕車肇事件數[件]、酒後駕車死亡人數[人]、酒後駕車受傷人數[人]、查獲妨害風化[俗]件數[件]、查獲妨害風化[俗]人數[人]、執行正俗專案查獲營業場所[家]、利用監視器破獲案件[件]、查處色情廣告查處則數[則]、查處色情廣告取締移送法辦件數[件]、查處色情廣告取締移送法辦人數[人]、查處色情廣告停話件數[件]、取締違規攤販罰鍰件數[件]、取締違規攤販沒入攤架件數[件]、110電話報案受理件數[件]、自行車違規取締件數[件]
臺北市道路交通事故,統計,"臺北市道路交通事故時間數列統計資料
",統計期、造成30日內人員傷亡之道路交通事故肇事件數[件]、造成30日內人員傷亡之道路交通事故肇事率[件/萬輛]、造成30日內人員傷亡之道路交通事故肇事件數車輛別/汽車總計[件]、造成30日內人員傷亡之道路交通事故肇事件數車輛別/大型汽車[件]、造成30日內人員傷亡之道路交通事故肇事件數車輛別/小型汽車[件]、造成30日內人員傷亡之道路交通事故肇事件數車輛別/特種車[件]、造成30日內人員傷亡之道路交通事故肇事件數車輛別/機車[件]、造成30日內人員傷亡之道路交通事故肇事件數車輛別/自行車[件]、造成30日內人員傷亡之道路交通事故肇事件數車輛別/其他[件]、造成30日內人員傷亡之道路交通事故死傷人數/總計[人]、造成30日內人員傷亡之道路交通事故死傷人數/死亡[人]、造成30日內人員傷亡之道路交通事故死傷人數/死亡/男[人]、造成30日內人員傷亡之道路交通事故死傷人數/死亡/女[人]、造成30日內人員傷亡之道路交通事故死傷人數/受傷[人]、道路交通事故平均等候[反應]時間[分]
臺北市海砂屋列管案件,統計,"臺北市海砂屋列管案件時間數列統計資料

",統計期、列管件數/總計[件]、列管件數/須拆除重建[件]、列管件數/可加勁補強[件]、列管戶數/總計[戶]、列管戶數/須拆除重建[戶]、列管戶數/可加勁補強[戶]
臺北市防空疏散避難設施,統計,"臺北市防空疏散避難設施時間數列統計資料

",統計期、防空避難設備容量[人]、防空避難設備數量/地下室[處]、防空避難設備容量/地下室[人]、防空避難設備數量/防空洞[處]、防空避難設備容量/防空洞[人]、防空避難設備數量/防空坑[個]、防空避難設備容量/防空坑[人]、防空避難設備數量/防空掩體[處]、防空避難設備容量/防空掩體[人]、防空避難設備數量/防空壕[個]、防空避難設備容量/防空壕[人]、防空避難設備數量/緊急避難所[個]、防空避難設備容量/緊急避難所[人]
臺北市藝文館所及街頭藝人,統計,臺北市藝文館所及街頭藝人時間數列統計資料,統計期、藝文館所/館所數[所]、藝文館所/參訪人次[千人次]、演藝團體個數[個]、街頭藝人/許可證有效證照數[張]、街頭藝人/表演場地數[處]、古蹟/國定[處]、古蹟/市定[處]、受保護樹木[株]
臺北市公共藝術,文化,臺北市公共藝術資訊,序號、行政區、設置完成年度、作品名稱、作者、作品類型、設置地址/地點、設置單位/管理單位
臺北市藝文活動(77年至93年),統計,臺北市藝文活動(77年至93年)時間數列統計資料,統計期、辦理場次[場次]、每月辦理場次[場次]、參與人次/總計[人次]、參與人次/音樂活動[人次]、參與人次/舞蹈活動[人次]、參與人次/戲劇活動[人次]、參與人次/民俗活動[人次]、參與人次/美術活動[人次]、參與人次/其他[人次]
臺北市藝文活動(94年以後),統計,臺北市藝文活動(94年以後)時間數列統計資料,統計期、活動個數/總計[個]、活動個數/綜合[個]、活動個數/視覺藝術[個]、活動個數/工藝[個]、活動個數/設計[個]、活動個數/古典與傳統音樂[個]、活動個數/流行音樂[個]、活動個數/戲劇[個]、活動個數/舞蹈[個]、活動個數/說唱[個]、活動個數/影視廣播[個]、活動個數/文化資產[個]、活動個數/語文[個]、活動個數/圖書[個]、活動個數/其他[個]、參與人次[千人次]
臺北市傳染病人數(各類法定傳染病確定人數)－96年以後,統計,臺北市傳染病人數(各類法定傳染病確定人數)-96年以後時間數列統計資料,統計期、總計[人]、第一類/天花[人]、第一類/鼠疫[人]、第一類/嚴重急性呼吸道症候群[人]、第一類/狂犬病[人]、第二類/M痘[人]、第二類/白喉[人]、第二類/傷寒[人]、第二類/副傷寒[人]、第二類/登革熱[人]、第二類/登革出血熱或登革休克症候群[人]、第二類/流行性腦脊髓膜炎[人]、第二類/小兒麻痺症[人]、第二類/炭疽病[人]、第二類/急性無力肢體麻痺[人]、第二類/桿菌性痢疾[人]、第二類/阿米巴性痢疾[人]、第二類/瘧疾/本土[人]、第二類/瘧疾/境外[人]、第二類/麻疹[人]、第二類/急性病毒性A型肝炎[人]、第二類/腸道出血性大腸桿菌感染症[人]、第二類/漢他病毒症候群/漢他病毒出血熱[人]、第二類/漢他病毒症候群/漢他病毒肺症候群[人]、第二類/霍亂[人]、第二類/德國麻疹[人]、第二類/多重抗藥性結核病[人]、第二類/屈公病[人]、第二類/西尼羅熱[人]、第二類/流行性斑疹傷寒[人]、第二類/茲卡病毒感染症[人]、第三類/百日咳[人]、第三類/日本腦炎[人]、第三類/結核病/痰塗片陽性[人]、第三類/結核病/其他[人]、第三類/先天性德國麻疹症候群[人]、第三類/急性病毒性肝炎/B型[人]、第三類/急性病毒性肝炎/C型[人]、第三類/急性病毒性肝炎/D型[人]、第三類/急性病毒性肝炎/E型[人]、第三類/急性病毒性肝炎/未定型[人]、第三類/退伍軍人症[人]、第三類/侵襲性b型嗜血桿菌感染症[人]、第三類/梅毒[人]、第三類/淋病[人]、第三類/新生兒破傷風[人]、第三類/腸病毒感染併發重症[人]、第三類/人類免疫缺乏病毒感染[人]、第三類/後天免疫缺乏症候群[人]、第三類/漢生病[人]、第四類/庖疹B病毒感染症[人]、第四類/鉤端螺旋體病[人]、第四類/類鼻疽[人]、第四類/肉毒桿菌中毒[人]、第四類/侵襲性肺炎鏈球菌感染症[人]、第四類/Q熱[人]、第四類/地方性斑疹傷寒[人]、第四類/萊姆病[人]、第四類/兔熱病[人]、第四類/恙蟲病[人]、第四類/貓抓病[人]、第四類/水痘併發症[人]、第四類/弓形蟲感染症[人]、第四類/流感併發症[人]、第四類/李斯特菌症[人]、第四類/新冠併發重症[人]、第四類/其他[人]、第五類/裂谷熱[人]、第五類/馬堡病毒出血熱[人]、第五類/新型A型流感[人]、第五類/黃熱病[人]、第五類/伊波拉病毒出血熱[人]、第五類/其他[人]
臺北市傳染病人數(各種法定傳染病患者及死亡人數)－57年至88年,統計,臺北市傳染病人數(各種法定傳染病患者及死亡人數)－57年至88年時間數列統計資料,統計期、總計/患者人數、總計/死亡人數、痢疾/患者人數、痢疾/死亡人數、斑疹傷寒/患者人數、斑疹傷寒/死亡人數、霍亂/患者人數、霍亂/死亡人數、鼠疫/患者人數、鼠疫/死亡人數、回歸熱/患者人數、回歸熱/死亡人數、白喉/患者人數、白喉/死亡人數、猩紅熱/患者人數、猩紅熱/死亡人數、流行性腦脊隨膜炎/患者人數、流行性腦脊髓膜炎/死亡人數、傷寒及副傷寒/患者人數、傷寒及副傷寒/死亡人數、後天性免疫缺乏症候群/患者人數、後天性免疫缺乏症候群/感染者人數、後天性免疫缺乏症候群/死亡人數、黃熱病/患者人數、黃熱病/死亡人數
臺北市傳染病人數(68年至88年),統計,臺北市傳染病人數(68年至88年)時間數列統計資料,統計期、傳染病患者人數/報告傳染病、傳染病死亡人數/報告傳染病、傳染病患者人數/小兒麻痺、傳染病死亡人數/小兒麻痺、傳染病患者人數/破傷風、傳染病死亡人數/破傷風、傳染病患者人數/百日咳、傳染病死亡人數/百日咳、傳染病患者人數/日本腦炎、傳染病死亡人數/日本腦炎、傳染病患者人數/瘧疾、傳染病死亡人數/瘧疾、傳染病患者人數/恙蟲病、傳染病死亡人數/恙蟲病、傳染病患者人數/A型、傳染病死亡人數/A型、傳染病患者人數/B型、傳染病死亡人數/B型、傳染病患者人數/C型、傳染病死亡人數/C型、傳染病患者人數/未定型、傳染病死亡人數/未定型、傳染病患者人數/麻疹、傳染病死亡人數/麻疹、傳染病患者人數/結核性腦膜炎、傳染病死亡人數/結核性腦膜炎、傳染病患者人數/開放性肺結核、傳染病死亡人數/開放性肺結核、傳染病患者人數/登革熱、傳染病死亡人數/登革熱、傳染病患者人數/德國麻疹、傳染病死亡人數/德國麻疹、傳染病患者人數/先天德國麻疹、傳染病死亡人數/先天德國麻疹、傳染病患者人數/流行性腮腺炎、傳染病死亡人數/流行性腮腺炎、傳染病患者人數/麻瘋病、傳染病死亡人數/麻瘋病、傳染病患者人數/淋病、傳染病死亡人數/淋病、傳染病患者人數/梅毒、傳染病死亡人數/梅毒、傳染病患者人數/風濕熱、傳染病死亡人數/風濕熱、傳染病患者人數/肉毒桿菌中毒、傳染病死亡人數/肉毒桿菌中毒、傳染病患者人數/急性肢體無力症、傳染病死亡人數/急性肢體無力症、傳染病患者人數/其他報告傳染病、傳染病死亡人數/其他報告傳染病
臺北市便民服務工作成果,統計,臺北市便民服務工作成果時間數列統計資料,統計期、聯合服務中心便民服務件數/綜合諮詢[件]、聯合服務中心便民服務件數/志工諮詢[件]、聯合服務中心便民服務件數/建築諮詢[件]、本府地政局辦理地政諮詢服務件數[件]、本府法務局辦理法律諮詢服務件數[件]、1999臺北市民當家熱線/服務件數[件]、1999臺北市民當家熱線/每萬人服務件數[件]、本府辦結公文件數[件]、參與志工服務人數[人]
臺北市市有財產,統計,臺北市市有財產時間數列統計資料,統計期、總計[億元]、土地[億元]、土地改良物[億元]、房屋建築及設備[億元]、機械及設備[億元]、交通及運輸設備[億元]、什項設備[億元]、有價證券[億元]、權利[億元]
臺北市政府推介就業服務概況,統計,臺北市政府推介就業服務概況時間數列統計資料,統計期、一般職業介紹/新登記求職人數[人]、一般職業介紹/有效求職人數[人]、一般職業介紹/新登記求才人數[人]、一般職業介紹/有效求才人數[人]、一般職業介紹/有效求職推介就業人數[人]、一般職業介紹/有效求才僱用人數[人]、一般職業介紹/新登記求供倍數、一般職業介紹/有效求供倍數、一般職業介紹/求職就業率[%]、一般職業介紹/求才利用率[%]、公開甄試約聘僱人員/報名人數[人]、公開甄試約聘僱人員/求才人數[人]、公開甄試約聘僱人員/求職推介就業人數[人]、公開甄試約聘僱人員/求才僱用人數[人]、女性二度就業/新登記求職人數[人]、女性二度就業/有效求職推介就業人數[人]、不實徵才申訴件數/總計[件]、不實徵才申訴件數/刊登不實徵才廣告[件]、不實徵才申訴件數/收取保證金[件]
臺北市公路里程概況,統計,臺北市公路里程概況時間數列統計資料,統計期、總長度數值[公里]、公路長度數值/合計[公里]、公路長度數值/國道[公里]、公路長度數值/省道[公里]、公路長度數值/市道[公里]、公路長度數值/區道[公里]、公路長度數值/專用道路[公里]、市區道路長度數值[公里]
臺北市地方稅徵收情形,統計,臺北市地方稅徵收情形時間數列統計資料,統計期、地方稅別、本年度徵收數[千元]、以前年度徵收數[千元]、退還以前年度歲入數[千元]、實徵淨額[千元]
臺北市政府推介就業服務按求職人教育程度別,統計,臺北市政府推介就業服務按求職人教育程度別時間數列統計資料,統計期、性別、總計計[人]、大學以上[人]、專科[人]、高中職[人]、國中[人]、國小以下[人]、不詳[人]
臺北市蔬菜交易情形按來源地區別,統計,臺北市蔬菜交易情形按來源地區別時間數列統計資料,統計期、總計/交易量[公斤]、總計/百分比[%]、新北市/交易量[公斤]、新北市/百分比[%]、新竹縣/交易量[公斤]、新竹縣/百分比[%]、臺中市/交易量[公斤]、臺中市/百分比[%]、彰化縣/交易量[公斤]、彰化縣/百分比[%]、南投縣/交易量[公斤]、南投縣/百分比[%]、雲林縣/交易量[公斤]、雲林縣/百分比[%]、嘉義縣/交易量[公斤]、嘉義縣/百分比[%]、屏東縣/交易量[公斤]、屏東縣/百分比[%]、臺北市/交易量[公斤]、臺北市/百分比[%]、宜蘭縣/交易量[公斤]、宜蘭縣/百分比[%]、高雄市/交易量[公斤]、高雄市/百分比[%]、其他/交易量[公斤]、其他/百分比[%]
臺北市民營汽車貨運業務,統計,"臺北市民營汽車貨運業務時間數列統計資料
",統計期、家數[家]、營業車輛數[輛]、行車次數[次]、行駛公里[公里]、載貨噸數[公噸]、延噸公里[噸公里]、貨運收入[元]、燃料消耗/汽油[公升]、燃料消耗/柴油[公升]
臺北市水果交易情形按種類別,統計,臺北市水果交易情形按種類別時間數列統計資料,統計期、總計/交易量[公斤]、總計/交易金額[元]、總計/平均價格[元/公斤]、國產/交易量[公斤]、國產/交易金額[元]、國產/平均價格[元/公斤]、進口/交易量[公斤]、進口/交易金額[元]、進口/平均價格[元/公斤]
臺北市水果交易情形按供應單位來源別,統計,"臺北市水果交易情形按供應單位來源別時間數列統計資料
","統計期、總計/交易量[公斤]、總計/百分比[%]、一般供應人/交易量[公斤]、一般供應人/百分比[%]、農會/交易量[公斤]、農會/百分比[%]、農聯社/交易量[公斤]、農聯社/百分比[%]、青果合作社/交易量[公斤]、青果合作社/百分比[%]、國聯社/交易量[公斤]、國聯社/百分比[%]
"
臺北市水果交易情形按來源地區別,統計,臺北市水果交易情形按來源地區別時間數列統計資料,統計期、總計/交易量[公斤]、總計/百分比[%]、苗栗縣/交易量[公斤]、苗栗縣/百分比[%]、臺中市/交易量[公斤]、臺中市/百分比[%]、彰化縣/交易量[公斤]、彰化縣/百分比[%]、南投縣/交易量[公斤]、南投縣/百分比[%]、雲林縣/交易量[公斤]、雲林縣/百分比[%]、嘉義縣/交易量[公斤]、嘉義縣/百分比[%]、臺南市/交易量[公斤]、臺南市/百分比[%]、屏東縣/交易量[公斤]、屏東縣/百分比[%]、臺北市/交易量[公斤]、臺北市/百分比[%]、新竹縣/交易量[公斤]、新竹縣/百分比[%]、高雄市/交易量[公斤]、高雄市/百分比[%]、其他/交易量[公斤]、其他/百分比[%]
臺北市農耕土地面積(57年至102年),統計,臺北市農耕土地面積(57年至102年)時間數列統計資料,統計期、耕地面積/總計[公頃]、耕地面積/水田/合計[公頃]、耕地面積/水田/兩期作[公頃]、耕地面積/水田/單期作[公頃]、耕地面積/旱田[公頃]、耕地面積占土地總面積百分比[%]、水田占耕地面積百分比[%]、旱田占耕地面積百分比[%]
臺北市農耕土地面積(103年以後),統計,臺北市農耕土地面積(103年以後)時間數列統計資料,統計期、農耕土地面積/總計[公頃]、農耕土地面積/耕作地/合計[公頃]、農耕土地面積/耕作地/短期耕作地[公頃]、農耕土地面積/耕作地/長期耕作地[公頃]、農耕土地面積/長期休閒地[公頃]、農耕土地面積占土地總面積百分比[%]、耕作地占農耕土地面積百分比[%]、長期休閒地占農耕土地面積百分比[%]
臺北市水污染處理工作,統計,"臺北市水污染處理工作時間數列統計資料
",統計期、事業廢水/輔導改善[件]、事業廢水/列管家數[家]、事業廢水/查核家次[家次]、事業廢水水樣檢驗件數[件]、事業廢水水樣檢驗合格率[%]、事業廢水/處罰件數[件]、事業廢水/糾紛案件處理[件]、事業廢水/取締[件]、事業廢水/排放許可證應申請家數[家]、事業廢水/排放許可證已核發家數[家]、事業廢水/應設置處理專責單位或人員家數[家]、事業廢水/已設置處理專責單位或人員家數[家]、河川取締/亂倒垃圾於河川[件]、河川取締/亂倒水肥於河川[件]、河川取締/河川沿岸飼養家畜[件]、河川水質檢驗/物理測定[件]、河川水質檢驗/化學檢驗[件]、河川水質檢驗/細菌檢驗[件]、河川水質檢驗/微生物檢驗[件]
臺北市蔬菜交易情形按供應單位來源別,統計,臺北市蔬菜交易情形按供應單位來源別時間數列統計資料,統計期、總計/交易量[公斤]、總計/百分比[%]、一般供應人/交易量[公斤]、一般供應人/百分比[%]、農會/交易量[公斤]、農會/百分比[%]、農聯社/交易量[公斤]、農聯社/百分比[%]、青果合作社/交易量[公斤]、青果合作社/百分比[%]、國聯社/交易量[公斤]、國聯社/百分比[%]
臺北市鐵路客貨運量,統計,"臺北市鐵路客貨運量時間數列統計資料
",統計期、臺灣鐵路客運人次/總計[人次]、臺灣鐵路客運人次/南港[人次]、臺灣鐵路客運人次/松山[人次]、臺灣鐵路客運人次/華山[人次]、臺灣鐵路客運人次/臺北[人次]、臺灣鐵路客運人次/萬華[人次]、臺灣鐵路貨運量/總計[公噸]、臺灣鐵路/貨運量/南港[公噸]、臺灣鐵路/貨運量/松山[公噸]、臺灣鐵路/貨運量/華山[公噸]、臺灣鐵路/貨運量/萬華[公噸]、高速鐵路進站人次、高速鐵路出站人次
臺北市平價住宅及不動產價格指數,統計,臺北市平價住宅及不動產價格指數時間數列統計資料,統計期、平價住宅總戶數[戶]、住宅價格指數[107年=100]、商辦租金指數[104年第2季=100]、住宅租金指數[112年第4季=100]
臺北市政府推介就業服務按求職人年齡別,統計,臺北市政府推介就業服務按求職人年齡別時間數列統計資料,統計期、性別、總計[人]、未滿20歲[人]、20至24歲[人]、25至29歲[人]、30至44歲[人]、45至64歲/合計[人]、65歲以上[人]
臺北市勞資爭議案件(87年至90年),統計,臺北市勞資爭議案件(87年至90年)時間數列統計資料,統計期、爭議受理案件件數[件]、爭議受理案件涉及人數[人]、爭議受理案件按主要爭議類別分/總計[件]、爭議受理案件按主要爭議類別分/契約爭議[件]、爭議受理案件按主要爭議類別分/工資爭議[件]、爭議受理案件按主要爭議類別分/工時爭議[件]、爭議受理案件按主要爭議類別分/退休爭議[件]、爭議受理案件按主要爭議類別分/福利爭議[件]、爭議受理案件按主要爭議類別分/勞保爭議[件]、爭議受理案件按主要爭議類別分/管理爭議[件]、爭議受理案件按主要爭議類別分/職災爭議[件]、爭議受理案件按主要爭議類別分/安全衛生爭議[件]、爭議受理案件按主要爭議類別分/工會爭議[件]、爭議受理案件按主要爭議類別分/其他爭議[件]、受理案件處理結果已終結案件數/總計[件]、受理案件處理結果已終結案件數/協調[件]、受理案件處理結果已終結案件數/調解[件]、受理案件處理結果已終結案件數/仲裁[件]、受理案件處理結果未終結案件數[件]
臺北市勞資爭議案件(91年至96年),統計,"臺北市勞資爭議案件(91年至96年)時間數列統計資料
",統計期、行業別、爭議受理案件件數[件]、爭議受理案件涉及人數[人]、爭議受理案件按主要爭議類別分/總計[件]、爭議受理案件按主要爭議類別分/契約爭議[件]、爭議受理案件按主要爭議類別分/工資爭議[件]、爭議受理案件按主要爭議類別分/工時爭議[件]、爭議受理案件按主要爭議類別分/退休爭議[件]、爭議受理案件按主要爭議類別分/福利爭議[件]、爭議受理案件按主要爭議類別分/勞保爭議[件]、爭議受理案件按主要爭議類別分/管理爭議[件]、爭議受理案件按主要爭議類別分/職災爭議[件]、爭議受理案件按主要爭議類別分/安全衛生爭議[件]、爭議受理案件按主要爭議類別分/工會爭議[件]、爭議受理案件按主要爭議類別分/其他爭議[件]、受理案件處理結果已終結案件數/總計[件]、受理案件處理結果已終結案件數/協調[件]、受理案件處理結果已終結案件數/調解[件]、受理案件處理結果已終結案件數/仲裁[件]、受理案件處理結果未終結案件數[件]
臺北市勞資爭議案件(97年至98年),統計,"臺北市勞資爭議案件(97年至98年)時間數列統計資料
",統計期、行業別、爭議受理案件數[件]、爭議受理案件涉及人數/總計[人]、爭議受理案件涉及人數/男[人]、爭議受理案件涉及人數/女[人]、爭議受理案件按主要爭議類別分/權利事項/契約爭議[件]、爭議受理案件按主要爭議類別分/權利事項/給付資遣費爭議[件]、爭議受理案件按主要爭議類別分/權利事項/給付退休金爭議[件]、爭議受理案件按主要爭議類別分/權利事項/勞工保險給付爭議[件]、爭議受理案件按主要爭議類別分/權利事項/職業災害補償爭議[件]、爭議受理案件按主要爭議類別分/權利事項/工資爭議[件]、爭議受理案件按主要爭議類別分/權利事項/工會身分保護爭議[件]、爭議受理案件按主要爭議類別分/權利事項/休假爭議[件]、爭議受理案件按主要爭議類別分/權利事項/其他權利事項[件]、爭議受理案件按主要爭議類別分/調整事項/調整工資爭議[件]、爭議受理案件按主要爭議類別分/調整事項/結算年資爭議[件]、爭議受理案件按主要爭議類別分/調整事項/調整工時爭議[件]、爭議受理案件按主要爭議類別分/調整事項/其他調整事項[件]、受理案件處理結果已終結案件數/總計[件]、受理案件處理結果已終結案件數/協調[件]、受理案件處理結果已終結案件數/調解[件]、受理案件處理結果已終結案件數/仲裁[件]、受理案件處理結果未終結案件數[件]
臺北市勞資爭議案件(99年以後),統計,"臺北市勞資爭議案件(99年以後)時間數列統計資料
",統計期、行業別、爭議受理案件件數[件]、爭議受理案件涉及人數/總計[人]、爭議受理案件涉及人數/男[人]、爭議受理案件涉及人數/女[人]、爭議受理案件按主要爭議類別分/權利事項/契約爭議[件]、爭議受理案件按主要爭議類別分/權利事項/給付資遣費爭議[件]、爭議受理案件按主要爭議類別分/權利事項/給付退休金爭議[件]、爭議受理案件按主要爭議類別分/權利事項/勞工保險給付爭議[件]、爭議受理案件按主要爭議類別分/權利事項/職業災害補償爭議[件]、爭議受理案件按主要爭議類別分/權利事項/工資爭議[件]、爭議受理案件按主要爭議類別分/權利事項/工會身分保護爭議[件]、爭議受理案件按主要爭議類別分/權利事項/休假爭議[件]、爭議受理案件按主要爭議類別分/權利事項/其他權利事項[件]、爭議受理案件按主要爭議類別分/調整事項/調整工資爭議[件]、爭議受理案件按主要爭議類別分/調整事項/結算年資爭議[件]、爭議受理案件按主要爭議類別分/調整事項/調整工時爭議[件]、爭議受理案件按主要爭議類別分/調整事項/調整休假爭議[件]、爭議受理案件按主要爭議類別分/調整事項/調整津貼爭議[件]、爭議受理案件按主要爭議類別分/調整事項/ 調整獎金爭議[件]、爭議受理案件按主要爭議類別分/調整事項/調整福利措施爭議[件]、爭議受理案件按主要爭議類別分/調整事項/調整管理措施爭議[件]、爭議受理案件按主要爭議類別分/調整事項/其他調整事項[件]、受理案件處理結果已終結案件數/總計[件]、受理案件處理結果已終結案件數/協調[件]、受理案件處理結果已終結案件數/調解[件]、受理案件處理結果已終結案件數/仲裁[件]、受理案件處理結果未終結案件數[件]
臺北市體育活動概況,統計,臺北市體育活動概況時間數列統計資料,統計期、參與體育局舉辦之體育活動人次[人次]、參與體育局舉辦之體育活動人次/全民體育[人次]、參與體育局舉辦之體育活動人次/競技體育活動[人次]、全國運動會得獎獎次[次]、全國中等學校運動會得牌數[面]、各級學校參加國際競賽/得獎獎次[次]、各級學校參加國際競賽/得獎人次[人次]、各級學校參加全國競賽/得獎獎次[次]、各級學校參加全國競賽/得獎人次[人次]
臺北市運動選手培育與競賽表現,統計,臺北市運動選手培育與競賽表現時間數列統計資料,統計期、基層運動選手訓練站數[站]、基層運動選手訓練補助選手人數/總計[人]、基層運動選手訓練補助選手人數/男性[人]、基層運動選手訓練補助選手人數/女性[人]、城市棒球隊參賽獲獎次數/總計[次]、城市棒球隊參賽獲獎次數/國際競賽[次]、城市棒球隊參賽獲獎次數/全國競賽[次]
臺北市政府辦理市民數位訓練情形,統計,臺北市政府辦理市民數位訓練情形時間數列統計資料,"統計期、年齡別、市民數位訓練人次/總計、市民數位訓練人次/男、市民數位訓練人次/女、市民數位訓練人次/其他、市民數位訓練人次/不詳
"
臺北市民眾使用網際網路情形調查,統計,臺北市民眾使用網際網路情形調查時間數列統計資料,統計期、家戶電腦擁有率[%]、家戶上網率[%]、家戶寬頻上網率[%]、家戶上網人口率[%]、個人平板電腦擁有率[%]、個人智慧型手機擁有率[%]、個人電腦使用率[%]、個人網路使用率[%]、65歲以上個人網路使用率[%]、個人行動上網率[%]、個人每日上網時間[分]、主要個人網際網路使用類型/即時通訊[%]、主要個人網際網路使用類型/網路影音娛樂[%]、主要個人網際網路使用類型/線上閱讀[%]、主要個人網際網路使用類型/雲端空間[%]、主要個人網際網路使用類型/網路銀行[%]
臺北市列管化學物質運作業者查核工作,統計,"臺北市列管化學物質運作業者查核工作時間數列統計資料
","統計期、已取得許可運作之業者/取締家次、已取得許可運作之業者/查核家次、未取得許可運作之業者/取締家次、未取得許可運作之業者/查核家次
"
臺北市環境衛生管理概況,統計,"臺北市環境衛生管理概況時間數列統計資料
",統計期、風景名勝遊樂區市場及鐵公路客運車站環境衛生督導處數[處]、風景名勝遊樂區市場及鐵公路客運車站環境衛生輔導改善處數[處]、風景名勝遊樂區市場及鐵公路客運車站環境衛生抽查次數[次]、風景名勝遊樂區市場及鐵公路客運車站環境衛生告發取締次數[次]、現有建檔管理公廁數[座]、公廁檢驗抽查次數[次]、公廁檢驗抽查座數[座次]、現有流動廁所數[座]、髒亂死角清除處數[處]、髒亂死角告發取締件數[件]、清潔排水溝幹支線長度[公尺]、排水溝幹支線清除淤泥量[公噸]、行人專用清潔箱[個]
臺北市總決算以前年度歲出政事別轉入數決算表,財稅,總決算以前年度歲出政事別轉入數決算表,年度別、科目-款、科目-項、科目-目、科目-名稱、以前年度轉入數-應付數_金額、以前年度轉入數-保留數_金額、本年度減免註銷數-應付數_金額、本年度減免註銷數-保留數_金額、本年度實現數-應付數_金額、本年度實現數-保留數_金額、本年度調整數-應付數_金額、本年度調整數-保留數_金額、本年度未結清數-應付數_金額、本年度未結清數-保留數_金額、說明
臺北市總決算以前年度歲出政事別轉入數決算總表,財稅,總決算以前年度歲出政事別轉入數決算總表,年度別、科目-名稱、以前年度轉入數-應付數_金額、以前年度轉入數-保留數_金額、本年度減免註銷數-應付數_金額、本年度減免註銷數-保留數_金額、本年度實現數-應付數_金額、本年度實現數-保留數_金額、本年度調整數-應付數_金額、本年度調整數-保留數_金額、本年度未結清數-應付數_金額、本年度未結清數-保留數_金額、說明
臺北市總決算以前年度歲出機關別轉入數決算表,財稅,總決算以前年度歲出機關別轉入數決算表,年度別、科目-款、科目-項、科目-目、科目-節、科目-名稱、以前年度轉入數-應付數_金額、以前年度轉入數-保留數_金額、本年度減免註銷數-應付數_金額、本年度減免註銷數-保留數_金額、本年度實現數-應付數_金額、本年度實現數-保留數_金額、本年度調整數-應付數_金額、本年度調整數-保留數_金額、本年度未結清數-應付數_金額、本年度未結清數-保留數_金額、說明
臺北市總決算以前年度歲出機關別轉入數決算總表,財稅,總決算以前年度歲出機關別轉入數決算總表,年度別、科目-名稱、以前年度轉入數-應付數_金額、以前年度轉入數-保留數_金額、本年度減免註銷數-應付數_金額、本年度減免註銷數-保留數_金額、本年度實現數-應付數_金額、本年度實現數-保留數_金額、本年度調整數-應付數_金額、本年度調整數-保留數_金額、本年度未結清數-應付數_金額、本年度未結清數-保留數_金額、說明
臺北市總決算收支簡明比較分析表,財稅,總決算收支簡明比較分析表,項目、預算數_金額、決算數_金額、比較增減數_金額、備註
臺北市總決算歲入來源別決算表,財稅,總決算歲入來源別決算表,科目-款、科目-項、科目-目、科目-節、科目-名稱及編號、預算數-原預算數_金額、預算數-預算增減數_金額、預算數-合計_金額、決算數-實現數_金額、決算數-應收數_金額、決算數-保留數_金額、決算數-合計_金額、比較增減數_金額、說明
臺北市總決算歲入來源別決算提要表,財稅,總決算歲入來源別決算提要表,科目-款、科目-項、科目-名稱、預算數-原預算數_金額、預算數-預算增減數_金額、預算數-合計_金額、決算數-實現數_金額、決算數-應收數_金額、決算數-保留數_金額、決算數-合計_金額、比較增減數_金額、說明
臺北市總決算歲入來源別決算總表,財稅,總決算歲入來源別決算總表,科目-款、科目-項、科目-名稱、預算數-原預算數_金額、預算數-預算增減數_金額、預算數-合計_金額、預算數-百分比、決算數-實現數_金額、決算數-應收數_金額、決算數-保留數_金額、決算數-合計_金額、決算數-百分比、比較增減數_金額、說明
臺北市總決算歲入歲出性質及餘絀簡明比較分析表,財稅,總決算歲入歲出性質及餘絀簡明比較分析,項目、本年度決算數金額、本年度決算數百分比、上年度決算審定數金額、上年度決算審定數百分比、前年度決算審定數金額、前年度決算審定數百分比
臺北市總決算歲入歲出簡明比較分析表,財稅,總決算歲入歲出簡明比較分析表,項目、預算數_金額、決算數_金額、比較增減數_金額、百分比-增減、百分比-占決算總額
臺北市總決算歲出政事別決算表,財稅,總決算歲出政事別決算表,科目-款、科目-項、科目-目、科目-名稱及編號、預算數-原預算數、預算數-預算增減數、預算數-合計、決算數-實現數、決算數-應付數、決算數-保留數、決算數-合計、比較增減數、說明
臺北市總決算歲出政事別決算提要表,財稅,總決算歲出政事別決算提要表,科目-款、科目-名稱、預算數-原預算數、預算數-預算增減數、預算數-合計、決算數-實現數、決算數-應付數、決算數-保留數、決算數-合計、比較增減數、說明
臺北市總決算歲出政事別決算總表,財稅,總決算歲出政事別決算總表,科目-款、科目-項、科目-名稱、預算數-原預算數、預算數-預算增減數、預算數-合計、預算數-百分比、決算數-實現數、決算數-應收數、決算數-保留數、決算數-合計、決算數-百分比、比較增減數、說明
臺北市總決算歲出機關別決算表,財稅,總決算歲出機關別決算表,科目-款、科目-項、科目-目、科目-節、科目-名稱及編號、預算數-原預算數_金額、預算數-預算增減數_金額、預算數-合計_金額、決算數-實現數_金額、決算數-應付數_金額、決算數-保留數_金額、決算數-合計_金額、比較增減數_金額、說明
臺北市總決算歲出機關別決算提要表,財稅,總決算歲出機關別決算提要表,科目-款、科目-名稱、預算數-原預算數_金額、預算數-預算增減數_金額、預算數-合計_金額、決算數-實現數_金額、決算數-應付數_金額、決算數-保留數_金額、決算數-合計_金額、比較增減數_金額、說明
臺北市總決算歲出機關別決算總表,財稅,總決算歲出機關別決算總表,科目-款、科目-名稱、預算數-原預算數_金額、預算數-預算增減數_金額、預算數-合計_金額、預算數-百分比、決算數-實現數_金額、決算數-應付數_金額、決算數-保留數_金額、決算數-合計_金額、決算數-百分比、比較增減數_金額、說明
臺北市總決算附屬單位決算特別收入基金收入支出綜計表(依機關及基金別),財稅,總決算附屬單位決算特別收入基金收入支出綜計表(依機關及基金別),科目、合計、教育局主管-臺北市地方教育發展基金、產業發展局主管-臺北市農業發展基金、產業發展局主管-臺北市溫泉資源管理基金、產業發展局主管-臺北市產業發展基金、工務局主管-臺北市道路基金、社會局主管-臺北市公益彩券盈餘分配基金、勞動局主管-臺北市勞工權益基金、勞動局主管-臺北市身心障礙者就業基金、環境保護局主管-臺北市環境保護基金、都市發展局主管-臺北市建築物無障礙設備與設施改善基金、都市發展局主管-臺北市容積代金基金、文化局主管-臺北市公共藝術基金、地政局主管-臺北市土地重劃抵費地出售盈餘款基金、捷運工程局主管-臺北市臺北都會區捷運固定資產重置基金、捷運工程局主管-臺北市大眾捷運系統建設基金
臺北市核發營造建築物建造執照按構造別(95年以後),統計,"臺北市核發營造建築物建造執照按構造別(95年以後)時間數列統計資料
",統計期、構造別、件數[件]、棟數[棟]、總面積[平方公尺]、造價[千元]
臺北市核發營造建築物建造執照按用途別(95年以後),統計,"臺北市核發營造建築物建造執照按用途別(95年以後)時間數列統計資料
",統計期、用途別、件數[件]、棟數[棟]、總面積[平方公尺]、造價[千元]
臺北市核發營造建築物建造執照按層數別,統計,"臺北市核發營造建築物建造執照按層數別時間數列統計資料
","統計期、總計/件數[件]、總計/棟數[棟]、總計/總面積[平方公尺]、總計/造價[千元]、地下層及1層/件數[件]、地下層及1層/棟數[棟]、地下層及1層/總面積[平方公尺]、地下層及1層/造價[千元]、2層/件數[件]、2層/棟數[棟]、2層/總面積[平方公尺]、2層/造價[千元]、3層/件數[件]、3層/棟數[棟]、3層/總面積[平方公尺]、3層/造價[千元]、4層/件數[件]、4層/棟數[棟]、4層/總面積[平方公尺]、4層/造價[千元]、5層/件數[件]、5層/棟數[棟]、5層/總面積[平方公尺]、5層/造價[千元]、6層/件數[件]、6層/棟數[棟]、6層/總面積[平方公尺]、6層/造價[千元]、7層/件數[件]、7層/棟數[棟]、7層/總面積[平方公尺]、7層/造價[千元]、8層/件數[件]、8層/棟數[棟]、8層/總面積[平方公尺]、8層/造價[千元]、9層/件數[件]、9層/棟數[棟]、9層/總面積[平方公尺]、9層/造價[千元]、10層/件數[件]、10層/棟數[棟]、10層/總面積[平方公尺]、10層/造價[千元]、11層/件數[件]、11層/棟數[棟]、11層/總面積[平方公尺]、11層/造價[千元]、12層/件數[件]、12層/棟數[棟]、12層/總面積[平方公尺]、12層/造價[千元]、13層/件數[件]、13層/棟數[棟]、13層/總面積[平方公尺]、13層/造價[千元]、14層/件數[件]、14層/棟數[棟]、14層/總面積[平方公尺]、14層/造價[千元]、15層/件數[件]、15層/棟數[棟]、15層/總面積[平方公尺]、15層/造價[千元]、16層以上/件數[件]、16層以上/棟數[棟]、16層以上/總面積[平方公尺]、16層以上/造價[千元]
"
臺北捷運各站進出量統計,交通,"捷運車站每日各站進出量統計(自104年11月起提供每小時各站進出站量統計)。
本公司考量拓展資料使用之面向，自106年1月起提供「臺北捷運每日分時各站OD流量統計資料」(資料集名稱：臺北捷運各站分時進出量統計)，故本項統計資料將提供至105年12月止。",SeqNo、項目、西元年、月、URL
臺北市人口死亡數按年齡別,統計,"臺北市人口死亡數按年齡別時間數列統計資料
",統計期、登記/發生日期別、性別、總計[人]、未滿1歲[人]、1歲[人]、2歲[人]、3歲[人]、4歲[人]、5~9歲[人]、10~14歲[人]、15~19歲[人]、20~24歲[人]、25~29歲[人]、30~34歲[人]、35~39歲[人]、40~44歲[人]、45~49歲[人]、50~54歲[人]、55~59歲[人]、60~64歲[人]、65~69歲[人]、70~74歲[人]、75~79歲[人]、80~84歲[人]、85歲以上[人]
臺北市婦女生育率,統計,"臺北市婦女生育率時間數列統計資料
",統計期、育齡婦女一般生育率、育齡婦女總生育率、育齡婦女年齡別生育率/15~19歲、育齡婦女年齡別生育率/20~24歲、育齡婦女年齡別生育率/25~29歲、育齡婦女年齡別生育率/30~34歲、育齡婦女年齡別生育率/35~39歲、育齡婦女年齡別生育率/40~44歲、育齡婦女年齡別生育率/45~49歲、有偶婦女一般生育率
臺北市嬰兒出生數按出生者父母年齡及胎次別,統計,"臺北市嬰兒出生數按出生者父母年齡及胎次別時間數列統計資料
",統計期、登記/發生日期別、出生人數/總計[人]、出生人數/按性別/男[人]、出生人數/按性別/女[人]、出生人數/按出生情形別/婚生[人]、出生人數/按出生情形別/非婚生[人]、出生人數/按出生情形別/無依兒童[人]、出生人數/按父母之年齡別/未滿20歲/父[人]、出生人數/按父母之年齡別/未滿20歲/母[人]、出生人數/按父母之年齡別/20~24歲/父[人]、出生人數/按父母之年齡別/20~24歲/母[人]、出生人數/按父母之年齡別/25~29歲/父[人]、出生人數/按父母之年齡別/25~29歲/母[人]、出生人數/按父母之年齡別/30~34歲/父[人]、出生人數/按父母之年齡別/30~34歲/母[人]、出生人數/按父母之年齡別/35~39歲/父[人]、出生人數/按父母之年齡別/35~39歲/母[人]、出生人數/按父母之年齡別/40~44歲/父[人]、出生人數/按父母之年齡別/40~44歲/母[人]、出生人數/按父母之年齡別/45歲以上/父[人]、出生人數/按父母之年齡別/45歲以上/母[人]、出生人數/按父母之年齡別/未詳/父[人]、出生人數/按父母之年齡別/未詳/母[人]、出生人數/按生母生育胎次別/第1胎[人]、出生人數/按生母生育胎次別/第2胎[人]、出生人數/按生母生育胎次別/第3胎[人]、出生人數/按生母生育胎次別/第4胎以上[人]、出生人數/按生育胎生數別/單胞胎[人]、出生人數/按生育胎生數別/雙胞胎[人]、出生人數/按生育胎生數別/三胞胎以上[人]、生父平均年齡[歲]、生母平均年齡[歲]、生母生育第1胎平均年齡[歲]
臺北市都市計畫區人口及面積分區使用情形,統計,臺北市都市計畫區人口及面積分區使用情形時間數列統計資料,統計期、都市計畫人口數[人]、現況人口數[人]、面積使用/總計[公頃]、面積使用/總計[%]、面積使用/都市發展地區/合計[公頃]、面積使用/都市發展地區/合計[%]、面積使用/都市發展地區/住宅區[公頃]、面積使用/都市發展地區/住宅區[%]、面積使用/都市發展地區/工業區[公頃]、面積使用/都市發展地區/工業區[%]、面積使用/都市發展地區/商業區[公頃]、面積使用/都市發展地區/商業區[%]、面積使用/都市發展地區/行政區[公頃]、面積使用/都市發展地區/行政區[%]、面積使用/都市發展地區/文教區[公頃]、面積使用/都市發展地區/文教區[%]、面積使用/都市發展地區/娛樂區[公頃]、面積使用/都市發展地區/娛樂區[%]、面積使用/都市發展地區/飛機場[公頃]、面積使用/都市發展地區/飛機場[%]、面積使用/都市發展地區/公用設施地[公頃]、面積使用/都市發展地區/公用設施地[%]、面積使用/都市發展地區/特定專用區及其他[公頃]、面積使用/都市發展地區/特定專用區及其他[%]、面積使用/非都市發展地區/合計[公頃]、面積使用/非都市發展地區/合計[%]、面積使用/非都市發展地區/農業區[公頃]、面積使用/非都市發展地區/農業區[%]、面積使用/非都市發展地區/保護區[公頃]、面積使用/非都市發展地區/保護區[%]、面積使用/非都市發展地區/風景區[公頃]、面積使用/非都市發展地區/風景區[%]、面積使用/非都市發展地區/河川區[公頃]、面積使用/非都市發展地區/河川區[%]、面積使用/非都市發展地區/其他[公頃]、面積使用/非都市發展地區/其他[%]、都市計畫人口密度[人/公頃]、現況人口密度[人/公頃]
臺北市建築師開業登記,統計,"臺北市建築師開業登記時間數列統計資料
",統計期、事務所增加數[家]、事務所撤銷數[家]、事務所年底現有數[家]、建築師核准登記數/總計[人]、建築師核准登記數/甲等[人]、建築師核准登記數/乙等[人]、建築師除名或撤銷數/總計[人]、建築師除名或撤銷數/甲等[人]、建築師除名或撤銷數/乙等[人]、建築師年底現有數/總計[人]、建築師年底現有數/甲等[人]、建築師年底現有數/乙等[人]
臺北市建築管理各項證照核發件數,統計,"臺北市建築管理各項證照核發件數時間數列統計資料
",統計期、核發件數/總計、核發件數/建築執照/合計[件]、核發件數/建築執照/建造執照/計[件]、核發件數/建築執照/建造執照/新建[件]、核發件數/建築執照/建造執照/增建[件]、核發件數/建築執照/建造執照/改建[件]、核發件數/建築執照/雜項執照[件]、核發件數/建築執照/使用執照[件]、核發件數/建築執照/拆除執照[件]、核發件數/修建證[件]、核發件數/道路使用執照[件]、核發件數/變更使用執照[件]、核發件數/變更設計[件]、核發件數/工程展期[件]、核發件數/其他[件]、申請建造執照平均處理日數[日/件]
104年臺北市文化指標調查,文化,文化指標（cultural indicators）是展現一個城市的文化活動與品味、文化資源與投入、文化認同與參與、文化創新與行政的重要參考依據。有別於經濟產值之單一思維，文化指標的建立還在於彰顯城市的文化特色與主體價值，同時與國際上(如聯合國教科文組織)之文化展開對話。此外，文化指標還有助於特定文化功能之檢視，以凝聚共識、找出城市核心價值，據以觀察文化的發展演變，作為文化施政的指引架構。,面向、類別、調查類別項目、2006年筆數、2011年筆數、2012年筆數
臺北市原住民族部落大學課程開設及人數,教育,臺北市原住民族部落大學歷年課程開設及人數,"年度、學期、招生課程數、實開課程數、學員人數、選課人次、結業人數
"
臺北市政府體育局暨所屬公共室內休閒空間概況,統計,臺北市政府體育局暨所屬公共室內休閒空間概況統計,建築物名稱、處數、樓地板面積（平方公尺）、地址、緯度、經度
臺北市競技運動選手訓練培育概況,統計,臺北市競技運動選手訓練培育概況統計,年度、基層運動選手訓練站數、培訓運動種類數、補助選手總人數、補助男選手人數、補助女選手人數
臺北市水域系列活動概況統計,統計,臺北市水域系列活動概況統計統計,年度、競賽活動場次、競賽活動參與人次、研習或體驗活動場次、研習或體驗活動參與人次、其他活動場次、其他活動參與人次
臺北市政府體育局及所屬機關舉辦公聽會及補助、委託辦理之各式論壇、研討會參加人次,統計,臺北市政府體育局及所屬機關舉辦公聽會及補助、委託辦理之各式論壇、研討會參加人次統計,年度、公聽會場次、公聽會參加人次、各式論壇與研討會場次、各式論壇與研討會參加人次
臺北市各運動中心場地開放使用情形,統計,臺北市各運動中心場地開放使用情形統計,年度、使用總人次、松山運動中心[人次]、信義運動中心[人次]、大安運動中心[人次]、中山運動中心[人次]、中正運動中心[人次]、大同運動中心[人次]、萬華運動中心[人次]、文山運動中心[人次]、南港運動中心[人次]、內湖運動中心[人次]、士林運動中心[人次]、北投運動中心[人次]
臺北市網球中心及運動中心公益時段場地開放使用情形,統計,臺北市網球中心及運動中心公益時段場地開放使用情形統計,年度、總使用人次、臺北市網球中心[人次]、松山運動中心[人次]、信義運動中心[人次]、大安運動中心[人次]、中山運動中心[人次]、中正運動中心[人次]、大同運動中心[人次]、萬華運動中心[人次]、文山運動中心[人次]、南港運動中心[人次]、內湖運動中心[人次]、士林運動中心[人次]、北投運動中心[人次]
臺北市政府推介就業服務按就業者職業別(85年至104年),統計,臺北市政府推介就業服務按就業者職業別(85年至104年)時間數列統計資料,統計期、性別、總計[人]、民意代表行政主管企業主管及經理人員[人]、專業人員[人]、技術員及助理專業人員[人]、事務工作人員[人]、服務工作人員及售貨人員[人]、農林漁牧工作人員[人]、技術工及有關工作人員[人]、機械設備操作工及組裝工[人]、非技術工及體力工[人]、其他不能歸類職業[人]
臺北市政府推介就業服務按就業者職業別(105年以後),統計,臺北市政府推介就業服務按就業者職業別(105年以後)時間數列統計資料,統計期、性別、總計[人]、民意代表主管及經理人員[人]、專業人員[人]、技術員及助理專業人員[人]、事務支援人員[人]、服務及銷售工作人員[人]、農林漁牧業生產人員[人]、技藝有關工作人員[人]、機械設備操作及組裝人員[人]、基層技術工及勞力工[人]、其他[人]
臺北市事業單位辦理托兒服務概況,統計,"臺北市事業單位辦理托兒服務概況時間數列統計資料
",統計期、辦理托兒設措施家數/總計[家]、辦理托兒設措施家數/托兒設施[家]、辦理托兒設措施家數/簽約[家]、辦理托兒設措施家數/津貼[家]、辦理托兒設措施家數/簽約及津貼[家]、未辦理托兒設措施家數[家]、事業單位辦理托兒服務申請補助家數[家]、事業單位辦理托兒服務補助家數[家]、事業單位辦理托兒服務補助金額/總計[元]、事業單位辦理托兒服務補助金額/哺集乳室[元]、事業單位辦理托兒服務補助金額/托兒設施[元]、事業單位辦理托兒服務補助金額/托兒措施[元]
臺北市環境衛生設施改善,統計,"臺北市環境衛生設施改善時間數列統計資料
",統計期、鄰里工程/施工件數[件]、鄰里工程/受益里數[里]、鄰里工程/完成工程數量/鋪設路面[平方公尺]、鄰里工程/完成工程數量/修建側溝[公尺]、公廁修築/改建或新建[座]、公廁修築/整修[次]
臺北市政府推介就業服務按求職人職業需求別(66年至84年),統計,臺北市政府推介就業服務按求職人職業需求別(66年至84年)時間數列統計資料,統計期、性別、總計[人]、專門性技術性工作人員[人]、行政及管理人員[人]、監督及佐理人員[人]、買賣工作人員[人]、服務工作人員[人]、農林漁牧狩獵工作人員[人]、生產及有關工人運輸設備操作工及體力工[人]、其他[人]
臺北市政府推介就業服務按求職人職業需求別(85年至104年),統計,臺北市政府推介就業服務按求職人職業需求別(85年至104年)時間數列統計資料,統計期、性別、總計[人]、民意代表行政主管企業主管及經理人員[人]、專業人員[人]、技術員及助理專業人員[人]、事務工作人員[人]、服務工作人員及售貨人員[人]、農林漁牧工作人員[人]、技術工及有關工作人員[人]、機械設備操作工及組裝工[人]、非技術工及體力工[人]、其他不能歸類職業[人]
臺北市政府推介就業服務按求職人職業需求別(105年以後),統計,臺北市政府推介就業服務按求職人職業需求別(105年以後)時間數列統計資料,統計期、性別、總計[人]、民意代表主管及經理人員[人]、專業人員[人]、技術員及助理專業人員[人]、事務支援人員[人]、服務及銷售工作人員[人]、農林漁牧業生產人員[人]、技藝有關工作人員[人]、機械設備操作及組裝人員[人]、基層技術工及勞力工[人]、其他[人]
臺北市政府推介就業服務按就業者職業別(57年至65年),統計,臺北市政府推介就業服務按就業者職業別(57年至65年)時間數列統計資料,統計期、性別、總計[人]、專門性技術性工作人員[人]、行政及管理人員[人]、佐理人員[人]、買賣工作人員[人]、農林漁牧及其他有關工作人員[人]、礦工採石工及其他有關工作人員[人]、運輸及交通工作人員[人]、技術工匠生產程序工及不屬他類工人[人]、服務運動及娛樂工作人員[人]
臺北市政府推介就業服務按就業者職業別(66年至84年),統計,臺北市政府推介就業服務按就業者職業別(66年至84年)時間數列統計資料,統計期、性別、總計[人]、專門性技術性工作人員[人]、行政及管理人員[人]、監督及佐理人員[人]、買賣工作人員[人]、服務工作人員[人]、農林漁牧狩獵工作人員[人]、生產及有關工人運輸設備操作工及體力工[人]、其他[人]
臺北市勞工教育、休閒活動及志願服務概況,統計,臺北市勞工教育、休閒活動及志願服務概況時間數列統計資料,統計期、提撥勞工教育經費[元]、辦理勞工教育班數[班]、勞工休閒活動辦理次數[次]、勞工休閒活動參加人次[人次]、志願服務性團體隊數[隊]、志願服務性團體人數[人]、志願服務性團體服務總時數[小時]、志願服務性團體服務總人次[人次]、志願服務性團體訓練總時數[小時]
臺北市外籍移工人數,統計,"臺北市外籍移工人數時間數列統計資料
",統計期、外籍移工人數/總計[人]、外籍移工人數/產業[人]、外籍移工人數/社福[人]、外籍移工人數/男性[人]、外籍移工人數/女性[人]、外籍移工人數/菲律賓/總計[人]、外籍移工人數/菲律賓/產業[人]、外籍移工人數/菲律賓/社福[人]、外籍移工人數/泰國/總計[人]、外籍移工人數/泰國/產業[人]、外籍移工人數/泰國/社福[人]、外籍移工人數/馬來西亞/總計[人]、外籍移工人數/馬來西亞/產業[人]、外籍移工人數/馬來西亞/社福[人]、外籍移工人數/印尼/總計[人]、外籍移工人數/印尼/產業[人]、外籍移工人數/印尼/社福[人]、外籍移工人數/越南/總計[人]、外籍移工人數/越南/產業[人]、外籍移工人數/越南/社福[人]、外籍移工人數/蒙古/總計人]、外籍移工人數/蒙古/產業[人]、外籍移工人數/蒙古/社福[人]、外籍移工人數/其他/總計[人]、外籍移工人數/其他/產業[人]、外籍移工人數/其他/社福[人]、外籍移工查察件數/入國訪視[件]、外籍移工查察件數/檢舉查察[件]、外籍移工查察件數/1955查察[件]、外籍移工查察件數/養護機構訪查[件]、外籍移工查察件數/仲介機構訪查[件]
臺北市綠資源,統計,"臺北市綠資源時間數列統計資料
",統計期、綠資源面積[公頃]、平均每人綠資源面積[平方公尺]、市區及近郊公園綠地面積[公頃]、平均每人市區及近郊公園綠地面積[平方公尺]、已開闢公園綠地處數/總計[處]、已開闢公園綠地面積/總計[平方公尺]、平均每人已開闢公園綠地面積[平方公尺]、已開闢公園綠地處數/公園[處]、已開闢公園綠地面積/公園[平方公尺]、已開闢公園綠地處數/綠地[處]、已開闢公園綠地面積/綠地[平方公尺]、已開闢公園綠地處數/兒童遊樂場[處]、已開闢公園綠地面積/兒童遊樂場[平方公尺]、已開闢公園綠地處數/河濱公園[處]、已開闢公園綠地面積/河濱公園[平方公尺]、已開闢公園綠地處數/廣場[處]、已開闢公園綠地面積/廣場[平方公尺]、已開闢公園綠地處數/線形公園[處]、已開闢公園綠地面積/線形公園[平方公尺]、新建公園/處數[處]、新建公園/面積[平方公尺]、登山步道/步道數[條]、登山步道/長度[公里]、親山步道/步道數[條]、親山步道/長度[公里]
臺北市市容綠美化,統計,"臺北市市容綠美化時間數列統計資料
",統計期、道路綠地綠美化面積[平方公尺]、行道樹[株]、公園內喬木數[株]、鄰里公園內喬木數[株]、草花培育數[盆]、灌木培育數[株]、樹木修剪數[株]、路燈器具清洗汰換數[盞]、後巷美化累計巷數[條]、公有田園城市示範園圃/建置數[處]、公有田園城市示範園圃/面積[平方公尺]
臺北市道路長度面積,統計,"臺北市道路長度面積時間數列統計資料
",統計期、道路數量[條]、道路/總計/長度[公尺]、道路/總計/長度/快速道路完工長度[公尺]、道路/總計/面積[平方公尺]、道路/總計/面積/6公尺以上車用面積[平方公尺]、道路/總計/平均寬度[公尺]、道路/未滿6公尺/長度[公尺]、道路/未滿6公尺/面積[平方公尺]、道路/6~未滿8公尺/長度[公尺]、道路/6~未滿8公尺/面積[平方公尺]、道路/8~未滿10公尺/長度[公尺]、道路/8~未滿10公尺/面積[平方公尺]、道路/10~未滿15公尺/長度[公尺]、道路/10~未滿15公尺/面積[平方公尺]、道路/15~未滿20公尺/長度[公尺]、道路/15~未滿20公尺/面積[平方公尺]、道路/20~未滿30公尺/長度[公尺]、道路/20~未滿30公尺/面積[平方公尺]、道路/30~未滿40公尺/長度[公尺]、道路/30~未滿40公尺/面積[平方公尺]、道路/40~未滿50公尺/長度[公尺]、道路/40~未滿50公尺/面積[平方公尺]、道路/50~未滿60公尺/長度[公尺]、道路/50~未滿60公尺/面積[平方公尺]、道路/60~未滿70公尺/長度[公尺]、道路/60~未滿70公尺/面積[平方公尺]、道路/70公尺以上/長度[公尺]、道路/70公尺以上/面積[平方公尺]、公路/長度[公里]、公路/面積[千平方公尺]、列管山區道路數量[條]、列管山區道路長度[公里]、產業道路數量[條]、產業道路長度[公里]
臺北市人行道,統計,"臺北市人行道時間數列統計資料
",統計期、長度[公尺]、面積[平方公尺]、完工工程/項數[項]、完工工程/長度[公尺]、完工工程/總面積[平方公尺]、應設置人行道路段長度[公尺]、已設置人行道路段長度[公尺]
臺北市橋梁,統計,"臺北市橋梁時間數列統計資料
","統計期、現有橋梁/合計/座數[座]、現有橋梁/合計/面積[平方公尺]、現有橋梁/跨河橋梁/座數[座]、現有橋梁/跨河橋梁/面積[平方公尺]、現有橋梁/車行陸橋/座數[座]、現有橋梁/車行陸橋/面積[平方公尺]、現有橋梁/人行陸橋/座數[座]、現有橋梁/人行陸橋/面積[平方公尺]、現有橋梁/一般橋梁/座數[座]、現有橋梁/一般橋梁/面積[平方公尺]、現有橋梁/其他/座數[座]、現有橋梁/其他/面積[平方公尺]、新建橋梁/座數[座]、新建橋梁/面積[平方公尺]、拓建橋梁/座數[座]、拓建橋梁/面積[平方公尺]
"
臺北市隧道及地下道,統計,"臺北市隧道及地下道時間數列統計資料
",統計期、隧道座數[座]、隧道長度/總計[公尺]、隧道長度/主隧道[公尺]、隧道長度/引道[公尺]、隧道面積/總計[平方公尺]、隧道面積/主隧道[平方公尺]、隧道面積/引道[平方公尺]、地下道座數/總計[座]、地下道座數/人行地下道[座]、地下道座數/車行地下道[座]、地下道長度/總計[公尺]、地下道長度/人行地下道[公尺]、地下道長度/車行地下道[公尺]、地下道面積/總計[平方公尺]、地下道面積/人行地下道[平方公尺]、地下道面積/車行地下道[平方公尺]
臺北市雨水下水道工程,統計,臺北市雨水下水道工程時間數列統計資料,統計期、抽水站/座數[座]、抽水站/平均抽水速度[立方公尺/秒]、雨水下水道/總長度/規劃[公里]、雨水下水道/總長度/已建設[公里]、雨水下水道實施率[%]、雨水下水道/新建長度/側溝[公尺]、雨水下水道/新建長度/箱涵[公尺]、雨水下水道/新建長度/管涵[公尺]、雨水下水道/新建長度/連接管[公尺]、雨水下水道/新建長度/導水暗渠[公尺]、雨水下水道/改善長度/側溝[公尺]、雨水下水道/改善長度/箱涵[公尺]、雨水下水道/改善長度/管涵[公尺]、雨水下水道/改善長度/連接管[公尺]、雨水下水道/改善長度/導水暗渠[公尺]
臺北市污水下水道工程,統計,臺北市污水下水道工程時間數列統計資料,統計期、污水處理廠/座數[座]、污水處理廠/平均污水處理速度[立方公尺/日]、污水下水道/累計完工長度[公尺]、污水下水道/新建長度/總計[公尺]、污水下水道/新建長度/主幹管[公尺]、污水下水道/新建長度/次幹管[公尺]、污水下水道/新建長度/分支管[公尺]、污水下水道/改善長度/總計[公尺]、污水下水道/改善長度/主幹管[公尺]、污水下水道/改善長度/次幹管[公尺]、污水下水道/改善長度/分支管[公尺]
臺北市污水處理,統計,臺北市污水處理時間數列統計資料,統計期、廢污水收集量數值[立方公尺]、未經處理廢污水量數值[立方公尺]、經處理廢污水量數值/初級[立方公尺]、經處理廢污水量數值/二級[立方公尺]、經處理廢污水量數值/三級[立方公尺]、污水管線人孔修繕座數數值[座]、污水管線抽揚水站檢修次數[次]、污水管線堵塞處理次數[次]、污水管線清理長度[公尺]、污水處理生化需氧量BOD去除量數值[公噸]、污水處理化學需氧量COD去除量數值[公噸]、污水處理水中懸浮固體量SS去除量數值[公噸]
臺北市依性別工作平等法申訴概況,統計,"臺北市依性別工作平等法申訴概況時間數列統計資料
",統計期、申訴件數[件]、申訴成立件數[件]、申訴人數/總計[人]、申訴人數/男性[人]、申訴人數/女性[人]、職場性騷擾申訴件數[件]、職場性騷擾申訴成立件數[件]、職場性騷擾申訴人數/總計[人]、職場性騷擾申訴人數/男性[人]、職場性騷擾申訴人數/女性[人]
臺北市市有收費停車位停車收入,統計,臺北市市有收費停車位停車收入時間數列統計資料,統計期、停車位數/總計[格位]、停車位數/汽車[格位]、停車位數/機車[格位]、停車收入金額/總計[元]、停車收入金額/計次車輛收入/合計[元]、停車收入金額/計次車輛收入/汽車[元]、停車收入金額/計次車輛收入/機車[元]、停車收入金額/計時車輛收入/合計[元]、停車收入金額/計時車輛收入/汽車[元]、停車收入金額/計時車輛收入/機車[元]、停車收入金額/包月車輛收入/合計[元]、停車收入金額/包月車輛收入/汽車[元]、停車收入金額/包月車輛收入/機車[元]、停車收入金額/權利金收入[元]、孕婦及育有6歲以下兒童者停車位數[車位]
臺北市政府推介就業服務按求職人職業需求別(57年至65年),統計,臺北市政府推介就業服務按求職人職業需求別(57年至65年)時間數列統計資料,統計期、性別、總計[人]、專門性技術性工作人員[人]、行政及管理人員[人]、佐理人員[人]、買賣工作人員[人]、農林漁牧及其他有關工作人員[人]、礦工採石工及其他有關工作人員[人]、運輸及交通工作人員[人]、技術工匠生產程序工及不屬他類工人[人]、服務運動及娛樂工作人員[人]
臺北市推行社區發展工作成果,統計,臺北市推行社區發展工作成果時間數列統計資料,統計期、社區發展協會數[個]、社區戶數[戶]、社區人口數[人]、社區發展協會理事長人數/總計[人]、社區發展協會理事長人數/男[人]、社區發展協會理事長人數/女[人]、社區發展協會會員數/總計[人]、社區發展協會會員數/男[人]、社區發展協會會員數/女[人]、現有設置社區生產建設基金[個]、實際使用經費/總計[元]、實際使用經費/政府補助款[元]、實際使用經費/社區自籌款[元]、社區活動中心/原建[未作修擴建][幢]、社區活動中心/新建[幢]、社區活動中心/修擴建[幢]、主要社區建設/辦理社區幹部訓練[人次]、主要社區建設/辦理社區觀摩[人次]、主要社區建設/長壽俱樂部[處]、主要社區建設/社區成長教室[班]、主要社區建設/守望相助隊[隊]、主要社區建設/志願服務/團隊數[隊]、主要社區建設/志願服務/志工人數[人]、主要社區建設/民俗藝文康樂班[隊]、主要社區建設/社區照顧關懷據點[處]、主要社區建設/圖書室[處]、主要社區建設/刊物[期]、主要社區建設/福利服務及活動受益人次[人次]、主要社區建設/其他
臺北市宗教概況(教會堂神職人員數),統計,臺北市宗教概況(教會堂神職人員數)時間數列統計資料,統計期、總神職人員數、天主教神職人員數、基督教神職人員數、伊斯蘭教神職人員數、天理教神職人員數、巴哈伊教神職人員數、其他神職人員數
臺北市宗教概況(寺廟、教會(堂)及信徒人數),統計,臺北市宗教概況(寺廟、教會(堂)及信徒人數)時間數列統計資料,統計期、寺廟及教堂數/總計[座]、寺廟及教堂數/道教[座]、寺廟及教堂數/佛教[座]、寺廟及教堂數/一貫道[座]、寺廟及教堂數/天主教[座]、寺廟及教堂數/基督教[座]、寺廟及教堂數/伊斯蘭教[座]、寺廟及教堂數/天理教[座]、寺廟及教堂數/巴哈伊教[座]、寺廟及教堂數/其他[座]、教信徒人數/總計[人]、教信徒人數/道教[人]、教信徒人數/佛教[人]、教信徒人數/一貫道[人]、教信徒人數/天主教[人]、教信徒人數/基督教[人]、教信徒人數/伊斯蘭教[人]、教信徒人數/天理教[人]、教信徒人數/巴哈伊教[人]、教信徒人數/其他[人]
臺北市宗教社會服務概況,統計,臺北市宗教社會服務概況時間數列統計資料,統計期、宗教別、醫療機構/醫院[家]、醫療機構/診所[家]、文教機構/大學[家]、文教機構/專科學校[家]、文教機構/職校[家]、文教機構/中學[家]、文教機構/小學[家]、文教機構/幼兒園[家]、文教機構/其他[家]、公益慈善事業/養老院[家]、公益慈善事業/身心障礙教養院[家]、公益慈善事業/青少年輔導院[家]、公益慈善事業/福利基金會[家]、公益慈善事業/社會服務中心[家]、公益慈善事業/其他[家]
臺北市各項特別預決算歲入部分,統計,臺北市各項特別預決算歲入部分時間數列統計資料,統計期、特別預算別、總計/追加減後預算數[千元]、總計/決算審定數[千元]、稅課收入/追加減後預算數[千元]、稅課收入/決算審定數[千元]、補助收入/追加減後預算數[千元]、補助收入/決算審定數[千元]、信託管理收入/追加減後預算數[千元]、信託管理收入/決算審定數[千元]、公債及賒借收入/追加減後預算數[千元]、公債及賒借收入/決算審定數[千元]、財產收入/追加減後預算數[千元]、財產收入/決算審定數[千元]、移用以前年度歲計賸餘/追加減後預算數[千元]、移用以前年度歲計賸餘/決算審定數[千元]、其他收入/追加減後預算數[千元]、其他收入/決算審定數[千元]
臺北市各項特別預決算歲出部分,統計,臺北市各項特別預決算歲出部分時間數列統計資料,統計期、特別預算別、總計/追加減後預算數[千元]、總計/決算審定數[千元]、工程費/追加減後預算數[千元]、工程費/決算審定數[千元]、用地補償費/追加減後預算數[千元]、用地補償費/決算審定數[千元]、設備費/追加減後預算數[千元]、設備費/決算審定數[千元]、其他/追加減後預算數[千元]、其他/決算審定數[千元]
臺北市高中職以下學校小田園教育體驗學習概況,統計,"臺北市高中職以下學校小田園教育體驗學習概況時間數列統計資料
",統計期、小田園辦理校數[所]、綠屋頂辦理處數[處]、小田園教育參與種植人數[人]、小田園教育種植總面積/總計[平方公尺]、小田園教育種植總面積/小田園[平方公尺]、小田園教育種植總面積/綠屋頂[平方公尺]
臺北市各級學校班級生師比,統計,"臺北市各級學校班級生師比時間數列統計資料
","統計期、設立別、學制別、每班教師數[人]、每班學生數[人]、生師比[人]
"
臺北市道路交通事故斑點圖,交通,提供臺北市道路交通事故發生時間、處理別(1類指造成人員當場或24小時內死亡之交通事故；2類指造成人員受傷或超過24小時死亡之交通事故)、肇事地點、座標點位資料。,發生時間、處理別、肇事地點、座標-X、座標-Y
臺北市總預算與附屬單位預算及其決算編列情形,統計,臺北市總預算與附屬單位預算及其決算編列情形時間數列統計資料,統計期、預算/總預算/原預算/歲入[百萬元]、預算/總預算/原預算/歲出[百萬元]、預算/總預算/追加減後預算/歲入[百萬元]、預算/總預算/追加減後預算/歲出[百萬元]、預算/附屬單位預算/收入/總計[百萬元]、預算/附屬單位預算/支出/總計[百萬元]、預算/附屬單位預算/營業基金/收入[百萬元]、預算/附屬單位預算/營業基金/支出[百萬元]、預算/附屬單位預算/非營業基金/合計/收入[百萬元]、預算/附屬單位預算/非營業基金/合計/支出[百萬元]、預算/附屬單位預算/非營業基金/作業基金/收入[百萬元]、預算/附屬單位預算/非營業基金/作業基金/支出[百萬元]、預算/附屬單位預算/非營業基金/債務基金/收入[百萬元]、預算/附屬單位預算/非營業基金/債務基金/支出[百萬元]、預算/附屬單位預算/非營業基金/特別收入基金/收入[百萬元]、預算/附屬單位預算/非營業基金/特別收入基金/支出[百萬元]、預算/總預算撥補附屬單位預算/收入[百萬元]、預算/總預算撥補附屬單位預算/支出入[百萬元]、決算/總決算/歲入[百萬元]、決算/總決算/歲出[百萬元]、決算/附屬單位決算/總計/收入[百萬元]、決算/附屬單位決算/總計/支出[百萬元]、決算/附屬單位決算/營業基金/收入[百萬元]、決算/附屬單位決算/營業基金/支出[百萬元]、決算/附屬單位決算/非營業基金/合計/收入[百萬元]、決算/附屬單位決算/非營業基金/合計/支出[百萬元]、決算/附屬單位決算/非營業基金/作業基金/收入[百萬元]、決算/附屬單位決算/非營業基金/作業基金/支出[百萬元]、決算/附屬單位決算/非營業基金/債務基金/收入[百萬元]、決算/附屬單位決算/非營業基金/債務基金/支出[百萬元]、決算/附屬單位決算/非營業基金/特別收入基金/收入[百萬元]、決算/附屬單位決算/非營業基金/特別收入基金/支出[百萬元]
臺北市總預決算歲入來源及債務餘額,統計,臺北市總預決算歲入來源及債務餘額時間數列統計資料,統計期、歲入來源/總計/原預算數[億元]、歲入來源/總計/追加減後預算數[億元]、歲入來源/總計/決算審定數[億元]、歲入來源/自有財源/合計/原預算數[億元]、歲入來源/自有財源/合計/追加減後預算數[億元]、歲入來源/自有財源/合計/決算審定數[億元]、歲入來源/自有財源/自籌財源/計/原預算數[億元]、歲入來源/自有財源/自籌財源/計/追加減後預算數[億元]、歲入來源/自有財源/自籌財源/計/決算審定數[億元]、歲入來源/自有財源/自籌財源/稅課收入/原預算數[億元]、歲入來源/自有財源/自籌財源/稅課收入/追加減後預算數[億元]、歲入來源/自有財源/自籌財源/稅課收入/決算審定數[億元]、歲入來源/自有財源/自籌財源/稅外收入/原預算數[億元]、歲入來源/自有財源/自籌財源/稅外收入/追加減後預算數[億元]、歲入來源/自有財源/自籌財源/稅外收入/決算審定數[億元]、歲入來源/自有財源/統籌分配稅/原預算數[億元]、歲入來源/自有財源/統籌分配稅/追加減後預算數[億元]、歲入來源/自有財源/統籌分配稅/決算審定數[億元]、歲入來源/補助及協助收入/原預算數[億元]、歲入來源/補助及協助收入/追加減後預算數[億元]、歲入來源/補助及協助收入/決算審定數[億元]、未償債務餘額/原預算數[億元]、未償債務餘額/追加減後預算數[億元]、未償債務餘額/決算審定數[億元]
臺北市總預決算賸餘及融資調度,統計,臺北市總預決算賸餘及融資調度時間數列統計資料,統計期、原預算數/歲入歲出餘絀[千元]、原預算數/債務還本[千元]、原預算數/融資調度數/總計[千元]、原預算數/融資調度數/公債及賒借收入[千元]、原預算數/融資調度數/移用以前年度歲計賸餘[千元]、追加減後預算數/歲入歲出餘絀[千元]、追加減後預算數/債務還本[千元]、追加減後預算數/融資調度數/總計[千元]、追加減後預算數/融資調度數/公債及賒借收入[千元]、追加減後預算數/融資調度數/移用以前年度歲計賸餘[千元]、決算審定數/歲入歲出餘絀[千元]、決算審定數/債務還本[千元]、決算審定數/尚須融資調度數[千元]、決算審定數/融資調度數/總計[千元]、決算審定數/融資調度數/公債及賒借收入[千元]、決算審定數/融資調度數/移用以前年度歲計賸餘[千元]、決算審定數/收支餘絀[千元]
臺北市信用合作社歷年存放款餘額,統計,臺北市信用合作社存放款餘額時間數列統計資料,統計期、社數[家]、存款餘額/總計[百萬元]、存款餘額/活期[百萬元]、存款餘額/定期[百萬元]、存款餘額/儲蓄存款[百萬元]、放款餘額/總計[百萬元]、放款餘額/無擔保[百萬元]、放款餘額/擔保[百萬元]
臺北市就業人口之年齡結構,統計,臺北市就業人口之年齡結構時間數列統計資料,統計期、性別、就業人口/實數[千人]、就業人口按年齡別/15至未滿20歲/實數[千人]、就業人口按年齡別/20至未滿25歲/實數[千人]、就業人口按年齡別/25至未滿30歲/實數[千人]、就業人口按年齡別/30至未滿35歲/實數[千人]、就業人口按年齡別/35至未滿40歲/實數[千人]、就業人口按年齡別/40至未滿45歲/實數[千人]、就業人口按年齡別/45至未滿50歲/實數[千人]、就業人口按年齡別/50至未滿55歲/實數[千人]、就業人口按年齡別/55至未滿60歲/實數[千人]、就業人口按年齡別/60至未滿65歲/實數[千人]、就業人口按年齡別/65歲以上/實數[千人]、就業人口/百分比[%]、就業人口按年齡別/15至未滿20歲/百分比[%]、就業人口按年齡別/20至未滿25歲/百分比[%]、就業人口按年齡別/25至未滿30歲/百分比[%]、就業人口按年齡別/30至未滿35歲/百分比[%]、就業人口按年齡別/35至未滿40歲/百分比[%]、就業人口按年齡別/40至未滿45歲/百分比[%]、就業人口按年齡別/45至未滿50歲/百分比[%]、就業人口按年齡別/50至未滿55歲/百分比[%]、就業人口按年齡別/55至未滿60歲/百分比[%]、就業人口按年齡別/60至未滿65歲/百分比[%]、就業人口按年齡別/65歲以上/百分比[%]
臺北市就業人口之職業(100年以後),統計,臺北市就業人口之職業(100年以後)時間數列統計資料,統計期、性別、總計/實數[千人]、民意代表企業主管及經理人員/實數[千人]、專業人員/實數[千人]、技術員及助理專業人員/實數[千人]、事務支援人員/實數[千人]、服務及銷售工作人員/實數[千人]、農林漁牧業生產人員/實數[千人]、技藝有關工作人員機械設備操作及勞力工/實數[千人]、總計/百分比[%]、民意代表企業主管及經理人員/百分比[%]、專業人員/百分比[%]、技術員及助理專業人員/百分比[%]、事務支援人員/百分比[%]、服務及銷售工作人員/百分比[%]、農林漁牧業生產人員/百分比[%]、技藝有關工作人員機械設備操作及勞力工/百分比[%]
臺北市勞動力參與率婚姻狀況別,統計,臺北市勞動力參與率婚姻狀況別時間數列統計資料,統計期、性別、全體[%]、未婚[%]、有配偶或同居[%]、離婚分居或喪偶[%]
臺北市各級學校暨幼兒園專任職員數,統計,"臺北市各級學校暨幼兒園專任職員數時間數列統計資料
","統計期、公私立別、性別、高等學校/總計[人]、高等學校/大學校院[人]、高等學校/專科學校[人]、中等學校/總計[人]、中等學校/高級中等學校[人]、中等學校/高級中學[人]、中等學校/職業學校[人]、中等學校/國民中學[人]、國民小學[人]、幼兒園[人]、特殊教育[人]
"
臺北市各級學校暨幼兒園畢業生數(57年至102年),統計,"臺北市各級學校暨幼兒園畢業生數(57年至102年)時間數列統計資料
","統計期、公私立別、性別、高等學校/總計[人]、高等學校/大學校院[人]、高等學校/專科學校[人]、中等學校/總計[人]、中等學校/高級中學[人]、中等學校/職業學校[人]、中等學校/國民中學[人]、國民小學[人]、幼兒園[人]、特殊教育[人]
"
臺北市各級學校暨幼兒園畢業生數(103年以後),統計,"臺北市各級學校暨幼兒園畢業生數(103年以後)時間數列統計資料
",統計期、公私立別、性別、高等學校/總計[人]、高等學校/大學校院[人]、高等學校/專科學校[人]、中等學校/高級中等學校/總計[人]、中等學校/高級中等學校/普通科[人]、中等學校/高級中等學校/綜合高中[人]、中等學校/高級中等學校/專業群[職業科][人]、中等學校/高級中等學校/實用技能學程[人]、中等學校/高級中等學校/進修部[學校][人]、中等學校/國民中學[人]、國民小學[人]、特殊教育[人]
臺北市國小教育粗在學率,統計,"臺北市國小教育粗在學率時間數列統計資料
",統計期、性別、6至11歲戶籍人口數[人]、國小學生數[人]、國小教育粗在學率[%]
臺北市就業人口之教育程度,統計,臺北市就業人口之教育程度時間數列統計資料,統計期、性別、教育程度別、實數[千人]、百分比[%]
臺北市國稅預算數與實徵數,統計,臺北市國稅預算數與實徵數時間數列統計資料,統計期、總計/預算數[千元]、總計/實徵數[千元]、總計/百分比[%]、稅課收入/合計/預算數[千元]、稅課收入/合計/實徵數[千元]、稅課收入/合計/百分比[%]、稅課收入/營利事業所得稅/預算數[千元]、稅課收入/營利事業所得稅/實徵數[千元]、稅課收入/營利事業所得稅/百分比[%]、稅課收入/綜合所得稅/預算數[千元]、稅課收入/綜合所得稅/實徵數[千元]、稅課收入/綜合所得稅/百分比[%]、稅課收入/遺產及贈與稅/預算數[千元]、稅課收入/遺產及贈與稅/實徵數[千元]、稅課收入/遺產及贈與稅/百分比[%]、稅課收入/印花稅/預算數[千元]、稅課收入/印花稅/實徵數[千元]、稅課收入/印花稅/百分比[%]、稅課收入/貨物稅/預算數[千元]、稅課收入/貨物稅/實徵數[千元]、稅課收入/貨物稅/百分比[%]、稅課收入/證券及期貨交易稅/預算數[千元]、稅課收入/證券及期貨交易稅/實徵數[千元]、稅課收入/證券及期貨交易稅/百分比[%]、稅課收入/菸酒稅/預算數[千元]、稅課收入/菸酒稅/實徵數[千元]、稅課收入/菸酒稅/百分比[%]、稅課收入/營業稅/預算數[千元]、稅課收入/營業稅/實徵數[千元]、稅課收入/營業稅/百分比[%]、稅課收入/特種貨物及勞務稅/預算數[千元]、稅課收入/特種貨物及勞務稅/實徵數[千元]、稅課收入/特種貨物及勞務稅/百分比[%]、金融保險營業稅/預算數[千元]、金融保險營業稅/實徵數[千元]、金融保險營業稅/百分比[%]、罰鍰及其他收入/預算數[千元]、罰鍰及其他收入/實徵數[千元]、罰鍰及其他收入/百分比[%]
臺北市國稅徵收情形,統計,臺北市國稅徵收情形時間數列統計資料,統計期、徵收情形別、總計[千元]、稅課收入/合計[千元]、稅課收入/營利事業所得稅[千元]、稅課收入/綜合所得稅[千元]、稅課收入/遺產及贈與稅[千元]、稅課收入/印花稅[千元]、稅課收入/貨物稅[千元]、稅課收入/證券及期貨交易稅[千元]、稅課收入/菸酒稅[千元]、稅課收入/營業稅[千元]、稅課收入/特種貨物及勞務稅[千元]、金融保險營業稅[千元]、罰鍰及其他收入[千元]
臺北市國稅實徵解庫數,統計,臺北市國稅實徵解庫數時間數列統計資料,統計期、公庫別、總計[千元]、稅課收入/合計[千元]、稅課收入/營利事業所得稅[千元]、稅課收入/綜合所得稅[千元]、稅課收入/遺產及贈與稅[千元]、稅課收入/印花稅[千元]、稅課收入/貨物稅[千元]、稅課收入/證券及期貨交易稅[千元]、稅課收入/菸酒稅[千元]、稅課收入/營業稅[千元]、稅課收入/特種貨物及勞務稅[千元]、金融保險營業稅[千元]、罰鍰及其他收入[千元]
臺北市地方稅實徵解庫數,統計,臺北市地方稅實徵解庫數時間數列統計資料,統計期、公庫別、總金額[千元]、稅課收入金額/合計[千元]、稅課收入金額/田賦[千元]、稅課收入金額/地價稅[千元]、稅課收入金額/土地增值稅[千元]、稅課收入金額/營業稅[千元]、稅課收入金額/房屋稅[千元]、稅課收入金額/使用牌照稅[千元]、稅課收入金額/屠宰稅[千元]、稅課收入金額/契稅[千元]、稅課收入金額/印花稅[千元]、稅課收入金額/筵席稅[千元]、稅課收入金額/娛樂稅[千元]、稅課收入金額/戶稅[千元]、稅課收入金額/教育捐[千元]、規費及其他收入[千元]
臺北市地方稅預算數與實徵數,統計,地方稅預算數與實徵數時間數列統計資料,統計期、地方稅別、預算數[千元]、實徵數[千元]、百分比[%]
臺北市聯營公共汽車每輛平均配備人數,統計,"臺北市聯營公共汽車每輛平均配備人數時間數列統計資料
",統計期、營業車輛數[輛]、營業車輛數/低地板公車[輛]、營業車輛數/油電混合公車[輛]、員工人數/總計[人]、員工人數/職員[人]、員工人數/行車人員[人]、員工人數/技工[人]、員工人數/普通工人[人]、每車平均配備人數/總計[人]、每車平均配備人數/職員[人]、每車平均配備人數/行車人員[人]、每車平均配備人數/技工[人]、每車平均配備人數/普通工人[人]
臺北市聯營公共汽車客運業務,統計,"臺北市聯營公共汽車客運業務時間數列統計資料
",統計期、路線數/聯營[線]、路線數/對開[線]、路線數/小型[線]、營業公里[公里]、行駛車輛數[平均行駛延日車數]、行駛次數[段次]、平均每車每日行駛次數[段次]、行駛車公里[公里]、平均每車每日行駛車公里[公里]、平均每車每次行駛車公里[公里]、客運人次[人次]、平均每日客運人次[人次]、平均每車每日客運人次[人次]、平均每車每次客運人次[人次]、客運收入[元]、智慧型公車站牌數[座]、身心障礙者小型冷氣車輛數[輛]
臺北市市區及河濱自行車租借概況,統計,"臺北市市區及河濱自行車租借概況時間數列統計資料
",統計期、自行車道長度/總計[公里]、自行車道長度/市區[公里]、自行車道長度/河濱[公里]、租借站數/總計[站]、租借站數/市區[站]、租借站數/河濱[站]、自行車數/總計[輛]、自行車數/市區[輛]、自行車數/河濱[輛]、租借次數/總計[次]、租借次數/市區[次]、租借次數/河濱[次]、每日每車租借次數/總計[次]、每日每車租借次數/市區[次]、每日每車租借次數/河濱[次]
臺北市勞動力參與率教育程度別,統計,臺北市勞動力參與率教育程度別時間數列統計資料,年平均別、性別、勞動力人口[千人]、勞動力人口按教育程度別/研究所[千人]、勞動力人口按教育程度別/大學[千人]、勞動力人口按教育程度別/專科[千人]、勞動力人口按教育程度別/高職[千人]、勞動力人口按教育程度別/高中[千人]、勞動力人口按教育程度別/國中[初職][千人]、勞動力人口按教育程度別/國小以下[千人]、勞動力參與率[%]、勞動力參與率按教育程度別/研究所[%]、勞動力參與率按教育程度別/大學[%]、勞動力參與率按教育程度別/專科[%]、勞動力參與率按教育程度別/高職[%]、勞動力參與率按教育程度別/高中[%]、勞動力參與率按教育程度別/國中[初職][%]、勞動力參與率按教育程度別/國小以下[%]
臺北市勞動力參與率年齡別,統計,臺北市勞動力參與率年齡別時間數列統計資料,統計期、性別、勞動力人口[千人]、勞動力人口按年齡別/15-19歲[千人]、勞動力人口按年齡別/20-24歲[千人]、勞動力人口按年齡別/25-29歲[千人]、勞動力人口按年齡別/30-34歲[千人]、勞動力人口按年齡別/35-39歲[千人]、勞動力人口按年齡別/40-44歲[千人]、勞動力人口按年齡別/45-49歲[千人]、勞動力人口按年齡別/50-54歲[千人]、勞動力人口按年齡別/55-59歲[千人]、勞動力人口按年齡別/60-64歲[千人]、勞動力人口按年齡別/65歲以上[千人]、勞動力參與率[%]、勞動力參與率按年齡別/15-19歲[%]、勞動力參與率按年齡別/20-24歲[%]、勞動力參與率按年齡別/25-29歲[%]、勞動力參與率按年齡別/30-34歲[%]、勞動力參與率按年齡別/35-39歲[%]、勞動力參與率按年齡別/40-44歲[%]、勞動力參與率按年齡別/45-49歲[%]、勞動力參與率按年齡別/50-54歲[%]、勞動力參與率按年齡別/55-59歲[%]、勞動力參與率按年齡別/60-64歲[%]、勞動力參與率按年齡別/65歲以上[%]
臺北市就業人口之行業(96年以後),統計,臺北市就業人口之行業(96年以後)時間數列統計資料,統計期、性別、行業別、實數[千人]、百分比[%]
臺北市勞工服務中心服務概況,統計,臺北市勞工服務中心服務概況時間數列統計資料,統計期、勞工服務件數[件]、勞工服務件數按服務性質分/解釋法令疑義[件]、勞工服務件數按服務性質分/申訴[件]、勞工服務件數按服務性質分/轉介[件]、勞工服務件數按服務性質分/建議[件]、勞工服務件數按服務性質分/批評[件]、勞工服務件數按服務性質分/其他[件]、勞工服務件數按服務類別分/工資[件]、勞工服務件數按服務類別分/工時[件]、勞工服務件數按服務類別分/僱用管理[件]、勞工服務件數按服務類別分/性別平等工作[件]、勞工服務件數按服務類別分/安全衛生[件]、勞工服務件數按服務類別分/勞工保險[件]、勞工服務件數按服務類別分/勞工福利[件]、勞工服務件數按服務類別分/就業與訓練[件]、勞工服務件數按服務類別分/外國人問題[件]、勞工服務件數按服務類別分/勞資問題[件]、勞工服務件數按服務類別分/綜合問題[件]
臺北市智慧型公車站牌數量,統計,臺北市智慧型公車站牌數量時間數列統計資料,統計期、總數量、獨立式/LED數量、獨立式/電子紙數量、附掛式/LED數量、附掛式/電子紙數量
中華郵政股份有限公司臺北市郵政機構及設備,統計,"中華郵政股份有限公司臺北市郵政機構及設備時間數列統計資料
",統計期、機構數/總計、機構數/管理機構/合計、機構數/管理機構/總公司、機構數/管理機構/責任中心、機構數/自辦業務機構/合計、機構數/自辦業務機構/特等局、機構數/自辦業務機構/一等局、機構數/自辦業務機構/二等局、機構數/自辦業務機構/郵件處理中心、機構數/自辦業務機構/支局、機構數/自辦業務機構/郵亭、機構數/自辦業務機構/汽車行動郵局、機構數/委辦業務機構/合計、機構數/委辦業務機構/郵政代辦所、機構數/委辦業務機構/郵票代售處、設備數/運郵車輛/汽車、設備數/運郵車輛/機器腳踏車、設備數/運郵車輛/腳踏車、設備數/運郵車輛/電動機車、設備數/郵筒、設備數/信箱、設備數/出租專用信箱
臺北市藍色水路營運概況,統計,"臺北市藍色水路營運概況時間數列統計資料
","統計期、河流別、營運碼頭[座]、營運航線[線]、營運里程[公里]、營運船家[家]、營運船數[艘]、載客量[人次]
"
臺北市車輛違規拖吊情形,統計,臺北市車輛違規拖吊情形時間數列統計資料,統計期、拖吊違規車輛數/總計/合計[輛]、拖吊違規車輛數/總計/大型汽車[輛]、拖吊違規車輛數/總計/小型汽車[輛]、拖吊違規車輛數/總計/機車[輛]、拖吊違規車輛數/租[僱]用民間拖吊/合計[輛]、拖吊違規車輛數/租[僱]用民間拖吊/大型汽車[輛]、拖吊違規車輛數/租[僱]用民間拖吊/小型汽車[輛]、拖吊違規車輛數/租[僱]用民間拖吊/機車[輛]、拖吊違規車輛數/公有拖吊分隊拖吊/合計[輛]、拖吊違規車輛數/公有拖吊分隊拖吊/大型汽車[輛]、拖吊違規車輛數/公有拖吊分隊拖吊/小型汽車[輛]、拖吊違規車輛數/公有拖吊分隊拖吊/機車[輛]、每日拖吊違規車輛數/汽車[輛]、每日拖吊違規車輛數/機車[輛]、違規拖吊收入/總計[元]、違規拖吊收入/汽車[元]、違規拖吊收入/機車[元]
臺北市科技產業園區,統計,臺北市科技產業園區時間數列統計資料,統計期、內湖科技園區廠商家數[家]、內湖科技園區員工人數[人]、內湖科技園區營業收入[億元]、南港軟體工業園區廠商家數[家]、南港軟體工業園區員工人數[人]、南港軟體工業園區營業收入[億元]、大彎南段工業區廠商家數[家]、大彎南段工業區員工人數[人]、大彎南段工業區營業收入[億元]、內湖五期重劃區廠商家數[家]、內湖五期重劃區員工人數[人]、內湖五期重劃區營業收入[億元]
臺北市營業基金收支情形,統計,臺北市營業基金收支情形時間數列統計資料,統計期、預決算數別、總收入/總計[千元]、總收入/營業收入[千元]、總收入/營業外收入[千元]、總支出/總計[千元]、總支出/營業成本與費用[千元]、總支出/營業外費用[千元]、總支出/所得稅費用/利益[千元]、淨利[淨損][千元]
臺北市營利事業家數及銷售額(66年下半年至96年),統計,臺北市營利事業家數及銷售額(66年下半年至96年)時間數列統計資料,統計期、總計/家數[家]、總計/銷售額[百萬元]、農林漁牧及狩獵業/家數[家]、農林漁牧及狩獵業/銷售額[百萬元]、礦業及土石採取業/家數[家]、礦業及土石採取業/銷售額[百萬元]、製造業/家數[家]、製造業/銷售額[百萬元]、水電燃氣業/家數[家]、水電燃氣業/銷售額[百萬元]、營造業/家數[家]、營造業/銷售額[百萬元]、商業/家數[家]、商業/銷售額[百萬元]、運輸倉儲及通信業/家數[家]、運輸倉儲及通信業/銷售額[百萬元]、金融保險不動產及工商服務業/家數[家]、金融保險不動產及工商服務業/銷售額[百萬元]、社會團體及個人服務業/家數[家]、社會團體及個人服務業/銷售額[百萬元]、公共行政業及其他/家數[家]、公共行政業及其他/銷售額[百萬元]萬元]
臺北市道路交通設施,統計,臺北市道路交通設施時間數列統計資料,統計期、交通標誌[面]、行人專用號誌燈[路口]、30公分放大型行人專用號誌[路口]、行車管制號誌燈[路口]、行車紅燈倒數計時器[路口]、號誌連線數[條]、公車專用道行駛長度[公里]、標線型人行道長度[公里]
臺北市公有傳統零售市場,統計,臺北市公有傳統零售市場時間數列統計資料,統計期、市場數[間]、土地總面積[平方公尺]、建築物樓地板面積[平方公尺]、攤位數/總計[攤]、攤位數/糧食[攤]、攤位數/家禽家畜[攤]、攤位數/果菜[攤]、攤位數/日用品[攤]、攤位數/雜貨[攤]、攤位數/魚蝦[攤]、攤位數/飲食[攤]、攤位數/其他[攤]、員工人數[人]、全年租金收入[千元]
臺北市特別收入基金基金來源及用途情形,統計,臺北市特別收入基金基金來源及用途情形時間數列統計資料,統計期、基金別、預決算數別、基金來源[千元]、基金用途[千元]、賸餘[短絀][千元]
臺北市總預決算歲入來源別(88年下半年及89年以後),統計,臺北市總預決算歲入來源別(88年下半年及89年以後)時間數列統計資料,統計期、來源別、原預算數[千元]、追加減後預算數[千元]、決算審定數[千元]、實現數[千元]、應收數[千元]、保留數[千元]、超[短]收數[千元]
臺北市總預決算歲出數按經資門分,統計,臺北市總預決算歲出數按經資門分時間數列統計資料,統計期、經資門別、原預算數[千元]、追加減後預算數[千元]、決算數[千元]、決算審定數[千元]
臺北市總預決算歲入數按經資門分,統計,臺北市總預決算歲入數按經資門分時間數列統計資料,統計期、經資門別、原預算數[千元]、追加減後預算數[千元]、決算數[千元]、決算審定數[千元]
臺北市蔬菜交易情形按種類別,統計,臺北市蔬菜交易情形按種類別時間數列統計資料,統計期、總計/交易量[公斤]、總計/交易金額[元]、總計/平均價格[元/公斤]、根莖菜類/交易量[公斤]、根莖菜類/交易金額[元]、根莖菜類/平均價格[元/公斤]、葉菜類/交易量[公斤]、葉菜類/交易金額[元]、葉菜類/平均價格[元/公斤]、花果類/交易量[公斤]、花果類/交易金額[元]、花果類/平均價格[元/公斤]、其他/交易量[公斤]、其他/交易金額[元]、其他/平均價格[元/公斤]
臺北市營利事業家數及銷售額(57年至66年上半年),統計,臺北市營利事業家數及銷售額(57年至66年上半年)時間數列統計資料,統計期、總計/家數[家]、總計/銷售額[百萬元]、買賣業/家數[家]、買賣業/銷售額[百萬元]、製造業/家數[家]、製造業/銷售額[百萬元]、礦業/家數[家]、礦業/銷售額[百萬元]、營造業/家數[家]、營造業/銷售額[百萬元]、公用事業/家數[家]、公用事業/銷售額[百萬元]、運輸倉儲業/家數[家]、運輸倉儲業/銷售額[百萬元]、金融業/家數[家]、金融業/銷售額[百萬元]、新聞業/家數[家]、新聞業/銷售額[百萬元]、飲食業/家數[家]、飲食業/銷售額[百萬元]、娛樂業/家數[家]、娛樂業/銷售額[百萬元]、其他服務業/家數[家]、其他服務業/銷售額[百萬元]
臺北市作業基金收支情形,統計,臺北市作業基金收支情形時間數列統計資料,統計期、預決算數別、總收入/總計[千元]、總收入/業務收入[千元]、總收入/業務外收入[千元]、總支出/總計[千元]、總支出/業務成本與費用[千元]、總支出/業務外費用[千元]、賸餘[短絀][千元]
臺北市作業基金收支情形按基金別,統計,臺北市作業基金收支情形按基金別時間數列統計資料,統計期、基金別、預決算數別、總收入[千元]、總支出[千元]、賸餘[短絀][千元]、賸餘繳庫[千元]、短絀填補[千元]
臺北市債務基金基金來源及用途情形,統計,臺北市債務基金基金來源及用途情形時間數列統計資料,統計期、預決算數別、基金來源[千元]、基金用途[千元]、賸餘[短絀][千元]
臺北市總預決算歲出按政事別(108年以後),統計,臺北市總預決算歲出按政事別(108年以後)時間數列統計資料,統計期、政事別、原預算數[千元]、追加減後預算數[千元]、決算審定數[千元]、實現數[千元]、應付數[千元]、保留數[千元]、賸餘數[千元]
臺北市營業基金收支情形按基金別,統計,臺北市營業基金收支情形按基金別時間數列統計資料,統計期、基金別、預決算數別、總收入[千元]、總支出[千元]、淨利[淨損][千元]、盈餘分配[千元]、虧損填補[千元]
臺北市指標生物物種數,統計,"臺北市指標生物物種數時間數列統計資料
","統計期、遭受違規開墾或破壞區域面積[公頃]、生態區域面積[公頃]
"
台灣電力公司臺北市售電量,統計,台灣電力公司臺北市售電量時間數列統計資料,統計期、總用戶數[戶]、總用電量[千度]、每用戶用電量[度]、電燈用戶數[戶]、電燈用電量[千度]、電燈每用戶用電量[度]、電燈/包燈/用戶數[戶]、電燈/包燈/用電量[千度]、電燈/包燈/每用戶用電量[度]、電燈/包燈/一般用/用戶數[戶]、電燈/包燈/一般用/用電量[千度]、電燈/包燈/一般用/每用戶用電量[度]、電燈/包燈/公用路燈/用戶數[戶]、電燈/包燈/公用路燈/用電量[千度]、電燈/包燈/公用路燈/每用戶用電量[度]、電燈/表燈/用戶數[戶]、電燈/表燈/用電量[千度]、電燈/表燈/每用戶用電量[度]、電燈/表燈/營業用/用戶數[戶]、電燈/表燈/營業/用電量[千度]、電燈/表燈/營業/每用戶用電量[度]、電燈/表燈/非營業/用戶數[戶]、電燈/表燈/非營業/用電量[千度]、電燈/表燈/非營業用/每用戶用電量[度]、電力用戶數[戶]、電力用電量[千度]、電力每用戶用電量[度]、電力/包用/用戶數[戶]、電力/包用/用電量[千度]、電力/包用/每用戶用電量[度]、電力/表計/用戶數[戶]、電力/表計/用電量[千度]、電力/表計/每用戶用電量[度]、台電自用用電量[千度]
臺北市動物保護概況,統計,"臺北市動物保護概況時間數列統計資料
",統計期、豬病預防注射[頭]、狂犬病預防注射[隻]、寵物登記/犬[隻]、寵物登記/貓[隻]、犬貓絕育補助/犬[隻]、犬貓絕育補助/貓[隻]、愛心犬貓收容數/犬[隻]、愛心犬貓收容數/貓[隻]、犬貓認領數/犬[隻]、犬貓認領數/貓[隻]、犬貓認養數/犬[隻]、犬貓認養數/貓[隻]、犬貓認養人數/總計[人]、犬貓認養人數/男[人]、犬貓認養人數/女[人]、流浪犬貓/總計[隻]、流浪犬貓/管制救援數[隻]、流浪犬貓/飼主當場領回數[隻]、動物救援報案件數[件]、獸醫診療機構家數[家]
臺北市政府輔導產業發展概況,統計,臺北市政府輔導產業發展概況時間數列統計資料,統計期、產業發展獎勵補助計畫受補助[貼]家數/總計[家]、產業發展獎勵補助計畫受補助[貼]家數/男性負責人[家]、產業發展獎勵補助計畫受補助[貼]家數/女性負責人[家]、產業發展獎勵補助計畫受補助[貼]金額/總計[元]、產業發展獎勵補助計畫受補助[貼]金額/男性負責人[元]、產業發展獎勵補助計畫受補助[貼]金額/女性負責人[元]、青年創業貸款受貸人數/總計[人]、青年創業貸款受貸人數/男[人]、青年創業貸款受貸人數/女[人]、青年創業貸款受貸金額/總計[元]、青年創業貸款受貸金額/男[元]、青年創業貸款受貸金額/女[元]、中小企業經營管理研習班數[班]、中小企業經營管理研習人次/總計[人次]、中小企業經營管理研習人次/男[人次]、中小企業經營管理研習人次/女[人次]
臺北市工廠登記概況,統計,臺北市工廠登記概況時間數列統計資料,統計期、新增家數[家]、歇業家數[家]、現有家數/總計[家]、工廠家數/獨資[家]、工廠家數/合夥[家]、工廠家數/公司組織[家]、工廠家數/公營及其他[家]、工廠面積/廠地[平方公尺]、工廠面積/廠房[平方公尺]、使用動力/馬力[匹]、使用動力/電力[千瓦]、員工人數/總計[人]、員工人數/男[人]、員工人數/女[人]、資本額[百萬元]、平均每家員工人數[人]、平均每家資本額[千元]、工廠家數/開設未滿2年[家]、工廠家數/開設2~未滿4年[家]、工廠家數/開設4~未滿6年[家]、工廠家數/開設6~未滿8年[家]、工廠家數/開設8~未滿10年[家]、工廠家數/開設10年以上[家]
臺北市工廠登記概況按行業別,統計,臺北市工廠登記概況按行業別時間數列統計資料,統計期、製造業別、新增家數[家]、歇業家數[家]、現有家數/總計[家]、工廠家數/獨資[家]、工廠家數/合夥[家]、工廠家數/公司組織[家]、工廠家數/公營及其他[家]、工廠面積/廠地[平方公尺]、工廠面積/廠房[平方公尺]、使用動力/馬力[匹]、使用動力/電力[千瓦]、員工人數/總計[人]、員工人數/男[人]、員工人數/女[人]、資本額[百萬元]、平均每家員工人數[人]、平均每家資本額[千元]、工廠家數/開設未滿2年[家]、工廠家數/開設2~未滿4年[家]、工廠家數/開設4~未滿6年[家]、工廠家數/開設6~未滿8年[家]、工廠家數/開設8~未滿10年[家]、工廠家數/開設10年以上[家]
臺北市特定行業家數,統計,臺北市特定行業家數時間數列統計資料,統計期、登記家數/總計[家]、登記家數/八大行業[家]、登記家數/資訊休閒業[家]、登記家數/電子遊樂業[家]、八大行業違規家數[家]
臺北市乳母羊頭數及產乳量值,統計,臺北市乳母羊頭數及產乳量值時間數列統計資料,統計期、乳母牛/飼養戶數[戶]、乳母牛/經產頭數[頭]、乳母牛/產乳/量[公斤]、乳母牛/產乳/價值[元]、乳母羊/飼養戶數[戶]、乳母羊/經產頭數[頭]、乳母羊/產乳/量[公斤]、乳母羊/產乳/價值[元]
臺北市公有批發市場,統計,臺北市公有批發市場時間數列統計資料,統計期、市場數[間]、土地總面積[平方公尺]、建築物樓地板面積[平方公尺]、員工人數[人]、交易額/總計[千元]、交易額/家畜[千元]、交易額/果菜[千元]、交易額/魚[千元]、交易額/家禽[千元]、交易額/花卉花木[千元]
臺北市再生能源發電設備之核准情形統計,統計,"臺北市再生能源發電設備之核准情形時間數列統計資料
","統計期、再生能源別、同意備案/核准件數[件]、同意備案/核准總裝置容量[千瓦]、設備登記/核准件數[件]、設備登記/核准總裝置容量[千瓦]
"
臺北市再生能源,統計,"臺北市再生能源時間數列統計資料
",統計期、再生能源發電量/總計[千度]、再生能源發電量/水力發電[千度]、再生能源發電量/垃圾焚化[千度]、再生能源發電量/沼氣發電[千度]、再生能源發電量/太陽光電[千度]、中央及台電發展再生能源臺北市用電量[千度]、再生能源發電之躉售件數[件]、再生能源發電之躉售容量[千瓦]、再生能源發電之躉售電量度數[千度]
臺北市各級學校學生數按年級別,統計,"臺北市各級學校學生數按年級別時間數列統計資料
",統計期、公私立別、性別、大學校院/研究所/總計[人]、大學校院/研究所/博士班[人]、大學校院/研究所/碩士班[人]、大學校院/大學部/總計[人]、大學校院/大學部/華語先修生[人]、大學校院/大學部/一年級[人]、大學校院/大學部/二年級[人]、大學校院/大學部/三年級[人]、大學校院/大學部/四年級[人]、大學校院/大學部/五年級[人]、大學校院/大學部/六年級[人]、大學校院/大學部/七年級[人]、大學校院/大學部/研修生[人]、專科學校/總計[人]、專科學校/一年級[人]、專科學校/二年級[人]、專科學校/三年級[人]、專科學校/四年級[人]、專科學校/五年級[人]、專科學校/六年級[人]、專科學校/七年級[人]、專科學校/研修生[人]、高級中等學校/總計[人]、高級中等學校/一年級[人]、高級中等學校/二年級[人]、高級中等學校/三年級[人]、高級中等學校/四年級[人]、高級中等學校/延修生[人]、國民中學/總計[人]、國民中學/七年級[人]、國民中學/八年級[人]、國民中學/九年級[人]、國民小學/總計[人]、國民小學/一年級[人]、國民小學/二年級[人]、國民小學/三年級[人]、國民小學/四年級[人]、國民小學/五年級[人]、國民小學/六年級[人]
臺北市總預決算歲出按主管機關別(88年下半年及89年以後),統計,臺北市總預決算歲出按主管機關別(88年下半年及89年以後)時間數列統計資料,統計期、主管機關別、原預算數[千元]、追加減後預算數[千元]、決算審定數[千元]、實現數[千元]、應付數[千元]、保留數[千元]、賸餘數[千元]
臺北市各級學校暨幼兒園班級數(57年至102年),統計,臺北市各級學校暨幼兒園班級數(57年至102年)時間數列統計資料,統計期、公私立別、系所數/高等學校/總計、系所數/高等學校/大學校院、系所數/高等學校/專科學校、科系數/高等學校/大學校院、科系數/高等學校/專科學校、研究所數、班級數/高等學校/總計、班級數/高等學校/大學校院、班級數/高等學校/專科學校、班級數/中等學校/總計、班級數/中等學校/高級中學、班級數/中等學校/職業學校、班級數/中等學校/國民中學、班級數/國民小學、班級數/幼兒園、班級數/特殊教育
臺北市各級學校專任教師數暨幼兒園教保服務人員數,統計,"臺北市各級學校專任教師數暨幼兒園教保服務人員數時間數列統計資料，109學年度起含互助式教保服務中心資料
","統計期、公私立別、性別、教師數/高等學校/總計[人]、教師數/高等學校/大學校院[人]、教師數/高等學校/專科學校[人]、教師數/中等學校/總計[人]、教師數/中等學校/高級中等學校[人]、教師數/中等學校/高級中學[人]、教師數/中等學校/職業學校[人]、教師數/中等學校/國民中學[人]、教師數/國民小學[人]、教師數/特殊教育[人]、教保服務人員數/幼兒園[人]
"
臺北市各級學校暨幼兒園學生數(57年至102年),統計,"臺北市各級學校暨幼兒園學生數(57年至102年)時間數列統計資料
","統計期、公私立別、性別、高等學校/總計[人]、高等學校/大學校院[人]、高等學校/專科學校[人]、中等學校/總計[人]、中等學校/高級中學[人]、中等學校/職業學校[人]、中等學校/國民中學[人]、國民小學[人]、幼兒園[人]、特殊教育[人]
"
臺北市各級學校暨幼兒園學生數(103年以後),統計,"臺北市各級學校暨幼兒園學生數(103年以後)時間數列統計資料
",統計期、公私立別、性別、高等學校/總計[人]、高等學校/大學校院[人]、高等學校/專科學校[人]、中等學校/高級中等學校/總計[人]、中等學校/高級中等學校/普通科[人]、中等學校/高級中等學校/綜合高中[人]、中等學校/高級中等學校/專業群[職業科][人]、中等學校/高級中等學校/實用技能學程[人]、中等學校/高級中等學校/進修部[學校][人]、中等學校/國民中學[人]、國民小學[人]、幼兒園[人]、特殊教育[人]
臺北市各級學校畢業生數,教育,103至112學年度臺北市各級學校畢業生數,項次、民國年、高級中等學校【人】、國民中學【人】、國民小學【人】
臺北市高級中等學校群科別概況(專業群科),教育,113學年度臺北市高級中等學校群科別概況(專業群科),項次、群別、科別、班級數【班】、學生數【班】、上學年畢業生數【班】
臺北市高級中等學校外國學生數,教育,103至113學年臺北市高級中等學校外國學生數,項次、民國年、總計【人】、一年級【人】、二年級【人】、三年級【人】
臺北市高級中等學校僑生及港澳地區學生數,教育,103至113學年臺北市高級中等學校僑生及港澳地區學生數,項次、民國年、總計【人】、僑生【人】、港澳生【人】
臺北市市議員按學歷別,統計,"臺北市市議員按學歷別時間數列統計資料
",統計期、選舉屆期別、總計[人]、研究所[人]、大專校院[人]、中等學校[人]、小學[人]、軍警學校[人]、其他[人]
臺北市北投區各里簡易疏散避難地圖資訊,民政,提供臺北市北投區各里簡易疏散避難圖資訊。,District(區)、AreaCode(行政區域代碼) 、Village(里)、Language(語系)、FILE_URL(圖檔連結網址)
臺北市兒童少年保護,統計,臺北市兒童少年保護時間數列統計資料,統計期、兒童少年福利機構數[所]、兒童及少年安置及教養機構現有人數[人]、每萬未滿18歲人口中兒童及少年安置及教養機構現有人數[人]、接受保護兒童少年專線服務人次[人次]、每萬未滿18歲人口中接受保護兒童少年專線服務人次[人次]、兒童及少年性剝削受理通報[報告]人數[人]、每萬未滿18歲人口中兒童及少年性剝削受理通報[報告]人數[人]、兒童及少年保護案件受虐者人數[人]、每萬未滿18歲人口中兒童及少年保護案件受虐者人數[人]、兒少保護通報調查處理個案數[人次]、兒少保護通報調查處理個案數[人次]/按分級/緊急事件、兒少保護通報調查處理個案數[人次]/按分級/非緊急事件、兒少保護通報調查處理個案數[人次]/按分類/家內事件、兒少保護通報調查處理個案數[人次]按分類/家外事件、兒少保護通報調查處理個案數[人次]/按分類/其他事件
臺北市身心障礙者社區式服務專業人員數統計,統計,臺北市身心障礙者社區式服務專業人員數時間數列統計資料,統計期、性別、社區日間照顧服務/社會工作人員/總計、社區日間照顧服務/社會工作人員/專職、社區日間照顧服務/社會工作人員/兼職、社區日間照顧服務/教保員、社區日間照顧服務/生活服務員、社區日間照顧服務/其他專業工作人員、社區日間作業設施/社會工作人員、社區日間作業設施/教保員、家庭托顧服務/家庭托顧服務員、家庭托顧服務/社會工作人員、自立生活支持服務/個人助理、自立生活支持服務/同儕支持員、臨時及短期照顧/臨時及短期照顧服務員、生活重建/訓練員、生活重建/視覺功能障礙定向行動訓練員、生活重建/視覺功能障礙生活技能訓練員、生活重建/社會工作人員、輔具服務/輔具評估人員/總計、輔具服務/輔具評估人員/專職、輔具服務/輔具評估人員/兼職、輔具服務/輔具維修技術人員/總計、輔具服務/輔具維修技術人員/專職、輔具服務/輔具維修技術人員/兼職、輔具服務/社會工作人員/總計、輔具服務/社會工作人員/專職、輔具服務/社會工作人員/兼職、社區居住服務/社會工作人員/總計、社區居住服務/社會工作人員/專職、社區居住服務/社會工作人員/兼職、社區居住服務/教保員/總計、社區居住服務/教保員/專職、社區居住服務/教保員/兼職
臺北市乙、丙級清除機構基本資料,環保,臺北市乙、丙級清除機構行政區、公司名稱、機構負責人、機構地址、機構電話、級別、許可清除項目等資訊,"行政區、清除機構名稱、機構負責人、機構地址、機構電話、級別、許可清除項目


"
臺北市各級學校班級數,教育,103至113學年度臺北市各級學校班級數,項次、民國年、高級中等學校【統計數值】、國民中學【統計數值】、國民小學【統計數值】
臺北市新移民人口,統計,"臺北市新移民人口時間數列、按年齡別時間數列統計資料（統計至112年底，由新住民統計取代）
",統計期、性別、總計[人]、大陸港澳配偶[人]、其他外籍配偶/合計[人]、其他外籍配偶/越南[人]、其他外籍配偶/馬來西亞[人]、其他外籍配偶/印尼[人]、其他外籍配偶/泰國[人]、其他外籍配偶/菲律賓[人]、其他外籍配偶/緬甸[人]、其他外籍配偶/柬埔寨[人]、其他外籍配偶/其他國籍[人]
臺北市立各級學校電腦設備,統計,"臺北市立各級學校電腦設備時間數列統計資料
","統計期、各級學校電腦數量[臺]、各級學校電腦數量/高級中等學校[臺]、各級學校電腦數量/國中[臺]、各級學校電腦數量/國小[臺]
"
臺北市選舉(市議員),統計,"臺北市選舉(市議員)時間數列統計資料
",統計期、選舉屆期別、選區別、人口數[人]、選舉人數[人]、投票日期/年、投票日期/月、投票日期/日、候選人數/總計[人]、候選人數/男[人]、候選人數/女[人]、當選人數/總計[人]、當選人數/男[人]、當選人數/女[人]、投票數/總計[票]、投票數/有效[票]、投票數/無效[票]、選舉人數對人口數百分比[%]、投票數對選舉人數百分比[%]、當選人對候選人百分比[%]、就職日期/年、就職日期/月、就職日期/日
臺北市防止及處理少年事件,統計,臺北市防止及處理少年事件時間數列統計資料,統計期、勸阻少年偏差行為/總計[人]、勸阻少年偏差行為/深夜在外遊蕩[人]、勸阻少年偏差行為/吸煙酗酒嚼檳榔[人]、勸阻少年偏差行為/逃學逃家[人]、勸阻少年偏差行為/出入危害其身心健康之場所[人]、勸阻少年偏差行為/加暴行於人或互毆未至傷害[人]、勸阻少年偏差行為/無照駕駛汽機車[人]、勸阻少年偏差行為/其他[人]、曝險行為通知少輔會輔導人數[人]
臺北市甲級廢棄物清除處理機構名單,環保,"臺北市甲級廢棄物清除處理機構級別,機構名稱,電話,機構地址",類別、機構名稱、級別、機構電話、機構地址
臺北市各區里鄰戶數及自治人員數,統計,臺北市各區里鄰戶數及自治人員數時間數列統計資料,統計期、實際編組里數[里]、戶籍登記里數[里]、實際編組鄰數[鄰]、戶籍登記鄰數[鄰]、戶數[戶]、里長[人]、鄰長[人]、里幹事[人]
臺北市市議會現任公務人員數按職務別,統計,臺北市市議會現任公務人員數按職務別時間數列統計資料,統計期、總計[人]、普通行政人員[人]、技術人員[人]、人事人員[人]、主計人員[人]
臺北市市議會現任公務人員數按官等別,統計,臺北市市議會現任公務人員數按官等別時間數列統計資料,統計期、總計[人]、特任[人]、簡任[人]、薦任[人]、委任[人]、簡派[人]、薦派[人]、委派[人]、雇員[人]
臺北市市議會現任公務人員數按教育程度別,統計,臺北市市議會現任公務人員數按教育程度別時間數列統計資料,統計期、總計[人]、研究所[人]、大學[人]、專科[人]、普通中學[人]、職業學校[人]、軍警學校[人]、國民小學[人]、其他[人]
臺北市市議會現任公務人員數按年齡與性別,統計,臺北市市議會現任公務人員數按年齡與性別時間數列統計資料,"統計期、性別、總計[人]、未滿20歲[人]、20~29歲[人]、30~39歲[人]、40~49歲[人]、50~59歲[人]、60歲以上[人]
"
臺北市各級民意代表人數,統計,"臺北市各級民意代表人數時間數列統計資料

",統計期、性別、國民大會代表[人]、立法委員[人]、監察委員[人]、市議員[人]
臺北市國民中、小學學生父或母為外籍人士人數,統計," 臺北市國民中、小學學生父或母為外籍人士人數時間數列統計資料
",統計期、按學校別及性別/國民中學/合計[人]、按學校別及性別/國民中學/男[人]、按學校別及性別/國民中學/女[人]、按學校別及性別/國民小學/合計[人]、按學校別及性別/國民小學/男[人]、按學校別及性別/國民小學/女[人]、按父或母國籍別/國民中學/大陸港澳[人]、按父或母國籍別/國民中學/越南[人]、按父或母國籍別/國民中學/日本[人]、按父或母國籍別/國民中學/美國[人]、按父或母國籍別/國民中學/馬來西亞[人]、按父或母國籍別/國民中學/印尼[人]、按父或母國籍別/國民中學/南韓[人]、按父或母國籍別/國民中學/菲律賓[人]、按父或母國籍別/國民中學/泰國[人]、按父或母國籍別/國民中學/其他[人]、按父或母國籍別/國民小學/大陸港澳[人]、按父或母國籍別/國民小學/越南[人]、按父或母國籍別/國民小學/日本[人]、按父或母國籍別/國民小學/美國[人]、按父或母國籍別/國民小學/馬來西亞[人]、按父或母國籍別/國民小學/印尼[人]、按父或母國籍別/國民小學/南韓[人]、按父或母國籍別/國民小學/菲律賓[人]、按父或母國籍別/國民小學/泰國[人]、按父或母國籍別/國民小學/其他[人]
臺北市各級學校暨幼兒園分布,統計,"臺北市各級學校暨幼兒園分布時間數列統計資料
",統計期、高等學校/總數、高等學校/大學校院數、高等學校/專科學校數、中等學校/總數、中等學校/高級中等學校數、中等學校/國民中學校數、國民小學校數、幼兒園數、特殊教育學校數
臺北市原住民部落大學,統計,臺北市原住民部落大學時間數列統計資料,統計期、辦理班次/總計[班次]、辦理班次/文化類[班次]、辦理班次/技藝類[班次]、辦理課程數/總計[班]、辦理課程數/文化類[班]、辦理課程數/技藝類[班]、學員人次/總計[人次]、學員人次/男[人次]、學員人次/女[人次]
臺北市金融市場行情(57年至78年),統計,臺北市金融市場行情(57年至78年)時間數列統計資料,統計期、黃金[飾金]市價[元/臺錢]、美元匯率官價/買價[元]、美元匯率官價/賣價[元]、美元匯率市價[元]、港幣匯率官價/買價[元]、港幣匯率官價/賣價[元]、港幣匯率市價[元]、銀元官價[元]、貼現利率[千元月息]、銀行業定期擔保放款[1年以上]利率[千元月息]、暗息利率[千元月息]
臺北市高級中等學校學生父或母為外籍人士人數,統計,"臺北市高級中等學校學生父或母為外籍人士人數時間數列統計資料
",統計期、學生數總計[人]、學生數/男[人]、學生數/女[人]、按父或母國籍別/大陸港澳[人]、按父或母國籍別/越南[人]、按父或母國籍別/日本[人]、按父或母國籍別/美國[人]、按父或母國籍別/馬來西亞[人]、按父或母國籍別/印尼[人]、按父或母國籍別/南韓[人]、按父或母國籍別/菲律賓[人]、按父或母國籍別/泰國[人]、按父或母國籍別/其他[人]
臺北市人口動態登記(57年到99年11月),統計,臺北市人口動態登記(57年到99年11月)時間數列統計資料,統計期、遷入人數依來源地/總計、遷入人數依來源地/本市/他區、遷入人數依來源地/臺灣省、遷入人數依來源地/高雄市、遷入人數依來源地/福建省、遷入人數依來源地/其他省市、遷入人數依來源地/外國、遷入人數依來源地/初設戶籍、遷入人數依來源地/其他、同區住址變更遷入人數、遷出人數依目的地/總計、遷出人數依目的地/本市/他區、遷出人數依目的地/臺灣省、遷出人數依目的地/高雄市、遷出人數依目的地/福建省、遷出人數依目的地/其他省市、遷出人數依目的地/外國、遷出人數依目的地/廢止戶籍、遷出人數依目的地/其他、同區住址變更遷出人數
臺北市戶籍登記情形,統計,"臺北市戶籍登記情形時間數列統計資料
",統計期、認領[人]、收養[人]、終止收養[人]、結婚[對數]、離婚或終止結婚[對數]
臺北市身心障礙人口數(102年以後),統計,臺北市身心障礙人口數(102年以後)時間數列統計資料,統計期、年齡別、性別、總計[人]、領有舊制證明人數/合計[人]、領有舊制證明人數/視覺障礙[人]、領有舊制證明人數/聽覺機能障礙[人]、領有舊制證明人數/平衡機能障礙[人]、領有舊制證明人數/聲音或言語機能障礙[人]、領有舊制證明人數/肢體障礙[人]、領有舊制證明人數/智能障礙[人]、領有舊制證明人數/重要器官失去功能[人]、領有舊制證明人數/顏面損傷[人]、領有舊制證明人數/植物人[人]、領有舊制證明人數/失智症者[人]、領有舊制證明人數/自閉症者[人]、領有舊制證明人數/慢性精神病患者[人]、領有舊制證明人數/多重障礙[人]、領有舊制證明人數/頑性[難治型]癲癇症[人]、領有舊制證明人數/因罕見疾病致身心功能障礙[人]、領有舊制證明人數/其他[人]、領有新制證明人數/合計[人]、領有新制證明人數/神經系統構造及精神心智功能[人]、領有新制證明人數/眼耳及相關構造與感官功能及疼痛[人]、領有新制證明人數/涉及聲音與語言構造及其功能[人]、領有新制證明人數/循環造血免疫與呼吸系統構造及其功能[人]、領有新制證明人數/消化新陳代謝與內分泌系統相關構造及其功能[人]、領有新制證明人數/泌尿與生殖系統相關構造及其功能[人]、領有新制證明人數/神經肌肉骨骼之移動相關構造及其功能[人]、領有新制證明人數/皮膚與相關構造及其功能[人]、領有新制證明人數/其他[人]
臺北市家庭福利服務統計,統計,"臺北市家庭福利服務時間數列統計資料
",統計期、單親福利服務中心機構數/計、單親福利服務中心機構數/公立、單親福利服務中心機構數/私立、單親福利服務中心機構數/公設民營、單親中途之家及家園機構數/計、單親中途之家及家園機構數/公立、單親中途之家及家園機構數/私立、單親中途之家及家園機構數/公設民營、單親中途之家及家園可收容人數、單親中途之家及家園實際收容數、區域型家庭及社會福利服務中心機構數/計、區域型家庭及社會福利服務中心機構數/公立、區域型家庭及社會福利服務中心機構數/私立、區域型家庭及社會福利服務中心機構數/公設民營、新住民家庭福利服務中心機構數/計、新住民家庭福利服務中心機構數/公立、新住民家庭福利服務中心機構數/私立、新住民家庭福利服務中心機構數/公設民營、單親子女課業輔導人次、單親諮詢服務人次、單親團體輔導活動人次、單親親職教育或親子活動人次、單親其他人次、新住民電話訪問人次、新住民家庭訪視人次、新住民個案管理輔導服務人次、新住民個人支持場次、新住民個人支持人次、新住民家庭支持場次、新住民家庭支持人次、新住民福利宣導活動場次、新住民福利宣導活動人次、新住民生活適應輔導班場次、新住民生活適應輔導班人次、新住民資訊支持場次、新住民資訊支持人次、新住民社會支持場次、新住民社會支持人次、新住民經濟支持方案數、新住民經濟支持人次、新住民其他場次、新住民其他人次
臺北自來水事業處設備(進水管及水池),統計,"臺北自來水事業處設備(進水管及水池)時間數列統計資料
","統計期、導水管長度數值/總計[公尺]、導水管長度/鑄鐵管[公尺]、導水管長度/導水隧道[公尺]、導水管長度/導水涵渠[公尺]、導水管長度/鋼筋混凝土管[公尺]、導水管長度/塑膠管[公尺]、導水管長度/鋼管[公尺]、導水管長度/水泥管[公尺]、導水管長度/水泥暗渠[公尺]、導水管長度/馬蹄型RCP[公尺]、導水管長度/其他[公尺]、水池/混凝池/池數[座]、水池/混凝池/面積[平方公尺]、水池/混凝池/容量[立方公尺]、水池/沈澱池/池數[座]、水池/沈澱池/面積[平方公尺]、水池/沈澱池/容量[立方公尺]、水池/過濾池/池數[座]、水池/過濾池/面積[平方公尺]、水池/清水池及配水池/池數[座]、水池/清水池及配水池/面積[平方公尺]、水池/清水池及配水池/容量[立方公尺]
"
臺北自來水事業處設備(輸配水幹管),統計,臺北自來水事業處設備-輸配水幹管時間數列統計資料,統計期、總長度數值[公尺]、鑄鐵管長度數值合計、鑄鐵25~75長度數值、鑄鐵80長度數值、鑄鐵100長度數值、鑄鐵125長度數值、鑄鐵150長度數值、鑄鐵200長度數值、鑄鐵250長度數值、鑄鐵300長度數值、鑄鐵350長度數值、鑄鐵400長度數值、鑄鐵450長度數值、鑄鐵500長度數值、鑄鐵550長度數值、鑄鐵600長度數值、鑄鐵650~675長度數值、鑄鐵700長度數值、鑄鐵750長度數值、鑄鐵800長度數值、鑄鐵900長度數值、鑄鐵1000長度數值、鑄鐵1100~1200長度數值、鑄鐵1350以上長度數值、鋼筋混凝土管長度數值合計、鋼筋混凝土75~80長度數值、鋼筋混凝土100~125長度數值、鋼筋混凝土150~200長度數值、鋼筋混凝土250~300長度數值、鋼筋混凝土350~400長度數值、鋼筋混凝土500~800長度數值、鋼筋混凝土900以上長度數值、預力混凝土管長度數值合計、預力混凝土100~700長度數值、預力混凝土800~1100長度數值、預力混凝土1200~1500長度數值、預力混凝土1650以上長度數值、塑膠管長度數值合計、塑膠13~80長度數值、塑膠100~125長度數值、塑膠150長度數值、塑膠160~200長度數值、塑膠250長度數值、塑膠300~600長度數值、鋼襯混凝土管長度數值合計、鋼襯混凝土500~1650長度數值、鋼襯混凝土1750~2000長度數值、鋼襯混凝土2200~2400長度數值、鋼襯混凝土2500以上長度數值
人口及住宅普查臺北市概況,統計,人口及住宅普查臺北市概況時間數列統計資料,統計期、戶數/總計[戶]、戶數/普通住戶[戶]、戶數非普通住戶[戶]、常住人口[人]、常住人口/按性別/男[人]、常住人口/按性別/女[人]、常住人口/按戶別/普通住戶[人]、常住人口/按戶別/非普通住戶[人]、戶量/總計[人/戶]、戶量/普通住戶[人/戶]、戶量/非普通住戶[人/戶]、活動人口[人]、普通住戶主要家計負責人/總計[人]、普通住戶主要家計負責人/有工作者/合計[人]、普通住戶主要家計負責人/有工作者/農業[人]、普通住戶主要家計負責人/有工作者/工業[人]、普通住戶主要家計負責人/有工作者/服務業[人]、普通住戶主要家計負責人/有工作者/其他不能歸類之行業[人]、普通住戶主要家計負責人/無工作者[人]、住宅單位數/總計[宅]、住宅單位數/普通住戶/合計[宅]、住宅單位數/普通住戶/住宅/小計[宅]、住宅單位數/普通住戶/住宅/有人經常居住[宅]、住宅單位數/普通住戶/住宅/無人經常居住，但供其他用途[宅]、住宅單位數/普通住戶/住宅/空閒[宅]、住宅單位數/普通住戶/有人經常居住之其他房屋[宅]、住宅單位數/普通住戶/有人經常居住之其他處所[宅]、住宅單位數/非普通住戶[宅]、空閒住宅率[%]、住宅之平均每宅樓地板面積[平方公尺]、空閒住宅之平均每宅樓地板面積[平方公尺]、有人經常居住住宅之居住人口數[人]、有人經常居住住宅之平均每宅居住人口數[人]、有人經常居住住宅之平均每宅房廳數[間]、有人經常居住住宅之平均每人使用房廳數[間]、有人經常居住住宅之平均每人使用衛浴套數[套]、有人經常居住住宅之用途/總計[宅]、有人經常居住住宅之用途/住宅專用[宅]、有人經常居住住宅之用途/住宅兼工業用[宅]、有人經常居住住宅之用途/住宅兼商業用[宅]、有人經常居住住宅之用途/住宅兼其他用[宅]
臺北自來水事業處設備(建築物及機器),統計,"臺北自來水事業處設備(建築物及機器)時間數列統計資料
",統計期、建築物/總計/座數[座]、建築物/總計/面積[平方公尺]、建築物/廠房/座數[座]、建築物/廠房/面積[平方公尺]、建築物/倉庫/座數[座]、建築物/倉庫/面積[平方公尺]、建築物/辦公廳/座數[座]、建築物/辦公廳/面積[平方公尺]、建築物/宿舍/座數[座]、建築物/宿舍/面積[平方公尺]、建築物/其他/座數[座]、建築物/其他/面積[平方公尺]、機器/總數量[臺]、機器/抽水機數量[臺]、機器/電動機數量[臺]、機器/發電機數量[臺]、機器/消毒機數量[臺]、機器/其他數量[臺]
臺北市兒童及少年福利服務統計,統計,臺北市兒童及少年福利服務時間數列統計資料,統計期、生活扶助/件人次[件人次]、生活扶助/金額[元]、弱勢兒少醫療補助/件人次[件人次]、弱勢兒少醫療補助/金額[元]、弱勢兒少托育補助或津貼/件人次[件人次]、弱勢兒少托育補助或津貼/金額[元]、育樂活動參加人次[人次]、家庭寄養/家庭數[戶]、家庭寄養/人數/合計[人]、家庭寄養/人數/男[人]、家庭寄養/人數/女[人]、個案輔導人次[人次]、追蹤輔導人次[人次]
臺北市不動產交易情形,統計,臺北市不動產交易情形時間數列統計資料,統計期、地政士新開業人數/總計[人]、地政士新開業人數/男[人]、地政士新開業人數/女[人]、地政士現有開業人數/總計[人]、地政士現有開業人數/男[人]、地政士現有開業人數/女[人]、不動產估價師開業人數[人]、法院拍定成屋件數/總計[件]、法院拍定成屋平均每件價位[萬元]、法院拍定成屋平均每坪價位[萬元]、房地產消費糾紛原因/總計[件]、房地產消費糾紛原因/建物面積及設備瑕疵爭議[件]、房地產消費糾紛原因/契約問題[件]、房地產消費糾紛原因/資訊不實[件]、房地產消費糾紛原因/買賣金額爭議[件]、房地產消費糾紛原因/遲延及欺罔爭議等以及其他[件]
臺北市身心障礙人口數(73年至101年),統計,臺北市身心障礙人口數(73年至101年)時間數列統計資料,統計期、性別、總計[人]、視覺障礙[人]、聽覺機能障礙[人]、平衡機能障礙[人]、聲音或言語機能障礙[人]、肢體障礙[人]、智能障礙[人]、重要器官失去功能[人]、顏面損傷[人]、植物人[人]、失智症者[人]、自閉症者[人]、慢性精神病患者[人]、多重障礙[人]、頑性[難治型]癲癇症[人]、因罕見疾病致身心功能障礙[人]、其他[人]
臺北市社會團體團體數(57年至79年),統計,臺北市社會團體團體數(57年至79年)時間數列統計資料,統計期、總計團體數、青年團體數、文化學術團體數、宗教團體數、公益團體數、慈善團體數、婦女團體數、體育團體數、其他團體數
臺北市社會團體團體數(80年以後),統計,臺北市社會團體團體數(80年以後)時間數列統計資料,統計期、總計團體數、學術文化團體數、醫療衛生團體數、宗教團體數、體育團體數、社會服務及慈善團體數、國際團體數、經濟業務團體數、宗親會數、同鄉會數、同學校友會數、其他團體數
臺北市溫泉地區地電阻分布圖,經濟,臺北市溫泉地區地電阻分布圖。,ENTITY(圖層型態)、 LAYER(圖層名稱)、 LINE_NO(編號)、 DEPTH(深度)
臺北市私立、準公共及非營利幼兒園通訊資料,統計,通訊資訊,編號、名稱、連結、說明、調整日
臺北市公立幼兒園通訊資料,統計,通訊資訊,編號、名稱、連結、說明、調整日
臺北市兒童遊戲場聯合稽查結果一覽表(新樂園),教育,提供臺北市兒童遊戲場聯合稽查結果一覽表 (新樂園),編號、檢核日期、機構名稱、網址、郵遞區號、地址、建物管理建物安全檢查簽證及申報、建物管理營業範圍標識圖與緊急逃生路線圖、建物管理安全門及樓梯通道、消防管理消防安全設備、消防管理消防安全設備檢修申報、消防管理防火管理執行情形、消防管理是否使用防焰物品、衛生及環保管理空調或通風設備、衛生及環保管理室內遊戲場設有基本急救箱配備、衛生及環保管理環境清潔消毒、衛生及環保管理設置洗手設備或提供手部消毒液及張貼提醒洗手公告、主管機關管理夜間照明設備、主管機關管理管理人員是否參加講習、主管機關管理指派合格人員負責管理
臺北市公私立幼兒園幼童專用車清冊,統計,臺北市公私立幼兒園幼童專用車所屬鄉鎮區與車子相關廠牌型號,序號、縣市、鄉鎮市、公私立、園名、車牌號碼、廠牌型號、出廠年月、使用年限【統計數值】
112學年度臺北市國民中小學餘裕空間情形一覽表,教育,"一、為使本市學校資源有效利用，本局積極辦理校園餘裕空間多元活化，包括提供社會局設置公共托育家園及托嬰中心、非營利幼兒園、樂齡學堂及實驗教育教育團體進駐等。
二、本局所稱餘裕空間，係指依據教育部「國民小學及國民中學設施設備基準」（教學空間、行政辦公室及公共服務空間）、教育部「幼兒園及其分班基本設施設備標準」、「臺北市國民中小學特殊教育班實施要點」、「公共場所哺（集）乳室設置及管理標準」、「學校輔導工作場所設置基準」及「行政院及所屬各機關資料中心設置作業要點」等相關法規（必要使用空間）核算後超出基準之空間。
三、檢附112學年度臺北市國民中小學教室空間設置情形各1份。",序號、行政區、學校名稱、已活化情形/借用單位名稱及使用情形、活化間數、規劃活化情形/用途、規劃活化間數、國小班級數_含特教、幼兒園班級數_含特幼、國小學生數、幼兒園學生數、實際使用間數、教育部設備基準及配合法令必要使用空間、超過基準教室間數、尚待補強或補照後方得使用、位於無使用執照合法建物、目前可供會勘使用、備註
臺北市颱風期間開放停車學校一覽表,消防,供行政區停放車輛一覽表，提供各校停車數量,項次、學校名稱、行政區、汽車數、機車數
臺北市受理家庭暴力案件,統計,臺北市受理家庭暴力案件時間數列統計資料,統計期、總案件數[件]、類別/兒少保護件數[件]、類別/婚姻離婚或同居關係暴力件數[件]、類別/直系血姻親卑虐待尊/被害人65歲以上件數[件]、類別/直系血姻親卑虐待尊/被害人未滿65歲件數[件]、類別/其他家庭成員間件數[件]、類別/其他件數[件]、關係/總件數[件]、關係/配偶/合計件數[件]、關係/配偶/共同生活件數[件]、關係/配偶/分居件數[件]、關係/配偶/其他件數[件]、關係/前配偶/合計件數[件]、關係/前配偶/同住件數[件]、關係/前配偶/未同住件數[件]、關係/前配偶/其他件數[件]、關係/其他家庭成員/合計件數[件]、關係/其他家庭成員/同居關係件數[件]、關係/其他家庭成員/直系血姻親件數[件]、關係/其他家庭成員/四等親內旁系血姻親件數[件]、關係/其他家庭成員/家長家屬或家屬間件數[件]、關係/其他家庭成員/其他件數[件]、關係/其他件數[件]、被害者/總計[人]、被害者/總計/男[人]、被害者/總計/女[人]、被害者/總計/其他[人]、被害者/總計/不詳[人]、被害者/兒少保護/合計[人]、被害者/兒少保護/男[人]、被害者/兒少保護/女[人]、被害者/兒少保護/其他[人]、被害者/兒少保護/不詳[人]、被害者/親密關係暴力/合計[人]、被害者/親密關係暴力/男[人]、被害者/親密關係暴力/女[人]、被害者/親密關係暴力/其他[人]、被害者/親密關係暴力/不詳[人]、被害者/老人保護/合計[人]、被害者/老人保護/男[人]、被害者/老人保護/女[人]、被害者/老人保護/其他[人]、被害者/老人保護/不詳[人]、被害者/其他/合計[人]、被害者/其他/男[人]、被害者/其他/女[人]、被害者/其他/其他[人]、被害者/其他/不詳[人]、113保護專線諮詢[人次]
臺北市身心障礙者福利服務,統計,"臺北市身心障礙者福利服務時間數列統計資料
",統計期、住宿及照顧福利機構家數[家]、住宿及照顧福利機構核定服務人數[人]、住宿及照顧福利機構實際服務人數[人]、福利服務中心家數[家]、福利服務中心服務人次[人次]、日間及住宿式照顧補助人次[人次]、日間及住宿式照顧補助金額[元]、生活補助人次[人次]、生活補助金額[元]、輔具補助人次[人次]、輔具補助金額[元]、職業訓練結訓人數[人]、職業訓練男性結訓人數[人]、職業訓練女性結訓人數[人]、職業輔導評量服務人次[人次]、職業輔導評量男性人次[人次]、職業輔導評量女性人次[人次]、職場重建個案管理服務人數[人]、職場重建個案管理服務人數/男性[人]、職場重建個案管理服務人數/女性[人]、就業人數[人]、就業人數/男性[人]、就業人數/女性[人]、職場手語翻譯申請案件數[件]、職場手語翻譯時間[小時]、職場手語翻譯服務人次[人次]、職場手語翻譯服務男性人次[人次]、職場手語翻譯服務女性人次[人次]、職場聽打服務/申請案件數[件]、職場聽打服務時間[小時]、職場聽打服務人次[人次]、職場聽打男性服務人次[人次]、職場聽打女性服務人次[人次]、醫療及醫療輔具補助人次[人次]、醫療及醫療輔具補助金額[元]
臺北市長者福利服務,統計,臺北市長者福利服務時間數列統計資料,統計期、老人居家服務/人數[人]、老人居家服務/人次[人次]、日間照顧服務人次[人次]、失能者營養餐飲服務/人數[人]、失能者營養餐飲服務/人次[人次]、健康檢查人數[人]、老人志願服務/團隊數[隊]、老人志願服務/人數[人]、長青學苑/所數[所]、長青學苑/班數[班]、長青學苑/參加人數[人]、長青學苑/參加人次[人次]、樂齡學習中心數[所]、樂齡學習中心活動辦理場次[場次]、樂齡學習中心活動參加人次[人次]、辦理樂齡學堂學校數[校]、樂齡學堂活動辦理場次[場次]、樂齡學堂活動參加人次[人次]、老人服務中心/所數[所]、老人服務中心/使用者人次/總計[人次]、老人服務中心/使用者人次/男[人次]、老人服務中心/使用者人次/女[人次]、改善老人住宅戶數[戶]、老人乘車優待/總計[人次]、老人乘車優待/臺灣鐵路[人次]、老人乘車優待/聯營公車[人次]、老人乘車優待/捷運[人次]、老人乘車優待/輕軌[人次]、老人乘車優待/計程車[人次]、老人乘車優待/貓空纜車[人次]、老人乘車優待/場館[人次]、老人乘車優待/微笑單車[人次]、重陽節禮金發放人數[人]、國民年金核付人數[人]、社團聯誼活動/社團數[個]、社團聯誼活動/參加人次[人次]、敬老活動參加人次[人次]、關懷服務人次/電話問安[人次]、關懷服務人次/關懷訪視[人次]、居家服務員/總計[人]、居家服務員/男[人]、居家服務員/女[人]、老人關懷服務/獨居認養單位數[個]、老人關懷服務/獨老志工人數[人]
臺北市實施平均地權地區區段地價(公告地價),統計,臺北市實施平均地權地區區段地價(公告地價)時間數列統計資料,統計期、路線價區段/最高/繁榮街道[新台幣元/每平方公尺]、路線價區段/最高/一般[新台幣元/每平方公尺]、路線價區段/最低/繁榮街道[新台幣元/每平方公尺]、路線價區段/最低/一般[新台幣元/每平方公尺]、一般區段/最高[新台幣元/每平方公尺]、一般區段/最低[新台幣元/每平方公尺]
臺北市實施平均地權地區區段地價(公告土地現值),統計,臺北市實施平均地權地區區段地價(公告土地現值)時間數列統計資料,統計期、路線價區段/最高/繁榮街道[新台幣元/每平方公尺]、路線價區段/最高/一般[新台幣元/每平方公尺]、路線價區段/最低/繁榮街道[新台幣元/每平方公尺]、路線價區段/最低/一般[新台幣元/每平方公尺]、一般區段/最高[新台幣元/每平方公尺]、一般區段/最低[新台幣元/每平方公尺]
臺北市停水概況,統計,臺北市停水概況時間數列統計資料,統計期、供水地區別、年中供水戶數[戶]、停水總時間[時]、平均每戶停水時間[時]
臺北自來水水質檢驗(原水水質),統計,"臺北自來水水質檢驗(原水水質)時間數列統計資料
",統計期、自來水水源別、水溫數值[℃]、濁度數值[散射濁度單位]、總鹼度數值[mg/L]、PH數值、氯鹽數值[mg/L]、硫酸鹽數值[mg/L]、硝酸鹽氮數值[mg/L]、總硬度數值[mg/L]、鈣數值[mg/L]、鎂數值[mg/L]、鐵數值[mg/L]、錳數值[mg/L]、自由有效餘氯數值[mg/L]、總溶解固體量[mg/L]、總菌落數[每毫升菌落數]、大腸桿菌群數[每百毫升菌落數]
臺北自來水水質檢驗(供水區自來水水質),統計,"臺北自來水水質檢驗(供水區自來水水質)時間數列統計資料
",統計期、供水區採樣點別、水溫數值[℃]、濁度數值[散射濁度單位]、總鹼度數值[mg/L]、PH數值、自由有效餘氯數值[mg/L]、總溶解固體量[mg/L]、總硬度數值[mg/L]、鈣數值[mg/L]、鎂數值[mg/L]、鐵數值[mg/L]、錳數值[mg/L]、總菌落數[每毫升菌落數]、大腸桿菌群數[每百毫升菌落數]、氯鹽數值[mg/L]、硫酸鹽數值[mg/L]、硝酸鹽氮數值[mg/L]
臺北自來水水質檢驗(淨水場清水水質),統計,"臺北自來水水質檢驗(淨水場清水水質)時間數列統計資料
",統計期、自來水水源別、淨水場別、水溫數值[℃]、濁度數值[散射濁度單位]、總鹼度數值[mg/L]、PH數值、氯鹽數值[mg/L]、硫酸鹽數值[mg/L]、硝酸鹽氮數值[mg/L]、總溶解固體量[mg/L]、自由有效餘氯數值[mg/L]、總硬度數值[mg/L]、鈣數值[mg/L]、鎂數值[mg/L]、鐵數值[mg/L]、錳數值[mg/L]、總菌落數[每毫升菌落數]、大腸桿菌群數[每百毫升菌落數]
臺北市高中職學生異動情形(85學年度年至102學年度),統計,"臺北市高中職學生異動情形(85學年度年至102學年度)時間數列統計資料
",統計期、公私立別、全體學生數[人]、異動學生數/總計/學生數[人]、異動學生數/總計/比率[％]、異動學生數/休學學生數/合計[人]、異動學生數/休學學生數/生病[人]、異動學生數/休學學生數/志趣不合[人]、異動學生數/休學學生數/經濟困難[人]、異動學生數/休學學生數/留級[人]、異動學生數/休學學生數/出國[人]、異動學生數/休學學生數/其他[人]、異動學生數/退學學生數/合計[人]、異動學生數/退學學生數/學業成績[人]、異動學生數/退學學生數/操行成績[人]、異動學生數/退學學生數/志趣不合[人]、異動學生數/退學學生數/自動退學[人]、異動學生數/退學學生數/休學期滿[人]、異動學生數/退學學生數/未達畢業標準[人]、異動學生數/退學學生數/其他[人]
臺北市高級中等學生異動情形(103學年度以後),統計,"臺北市高級中等學生異動情形(103學年度以後)時間數列統計資料
",統計期、公私立別、全體學生數[人]、異動學生數/總計/學生數[人]、異動學生數/總計/比率[％]、異動學生數/轉出[人]、異動學生數/休學學生數/合計[人]、異動學生數/休學學生數/生病[人]、異動學生數/休學學生數/志趣不合[人]、異動學生數/休學學生數/經濟困難[人]、異動學生數/休學學生數/出國[人]、異動學生數/休學學生數/其他[人]、異動學生數/放棄廢止及註銷學籍學生數/合計[人]、異動學生數/放棄廢止及註銷學籍學生數/主動辦理放棄學籍[人]、異動學生數/放棄廢止及註銷學籍學生數/休學期滿[人]、異動學生數/放棄廢止及註銷學籍學生數/其他[人]、異動學生數/復學[人]、異動學生數/轉入[人]、異動學生數/輔導延修[人]、異動學生數/修業年限期滿[人]、異動學生數/未達畢業標準[人]、異動學生數/其他[人]
臺北市政府暨所屬機關現任編制職員數按教育程度別—57年至86年,統計,臺北市政府暨所屬機關現任編制職員數按教育程度別-57年至86年時間數列統計資料,統計期、總計[人]、研究所[人]、大學[人]、專科[人]、軍校[人]、警校[人]、師範學校[人]、高中或高職[人]、國中[人]、小學[人]、其他[人]
臺北市政府暨所屬機關現任編制職員數按教育程度別—87年以後,統計,臺北市政府暨所屬機關現任編制職員數按教育程度別—87年以後時間數列統計資料,統計期、機關性質別、總計[人]、博士[人]、碩士[人]、大學[人]、專科[人]、高中或高職[人]、國[初]中以下[人]
臺北市政府暨所屬機關公教人員獎懲情形—57年至104年,統計,臺北市政府暨所屬機關公教人員獎懲情形-57年至104年時間數列統計資料,"統計期、機關性質別、獎勵/總計[人次]、獎勵/記大功[人次]、獎勵/記功[人次]、獎勵/嘉獎[人次]、獎勵/其他[人次]、懲處/總計[人次]、懲處/記大過[人次]、懲處/記過[人次]、懲處/申誡[人次]、懲戒/總計[人次]、懲戒/撤職[人次]、懲戒/休職[人次]、懲戒/降級[人次]、懲戒/減俸[人次]、懲戒/記過[人次]、懲戒/申誡[人次]、免職[人次]、因案停職[人次]
"
臺北市政府暨所屬機關公教人員獎懲情形—105年以後,統計,臺北市政府暨所屬機關公教人員獎懲情形—105年以後時間數列統計資料,統計期、機關性質別、總計[人次]、平時考核/合計[人次]、平時考核/獎勵/計[人次]、平時考核/獎勵/一大功[人次]、平時考核/獎勵/二小功[人次]、平時考核/獎勵/一小功[人次]、平時考核/獎勵/二嘉獎[人次]、平時考核/獎勵/一嘉獎[人次]、平時考核/懲處/計[人次]、平時考核/懲處/一大過[人次]、平時考核/懲處/二小過[人次]、平時考核/懲處/一小過[人次]、平時考核/懲處/二申誡[人次]、平時考核/懲處/一申誡[人次]、專案考績/合計[人次]、專案考績/記二大功[人次]、專案考績/記二大過[人次]、懲戒/合計[人次]、懲戒/免除職務[人次]、懲戒/撤職[人次]、懲戒/剝奪及減少退休[職及伍]金[人次]、懲戒/休職[人次]、懲戒/降級[人次]、懲戒/減俸[人次]、懲戒/罰款[人次]、懲戒/記過[人次]、懲戒/申誡[人次]、勳章[人次]、褒揚[人次]
臺北市政府暨所屬機關公教人員退休人數,統計,臺北市政府暨所屬機關公教人員退休人數時間數列統計資料,統計期、總計[人]、按性別/男[人]、按性別/女[人]、按退休年齡別/未滿50歲[人]、按退休年齡別/50至未滿55歲[人]、按退休年齡別/55至未滿60歲[人]、按退休年齡別/60至未滿65歲[人]、按退休年齡別/65歲以上[人]、按機關別/一般行政機關[人]、按機關別/市營事業機關[人]、按機關別/衛生醫療機構[人]、按機關別/市立各級學校[人]、按退休種類/自願退休[人]、按退休種類/屆齡退休[人]、按退休種類/命令退休[人]
臺北市政府暨所屬機關公教人員流動人數,統計,臺北市政府暨所屬機關公教人員流動人數時間數列統計資料,統計期、總計[人]、一般行政機關[人]、市營事業機關[人]、市立各級學校[人]
臺北市醫院專科醫師專任人員數,統計,臺北市醫院專科醫師專任人員數時間數列統計資料,統計期、總計[人]、家庭醫學科[人]、內科[人]、外科[人]、兒科[人]、婦產科[人]、骨科[人]、神經科[人]、神經外科[人]、泌尿科[人]、耳鼻喉科[人]、眼科[人]、皮膚科[人]、精神科[人]、復健科[人]、整形外科[人]、麻醉科[人]、放射診斷科[人]、放射腫瘤科[人]、解剖病理科[人]、臨床病理科[人]、核子醫學科[人]、急診醫學科[人]、職業醫學科[人]、口腔顎面外科[人]、口腔病理科[人]、齒顎矯正科[人]
臺北市人類免疫缺乏病毒(HIV)概況,統計,臺北市人類免疫缺乏病毒(HIV)概況時間數列統計資料,統計期、年齡別、管理個案存活人數/按感染年齡/總計、管理個案存活人數/按感染年齡/男、管理個案存活人數/按感染年齡/女、新增感染人數/總計、新增感染人數/男、新增感染人數/女
臺北市政府暨所屬機關編制及現有員額,統計,臺北市政府暨所屬機關編制及現有員額時間數列統計資料,統計期、機關性質別、預算員額[人]、編制員額[人]、現有員額/總計[人]、現有員額/職員/合計[人]、現有員額/職員/編制內[人]、現有員額/職員/編制外/計[人]、現有員額/職員/編制外/聘用[人]、現有員額/職員/編制外/約僱[人]、現有員額/職員/編制外/臨時[人]、現有員額/職員/編制外/駐衛警察[人]、現有員額/職工/合計[人]、現有員額/職工/駕駛[人]、現有員額/職工/技工[人]、現有員額/職工/工友[人]
臺北市政府暨所屬機關現任編制職員數官等別(57年至78年),統計,臺北市政府暨所屬機關現任編制職員數官等別-57年至78年時間數列統計資料,統計期、機關數[單位]、現任編制職員數總計/合計[人]、現任編制職員數總計/男[人]、現任編制職員數總計/女[人]、現任編制職員數品位別/合計[人]、現任編制職員數品位別/特任[人]、現任編制職員數品位別/簡任[人]、現任編制職員數品位別/薦任[人]、現任編制職員數品位別/委任[人]、現任編制職員數品位別/雇員[人]、現任編制職員數職位分類制/合計[人]、現任編制職員數職位分類制/10~14[人]、現任編制職員數職位分類制/6~9[人]、現任編制職員數職位分類制/3~5[人]、現任編制職員數職位分類制1~2[人]、現任編制職員數警察職等/合計[人]、現任編制職員數警察職等/警監[人]、現任編制職員數警察職等/警正[人]、現任編制職員數警察職等/警佐[人]、現任編制職員數金融職等/合計[人]、現任編制職員數金融職等/12~15[人]、現任編制職員數金融職等10~11[人]、現任編制職員數金融職等7~9[人]、現任編制職員數金融職等5~6[人]、現任編制職員數教師[人]
臺北市政府暨所屬機關現任編制職員數官等別─79年以後,統計,臺北市政府暨所屬機關現任編制職員數官等別─79年以後時間數列統計資料,統計期、機關數[單位]、現任編制職員數總計/合計[人]、現任編制職員數總計/男[人]、現任編制職員數總計/女[人]、現任編制職員數民選首長[人]、現任編制職員數政務人員[人]、現任編制職員數品位別/特任[人]、現任編制職員數品位別/簡任[人]、現任編制職員數品位別/薦任[人]、現任編制職員數品位別/委任[人]、現任編制職員數品位別/雇員[人]、現任編制職員數職位分類制/合計[人]、現任編制職員數職位分類制/12~14職等[人]、現任編制職員數職位分類制/8~11職等[人]、現任編制職員數職位分類制/1~7職等[人]、現任編制職員數警察職等/合計[人]、現任編制職員數警察職等/警監[人]、現任編制職員數警察職等/警正[人]、現任編制職員數警察職等/警佐[人]、現任編制職員數金融人員[人]、現任編制職員數交通事業人員[人]、現任編制職員數醫事人員/合計、現任編制職員數醫事人員/師[一]級、現任編制職員數醫事人員/師[二]級、現任編制職員數醫事人員/師[三]級、現任編制職員數醫事人員/士[生]級、現任編制職員數/校長及教師[人]
臺北市政府暨所屬機關現任編制職員數─年資別,統計,臺北市政府暨所屬機關現任編制職員數─年資別時間數列統計資料,統計期、總計[人]、5年以下[人]、6~9年[人]、10~14年[人]、15~19年[人]、20~24年[人]、25~29年[人]、30年以上[人]
臺北市政府暨所屬機關現任編制職員數─按年資與機關性質別,統計,臺北市政府暨所屬機關現任編制職員數─按年資與機關性質別時間數列統計資料,統計期、機關性質別、總計[人]、5年以下[人]、6~9年[人]、10~14年[人]、15~19年[人]、20~24年[人]、25~29年[人]、30年以上[人]
臺北市颱風與洪水期間緊急停車規定與範圍,交通,提供臺北市颱風與洪水期間緊急停車相關規定與停車範圍,keyid、roadname、rdnamesect、roadsegid、roadclass1、roadclass2、roadcode、county、roadstruct、roadnum、roadnum1、roadnum2、roadalias、roadcomnum、britunname、rdnamelane、rdnamenon、width、fnode、tnode、mdate、source、definition、dir
臺北市土壤及地下水污染控制場址,環保,"提供民眾本市土壤及地下水污染控制場址相關資訊
亦可至網址：https://sgw.moenv.gov.tw/SgwSiteInfo/SituationMap/查詢。",縣市別、場址代碼、場址名稱、場址坐標、場址坐標、場址地址、場址地號、場址種類、場址面積(平方公尺)、公告為控制場址日期、公告為控制場址公文、公告解除控制場址日期、公告解除控制場址公文、公告為整治場址日期、公告為整治場址公文、公告解除整治場址日期、公告解除整治場址公文、公告劃定地下水受污染限制使用地區及限制事項日期、公告劃定地下水受污染限制使用地區及限制事項公文、公告解除劃定地下水受污染限制使用地區及限制事項日期、公告解除劃定地下水受污染限制使用地區及限制事項公文、場址列管狀態、土壤/地下水污染物、場址現況概述
臺北市政府警察局受理(查獲)失蹤人口案件統計,治安,警察局受理(查獲)失蹤人口案件統計,項目別、性別、發生數量、查獲數量、累計未查獲數量
臺北市河濱求救點資訊(體育局),觀光,臺北市河濱求救點資訊(體育局)，內容包含行政區、場地、類別、緯度、經度,行政區、場地、類別、緯度、經度
臺北市公私立游泳池及救生員位置及相關資訊,觀光,臺北市公私立游泳池及救生員位置及相關資訊統計,編號、經度、緯度、廠商名稱_市招、經營主體、電話、分機、地址
臺北市廢棄物處理場位置,環保,廢棄物處理場位置資訊,名稱、電話、地址、經度、緯度
臺北市公地撥用面積,統計,臺北市公地撥用面積時間數列統計資料,統計期、權屬別、總面積數值[公頃]、國防設備面積數值[公頃]、交通事業面積數值[公頃]、公用事業面積數值[公頃]、水利事業面積數值[公頃]、公共衛生面積數值[公頃]、教育慈善面積數值[公頃]、公共建築面積數值[公頃]、國營事業面積數值[公頃]、其他面積數值[公頃]
臺北市高級中等學校新生入學方式(103學年度以後),統計,"臺北市高級中等學校新生入學方式(103學年度以後)時間數列統計資料
",統計期、公私立別、總計[人]、免試入學/合計[人]、免試入學/校內直升[人]、免試入學/優先免試入學[人]、免試入學/完全免試[人]、免試入學/就學區免試[人]、免試入學/技優甄審[人]、免試入學/免試獨招[人]、免試入學/其他[人]、特色招生/合計[人]、特色招生/考試分發[人]、特色招生/甄選入學[人]、適性輔導安置[人]、其他[人]
臺北市高中高職新生入學方式(92學年度至102學年度),統計,"臺北市高中高職新生入學方式(92學年度至102學年度)時間數列統計資料
",統計期、公私立別、總計/高中[人]、甄選入學/高中[人]、申請入學/高中[人]、登記分發/高中[人]、直升入學/高中[人]、免試入學/高中[人]、其他/高中[人]、總計/高職[人]、甄選入學/高職[人]、申請入學/高職[人]、登記分發/高職[人]、直升入學/高職[人]、免試入學/高職[人]、其他/高職[人]
臺北市政府主計處辦理統計調查單位數按年別,統計,臺北市政府主計處辦理統計調查單位數按年別時間數列統計資料,年別、總計[Value]、本處主辦調查-按旬[Value]、本處主辦調查-半月[Value]、本處主辦調查-按月[Value]、本處主辦調查-按季[Value]、本處主辦調查-按年[Value]、本處主辦調查-五年[Value]、本處主辦調查-十年[Value]、本處主辦調查-不定期[Value]、中央部會交[委]辦調查-按月[Value]、中央部會交[委]辦調查-半年[Value]、中央部會交[委]辦調查-按年[Value]、中央部會交[委]辦調查-三年[Value]、中央部會交[委]辦調查-五年[Value]、中央部會交[委]辦調查-十年[Value]、中央部會交[委]辦調查-不定期[Value]
臺北市中等學校及國小原住民學生數,統計,臺北市中等學校及國小原住民學生數時間數列統計資料,"統計期、公私立別、性別、總計[人]、高級中等學校[人]、國民中學[人]、國民小學[人]
"
臺北市婦女福利服務機構概況(84年至87年),統計,臺北市婦女福利服務機構概況(84年至87年)時間數列統計資料,統計期、婦女[婦幼]福利服務中心/機構數/總計[家]、婦女[婦幼]福利服務中心/機構數/公立[家]、婦女[婦幼]福利服務中心/機構數/私立[家]、婦女[婦幼]福利服務中心/服務人次/諮詢輔導[人次]、婦女[婦幼]福利服務中心/服務人次/婦女技藝[人次]、婦女[婦幼]福利服務中心/服務人次/親職講座[人次]、婦女[婦幼]福利服務中心/服務人次/不幸婦女服務[人次]、婦女[婦幼]福利服務中心/服務人次/知性教育[人次]、婦女[婦幼]福利服務中心/服務人次/其他[人次]、婦女中途之家庇護中心/機構數/總計[家]、婦女中途之家庇護中心/機構數/公立[家]、婦女中途之家庇護中心/機構數/私立[家]、婦女中途之家庇護中心/可收容人數[人]、婦女中途之家庇護中心/實際收容人數[人]、輔導不幸婦女就業人數[人]
臺北市婦女福利服務機構概況(88年以後),統計,臺北市婦女福利服務機構概況(88年以後)時間數列統計資料,統計期、婦女福利服務中心/機構數/總計[家]、婦女福利服務中心/機構數/公立[家]、婦女福利服務中心/機構數/公設民營[家]、婦女福利服務中心/個案管理服務人次[人次]、婦女中途之家庇護中心/機構數/總計[家]、婦女中途之家庇護中心/機構數/公立[家]、婦女中途之家庇護中心/機構數/公設民營[家]、婦女中途之家庇護中心/可收容人數[人]、婦女中途之家庇護中心/實際收容個案數[人次]
臺北市婦女福利服務(94年至102年),統計,臺北市婦女福利服務(94年至102年)時間數列統計資料,統計期、法律諮詢人次[人次]、諮商服務人次[人次]、親職講座/辦理場次[次]、親職講座/參加人次[人次]、婦女福利活動/辦理場次[次]、婦女福利活動/參加人次[人次]、婦女學苑/班數[班]、婦女學苑/參加人次[人次]、其他/辦理場次[次]、其他/參加人次[人次]
臺北市中等學校畢業生出路(103學年度以後),統計,"臺北市中等學校畢業生出路(103學年度以後)時間數列統計資料
",統計期、總計[人]、升學/合計[人]、升學/大學校院[人]、升學/二專[人]、升學/軍警學校[人]、升學/其他[人]、就業/合計[人]、就業/農林漁牧業[人]、就業/礦業及土石採取業[人]、就業/製造業營建工程業[人]、就業/用水電力燃氣供應及污染整治業[人]、就業/批發及零售業[人]、就業/住宿及餐飲業[人]、就業/金融保險及不動產業[人]、就業/運輸倉儲出版影音及資通訊業[人]、就業/專業科學及技術服務業[人]、就業/藝術娛樂及休閒服務業[人]、就業/公共行政及國防[人]、就業/其他[人]、閒居[人]、其他[人]
臺北市婦女福利服務(103年以後),統計,臺北市婦女福利服務(103年以後)時間數列統計資料,統計期、性別、諮詢服務人次[人次]、個案管理人次[人次]、婦女福利與婦女權益活動/辦理場次[次]、婦女福利與婦女權益活動/參加人次[人次]、團體方案服務/辦理場次[次]、團體方案服務/參加人次[人次]、婦女組織培力活動/辦理場次[次]、婦女組織培力活動/參加人次[人次]、婦女團體組織能力培訓/辦理場次[次]、婦女團體組織能力培訓/參加人次[人次]、婦女團體領導人培訓/辦理場次[次]、婦女團體領導人培訓/參加人次[人次]、性別意識培力活動/辦理場次[次]、性別意識培力活動/參加人次[人次]、性別師資培訓課程/辦理次數[次]、性別師資培訓課程/參加人次[人次]、婦女相關議題之溝通平台或公共論壇/辦理次數[次]、婦女相關議題之溝通平台或公共論壇/參加人次[人次]、其他/辦理場次[次]、其他/參加人次[人次]
臺北市國民中、小學學生視力檢查,統計,"臺北市國民中、小學學生視力檢查時間數列統計資料
","統計期、公私立別、性別、檢查人數/國中[人]、視力不良人數/國中[人]、視力不良率/國中[％]、檢查人數/國小[人]、視力不良人數/國小[人]、視力不良率/國小[％]
"
臺北市街友概況(108年以後),統計,"臺北市街友概況(108年以後)時間數列統計資料

",統計期、性別、受理報案或查報街友處理案數[件]、查報未列冊街友人數[人]、列冊街友人數/街頭街友人數[人]、列冊街友人數/安置收容街友人數[人]、處理情形/總計[人次]、處理情形/關懷服務/合計[人次]、處理情形/關懷服務/餐食服務、處理情形/關懷服務/提供物資、處理情形/關懷服務/沐浴盥洗理髮、處理情形/關懷服務/訪視服務、處理情形/關懷服務/年節活動、處理情形/提供或轉介福利服務/合計[人次]、處理情形/提供或轉介福利服務/協助返家、處理情形/提供或轉介福利服務/申請及提供社會福利服務、處理情形/提供或轉介福利服務/轉介就業服務或職業訓練、處理情形/提供或轉介福利服務/輔導租屋、處理情形/提供或轉介福利服務/醫療服務、處理情形/收容情形/合計[人次]、處理情形/收容情形/轉介精神療養院、處理情形/收容情形/轉介老人機構、處理情形/收容情形/轉介一般護理之家、處理情形/收容情形/轉介身心障礙福利機構、處理情形/收容情形/轉介街友收容單位、處理情形/收容情形/轉介其他收容單位、處理情形/因故死亡[人]
臺北市短期補習班概況,統計,"臺北市短期補習班概況時間數列統計資料
",統計期、總計[家]、文理類/合計[家]、文理類/文理[家]、文理類/語文[家]、文理類/法政[家]、技藝類/合計[家]、技藝類/建築工藝製圖電機及汽車修護[家]、技藝類/資訊[家]、技藝類/家政插花及烹飪[家]、技藝類/縫紉[家]、技藝類/美容美髮及理髮[家]、技藝類/音樂及舞蹈[家]、技藝類/美術書法攝影美工設計及圍棋[家]、技藝類/心算珠算及會計[家]、技藝類/瑜珈[家]、技藝類/游泳[家]、技藝類/速讀[家]、技藝類/無線電[家]、技藝類/其他[家]
臺北市特殊教育概況,統計,"臺北市特殊教育概況時間數列統計資料
",統計期、校數[所]、教師數[人]、教師數/男[人]、教師數/女[人]、職員數[人]、職員數/男[人]、職員數/女[人]、班級數[班]、學生數[人]、學生數/男[人]、學生數/女[人]、學生數/高中及高職部[人]、學生數/高中及高職部/男[人]、學生數/高中及高職部/女[人]、學生數/高中部[人]、學生數/高中部/男[人]、學生數/高中部/女[人]、學生數/高職部[人]、學生數/高職部/男[人]、學生數/高職部/女[人]、學生數/國中[人]、學生數/國中/男[人]、學生數/國中/女[人]、學生數/國小[人]、學生數/國小/男[人]、學生數/國小/女[人]、學生數/幼兒部[人]、學生數/幼兒部/男[人]、學生數/幼兒部/女[人]、上學年度畢業生數[人]、上學年度畢業生數/男[人]、上學年度畢業生數/女[人]、上學年度畢業生數/高中及高職部[人]、上學年度畢業生數/高中及高職部/男[人]、上學年度畢業生數/高中及高職部/女[人]、上學年度畢業生數/國中[人]、上學年度畢業生數/國中/男[人]、上學年度畢業生數/國中/女[人]、上學年度畢業生數/小學[人]、上學年度畢業生數/小學/男[人]、上學年度畢業生數/小學/女[人]、上學年度畢業生數/幼兒部[人]、上學年度畢業生數/幼兒部/男[人]、上學年度畢業生數/幼兒部/女[人]
臺北市補習學校概況,統計,"臺北市補習學校概況時間數列統計資料
",統計期、學校數/總計[校]、學校數/國立[校]、學校數/市立[校]、學校數/私立[校]、班級數/總計[班]、班級數/國立[班]、班級數/市立[班]、班級數/私立[班]、學生數/總計[人]、學生數/男[人]、學生數/女[人]、教師數/總計[人]、教師數/男[人]、教師數/女[人]、上學年畢業學生數/總計[人]、上學年畢業學生數/男[人]、上學年畢業學生數/女[人]
臺北市事業單位職業災害概況,統計,"臺北市事業單位職業災害概況時間數列統計資料
",年別、陳報事業單位數[家]、工作者數[人]、總工作日數[日]、總工時[時]、失能傷害次數/總計[人次]、失能傷害次數/死亡[人次]、失能傷害次數/永久全失能[人次]、失能傷害次數/永久部分失能[人次]、失能傷害次數/暫時全失能[人次]、失能傷害頻率[百萬比]、總損失工作日數[日]、失能傷害嚴重率[百萬比]
臺北市工商性質財團法人(民間捐助成立),經濟,臺北市工商性質財團法人(民間捐助成立)。,法人名稱、設立許可日期、核准文號、代表人、事務所所在地
臺北市高級中等學校僑生、中國大陸及港澳學生概況,統計,"臺北市高級中等學校僑生、中國大陸及港澳學生概況時間數列統計資料
",統計期、公私立別、性別、學生數/僑生[人]、學生數/中國大陸[人]、學生數/港澳[人]、上學年度畢業生數/僑生[人]、上學年度畢業生數/中國大陸[人]、上學年度畢業生數/港澳[人]
臺北市街友概況(94年至107年),統計,"臺北市街友概況(94年至107年)時間數列統計資料

",統計期、性別、列冊街友人數[人]、受理或查報街友處理人次[人次]、處理街友情形/總計[人次]、處理街友情形/協助返家[人次]、處理街友情形/關懷服務[人次]、處理街友情形/年節活動[人次]、處理街友情形/轉介福利服務[人次]、處理街友情形/轉介就業服務或職業訓練[人次]、處理街友情形/結合資源輔導租屋[人次]、處理街友情形/收容情形/合計[人次]、處理街友情形/收容情形/精神療養院[人次]、處理街友情形/收容情形/老人安養機構[人次]、處理街友情形/收容情形/老人養護機構[人次]、處理街友情形/收容情形/身心障礙福利機構[人次]、處理街友情形/收容情形/街友收容所[人次]、處理街友情形/收容情形/其他有關機關[人次]、處理街友情形/因故死亡[人次]、處理街友情形/其他[人次]、街友收容所現有人數[人]
臺北市社會救助醫療及看護補助,統計,"臺北市社會救助醫療及看護補助時間數列統計資料
","統計期、住院/人次數[人次]、住院/人次數/低收入戶[人次]、住院/日數[日]、住院/日數/低收入戶[日]、住院/補助金額[元]、門診/人次[人次]、門診/補助金額[元]、看護/住院人次[人次]、看護/住院日數[日]、看護/補助金額[元]
"
臺北市低收入戶及民眾慰問,統計,臺北市低收入戶及民眾慰問時間數列統計資料,統計期、慰問人[戶]次/低收入戶[戶次]、慰問人[戶]次/其他/人次、慰問人[戶]次/其他/戶[所]次、慰問款物/總計[元]、慰問款物/現金[元]、慰問款物/實物總值[元]
臺北市中低收入戶生活扶助,統計,"臺北市中低收入戶生活扶助時間數列統計資料
",統計期、戶數[戶]、戶數[戶]/占全市比率[%]、人數[人]、人數[人]/占全市比率[%]、生活補助/產婦及嬰兒營養補助/人次[人次]、生活補助/產婦及嬰兒營養補助/金額[千元]、生活補助/托兒補助/人次[人次]、生活補助/托兒補助/金額[千元]、生活補助/教育補助/人次[人次]、生活補助/教育補助/金額[千元]、生活補助/租金補助/人次[人次]、生活補助/租金補助/金額[千元]、生活補助/房屋修繕補助/人次[人次]、生活補助/房屋修繕補助/金額[千元]、生活補助/喪葬補助/人次[人次]、生活補助/喪葬補助/金額[千元]、生活補助/居家服務/人次[人次]、生活補助/居家服務/金額[千元]、生活補助/生育補助/人次[人次]、生活補助/生育補助/金額[千元]、生活補助/就學交通補助/人次[人次]、生活補助/就學交通補助/金額[千元]、生活補助/其他必要之救助及服務補助/人次[人次]、生活補助/其他必要之救助及服務補助/金額[千元]、輔導就業服務/就業服務人次[人次]、輔導就業服務/職業訓練人次[人次]、輔導就業服務/以工代賑/人次[人次]、輔導就業服務/以工代賑/金額[千元]
臺北市低收入戶生活扶助統計,統計,臺北市低收入戶生活扶助統計時間數列統計資料,統計期、生活扶助/人次[人次]、生活扶助/金額[千元]、就學生活扶助/人次[人次]、就學生活扶助/金額[千元]、特殊救助/產婦及嬰兒營養補助人次[人次]、特殊救助/產婦及嬰兒營養補助金額[千元]、特殊救助/托兒補助人次[人次]、特殊救助/托兒補助金額[千元]、特殊救助/教育補助人次[人次]、特殊救助/教育補助金額[千元]、特殊救助/租金補助人次[人次]、特殊救助/租金補助金額[千元]、特殊救助/住宅借住/戶數[戶]、特殊救助/住宅借住/金額[千元]、特殊救助/房屋修繕補助戶次[戶次]、特殊救助/房屋修繕補助金額[千元]、特殊救助/喪葬補助人次[人次]、特殊救助/喪葬補助金額[千元]、特殊救助/居家服務/人次[人次]、特殊救助/居家服務/金額[千元]、特殊救助/生育補助人次[人次]、特殊救助/生育補助金額[千元]、特殊救助/就學交通補助人次[人次]、特殊救助/就學交通補助金額[千元]、特殊救助/其他必要之救助/人次[人次]、特殊救助/其他必要之救助/金額[千元]、低收入戶購置電腦補助累計戶數[戶]、就業服務人次[人次]、職業訓練人次[人次]、以工代賑/人次/總計[人次]、以工代賑/人次/一般[人次]、以工代賑/人次/原住民/合計[人次]、以工代賑/人次/原住民/男[人次]、以工代賑/人次/原住民/女[人次]、以工代賑/金額[千元]
臺北市各級學校校舍暨校地面積,統計,"臺北市各級學校校舍暨校地面積時間數列統計資料
","統計期、公私立別、高級中等學校/校地[平方公尺]、高級中等學校/校舍/教室[平方公尺]、高級中等學校/校舍/其他[平方公尺]、國民中學/校地[平方公尺]、國民中學/校舍總延面積[平方公尺]、國民中學/校舍/教室[平方公尺]、國民中學/校舍/其他[平方公尺]、國民中學/運動場地面積[平方公尺]、國民小學/校地[平方公尺]、國民小學/校舍總延面積[平方公尺]、國民小學/校舍/教室[平方公尺]、國民小學/校舍/其他[平方公尺]、國民小學/運動場地面積[平方公尺]
"
臺北市中等學校及國小班級數按年級別,統計,臺北市中等學校及國小班級數按年級別時間數列統計資料,統計期、公私立別、班級數/高級中等學校/總計、班級數/高級中等學校/一年級、班級數/高級中等學校/二年級、班級數/高級中等學校/三年級、班級數/高級中等學校/四年級、班級數/國民中學/總計、班級數/國民中學/七年級、班級數/國民中學/八年級、班級數/國民中學/九年級、班級數/國民小學/總計、班級數/國民小學/一年級、班級數/國民小學/二年級、班級數/國民小學/三年級、班級數/國民小學/四年級、班級數/國民小學/五年級、班級數/國民小學/六年級
臺北市獨居老人(89－105年),統計,臺北市獨居老人(89-105年)時間數列統計資料,統計期、性別、總計[人]、中[低]收入戶[人]、榮民[人]、一般老人[人]
臺北市獨居老人(106年以後),統計,臺北市獨居老人(106年以後)時間數列統計資料,統計期、性別、獨居老人人數/總計、獨居老人人數/中[低]收入戶、獨居老人人數/一般老人、具榮民身分獨居老人人數、具原住民身分獨居老人人數、安裝緊急救援裝置人數
臺北市自來水老舊水管汰換管線長度,統計,臺北市自來水老舊水管汰換管線長度時間數列統計資料,統計期、當期完成長度數值/總計[公尺]、當期完成長度數值/給水管[公尺]、當期完成長度數值/配水管[公尺]、累計完成長度數值/總計[公尺]、累計完成長度數值/給水管[公尺]、累計完成長度數值/配水管[公尺]、漏水率[%]、供水管網管線長度數值[公里]
臺北市生育健康篩檢補助及健康服務概況,統計,臺北市生育健康篩檢補助及健康服務概況時間數列統計資料,統計期、列管個案數/總計[人]、列管個案數/非健康者/合計[人]、列管個案數/非健康者/癌症[人]、列管個案數/非健康者/腦血管疾病[人]、列管個案數/非健康者/心臟病[人]、列管個案數/非健康者/糖尿病[人]、列管個案數/非健康者/高血壓[人]、列管個案數/非健康者/高血酯[人]、列管個案數/非健康者/失能[人]、列管個案數/非健康者/植物人[人]、列管個案數/非健康者/人瑞[人]、列管個案數/非健康者/非健康自行列管[人]、列管個案數/非健康者/其他[人]、列管個案數/健康者[人]、訪視人次/總計[人次]、訪視人次/非健康者/合計[人次]、訪視人次/非健康者/癌症[人次]、訪視人次/非健康者/腦血管疾病[人次]、訪視人次/非健康者/心臟病[人次]、訪視人次/非健康者/糖尿病[人次]、訪視人次/非健康者/高血壓[人次]、訪視人次/非健康者/高血酯[人次]、訪視人次/非健康者/失能[人次]、訪視人次/非健康者/植物人[人次]、訪視人次/非健康者/人瑞[人次]、訪視人次/非健康者/非健康自行列管[人次]、訪視人次/非健康者/其他[人次]、訪視人次/健康者[人次]、生育健康篩檢補助/總計[人次]、生育健康篩檢補助/婚後孕前檢查/合計[人次]、生育健康篩檢補助/婚後孕前檢查/男[人次]、生育健康篩檢補助/婚後孕前檢查/女[人次]、生育健康篩檢補助/孕婦唐氏症/合計[人次]、生育健康篩檢補助/孕婦唐氏症/初期[人次]、生育健康篩檢補助/孕婦唐氏症/中期[人次]
臺北市機動車輛檢驗(70年到100年),統計,臺北市機動車輛檢驗(70年到100年)時間數列統計資料,統計期、機動車輛檢驗數總計、汽車檢驗數/合計、汽車檢驗數/定期監理機關檢驗、汽車檢驗數/定期委託代驗、汽車檢驗數/未定期檢驗、汽車檢驗數/新車、汽車檢驗數/臨時檢驗、機車檢驗數/合計、機車檢驗數/定期檢驗、機車檢驗數/未定期檢驗、機車檢驗數/新車、機車檢驗數/臨時檢驗
臺北市遭受災害救助情形,統計,"臺北市遭受災害救助情形時間數列統計資料

","統計期、受災次數[次]、受災人數/臨時收容災民[人]、受災人數/死亡[含無名屍][人]、受災人數/失蹤[人]、受災人數/重傷[人]、受災人數/其他[人]、房屋毀損/全倒[間]、房屋毀損/半倒[間]、收容所[所]、安遷救助/戶數[戶]、安遷救助/人數[人]、財物受損影響生計者[戶]、救助金額/總計[元]、救助金額/現金[元]、救助金額/實物[元]
"
臺北市社會局推展志願服務隊概況,統計,臺北市社會局推展志願服務隊概況時間數列統計資料,統計期、隊數[隊]、隊員人數/合計[人]、隊員人數/性別/男[人]、隊員人數/性別/女[人]、隊員人數/年齡別/0-未滿12歲[人]、隊員人數/年齡別/12-17歲[人]、隊員人數/年齡別/18-29歲[人]、隊員人數/年齡別/30-49歲[人]、隊員人數/年齡別/50-64歲[人]、隊員人數/年齡別/65歲以上[人]、提供服務人次[人次]、提供服務時數[時]
臺北市客家研習概況,統計,"臺北市客家研習概況時間數列統計資料
","統計期、班數[班]、參加人次/總計[人次]、參加人次/男[人次]、參加人次/女[人次]
"
臺北市政府國家賠償事件處理情形(88年至103年),統計,臺北市政府國家賠償事件處理情形-88年至103年時間數列統計資料,統計期、受理件數[件]、已結案件數/總計[件]、已結案件數/拒絕賠償[件]、拒絕賠償占已結案件數百分比[%]、已結案件數/和解撤回[件]、和解撤回占已結案件數百分比[%]、已結案件數/有賠償責任協議成立[件]、有賠償責任協議成立占已結案件數百分比[%]、已結案件數/有賠償責任協議成立金額[千元]、已結案件數/有賠償責任協議不成立[件]、有賠償責任協議不成立占已結案件數百分比[%]、已結案件數/不受理[件]、不受理占已結案件數百分比[%]、已結案件數/其他[件]、其他占已結案件數百分比[%]、未結案件數[件]
臺北市傳染病預防接種工作(57年至96年),統計,臺北市傳染病預防接種工作(57年至96年)時間數列統計資料,統計期、總計[人次]、卡介苗疫苗[人次]、白喉百日咳破傷風混合疫苗[人次]、小兒麻痺口服疫苗[人次]、破傷風減量白喉混合疫苗[人次]、B型肝炎疫苗[人次]、麻疹疫苗[人次]、麻疹腮腺炎及德國麻疹混合疫苗[人次]、日本腦炎疫苗[人次]、水痘疫苗[人次]、傷寒及副傷寒疫苗[人次]、霍亂疫苗[人次]、牛痘疫苗[人次]、破傷風疫苗[人次]、德國麻疹疫苗[人次]
臺北市總預決算歲入來源別(57年至88年),統計,臺北市總預決算歲入來源別(57年至88年)時間數列統計資料,統計期、來源別、原預算數[千元]、追加減後預算數[千元]、決算審定數[千元]、實現數[千元]、權責發生數[千元]、超[短]收數[千元]
臺北市總預決算歲出按主管機關別(62年至88年),統計,臺北市總預決算歲出按主管機關別(62年至88年)時間數列統計資料,統計期、主管機關別、原預算數[千元]、追加減後預算數[千元]、決算審定數[千元]、實現數[千元]、權責發生數[千元]、賸餘數[千元]
臺北市總預決算歲出按政事別(88年下半年至94年),統計,臺北市總預決算歲出按政事別(88年下半年至94年)時間數列統計資料,統計期、政事別、原預算數[千元]、追加減後預算數[千元]、決算審定數[千元]、實現數[千元]、應付數[千元]、保留數[千元]、賸餘數[千元]
臺北市總預決算歲出按政事別(95年至107年),統計,臺北市總預決算歲出按政事別(95年至107年)時間數列統計資料,統計期、政事別、原預算數[千元]、追加減後預算數[千元]、決算審定數[千元]、實現數[千元]、應付數[千元]、保留數[千元]、賸餘數[千元]
臺北市總預決算歲出按政事別(57年至78年),統計,臺北市總預決算歲出按政事別(57年至78年)時間數列統計資料,統計期、政事別、原預算數[千元]、追加減後預算數[千元]、決算審定數[千元]、實現數[千元]、權責發生數[千元]、賸餘數[千元]
臺北市總預決算歲出按政事別(79年至88年),統計,臺北市總預決算歲出按政事別(79年至88年)時間數列統計資料,統計期、政事別、原預算數[千元]、追加減後預算數[千元]、決算審定數[千元]、實現數[千元]、權責發生數[千元]、賸餘數[千元]
臺北市查獲槍彈數量統計表,治安,臺北市107年迄今查獲槍彈數量統計表,年度、合計、制式長槍總數、制式短槍總數、非制式槍枝總數、其他槍枝總數、子彈或彈藥總數
工業及服務業普查臺北市概況(95年以後),統計,工業及服務業普查臺北市概況(95年以後)時間數列統計資料,"統計期、年底企業單位數/總計[家]、年底企業單位數/礦業及土石採取業[家]、年底企業單位數/製造業[家]、年底企業單位數/電力及燃氣供應業[家]、年底企業單位數/用水供應及污染整治業[家]、年底企業單位數/營建工程業[家]、年底企業單位數/批發及零售業[家]、年底企業單位數/運輸及倉儲業[家]、年底企業單位數/住宿及餐飲業[家]、年底企業單位數/出版影音及資通訊業[家]、年底企業單位數/金融及保險業強制性社會安全[家]、年底企業單位數/不動產業[家]、年底企業單位數/專業科學及技術服務業[家]、年底企業單位數/支援服務業[家]、年底企業單位數/教育業[家]、年底企業單位數/醫療保健及社會工作服務業[家]、年底企業單位數/藝術娛樂及休閒服務業[家]、年底企業單位數/其他服務業[家]、年底場所單位數/總計[家]、年底場所單位數/礦業及土石採取業[家]、年底場所單位數/製造業[家]、年底場所單位數/電力及燃氣供應業[家]、年底場所單位數/用水供應及污染整治業[家]、年底場所單位數/營建工程業[家]、年底場所單位數/批發及零售業[家]、年底場所單位數/運輸及倉儲業[家]、年底場所單位數/住宿及餐飲業[家]、年底場所單位數/出版影音及資通訊業[家]、年底場所單位數/金融及保險業強制性社會安全[家]、年底場所單位數/不動產業[家]、年底場所單位數/專業科學及技術服務業[家]、年底場所單位數/支援服務業[家]、年底場所單位數/教育業[家]、年底場所單位數/醫療保健及社會工作服務業[家]、年底場所單位數/藝術娛樂及休閒服務業[家]、年底場所單位數/其他服務業[家]、年底企業單位員工人數/總計[人]、年底企業單位員工人數/礦業及土石採取業[人]、年底企業單位員工人數/製造業[人]、年底企業單位員工人數/電力及燃氣供應業[人]、年底企業單位員工人數/用水供應及污染整治業[人]、年底企業單位員工人數/營建工程業[人]、年底企業單位員工人數/批發及零售業[人]、年底企業單位員工人數/運輸及倉儲業[人]、年底企業單位員工人數/住宿及餐飲業[人]、年底企業單位員工人數/出版影音及資通訊業[人]、年底企業單位員工人數/金融及保險業強制性社會安全[人]、年底企業單位員工人數/不動產業[人]、年底企業單位員工人數/專業科學及技術服務業[人]、年底企業單位員工人數/支援服務業[人]、年底企業單位員工人數/教育業[人]、年底企業單位員工人數/醫療保健及社會工作服務業[人]、年底企業單位員工人數/藝術娛樂及休閒服務業[人]、年底企業單位員工人數/其他服務業[人]、年底場所單位員工人數/總計[人]、年底場所單位員工人數/礦業及土石採取業[人]、年底場所單位員工人數/製造業[人]、年底場所單位員工人數/電力及燃氣供應業[人]、年底場所單位員工人數/用水供應及污染整治業[人]、年底場所單位員工人數/營建工程業[人]、年底場所單位員工人數/批發及零售業[人]、年底場所單位員工人數/運輸及倉儲業[人]、年底場所單位員工人數/住宿及餐飲業[人]、年底場所單位員工人數/出版影音及資通訊業[人]、年底場所單位員工人數/金融及保險業強制性社會安全[人]、年底場所單位員工人數/不動產業[人]、年底場所單位員工人數/專業科學及技術服務業[人]、年底場所單位員工人數/支援服務業[人]、年底場所單位員工人數/教育業[人]、年底場所單位員工人數/醫療保健及社會工作服務業[人]、年底場所單位員工人數/藝術娛樂及休閒服務業[人]、年底場所單位員工人數/其他服務業[人]、全年勞動報酬支出/總計[百萬元]、全年勞動報酬支出/礦業及土石採取業[百萬元]、全年勞動報酬支出/製造業[百萬元]、全年勞動報酬支出/電力及燃氣供應業[百萬元]、全年勞動報酬支出/用水供應及污染整治業[百萬元]、全年勞動報酬支出/營建工程業[百萬元]、全年勞動報酬支出/批發及零售業[百萬元]、全年勞動報酬支出/運輸及倉儲業[百萬元]、全年勞動報酬支出/住宿及餐飲業[百萬元]、全年勞動報酬支出/出版影音及資通訊業[百萬元]、全年勞動報酬支出/金融及保險業強制性社會安全[百萬元]、全年勞動報酬支出/不動產業[百萬元]、全年勞動報酬支出/專業科學及技術服務業[百萬元]、全年勞動報酬支出/支援服務業[百萬元]、全年勞動報酬支出/教育業[百萬元]、全年勞動報酬支出/醫療保健及社會工作服務業[百萬元]、全年勞動報酬支出/藝術娛樂及休閒服務業[百萬元]、全年勞動報酬支出/其他服務業[百萬元]、全年生產總值/總計[百萬元]、全年生產總值/礦業及土石採取業[百萬元]、全年生產總值/製造業[百萬元]、全年生產總值/電力及燃氣供應業[百萬元]、全年生產總值/用水供應及污染整治業[百萬元]、全年生產總值/營建工程業[百萬元]、全年生產總值/批發及零售業[百萬元]、全年生產總值/運輸及倉儲業[百萬元]、全年生產總值/住宿及餐飲業[百萬元]、全年生產總值/出版影音及資通訊業[百萬元]、全年生產總值/金融及保險業強制性社會安全[百萬元]、全年生產總值/不動產業[百萬元]、全年生產總值/專業科學及技術服務業[百萬元]、全年生產總值/支援服務業[百萬元]、全年生產總值/教育業[百萬元]、全年生產總值/醫療保健及社會工作服務業[百萬元]、全年生產總值/藝術娛樂及休閒服務業[百萬元]、全年生產總值/其他服務業[百萬元]、年底實際運用資產淨額/總計[百萬元]、年底實際運用資產淨額/礦業及土石採取業[百萬元]、年底實際運用資產淨額/製造業[百萬元]、年底實際運用資產淨額/電力及燃氣供應業[百萬元]、年底實際運用資產淨額/用水供應及污染整治業[百萬元]、年底實際運用資產淨額/營建工程業[百萬元]、年底實際運用資產淨額/批發及零售業[百萬元]、年底實際運用資產淨額/運輸及倉儲業[百萬元]、年底實際運用資產淨額/住宿及餐飲業[百萬元]、年底實際運用資產淨額/出版影音及資通訊業[百萬元]、年底實際運用資產淨額/金融及保險業強制性社會安全[百萬元]、年底實際運用資產淨額/不動產業[百萬元]、年底實際運用資產淨額/專業科學及技術服務業[百萬元]、年底實際運用資產淨額/支援服務業[百萬元]、年底實際運用資產淨額/教育業[百萬元]、年底實際運用資產淨額/醫療保健及社會工作服務業[百萬元]、年底實際運用資產淨額/藝術娛樂及休閒服務業[百萬元]、年底實際運用資產淨額/其他服務業[百萬元]、年底實際運用固定資產淨額/總計[百萬元]、年底實際運用固定資產淨額/礦業及土石採取業[百萬元]、年底實際運用固定資產淨額/製造業[百萬元]、年底實際運用固定資產淨額/電力及燃氣供應業[百萬元]、年底實際運用固定資產淨額/用水供應及污染整治業[百萬元]、年底實際運用固定資產淨額/營建工程業[百萬元]、年底實際運用固定資產淨額/批發及零售業[百萬元]、年底實際運用固定資產淨額/運輸及倉儲業[百萬元]、年底實際運用固定資產淨額/住宿及餐飲業[百萬元]、年底實際運用固定資產淨額/出版影音及資通訊業[百萬元]、年底實際運用固定資產淨額/金融及保險業強制性社會安全[百萬元]、年底實際運用固定資產淨額/不動產業[百萬元]、年底實際運用固定資產淨額/專業科學及技術服務業[百萬元]、年底實際運用固定資產淨額/支援服務業[百萬元]、年底實際運用固定資產淨額/教育業[百萬元]、年底實際運用固定資產淨額/醫療保健及社會工作服務業[百萬元]、年底實際運用固定資產淨額/藝術娛樂及休閒服務業[百萬元]、年底實際運用固定資產淨額/其他服務業[百萬元]
"
農林漁牧業普查臺北市概況(59年至74年漁),統計,農林漁牧業普查臺北市概況(59年至74年漁)時間數列統計資料,統計期、漁業經營單位數[家]、漁業作業人員數[人]、漁產量/一般漁獲量[公噸]、漁產量/魚苗[千尾]、漁產價值[千元]、漁戶戶數/總計[戶]、漁戶戶數/專業[戶]、漁戶戶數/兼業[戶]、漁戶人口數[人]、漁業從業人口/總計[人]、漁業從業人口/專業[人]、漁業從業人口/兼業[人]
農林漁牧業普查臺北市概況(79年至109年農林漁牧),統計,農林漁牧業普查臺北市概況(79年至109年農林漁牧)時間數列統計資料,統計期、農牧戶數/總計[家]、農牧戶數/有可耕作地[家]、農牧戶數/未滿0.3公頃[家]、農牧戶數/0.3~未滿1[家]、農牧戶數/1公頃以上[家]、農牧戶數/無可耕作地[家]、農牧戶數/專業[家]、農牧戶數/兼業[家]、農牧戶數/農耕業/合計[家]、農牧戶數/農耕業/稻作[家]、農牧戶數/農耕業/雜糧[家]、農牧戶數/農耕業/蔬菜[家]、農牧戶數/農耕業/水果[家]、農牧戶數/農耕業/花卉[家]、農牧戶數/農耕業/其他[家]、農牧戶數/畜牧業/合計[家]、農牧戶數/畜牧業/家畜[家]、農牧戶數/畜牧業/家禽[家]、農牧戶數/畜牧業/其他[家]、農牧戶數/觀光休閒[家]、農牧戶數/未經營[家]、農牧戶人口[人]、農牧戶持有主要農業機械數/總計[臺]、農牧戶持有主要農業機械數/曳引機[臺]、農牧戶持有主要農業機械數/耕耘機[臺]、農牧戶持有主要農業機械數/動力插秧機[臺]、農牧戶持有主要農業機械數/水稻聯合收穫機[臺]、農牧戶持有主要農業機械數/乾燥機[臺]、農牧戶持有主要農業機械數/農業搬運車[臺]、農牧場數/總計[家]、農牧場數/公營[家]、農牧場數/民營[家]、農牧場數/農耕[家]、農牧場數/畜牧[家]、農牧場數/觀光[家]、農牧場數/未經營[家]、農牧場從業員工/總計[人]、農牧場從業員工/常雇[人]、農牧場從業員工/臨時[人]、農牧場從業員工/不支固定薪資[人]、林業/總計[家]、林業/未滿0.5公頃[家]、林業/0.5~未滿1[家]、林業/1~未滿2[家]、林業/2~未滿3[家]、林業/3~未滿5[家]、林業/5~未滿10[家]、林業/10~未滿15[家]、林業/15~未滿20[家]、林業/20~未滿50[家]、林業/50~未滿100[家]、林業/100~未滿500[家]、林業/500公頃以上[家]、林業/一般林木經營[家]、林業/特殊林木經營[家]、林業/經營森林遊樂[家]、林地面積/總計[公頃]、林地面積/自有[公頃]、林地面積/租借國公有[公頃]、林地面積/租借私有[公頃]、林地面積/接受委託經營、林地面積/針葉林、林地面積/闊葉林、林地面積/混淆林、林地面積/竹林、林地面積/未立木地、林地面積/國保土安、林地面積/自然保護、林地面積/森林遊樂、林地面積/生產林木、林地面積/代跡地新開墾地、林地面積/其他、漁業/總計[家]、漁業/漁撈、漁業/水產養殖、漁業/觀光休閒、漁業/未經營、漁業僱用員工/總計[人]、漁業僱用員工/常僱[人]、漁業僱用員工/臨時[人]、漁業僱用員工/不支固定薪資[人]、獨資漁戶人口/總計[人]、獨資漁戶人口/男[人]、獨資漁戶人口/女[人]
農林漁牧業普查臺北市概況(59年至74年農林牧),統計,農林漁牧業普查臺北市概況(59年至74年農林牧)時間數列統計資料,統計期、農場別、農戶農場數/總計[戶；場]、農戶農場數/耕種農[戶；場]、農戶農場數/非耕種農[戶；場]、農戶場人口[人]、農場面積/總計[公頃]、農場面積/耕地[公頃]、農場面積/非耕地[公頃]、耕地面積/總計[公頃]、耕地面積/水田/合計[公頃]、耕地面積/水田/兩期作田[公頃]、耕地面積/水田/單期作田[公頃]、耕地面積/水田/輪作田[公頃]、耕地面積/旱田/合計[公頃]、耕地面積/旱田/平地旱田[公頃]、耕地面積/旱田/山坡地旱田[公頃]、非耕地面積[公頃]、耕地灌溉面積/總計[公頃]、耕地灌溉面積/水田[公頃]、耕地灌溉面積/旱田[公頃]、使用人工工數[人日]、使用牛工工數[牛日]、使用機耕時數[小時]、家畜家禽現有頭數/牛[頭]、家畜家禽現有頭數/豬[頭]、家畜家禽現有頭數/羊[頭]、家畜家禽現有頭數/雞[頭]、家畜家禽現有頭數/鴨[頭]、家畜家禽現有頭數/火雞[頭]、家畜家禽現有頭數/鵝[頭]
工商及服務業普查臺北市概況(80年、85年),統計,工商及服務業普查臺北市概況(80年、85年)時間數列統計資料,統計期、年底企業單位數/總計[家]、年底企業單位數/礦業及土石採取業[家]、年底企業單位數/製造業[家]、年底企業單位數/水電燃氣業[家]、年底企業單位數/營造業[家]、年底企業單位數/商業[家]、年底企業單位數/運輸倉儲及通信業[家]、年底企業單位數/金融保險及不動產業[家]、年底企業單位數/工商及服務業[家]、年底企業單位數/社會服務及個人服務業[家]、年底場所單位數/總計[家]、年底場所單位數/礦業及土石採取業[家]、年底場所單位數/製造業[家]、年底場所單位數/水電燃氣業[家]、年底場所單位數/營造業[家]、年底場所單位數/商業[家]、年底場所單位數/運輸倉儲及通信業[家]、年底場所單位數/金融保險及不動產業[家]、年底場所單位數/工商及服務業[家]、年底場所單位數/社會服務及個人服務業[家]、年底企業單位員工人數/總計[人]、年底企業單位員工人數/礦業及土石採取業[人]、年底企業單位員工人數/製造業[人]、年底企業單位員工人數/水電燃氣業[人]、年底企業單位員工人數/營造業[人]、年底企業單位員工人數/商業[人]、年底企業單位員工人數/運輸倉儲及通信業[人]、年底企業單位員工人數/金融保險及不動產業[人]、年底企業單位員工人數/工商及服務業[人]、年底企業單位員工人數/社會服務及個人服務業[人]、年底場所單位員工人數/總計[人]、年底場所單位員工人數/礦業及土石採取業[人]、年底場所單位員工人數/製造業[人]、年底場所單位員工人數/水電燃氣業[人]、年底場所單位員工人數/營造業[人]、年底場所單位員工人數/商業[人]、年底場所單位員工人數/運輸倉儲及通信業[人]、年底場所單位員工人數/金融保險及不動產業[人]、年底場所單位員工人數/工商及服務業[人]、年底場所單位員工人數/社會服務及個人服務業[人]、全年勞動報酬支出/總計[百萬元]、全年勞動報酬支出/礦業及土石採取業[百萬元]、全年勞動報酬支出/製造業[百萬元]、全年勞動報酬支出/水電燃氣業[百萬元]、全年勞動報酬支出/營造業[百萬元]、全年勞動報酬支出/商業[百萬元]、全年勞動報酬支出/運輸倉儲及通信業[百萬元]、全年勞動報酬支出/金融保險及不動產業[百萬元]、全年勞動報酬支出/工商及服務業[百萬元]、全年勞動報酬支出/社會服務及個人服務業[百萬元]、全年生產總值/總計[百萬元]、全年生產總值/礦業及土石採取業[百萬元]、全年生產總值/製造業[百萬元]、全年生產總值/水電燃氣業[百萬元]、全年生產總值/營造業[百萬元]、全年生產總值/商業[百萬元]、全年生產總值/運輸倉儲及通信業[百萬元]、全年生產總值/金融保險及不動產業[百萬元]、全年生產總值/工商及服務業[百萬元]、全年生產總值/社會服務及個人服務業[百萬元]
工商及服務業普查臺北市概況(90年),統計,工商及服務業普查臺北市概況(90年)時間數列統計資料,統計期、年底企業單位數/總計[家]、年底企業單位數/礦業及土石採取業[家]、年底企業單位數/製造業[家]、年底企業單位數/水電燃氣業[家]、年底企業單位數/營造業[家]、年底企業單位數/批發及零售業[家]、年底企業單位數/住宿及餐飲業[家]、年底企業單位數/運輸倉儲及通信業[家]、年底企業單位數/金融及保險業[家]、年底企業單位數/不動產及租賃業[家]、年底企業單位數/專業科學及技術服務業[家]、年底企業單位數/醫療保健業[家]、年底企業單位數/文化運動及休閒服務業[家]、年底企業單位數/其他服務業[家]、年底場所單位數/總計[家]、年底場所單位數/礦業及土石採取業[家]、年底場所單位數/製造業[家]、年底場所單位數/水電燃氣業[家]、年底場所單位數/營造業[家]、年底場所單位數/批發及零售業[家]、年底場所單位數/住宿及餐飲業[家]、年底場所單位數/運輸倉儲及通信業[家]、年底場所單位數/金融及保險業[家]、年底場所單位數/不動產及租賃業[家]、年底場所單位數/專業科學及技術服務業[家]、年底場所單位數/醫療保健業[家]、年底場所單位數/文化運動及休閒服務業[家]、年底場所單位數/其他服務業[家]、年底企業單位員工人數/總計[人]、年底企業單位員工人數/礦業及土石採取業[人]、年底企業單位員工人數/製造業[人]、年底企業單位員工人數/水電燃氣業[人]、年底企業單位員工人數/營造業[人]、年底企業單位員工人數/批發及零售業[人]、年底企業單位員工人數/住宿及餐飲業[人]、年底企業單位員工人數/運輸倉儲及通信業[人]、年底企業單位員工人數/金融及保險業[人]、年底企業單位員工人數/不動產及租賃業[人]、年底企業單位員工人數/專業科學及技術服務業[人]、年底企業單位員工人數/醫療保健業[人]、年底企業單位員工人數/文化運動及休閒服務業[人]、年底企業單位員工人數/其他服務業[人]、年底場所單位員工人數/總計[人]、年底場所單位員工人數/礦業及土石採取業[人]、年底場所單位員工人數/製造業[人]、年底場所單位員工人數/水電燃氣業[人]、年底場所單位員工人數/營造業[人]、年底場所單位員工人數/批發及零售業[人]、年底場所單位員工人數/住宿及餐飲業[人]、年底場所單位員工人數/運輸倉儲及通信業[人]、年底場所單位員工人數/金融及保險業[人]、年底場所單位員工人數/不動產及租賃業[人]、年底場所單位員工人數/專業科學及技術服務業[人]、年底場所單位員工人數/醫療保健業[人]、年底場所單位員工人數/文化運動及休閒服務業[人]、年底場所單位員工人數/其他服務業[人]、全年勞動報酬支出/總計[百萬元]、全年勞動報酬支出/礦業及土石採取業[百萬元]、全年勞動報酬支出/製造業[百萬元]、全年勞動報酬支出/水電燃氣業[百萬元]、全年勞動報酬支出/營造業[百萬元]、全年勞動報酬支出/批發及零售業[百萬元]、全年勞動報酬支出/住宿及餐飲業[百萬元]、全年勞動報酬支出/運輸倉儲及通信業[百萬元]、全年勞動報酬支出/金融及保險業[百萬元]、全年勞動報酬支出/不動產及租賃業[百萬元]、全年勞動報酬支出/專業科學及技術服務業[百萬元]、全年勞動報酬支出/醫療保健業[百萬元]、全年勞動報酬支出/文化運動及休閒服務業[百萬元]、全年勞動報酬支出/其他服務業[百萬元]、全年生產總值/總計[百萬元]、全年生產總值/礦業及土石採取業[百萬元]、全年生產總值/製造業[百萬元]、全年生產總值/水電燃氣業[百萬元]、全年生產總值/營造業[百萬元]、全年生產總值/批發及零售業[百萬元]、全年生產總值/住宿及餐飲業[百萬元]、全年生產總值/運輸倉儲及通信業[百萬元]、全年生產總值/金融及保險業[百萬元]、全年生產總值/不動產及租賃業[百萬元]、全年生產總值/專業科學及技術服務業[百萬元]、全年生產總值/醫療保健業[百萬元]、全年生產總值/文化運動及休閒服務業[百萬元]、全年生產總值/其他服務業[百萬元]
臺北市公司登記家數及資本額,統計,臺北市公司登記家數及資本額時間數列統計資料,統計期、設立家數[家]、設立資本額[千元]、撤銷家數[家]、撤銷資本額[千元]、變更家數/遷入[家]、變更家數/遷出[家]、變更家數/其它[家]、現有家數[家]、公司設立登記案件申請處理平均日數[日]
臺北市公司登記現有家數及資本額,統計,臺北市公司登記現有家數及資本額時間數列統計資料,統計期、總計/家數[家]、總計/資本額[含在臺營運資金][千元]、無限公司/家數[家]、無限公司/資本額[千元]、兩合公司/家數[家]、兩合公司/資本額[千元]、有限公司/家數[家]、有限公司/資本額[千元]、股份有限公司/家數[家]、股份有限公司/資本額[千元]、認許公司/合計/家數[家]、認許公司/合計/在臺營運資金[千元]、認許公司/設分公司之外國公司/家數[家]、認許公司/設分公司之外國公司/在臺營運資金[千元]、認許公司/大陸地區在臺認許公司/家數[家]、認許公司/大陸地區在臺認許公司/在臺營運資金[千元]、設辦事處之外國公司/家數[家]、大陸地區在臺許可辦事處/家數[家]
臺北市公司登記現有家數及資本額按行業別,統計,臺北市公司登記現有家數及資本額按行業別時間數列統計資料,統計期、行業別、總計/家數[家]、總計/資本額[含在臺營運資金][千元]、無限公司/家數[家]、無限公司/資本額[千元]、兩合公司/家數[家]、兩合公司/資本額[千元]、有限公司/家數[家]、有限公司/資本額[千元]、股份有限公司/家數[家]、股份有限公司/資本額[千元]、認許公司/合計/家數[家]、認許公司/合計/在臺營運資金[千元]、認許公司/設分公司之外國公司/家數[家]、認許公司/設分公司之外國公司/在臺營運資金[千元]、認許公司/大陸地區在臺認許公司/家數[家]、認許公司/大陸地區在臺認許公司/在臺營運資金[千元]、設辦事處之外國公司/家數[家]、大陸地區在臺許可辦事處/家數[家]
工商及服務業普查臺北市概況(50年至60年),統計,工商及服務業普查臺北市概況(50年至60年)時間數列統計資料,"統計期、年底企業單位數/總計[家]、年底企業單位數/礦業及土石採取業[家]、年底企業單位數/製造業及水電煤氣業[家]、年底企業單位數/營造業[家]、年底企業單位數/商業[家]、年底企業單位數/其他營利事業[家]、年底場所單位數/總計[家]、年底場所單位數/礦業及土石採取業[家]、年底場所單位數/製造業及水電煤氣業[家]、年底場所單位數/營造業[家]、年底場所單位數/商業[家]、年底場所單位數/其他營利事業[家]、年底企業單位員工人數/總計[人]、年底企業單位員工人數/礦業及土石採取業[人]、年底企業單位員工人數/製造業及水電煤氣業[人]、年底企業單位員工人數/營造業[人]、年底企業單位員工人數/商業[人]、年底企業單位員工人數/其他營利事業[人]、年底場所單位員工人數/總計[人]、年底場所單位員工人數/礦業及土石採取業[人]、年底場所單位員工人數/製造業及水電煤氣業[人]、年底場所單位員工人數/營造業[人]、年底場所單位員工人數/商業[人]、年底場所單位員工人數/其他營利事業[人]、全年勞動報酬支出/總計[百萬元]、全年勞動報酬支出/礦業及土石採取業[百萬元]、全年勞動報酬支出/製造業及水電煤氣業[百萬元]、全年勞動報酬支出/營造業[百萬元]、全年勞動報酬支出/商業[百萬元]、全年勞動報酬支出/其他營利事業[百萬元]、年底實際使用動力,馬力匹數/總計[匹]、年底實際使用動力,馬力匹數/礦業及土石採取業[匹]、年底實際使用動力,馬力匹數/製造業及水電煤氣業[匹]、年底實際使用動力,馬力匹數/營造業[匹]、年底實際使用動力,馬力匹數/商業[匹]、年底實際使用動力,馬力匹數/其他營利事業[匹]、全年生產總值/總計[百萬元]、全年生產總值/礦業及土石採取業[百萬元]、全年生產總值/製造業及水電煤氣業[百萬元]、全年生產總值/營造業[百萬元]、全年生產總值/商業[百萬元]、全年生產總值/其他營利事業[百萬元]"
工商及服務業普查臺北市概況(65年至75年),統計,工商及服務業普查臺北市概況(65年至75年)時間數列統計資料,"統計期、年底企業單位數/總計[家]、年底企業單位數/礦業及土石採取業[家]、年底企業單位數/製造業[家]、年底企業單位數/營造業[家]、年底企業單位數/商業[家]、年底企業單位數/運輸倉儲及通信業[家]、年底企業單位數/服務業[家]、年底企業單位數/水電燃氣業[家]、年底場所單位數/總計[家]、年底場所單位數/礦業及土石採取業[家]、年底場所單位數/製造業[家]、年底場所單位數/營造業[家]、年底場所單位數/商業[家]、年底場所單位數/運輸倉儲及通信業[家]、年底場所單位數/服務業[家]、年底場所單位數/水電燃氣業[家]、年底企業單位員工人數/總計[人]、年底企業單位員工人數/礦業及土石採取業[人]、年底企業單位員工人數/製造業[人]、年底企業單位員工人數/營造業[人]、年底企業單位員工人數/商業[人]、年底企業單位員工人數/運輸倉儲及通信業[人]、年底企業單位員工人數/服務業[人]、年底企業單位員工人數/水電燃氣業[人]、年底場所單位員工人數/總計[人]、年底場所單位員工人數/礦業及土石採取業[人]、年底場所單位員工人數/製造業[人]、年底場所單位員工人數/營造業[人]、年底場所單位員工人數/商業[人]、年底場所單位員工人數/運輸倉儲及通信業[人]、年底場所單位員工人數/服務業[人]、年底場所單位員工人數/水電燃氣業[人]、全年勞動報酬支出/總計[百萬元]、全年勞動報酬支出/礦業及土石採取業[百萬元]、全年勞動報酬支出/製造業[百萬元]、全年勞動報酬支出/營造業[百萬元]、全年勞動報酬支出/商業[百萬元]、全年勞動報酬支出/運輸倉儲及通信業[百萬元]、全年勞動報酬支出/服務業[百萬元]、全年勞動報酬支出/水電燃氣業[百萬元]、年底實際使用動力,馬力匹數/總計[匹]、年底實際使用動力,馬力匹數/礦業及土石採取業[匹]、年底實際使用動力,馬力匹數/製造業[匹]、年底實際使用動力,馬力匹數/營造業[匹]、年底實際使用動力,馬力匹數/商業[匹]、年底實際使用動力,馬力匹數/運輸倉儲及通信業[匹]、年底實際使用動力,馬力匹數/服務業[匹]、年底實際使用動力,馬力匹數/水電燃氣業[匹]、全年生產總值/總計[百萬元]、全年生產總值/礦業及土石採取業[百萬元]、全年生產總值/製造業[百萬元]、全年生產總值/營造業[百萬元]、全年生產總值/商業[百萬元]、全年生產總值/運輸倉儲及通信業[百萬元]、全年生產總值/服務業[百萬元]、全年生產總值/水電燃氣業[百萬元]"
臺北市商業登記家數(91年至95年),統計,臺北市商業登記家數(91年至95年)時間數列統計資料,統計期、行業別、設立登記家數[家]、歇業登記家數[家]、現有家數[家]
臺北市商業登記家數(79年至90年),統計,臺北市商業登記家數(79年至90年)時間數列統計資料,統計期、行業別、設立登記家數[家]、歇業登記家數[家]、現有家數[家]
臺北市商業登記家數(60年至78年),統計,臺北市商業登記家數(60年至78年)時間數列統計資料,統計期、行業別、設立登記家數[家]、歇業登記家數[家]、現有家數[家]
臺北市低收入戶人口數(87年以後),統計,臺北市低收入戶人口數(87年以後)時間數列統計資料,統計期、臺北市最低生活費[元]、總計/戶數[戶]、總計/戶數占全市[區]戶數比率[%]、總計/人數[人]、總計/人數占全市[區]人口數比率[%]、第0類/戶數[戶]、第0類/人數[人]、第1類/戶數[戶]、第1類/人數[人]、第2類/戶數[戶]、第2類/人數[人]、第3類/戶數[戶]、第3類/人數[人]、第4類/戶數[戶]、第4類/人數[人]
臺北市中低收入(含低收入戶)老人生活津貼補助與老農津貼,統計,"臺北市中低收入(含低收入戶)老人生活津貼補助與老農津貼時間數列統計資料

",統計期、生活津貼總人次/計、生活津貼總人次/男、生活津貼總人次/女、生活津貼總金額[千元]、低收第0類人次/計、低收第0類人次/男、低收第0類人次/女、低收第0類金額[千元]、低收第1類人次/計、低收第1類人次/男、低收第1類人次/女、低收第1類金額[千元]、低收第2類人次/計、低收第2類人次/男、低收第2類人次/女、低收第2類金額[千元]、低收第3類人次/計、低收第3類人次/男、低收第3類人次/女、低收第3類金額[千元]、低收第4類人次/計、低收第4類人次/男、低收第4類人次/女、低收第4類金額[千元]、中低收入戶人次/計、中低收入戶人次/男、中低收入戶人次/女、中低收入戶金額[千元]、中低收最低生活費1倍至未滿1.5倍人次/計、中低收最低生活費1倍至未滿1.5倍人次/男、中低收最低生活費1倍至未滿1.5倍人次/女、中低收最低生活費1倍至未滿1.5倍金額[千元]、中低收最低生活費1.5倍至未滿2.5倍人次/計、中低收最低生活費1.5倍至未滿2.5倍發放人次/男、中低收最低生活費1.5倍至未滿2.5倍人次/女、中低收最低生活費1.5倍至未滿2.5倍金額[千元]、老農津貼/核付人數、老農津貼核付人數/男、老農津貼核付人數/女、老農津貼金額[千元]、中低收生活津貼與老農津貼受益人數占65歲以上人口%
臺北市特殊境遇家庭扶助,統計,"臺北市特殊境遇家庭扶助時間數列統計資料
","統計期、性別、總計/人次、緊急生活扶助/人次、傷病醫療補助/人次、法律訴訟補助/人次、子女生活津貼/人次、兒童托育津貼/人次、總計/金額[千元]、緊急生活扶助/金額[千元]、傷病醫療補助/金額[千元]、法律訴訟補助/金額[千元]、子女生活津貼/金額[千元]、兒童托育津貼/金額[千元]、未婚懷孕婦女受益人數[人]
"
臺北市低收入戶人口數(57年至86年),統計,臺北市低收入戶人口數(57年至86年)時間數列統計資料,統計期、臺北市最低生活費[元]、總計/戶數[戶]、總計/人數[人]、生活照顧戶/戶數[戶]、生活照顧戶/人數[人]、生活輔導戶/戶數[戶]、生活輔導戶/人數[人]、臨時輔導戶/戶數[戶]、臨時輔導戶/人數[人]
臺北市營利事業登記家數及資本額(57年至65年),統計,臺北市營利事業登記家數及資本額(57年至65年)時間數列統計資料,統計期、組織型態別、行業別、營利事業登記家數[家]、營利事業資本額[百萬元]
臺北市營利事業登記家數及資本額(66年至96年),統計,"臺北市營利事業登記家數及資本額(66年至96年)時間數列統計資料
",統計期、組織型態別、行業別、營利事業登記家數[家]、營利事業資本額[百萬元]
臺北市經濟案件,統計,臺北市經濟案件時間數列統計資料,統計期、件數總計[件]、人數總計[人]、金額總計[千元]、發生率[件/萬人]、私造菸酒件數[件]、私造菸酒人數[人]、私造菸酒金額[千元]、走私件數[件]、走私人數[人]、走私金額[千元]、違反稅務法令件數[件]、違反稅務法令人數[人]、違反稅務法令金額[千元]、違反金融法令件數[件]、違反金融法令人數[人]、違反金融法令金額[千元]、違反工商登記件數[件]、違反工商登記人數[人]、違反工商登記金額[千元]、侵害智慧財產權件數[件]、侵害智慧財產權人數[人]、侵害智慧財產權金額[千元]、其他件數[件]、其他人數[人]、其他金額[千元]
臺北市市民急難救助,統計,臺北市市民急難救助時間數列統計資料,統計期、人次/總計、人次/原住民、人次/一般民眾/合計、人次/一般民眾/死亡無力殮葬者、人次/一般民眾/遭受意外傷害或罹患重病致生活陷於困境者、人次/一般民眾/負家庭主要生計責任且無法工作致生活陷於困境者、人次/一般民眾/財產或存款未能及時運用致生活陷於困境者、人次/一般民眾/其他遭遇重大變故者、人次/一般民眾/川資突然發生困難者、人次/一般民眾/無遺屬與遺產埋葬者、人次/榮民、金額/總計[千元]、金額/原住民[千元]、金額/一般民眾/合計[千元]、金額/一般民眾/死亡無力殮葬者[千元]、金額/一般民眾/遭受意外傷害或罹患重病致生活陷於困境者[千元]、金額/一般民眾/負家庭主要生計責任且無法工作致生活陷於困境者[千元]、金額/一般民眾/財產或存款未能及時運用致生活陷於困境者[千元]、金額/一般民眾/其他遭遇重大變故者[千元]、金額/一般民眾/川資突然發生困難者[千元]、金額/一般民眾/無遺屬與遺產埋葬者[千元]、金額/榮民[千元]
臺北市低收入戶家庭補助(57至87上半年),統計,臺北市低收入戶家庭補助(57-87上半年)時間數列統計資料,統計期、總計/人[戶]次、總計/金額[千元]、生活照顧戶家庭補助/生活救助/人[戶]次、生活照顧戶家庭補助/生活救助/金額[千元]、生活照顧戶家庭補助/戶內其他人口救助/人次、生活照顧戶家庭補助/戶內其他人口救助/金額[千元]、生活照顧戶家庭補助/戶內其他人口救助/內政部補助金額[千元]、生活輔導戶家庭救助/戶次、生活輔導戶家庭救助/內政部補助金額[千元]
臺北市低收入戶家庭補助(87下半年以後),統計,臺北市低收入戶家庭補助(87下半年以後)時間數列統計資料,統計期、總計/人[戶]次、總計/金額[千元]、第0類全戶人口/人次、第0類全戶人口/金額[千元]、第1類全戶人口/人次、第1類全戶人口/金額[千元]、第2類戶長/戶次、第2類戶長/金額[千元]、其他[孕婦加成補助]/人次、其他[孕婦加成補助]/金額[千元]
計程車招呼站,交通,提供臺北市各行政區計程車招呼站相關資訊。,"項次、地區、經度X、緯度Y、設置地點、街道名稱、排班格位、排班時間
"
臺北市菁山苗圃植栽數量,農業,菁山苗圃植栽數量。,類別、種類、日照條件、調查數量、調查日期、可供申請數量、是否提供申請、備註
無障礙計程車營運數據,交通,臺北市無障礙計程車營運數據,年月、車輛數、載客總趟次數、無障礙趟次數、一般乘客趟次數、無障礙趟次所占比例
臺北市市區公車肇事資料,交通,臺北市市區公車肇事資料，資料包含年份、有責肇事件數、有責傷亡件數、百萬公里、百萬公里有責肇事率、百萬公里有責傷亡肇事率、有責死亡人數、有責受傷人數、備註 ,年份、有責肇事件數、有責傷亡件數、百萬公里、百萬公里有責肇事率、百萬公里有責傷亡肇事率、有責死亡人數、有責受傷人數、備註
轉運站資訊,交通,臺北市轉運站資訊,"項次(id)、站名(轉運站名稱)、地址(轉運站地址)、電話(轉運站電話)、路線(轉運站停靠路線)、停車資訊(轉運站停車資訊)、經度(經度)、緯度(緯度)
"
街道家具候車亭廣告資訊,交通,臺北市政府街道家具候車亭廣告(如附件),廣告看版種類(可供上刊廣告類別)、類型(廣告類型)、位置(廣告位置)、方向(臺北市公車站位方向)、方向角(方向角)、主管機關(廣告主管機關)、設置期間(廣告設置期間)
臺北市派遣計程車業者資訊,交通,臺北市合法計程車業者叫車資訊,項目(ID)、車隊名稱(名稱)、申訴電話(市話手機)、申訴電話(電話)、通話費率(通話費率)、叫車收費方式(付款方式)、受託駕駛人服務收費標準(車隊收費標準)
臺北市社會救助補助項目,社福,提供臺北市社會救助補助項目資訊,序號、補助名稱、補助對象年齡下限、補助對象年齡上限、設籍條件、居住日數是否需大於規定日數、身份、收入條件每人每月上限金額、動產條件每人上限、其他條件、應備文件、收件洽辦單位、聯繫方式、詳細資訊網址
臺北市地下建築物標準單價表（112年7月起適用）,財稅,臺北市房屋構造標準單價表-地下建築物(112年7月起適用),地下總層數、PAS-第一類房屋單價、PAS-第二類房屋單價、PAS-第三類房屋單價、PAS-第四類房屋單價、BT-第一類房屋單價、BT-第二類房屋單價、BT-第三類房屋單價、BT-第四類房屋單價、C-第一類房屋單價、C-第二類房屋單價、C-第三類房屋單價、C-第四類房屋單價
臺北市36層以上房屋構造標準單價表,財稅,臺丠市房屋構造標準單價表-36層以上(112年7月起適用),總層數-低層、總層數-高層、PAS-第一類房屋單價、PAS-第二類房屋單價、PAS-第三類房屋單價、PAS-第四類房屋單價
臺北市35層以下房屋構造標準單價表,財稅,臺北市房屋構造標準單價表-35層以下(112年起7月起適用),總層數、PAS-第一類房屋單價、PAS-第二類房屋單價、PAS-第三類房屋單價、PAS-第四類房屋單價、BT-第一類房屋單價、BT-第二類房屋單價、BT-第三類房屋單價、BT-第四類房屋單價、C-第一類房屋單價、C-第二類房屋單價、C-第三類房屋單價、C-第四類房屋單價、U-房屋單價、J-房屋單價、DEHF-房屋單價、KL-房屋單價
臺北市房屋街路等級調整率表,財稅,房屋街路等級調整率表,區域、街路名稱、段數、起點路名、迄點路名、修正前房屋地段調整率%、修正後房屋地段調整率%
臺北市房屋折舊率及耐用年數表,財稅,北市房屋折舊率及耐用年數表,房屋構造種類、構造別、每年折舊率、最高折舊年數、殘值率
臺北市最近5年房屋稅綜合統計表,財稅,臺北市最近5年房屋稅綜合統計表（107年至111年）,年度別、合計戶數、應稅戶數、免稅戶數、應稅面積、免稅面積、應稅現值、免稅現值
113年度臺北市房屋概況,財稅,臺北市房屋概況（113年度）,分處別、平房（戶）、2層（戶）、3層（戶）、4層（戶）、5至6層（戶）、7至9層（戶）、10至12層（戶）、13至15層（戶）、16層以上（戶）、未滿30年（戶）、30年以上（戶）
臺北市大專校院環境人才培育,統計,"臺北市大專校院環境人才培育時間數列統計資料
",統計期、性別、教師人數[人]、在學學生人數[人]、畢業學生人數[人]
臺北市稅捐稽徵處保有個人資料檔案公開項目彙整表,資訊,臺北市稅捐稽徵處保有個人資料檔案公開項目明細,項次編號、年度、個人資料檔案名稱、保有依據、特定目的、個人資料類別、單位名稱
臺北市政府消防局車輛統計表,消防,臺北市政府消防局各上下半年車輛統計表,項目、參考使用年限、堪用且未達年限數量、堪用且已達年限數量、總數
臺北捷運路線發車班距頻率資料服務,交通,臺北捷運路線發車班距頻率資料服務-連線交通部平臺,SEQNO、RouteID、LineID、ServiceDays、SpecialDays、OperationTime、Headways、UpdateTime
臺北市YouBike區域互補站點,交通,"根據YouBike交易資料計算，互補人數越高代表某兩站越可以被視為共同提供服務。
具體來說，根據卡、借/還、上午/下午將某月交易切分多個子集，逐子集使用DBSCAN(200, 2)進行分群，最後統計A站與B站在多少張卡中被分為一群。
資料分析範圍為112年7月整。",times（互補人數）、stop_id1（站點ID1）、longitude1（經度）、latitude1（緯度）、stop_id2（站點ID2）、longitude2、latitude2
臺北捷運販賣店出租基本資料,交通,臺北捷運所屬販賣店出租基本資料,序號、標的名稱、線別名稱、車站名稱、坪數
臺北市廢棄物處理場再生土領用方式及領據,環保,廢棄物處理場再生土領用方式、領據及領用地點資訊,領據、切結書
臺北市水綠地圖集,工務,提供本市田園城市、都市綠地、透水鋪面、水資源及水利設施、公園綠地、保水防災、藍色公路、水資源處理及回收再利用及都市綠建築等主題分類圖層，格式 Geojson ，座標系統TWD97。,id、geometry
臺北市固定里民活動場所資料,民政,本市各固定里民活動場所設置地址,編號(serial_number_1)、區別(district)、里別(borough)、固定里民活動場所地址(address)、座標X(coordinate)、座標Y(coordinate)
臺北市立圖書館各分館暨民眾閱覽室(CSV),教育,臺北市立圖書館各分館暨民眾閱覽室分佈圖,name(名稱)、address(地址)、tel(電話)、fax(傳真)、lat、lon
臺北市護理之家照護概況,統計,臺北市護理之家照護概況時間數列統計資料,統計期、性別、護理人員數[人]、照護服務員數[人]、實際照護人數[人]
臺北市回收業機構名冊,環保,回收業之相關資訊,"序號、機構名稱、統一編號、負責人、電話、手機、聯絡人、回收貯存場所地址、應回收廢棄物回收項目、一般廢棄物回收項目
"
臺北市置物櫃資訊,觀光,"彙整臺北市捷運站、臺北大眾捷運公司、臺北市政府文化局、臺北自來水事業處管轄場域提供物櫃之地點、規格、數量、開放使用時間及收費等相關資訊。

",地點名稱、縣市、行政區、地址、置物櫃位置、置物櫃寬度[公分]、置物櫃高度[公分]、置物櫃深度[公分]、收費方式、收費方式[現金]、收費方式[電子票證]、收費方式[行動支付]、費用金額[新臺幣元]、費用[計價單位]、置物櫃數量、開放時間[週]、開放起始時間[日]、開放結束時間[日]、開放規定說明、主辦機關、主辦單位、服務廠商、聯絡電話、外觀照片網址、位置圖網址、相關網頁網址、備註
臺北捷運車站設施資訊,交通,臺北捷運車站內各項設施資訊,序號/編號、縣市別代碼、地址-行政區域代碼、車站名稱、電梯、電扶梯、銀行ATM、哺集乳室、嬰兒尿布台、飲水機/飲水臺、充電站、自動售票機、廁所
臺北市議員所提地方建設建議事項明細表,財稅,議員所提地方建設建議事項明細表,編號、議員姓名、建議項目及內容、建議地點、建議金額、核定金額[千元]、經費支用科目、主辦機關、招標方式、得標廠商
臺北捷運系統防洪設計標準,交通,"捷運系統大部分路線均置於地下，為避免遭受水患，在系統設計上均有一定之防洪保護設施。臺北都會區捷運系統之防洪規劃設計為整體通盤考量捷運設施功能、使用年限、安全需求、工程經濟及配合大臺北地區防洪計畫之堤防安全與保護程度等因素，採用二百年頻率洪水位加五十公分出水高度作為臺北捷運系統之防洪保護標準，而其防護原則與方式係於上述洪水保護標準下之所有開口(含出土段)及機廠均能有效地防止地面洪水灌入。
",線別、車站/機廠、原車站編號、50年洪水位、100年洪水位、200年洪水位、防洪實際高程、備註
臺北市身障設施,社福,臺北市身障設施圖資資料,OBJECTID、CODE、NAME、ATTR、TYPE、TOWN、ADDRESS、TEL、FAX、X、Y、LON、LAT、IS_ACCESSI
臺北捷運車站出入口資料服務,交通,臺北捷運車站出入口資料服務-連線交通部平臺,SEQNO、StationID、ExitID、ExitName、LocationDescription、Stair、Escalator、Elevator、UpdateTime
臺北捷運路網資料服務,交通,臺北捷運路網資料服務-連線交通部平臺,NetworkID、NetworkName、OperatorCode、OperatorName、NetworkMapURL、UpdateTime
臺北捷運車站資料服務,交通,臺北捷運車站資料服務-連線交通部平臺,SEQNO、StationID、StationName、StationPosition、StationAddress、BikeAllowOnHoliday、UpdateTime
臺北捷運路線資料服務,交通,臺北捷運路線資料服務-連線交通部平臺,SEQNO、LineID、LineName、LineColor、IsBranch、LineGroup、UpdateTime
臺北捷運營運路線車站資料服務,交通,臺北捷運營運路線之車站資料服務，連線交通部平臺。,SEQNO、RouteID、LineID、Direction、Stations、UpdateTime
臺北捷運首末班車時刻表資料服務,交通,臺北捷運首末班車時刻表資料服務-連線交通部平臺,SEQNO、LineID、StationID、TripHeadSign、DestinationStaionID、DestinationStationName、FirstTrainTime、LastTrainTime、ServiceDays、UpdateTime
臺北市環保標章旅館,環保,臺北市轄內有環保標章證書的店家,序號、旅店性質、旅店名稱、旅店地址、旅店電話、分機、旅店手機、環保作為
臺北市環保餐廳,環保,環保餐廳是以環境友善為理念，提供綠色、低碳之供餐及用餐環境之餐飲業者,序號、餐廳類別、餐廳名稱、餐廳電話、分機、手機號碼、餐廳地址、額外環保作為
臺北市綠色商店,環保,所謂「綠色商店」，意即該賣場內販售「綠色商品」，而所謂「綠色商品」是指該產品在原料的取得、產品的製造、銷售、使用及廢棄處理過程中，具有可回收、低污染、省資源等功能或理念，並經政府驗證通過取得環保標章 、節能標章、省水標章、綠建材標章及第二類環境保護證明書之產品或服務。,序號、綠色商店名稱、聯絡地址、商店編號、聯絡人、聯絡電話、分機、手機號碼、綠色商店類型
臺北捷運地下街店舖出租基本資料,交通,臺北捷運所屬地下街店舖出租基本資料,序號、標的名稱、街別、區塊、坪數
臺北捷運地下人行廣場出租基本資料,交通,提供臺北捷運所屬地下人行廣場出租基本資料,編號、地下街街名、位置說明、可使用面積（平方公尺）、管理費平常日（元/天）、管理費例假日（元/天）
臺北市市立焚化廠位置,環保,臺北市市立3座焚化廠位置,序號、名稱、郵遞區號、地址、經度、緯度
臺北各市區民活動中心資料,民政,本市各行政區管轄區民活動中心地址,編號(serial_number_1)、區(distrrict)、區民活動中心名稱(name)、地址(address)、x座標(x)、y座標(y)
臺北市公車站牌位置圖,交通,臺北市聯營公車站牌編號、中文名稱及位置，本項資料所採用座標系統為TWD97。 ,BSM_BUSSTO(站位id)、BSM_CHINES(站名)
臺北捷運車站廣告契約出租資料,交通,提供臺北捷運各車站廣告契約出租資料,序號、契約編號、廠商名稱、標的內容、簽約日期、契約終止日
