seqno,name,filename,domainname,date,time
1,新北市政府衛生局,106年1月(元宵湯圓)抽驗名冊,https://www.health.ntpc.gov.tw/archive/health_ntpc/6/file/106%E5%B9%B41%E6%9C%88%E3%80%90%E5%85%83%E5%AE%B5-%E6%B9%AF%E5%9C%93%E3%80%91%E7%B6%B2%E9%A0%81%E7%89%88.pdf,20230731,153030
2,新北市政府衛生局,106年1月(糖果)抽驗名冊,https://www.health.ntpc.gov.tw/archive/health_ntpc/6/file/106%E5%B9%B41%E6%9C%88%E3%80%90%E7%B3%96%E6%9E%9C%E3%80%91%E7%B6%B2%E9%A0%81%E7%89%88.pdf,20230731,153030
3,新北市政府衛生局,106年2月(本局豬肉)抽驗名冊,https://www.health.ntpc.gov.tw/archive/health_ntpc/6/file/106%E5%B9%B42%E6%9C%88%E3%80%90%E6%9C%AC%E5%B1%80-%E8%B1%AC%E8%82%89%E3%80%91%E7%B6%B2%E9%A0%81%E7%89%88.pdf,20230731,153030
4,新北市政府衛生局,106年2月(清明豆製品)抽驗名冊,https://www.health.ntpc.gov.tw/archive/health_ntpc/6/file/106%E5%B9%B42%E6%9C%88%E3%80%90%E6%B8%85%E6%98%8E-%E8%B1%86%E8%A3%BD%E5%93%81%E3%80%91%E7%B6%B2%E9%A0%81%E7%89%88.pdf,20230731,153030
5,新北市政府衛生局,106年2月(清明花生粉)抽驗名冊,https://www.health.ntpc.gov.tw/archive/health_ntpc/6/file/106%E5%B9%B42%E6%9C%88%E3%80%90%E6%B8%85%E6%98%8E-%E8%8A%B1%E7%94%9F%E7%B2%89%E3%80%91%E7%B6%B2%E9%A0%81%E7%89%88.pdf,20230731,153030
6,新北市政府衛生局,106年2月(清明糕粿類)抽驗名冊,https://www.health.ntpc.gov.tw/archive/health_ntpc/6/file/106%E5%B9%B42%E6%9C%88%E3%80%90%E6%B8%85%E6%98%8E-%E7%B3%95%E7%B2%BF%E9%A1%9E%E3%80%91%E7%B6%B2%E9%A0%81%E7%89%88.pdf,20230731,153030
7,新北市政府衛生局,106年2月(禽肉.內臟)抽驗名冊,https://www.health.ntpc.gov.tw/archive/health_ntpc/6/file/106%E5%B9%B42%E6%9C%88%E3%80%90%E7%A6%BD%E8%82%89%E3%80%81%E5%85%A7%E8%87%9F%E3%80%91%E7%B6%B2%E9%A0%81%E7%89%88.pdf,20230731,153030
8,新北市政府衛生局,106年2月(豬肉)抽驗名冊,https://www.health.ntpc.gov.tw/archive/health_ntpc/6/file/106%E5%B9%B42%E6%9C%88%E3%80%90%E8%B1%AC%E8%82%89%E3%80%91%E7%B6%B2%E9%A0%81%E7%89%88.pdf,20230731,153030
9,新北市政府衛生局,106年3月(北區香辛料)抽驗名冊,https://www.health.ntpc.gov.tw/archive/health_ntpc/6/file/106%E5%B9%B43%E6%9C%88%E3%80%90%E5%8C%97%E5%8D%80-%E9%A6%99%E8%BE%9B%E6%96%99%E3%80%91%E7%B6%B2%E9%A0%81%E7%89%88.pdf,20230731,153030
10,新北市政府衛生局,106年3月(北區蛋品)抽驗名冊,https://www.health.ntpc.gov.tw/archive/health_ntpc/6/file/106%E5%B9%B43%E6%9C%88%E3%80%90%E5%8C%97%E5%8D%80-%E8%9B%8B%E5%93%81%E3%80%91%E7%B6%B2%E9%A0%81%E7%89%88.pdf,20230731,153030
11,新北市政府衛生局,106年3月(後市場水產)抽驗名冊,https://www.health.ntpc.gov.tw/archive/health_ntpc/6/file/106%E5%B9%B43%E6%9C%88%E3%80%90%E5%BE%8C%E5%B8%82%E5%A0%B4-%E6%B0%B4%E7%94%A2%E3%80%91%E7%B6%B2%E9%A0%81%E7%89%88.pdf,20230731,153030
12,新北市政府衛生局,106年3月(蛋品)抽驗名冊,https://www.health.ntpc.gov.tw/archive/health_ntpc/6/file/106%E5%B9%B43%E6%9C%88%E3%80%90%E8%9B%8B%E5%93%81%E3%80%91%E7%B6%B2%E9%A0%81%E7%89%88.pdf,20230731,153030
13,新北市政府衛生局,106年4月(端午動物用藥)抽驗名冊,https://www.health.ntpc.gov.tw/archive/health_ntpc/6/file/106%E5%B9%B44%E6%9C%88%E3%80%90%E7%AB%AF%E5%8D%88-%E5%8B%95%E7%89%A9%E7%94%A8%E8%97%A5%E3%80%91%E7%B6%B2%E9%A0%81%E7%89%88.pdf,20230731,153030
14,新北市政府衛生局,106年4月(端午蛋黃)抽驗名冊,https://www.health.ntpc.gov.tw/archive/health_ntpc/6/file/106%E5%B9%B44%E6%9C%88%E3%80%90%E7%AB%AF%E5%8D%88-%E8%9B%8B%E9%BB%83%E3%80%91%E7%B6%B2%E9%A0%81%E7%89%88.pdf,20230731,153030
15,新北市政府衛生局,106年4月(端午菜脯.蝦米.香菇)抽驗名冊,https://www.health.ntpc.gov.tw/archive/health_ntpc/6/file/106%E5%B9%B44%E6%9C%88%E3%80%90%E7%AB%AF%E5%8D%88-%E8%8F%9C%E8%84%AF%E3%80%81%E8%9D%A6%E7%B1%B3%E3%80%81%E9%A6%99%E8%8F%87%E3%80%91%E7%B6%B2%E9%A0%81%E7%89%88.pdf,20230731,153030
16,新北市政府衛生局,106年4月(端午調味醬)抽驗名冊,https://www.health.ntpc.gov.tw/archive/health_ntpc/6/file/106%E5%B9%B44%E6%9C%88%E3%80%90%E7%AB%AF%E5%8D%88-%E8%AA%BF%E5%91%B3%E9%86%AC%E3%80%91%E7%B6%B2%E9%A0%81%E7%89%88.pdf,20230731,153030
17,新北市政府衛生局,106年4月(端午糯米)抽驗名冊,https://www.health.ntpc.gov.tw/archive/health_ntpc/6/file/106%E5%B9%B44%E6%9C%88%E3%80%90%E7%AB%AF%E5%8D%88-%E7%B3%AF%E7%B1%B3%E3%80%91%E7%B6%B2%E9%A0%81%E7%89%88.pdf,20230731,153030
18,新北市政府衛生局,106年4月(網購母親節蛋糕)抽驗名冊,https://www.health.ntpc.gov.tw/archive/health_ntpc/6/file/106%E5%B9%B44%E6%9C%88%E3%80%90%E7%B6%B2%E8%B3%BC-%E6%AF%8D%E8%A6%AA%E7%AF%80%E8%9B%8B%E7%B3%95%E3%80%91%E7%B6%B2%E9%A0%81%E7%89%88.pdf,20230731,153030
19,新北市政府衛生局,106年5月(濕麵製品)抽驗名冊,https://www.health.ntpc.gov.tw/archive/health_ntpc/6/file/106%E5%B9%B45%E6%9C%88%E3%80%90%E6%BF%95%E9%BA%B5%E8%A3%BD%E5%93%81%E3%80%91%E7%B6%B2%E9%A0%81%E7%89%88.pdf,20230731,153030
20,新北市政府衛生局,106年5月(超市量販店即食食品)抽驗名冊,https://www.health.ntpc.gov.tw/archive/health_ntpc/6/file/106%E5%B9%B45%E6%9C%88%E3%80%90%E8%B6%85%E5%B8%82%E9%87%8F%E8%B2%A9%E5%BA%97%E5%8D%B3%E9%A3%9F%E9%A3%9F%E5%93%81%E3%80%91%E7%B6%B2%E9%A0%81%E7%89%88(1).pdf,20230731,153030
21,新北市政府衛生局,106年6月(動物用藥北區)抽驗名冊,https://www.health.ntpc.gov.tw/archive/health_ntpc/6/file/106%E5%B9%B46%E6%9C%88%E3%80%90%E5%8B%95%E7%89%A9%E7%94%A8%E8%97%A5-%E5%8C%97%E5%8D%80%E3%80%91%E7%B6%B2%E9%A0%81%E7%89%88.pdf,20230731,153030
22,新北市政府衛生局,106年6月(漢堡.潛艇堡)抽驗名冊,https://www.health.ntpc.gov.tw/archive/health_ntpc/6/file/106%E5%B9%B46%E6%9C%88%E3%80%90%E6%BC%A2%E5%A0%A1%E3%80%81%E6%BD%9B%E8%89%87%E5%A0%A1%E3%80%91%E7%B6%B2%E9%A0%81%E7%89%88.pdf,20230731,153030
23,新北市政府衛生局,106年6月(中元節水果)抽驗名冊,https://www.health.ntpc.gov.tw/archive/health_ntpc/6/file/106%E5%B9%B46%E6%9C%88%E3%80%90%E4%B8%AD%E5%85%83%E7%AF%80-%E6%B0%B4%E6%9E%9C%E3%80%91%E7%B6%B2%E9%A0%81%E7%89%88.pdf,20230731,153030
24,新北市政府衛生局,106年6月(中元節水產)抽驗名冊,https://www.health.ntpc.gov.tw/archive/health_ntpc/6/file/106%E5%B9%B46%E6%9C%88%E3%80%90%E4%B8%AD%E5%85%83%E7%AF%80-%E6%B0%B4%E7%94%A2%E3%80%91%E7%B6%B2%E9%A0%81%E7%89%88.pdf,20230731,153030
25,新北市政府衛生局,106年6月(中元節米濕麵製品)抽驗名冊,https://www.health.ntpc.gov.tw/archive/health_ntpc/6/file/106%E5%B9%B46%E6%9C%88%E3%80%90%E4%B8%AD%E5%85%83%E7%AF%80-%E7%B1%B3%E6%BF%95%E9%BA%B5%E8%A3%BD%E5%93%81%E3%80%91%E7%B6%B2%E9%A0%81%E7%89%88.pdf,20230731,153030
26,新北市政府衛生局,106年6月(中元節豆製品)抽驗名冊,https://www.health.ntpc.gov.tw/archive/health_ntpc/6/file/106%E5%B9%B46%E6%9C%88%E3%80%90%E4%B8%AD%E5%85%83%E7%AF%80-%E8%B1%86%E8%A3%BD%E5%93%81%E3%80%91%E7%B6%B2%E9%A0%81%E7%89%88%20(1).pdf,20230731,153030
27,新北市政府衛生局,106年6月(中元節禽肉)抽驗名冊,https://www.health.ntpc.gov.tw/archive/health_ntpc/6/file/106%E5%B9%B46%E6%9C%88%E3%80%90%E4%B8%AD%E5%85%83%E7%AF%80-%E7%A6%BD%E8%82%89%E3%80%91%E7%B6%B2%E9%A0%81%E7%89%88.pdf,20230731,153030
28,新北市政府衛生局,106年6月(中元節糖果)抽驗名冊,https://www.health.ntpc.gov.tw/archive/health_ntpc/6/file/106%E5%B9%B46%E6%9C%88%E3%80%90%E4%B8%AD%E5%85%83%E7%AF%80-%E7%B3%96%E6%9E%9C%E3%80%91%E7%B6%B2%E9%A0%81%E7%89%88.pdf,20230731,153030
29,新北市政府衛生局,106年6月(動物用藥鵝肉.鴨肉)抽驗名冊,https://www.health.ntpc.gov.tw/archive/health_ntpc/6/file/106%E5%B9%B46%E6%9C%88%E3%80%90%E5%8B%95%E7%89%A9%E7%94%A8%E8%97%A5-%E9%B5%9D%E8%82%89%E3%80%81%E9%B4%A8%E8%82%89%E3%80%91%E7%B6%B2%E9%A0%81%E7%89%88.pdf,20230731,153030
30,新北市政府衛生局,106年7月(液蛋)抽驗名冊,https://www.health.ntpc.gov.tw/archive/health_ntpc/6/file/106%E5%B9%B47%E6%9C%88%E3%80%90%E6%B6%B2%E8%9B%8B%E3%80%91%E7%B6%B2%E9%A0%81%E6%9D%BF.pdf,20230731,153030
31,新北市政府衛生局,106年6月(濾掛咖啡)抽驗名冊,https://www.health.ntpc.gov.tw/archive/health_ntpc/6/file/106%E5%B9%B46%E6%9C%88%E3%80%90%E6%BF%BE%E6%8E%9B%E5%92%96%E5%95%A1%E3%80%91%E7%B6%B2%E9%A0%81%E7%89%88.pdf,20230731,153030
32,新北市政府衛生局,106年8月(二甲基黃及二乙基黃聯合分工)抽驗名冊,https://www.health.ntpc.gov.tw/archive/health_ntpc/6/file/106%E5%B9%B48%E6%9C%88%E3%80%90%E4%BA%8C%E7%94%B2%E5%9F%BA%E9%BB%83%E5%8F%8A%E4%BA%8C%E4%B9%99%E5%9F%BA%E9%BB%83-%E8%81%AF%E5%90%88%E5%88%86%E5%B7%A5%E3%80%91%E7%B6%B2%E9%A0%81%E7%89%88.pdf,20230731,153030
33,新北市政府衛生局,106年8月(八仙果)抽驗名冊,https://www.health.ntpc.gov.tw/archive/health_ntpc/6/file/106%E5%B9%B48%E6%9C%88%E3%80%90%E5%85%AB%E4%BB%99%E6%9E%9C%E3%80%91%E7%B6%B2%E9%A0%81%E7%89%88.pdf,20230731,153030
34,新北市政府衛生局,106年8月(水血)抽驗名冊,https://www.health.ntpc.gov.tw/archive/health_ntpc/6/file/106%E5%B9%B48%E6%9C%88%E3%80%90%E6%B0%B4%E8%A1%80%E3%80%91%E7%B6%B2%E9%A0%81%E7%89%88.pdf,20230731,153030
35,新北市政府衛生局,106年8月(丙酸聯合分工)抽驗名冊,https://www.health.ntpc.gov.tw/archive/health_ntpc/6/file/106%E5%B9%B48%E6%9C%88%E3%80%90%E4%B8%99%E9%85%B8-%E8%81%AF%E5%90%88%E5%88%86%E5%B7%A5%E3%80%91%E7%B6%B2%E9%A0%81%E7%89%88.pdf,20230731,153030
36,新北市政府衛生局,106年8月(花茶)抽驗名冊,https://www.health.ntpc.gov.tw/archive/health_ntpc/6/file/106%E5%B9%B48%E6%9C%88%E3%80%90%E8%8A%B1%E8%8C%B6%E3%80%91%E7%B6%B2%E9%A0%81%E7%89%88.pdf,20230731,153030
37,新北市政府衛生局,106年8月(紙製品(內層材質與內容物直接接觸食品之部分為塑膠類者))抽驗名冊,https://www.health.ntpc.gov.tw/archive/health_ntpc/6/file/106%E5%B9%B48%E6%9C%88%E3%80%90%E7%B4%99%E8%A3%BD%E5%93%81(%E5%85%A7%E5%B1%A4%E6%9D%90%E8%B3%AA%E8%88%87%E5%85%A7%E5%AE%B9%E7%89%A9%E7%9B%B4%E6%8E%A5%E6%8E%A5%E8%A7%B8%E9%A3%9F%E5%93%81%E4%B9%8B%E9%83%A8%E5%88%86%E7%82%BA%E5%A1%91%E8%86%A0%E9%A1%9E%E8%80%85)%E3%80%91%E7%B6%B2%E9%A0%81%E7%89%88.pdf,20230731,153030
38,新北市政府衛生局,106年8月(紙製品)抽驗名冊,https://www.health.ntpc.gov.tw/archive/health_ntpc/6/file/106%E5%B9%B48%E6%9C%88%E3%80%90%E7%B4%99%E8%A3%BD%E5%93%81%E3%80%91%E7%B6%B2%E9%A0%81%E7%89%88.pdf,20230731,153030
39,新北市政府衛生局,106年8月(動物用藥後市場)抽驗名冊,https://www.health.ntpc.gov.tw/archive/health_ntpc/6/file/106%E5%B9%B48%E6%9C%88%E3%80%90%E5%8B%95%E7%89%A9%E7%94%A8%E8%97%A5-%E5%BE%8C%E5%B8%82%E5%A0%B4%E3%80%91%E7%B6%B2%E9%A0%81%E7%89%88.pdf,20230731,153030
40,新北市政府衛生局,106年8月(動物用藥聯合分工)抽驗名冊,https://www.health.ntpc.gov.tw/archive/health_ntpc/6/file/106%E5%B9%B48%E6%9C%88%E3%80%90%E5%8B%95%E7%89%A9%E7%94%A8%E8%97%A5-%E8%81%AF%E5%90%88%E5%88%86%E5%B7%A5%E3%80%91%E7%B6%B2%E9%A0%81%E7%89%88.pdf,20230731,153030
41,新北市政府衛生局,106年8月(蔬菜)抽驗名冊,https://www.health.ntpc.gov.tw/archive/health_ntpc/6/file/106%E5%B9%B48%E6%9C%88%E3%80%90%E8%94%AC%E8%8F%9C%E3%80%91%E7%B6%B2%E9%A0%81%E7%89%88(1).pdf,20230731,153030
42,新北市政府衛生局,106年9月(火鍋料本局)抽驗名冊,https://www.health.ntpc.gov.tw/archive/health_ntpc/6/file/106%E5%B9%B49%E6%9C%88%E3%80%90%E7%81%AB%E9%8D%8B%E6%96%99-%E6%9C%AC%E5%B1%80%E3%80%91%E7%B6%B2%E9%A0%81%E7%89%88(1).pdf,20230731,153030
43,新北市政府衛生局,106年9月(即食熟食便當)抽驗名冊,https://www.health.ntpc.gov.tw/archive/health_ntpc/6/file/106%E5%B9%B49%E6%9C%88%E3%80%90%E5%8D%B3%E9%A3%9F%E7%86%9F%E9%A3%9F%E4%BE%BF%E7%95%B6%E3%80%91%E7%B6%B2%E9%A0%81%E7%89%88.pdf,20230731,153030
44,新北市政府衛生局,106年10月(冬至湯圓)抽驗名冊,https://www.health.ntpc.gov.tw/archive/health_ntpc/6/file/106%E5%B9%B410%E6%9C%88%E3%80%90%E5%86%AC%E8%87%B3-%E6%B9%AF%E5%9C%93%E3%80%91%E7%B6%B2%E9%A0%81%E7%89%88.pdf,20230731,153030
45,新北市政府衛生局,106年10月(包裝水重金屬)抽驗名冊,https://www.health.ntpc.gov.tw/archive/health_ntpc/6/file/%E6%96%B0%E5%8C%97%E5%B8%82%E6%94%BF%E5%BA%9C%E8%A1%9B%E7%94%9F%E5%B1%80106%E5%B9%B410%E6%9C%88%E3%80%90%E5%8C%85%E8%A3%9D%E6%B0%B4-%E9%87%8D%E9%87%91%E5%B1%AC%E3%80%91%E7%B6%B2%E9%A0%81%E7%89%88(3).pdf,20230731,153030
46,新北市政府衛生局,106年10月(休閒食品黃橄欖.紅魷魚片)抽驗名冊,https://www.health.ntpc.gov.tw/archive/health_ntpc/6/file/106%E5%B9%B410%E6%9C%88%E3%80%90%E4%BC%91%E9%96%92%E9%A3%9F%E5%93%81-%E9%BB%83%E6%A9%84%E6%AC%96%E3%80%81%E7%B4%85%E9%AD%B7%E9%AD%9A%E7%89%87%E3%80%91%E7%B6%B2%E9%A0%81%E7%89%88.pdf,20230731,153030
47,新北市政府衛生局,106年10月(休閒食品調味豆干)抽驗名冊,https://www.health.ntpc.gov.tw/archive/health_ntpc/6/file/106%E5%B9%B410%E6%9C%88%E3%80%90%E4%BC%91%E9%96%92%E9%A3%9F%E5%93%81-%E8%AA%BF%E5%91%B3%E8%B1%86%E5%B9%B2%E3%80%91%E7%B6%B2%E9%A0%81%E7%89%88.pdf,20230731,153030
48,新北市政府衛生局,106年10月(冷凍食品蔥油餅.蛋餅皮等)抽驗名冊,https://www.health.ntpc.gov.tw/archive/health_ntpc/6/file/106%E5%B9%B410%E6%9C%88%E3%80%90%E5%86%B7%E5%87%8D%E9%A3%9F%E5%93%81-%E8%94%A5%E6%B2%B9%E9%A4%85%E3%80%81%E8%9B%8B%E9%A4%85%E7%9A%AE%E7%AD%89%E3%80%91%E7%B6%B2%E9%A0%81%E7%89%88(1).pdf,20230731,153030
49,新北市政府衛生局,106年10月(即食食品菜餚)抽驗名冊,https://www.health.ntpc.gov.tw/archive/health_ntpc/6/file/106%E5%B9%B410%E6%9C%88%E3%80%90%E5%8D%B3%E9%A3%9F%E9%A3%9F%E5%93%81-%E8%8F%9C%E9%A4%9A%E3%80%91%E7%B6%B2%E9%A0%81%E7%89%88(1).pdf,20230731,153030
50,新北市政府衛生局,106年10月(即食食品關東煮)抽驗名冊,https://www.health.ntpc.gov.tw/archive/health_ntpc/6/file/106%E5%B9%B410%E6%9C%88%E3%80%90%E5%8D%B3%E9%A3%9F%E9%A3%9F%E5%93%81-%E9%97%9C%E6%9D%B1%E7%85%AE%E3%80%91%E7%B6%B2%E9%A0%81%E7%89%88(1).pdf,20230731,153030
51,新北市政府衛生局,106年10月(動物用藥甲魚.大閘蟹)抽驗名冊,https://www.health.ntpc.gov.tw/archive/health_ntpc/6/file/106%E5%B9%B410%E6%9C%88%E3%80%90%E5%8B%95%E7%89%A9%E7%94%A8%E8%97%A5-%E7%94%B2%E9%AD%9A%E3%80%81%E5%A4%A7%E9%96%98%E8%9F%B9%E3%80%91%E7%B6%B2%E9%A0%81%E7%89%88.pdf,20230731,153030
52,新北市政府衛生局,106年10月(蛋品加工品鹹蛋黃)抽驗名冊,https://www.health.ntpc.gov.tw/archive/health_ntpc/6/file/106%E5%B9%B410%E6%9C%88%E3%80%90%E8%9B%8B%E5%93%81%E5%8A%A0%E5%B7%A5%E5%93%81-%E9%B9%B9%E8%9B%8B%E9%BB%83%E3%80%91%E7%B6%B2%E9%A0%81%E7%89%88.pdf,20230731,153030
53,新北市政府衛生局,106年10月(塑膠容器具)抽驗名冊,https://www.health.ntpc.gov.tw/archive/health_ntpc/6/file/106%E5%B9%B410%E6%9C%88%E3%80%90%E5%A1%91%E8%86%A0%E5%AE%B9%E5%99%A8%E5%85%B7%E3%80%91%E7%B6%B2%E9%A0%81%E7%89%88.pdf,20230731,153030
54,新北市政府衛生局,106年10月(農藥殘留)抽驗名冊,https://www.health.ntpc.gov.tw/archive/health_ntpc/6/file/106%E5%B9%B410%E6%9C%88%E3%80%90%E8%BE%B2%E8%97%A5%E6%AE%98%E7%95%99%E3%80%91%E7%B6%B2%E9%A0%81%E7%89%88.pdf,20230731,153030
55,新北市政府衛生局,106年12月(水產品動物用藥)抽驗名冊,https://www.health.ntpc.gov.tw/archive/health_ntpc/6/file/106%E5%B9%B412%E6%9C%88%E3%80%90%E6%B6%88%E4%BF%9D%E5%AE%98-%E6%B0%B4%E7%94%A2%E3%80%91%E7%B6%B2%E9%A0%81%E7%89%88.pdf,20230731,153030
56,新北市政府衛生局,106年12月(水餃鍋貼)抽驗名冊,https://www.health.ntpc.gov.tw/archive/health_ntpc/6/file/106%E5%B9%B412%E6%9C%88%E3%80%90%E6%B0%B4%E9%A4%83%E9%8D%8B%E8%B2%BC%E3%80%91%E7%B6%B2%E9%A0%81%E7%89%88.pdf,20230731,153030
57,新北市政府衛生局,107年(母親節蛋糕專案)抽驗名冊,https://www.health.ntpc.gov.tw/archive/health_ntpc/6/file/107%E5%B9%B4%E3%80%90%E6%AF%8D%E8%A6%AA%E7%AF%80%E8%9B%8B%E7%B3%95%E5%B0%88%E6%A1%88%E3%80%91%E7%B6%B2%E9%A0%81%E7%89%88.pdf,20230731,153030
58,新北市政府衛生局,107年(自助餐專案)抽驗名冊,https://www.health.ntpc.gov.tw/archive/health_ntpc/6/file/107%E5%B9%B4%E3%80%90%E8%87%AA%E5%8A%A9%E9%A4%90%E5%B0%88%E6%A1%88%E3%80%91%E7%B6%B2%E9%A0%81%E7%89%88(1).pdf,20230731,153030
59,新北市政府衛生局,107年(食品添加物稽查專案)抽驗名冊,https://www.health.ntpc.gov.tw/archive/health_ntpc/6/file/107%E5%B9%B4%E3%80%90%E9%A3%9F%E5%93%81%E6%B7%BB%E5%8A%A0%E7%89%A9%E7%A8%BD%E6%9F%A5%E5%B0%88%E6%A1%88%E3%80%91%E7%B6%B2%E9%A0%81%E7%89%88.pdf,20230731,153030
60,新北市政府衛生局,107年(幕斯蛋糕專案)抽驗名冊,https://www.health.ntpc.gov.tw/archive/health_ntpc/6/file/107%E5%B9%B4%E3%80%90%E5%B9%95%E6%96%AF%E8%9B%8B%E7%B3%95%E5%B0%88%E6%A1%88%E3%80%91%E7%B6%B2%E9%A0%81%E7%89%88.pdf,20230731,153030
61,新北市政府衛生局,107年(端午畜肉)抽驗名冊,https://www.health.ntpc.gov.tw/archive/health_ntpc/6/file/107%E5%B9%B4%E3%80%90%E7%AB%AF%E5%8D%88-%E7%95%9C%E8%82%89%E3%80%91%E7%B6%B2%E9%A0%81%E7%89%88.pdf,20230731,153030
62,新北市政府衛生局,107年(端午乾香菇)抽驗名冊,https://www.health.ntpc.gov.tw/archive/health_ntpc/6/file/107%E5%B9%B4%E3%80%90%E7%AB%AF%E5%8D%88-%E4%B9%BE%E9%A6%99%E8%8F%87%E3%80%91%E7%B6%B2%E9%A0%81%E7%89%88.pdf,20230731,153030
63,新北市政府衛生局,107年(端午專案肉粽)抽驗名冊,https://www.health.ntpc.gov.tw/archive/health_ntpc/6/file/107%E5%B9%B4%E3%80%90%E7%AB%AF%E5%8D%88%E5%B0%88%E6%A1%88-%E8%82%89%E7%B2%BD%E3%80%91%E7%B6%B2%E9%A0%81%E7%89%88.pdf,20230731,153030
64,新北市政府衛生局,107年(端午菜脯)抽驗名冊,https://www.health.ntpc.gov.tw/archive/health_ntpc/6/file/%E8%8F%9C%E8%84%AF107%E5%B9%B4%E3%80%90%E7%AB%AF%E5%8D%88-%E8%8F%9C%E8%84%AF%E3%80%91%E7%B6%B2%E9%A0%81%E7%89%88.pdf,20230731,153030
65,新北市政府衛生局,107年(端午粽子衛生標準)抽驗名冊,https://www.health.ntpc.gov.tw/archive/health_ntpc/6/file/107%E5%B9%B4%E3%80%90%E7%AB%AF%E5%8D%88%E5%B0%88%E6%A1%88-%E8%82%89%E7%B2%BD%E3%80%91%E7%B6%B2%E9%A0%81%E7%89%88.pdf,20230731,153030
66,新北市政府衛生局,107年(端午蝦米)抽驗名冊,https://www.health.ntpc.gov.tw/archive/health_ntpc/6/file/107%E5%B9%B4%E3%80%90%E7%AB%AF%E5%8D%88-%E8%9D%A6%E7%B1%B3%E3%80%91%E7%B6%B2%E9%A0%81%E7%89%88.pdf,20230731,153030
67,新北市政府衛生局,107年(端午醬料)抽驗名冊,https://www.health.ntpc.gov.tw/archive/health_ntpc/6/file/107%E5%B9%B4%E3%80%90%E7%AB%AF%E5%8D%88-%E9%86%AC%E6%96%99%E3%80%91%E7%B6%B2%E9%A0%81%E7%89%88.pdf,20230731,153030
68,新北市政府衛生局,107年(端午糯米農藥殘留)抽驗名冊,https://www.health.ntpc.gov.tw/archive/health_ntpc/6/file/107%E5%B9%B4%E3%80%90%E7%AB%AF%E5%8D%88-%E7%B3%AF%E7%B1%B3-%E8%BE%B2%E8%97%A5%E6%AE%98%E7%95%99%E3%80%91%E7%B6%B2%E9%A0%81%E7%89%88.pdf,20230731,153030
69,新北市政府衛生局,107年(端午鹹蛋黃)抽驗名冊,https://www.health.ntpc.gov.tw/archive/health_ntpc/6/file/107%E5%B9%B4%E3%80%90%E7%AB%AF%E5%8D%88-%E9%B9%B9%E8%9B%8B%E9%BB%83%E3%80%91%E7%B6%B2%E9%A0%81%E7%89%88.pdf,20230731,153030
70,新北市政府衛生局,107年(端午鹼粽)抽驗名冊,https://www.health.ntpc.gov.tw/archive/health_ntpc/6/file/107%E5%B9%B4%E3%80%90%E7%AB%AF%E5%8D%88-%E9%B9%BC%E7%B2%BD%E3%80%91%E7%B6%B2%E9%A0%81%E7%89%88.pdf,20230731,153030
71,新北市政府衛生局,107年1月(水產品動物用藥)抽驗名冊,https://www.health.ntpc.gov.tw/archive/health_ntpc/6/file/107%E5%B9%B41%E6%9C%88%E3%80%90%E5%8B%95%E7%89%A9%E7%94%A8%E8%97%A5-%E6%B0%B4%E7%94%A2%E5%93%81%E3%80%91%E7%B6%B2%E9%A0%81%E7%89%88.pdf,20230731,153030
72,新北市政府衛生局,107年1月(年節重金屬)抽驗名冊,https://www.health.ntpc.gov.tw/archive/health_ntpc/6/file/107%E5%B9%B41%E6%9C%88%E3%80%90%E5%B9%B4%E7%AF%80-%E9%87%8D%E9%87%91%E5%B1%AC%E3%80%91%E7%B6%B2%E9%A0%81%E7%89%88.pdf,20230731,153030
73,新北市政府衛生局,107年1月(豬肉動物用藥)抽驗名冊,https://www.health.ntpc.gov.tw/archive/health_ntpc/6/file/107%E5%B9%B41%E6%9C%88%E3%80%90%E8%B1%AC%E8%82%89%E5%8B%95%E7%89%A9%E7%94%A8%E8%97%A5%E3%80%91%E7%B6%B2%E9%A0%81%E7%89%88.pdf,20230731,153030
74,新北市政府衛生局,107年1月(聯合分工牛肉)抽驗名冊,https://www.health.ntpc.gov.tw/archive/health_ntpc/6/file/107%E5%B9%B41%E6%9C%88%E3%80%90%E8%81%AF%E5%90%88%E5%88%86%E5%B7%A5-%E7%89%9B%E8%82%89%E3%80%91%E7%B6%B2%E9%A0%81%E7%89%88.pdf,20230731,153030
75,新北市政府衛生局,107年1月(農藥)抽驗名冊,https://www.health.ntpc.gov.tw/archive/health_ntpc/6/file/107%E5%B9%B41%E6%9C%88-%E8%BE%B2%E8%97%A5-%E7%B6%B2%E9%A0%81%E7%89%88.pdf,20230731,153030
76,新北市政府衛生局,107年2月(聯合分工動物用藥)抽驗名冊,https://www.health.ntpc.gov.tw/archive/health_ntpc/6/file/107%E5%B9%B42%E6%9C%88%E3%80%90%E8%81%AF%E5%90%88%E5%88%86%E5%B7%A5-%E5%8B%95%E7%89%A9%E7%94%A8%E8%97%A5%E3%80%91%E7%B6%B2%E9%A0%81%E7%89%88(2).pdf,20230731,153030
77,新北市政府衛生局,107年3月(本局乳製品)抽驗名冊,https://www.health.ntpc.gov.tw/archive/health_ntpc/6/file/107%E5%B9%B42%E6%9C%88%E3%80%90%E8%81%AF%E5%90%88%E5%88%86%E5%B7%A5-%E5%8B%95%E7%89%A9%E7%94%A8%E8%97%A5%E3%80%91%E7%B6%B2%E9%A0%81%E7%89%88(2).pdf,20230731,153030
78,新北市政府衛生局,107年3月(本局糖果抽驗)抽驗名冊,https://www.health.ntpc.gov.tw/archive/health_ntpc/6/file/107%E5%B9%B43%E6%9C%88%E3%80%90%E6%9C%AC%E5%B1%80-%E7%B3%96%E6%9E%9C%E6%8A%BD%E9%A9%97%E3%80%91%E7%B6%B2%E9%A0%81%E7%89%88(1).pdf,20230731,153030
79,新北市政府衛生局,107年3月(本局餐車小吃衛生標準)抽驗名冊,https://www.health.ntpc.gov.tw/archive/health_ntpc/6/file/107%E5%B9%B43%E6%9C%88%E3%80%90%E6%9C%AC%E5%B1%80-%E9%A4%90%E8%BB%8A%E5%B0%8F%E5%90%83-%E8%A1%9B%E7%94%9F%E6%A8%99%E6%BA%96%E3%80%91%E7%B6%B2%E9%A0%81%E7%89%88(3).pdf,20230731,153030
80,新北市政府衛生局,107年3月(後市場甲魚)抽驗名冊,https://www.health.ntpc.gov.tw/archive/health_ntpc/6/file/107%E5%B9%B43%E6%9C%88%E3%80%90%E5%BE%8C%E5%B8%82%E5%A0%B4-%E7%94%B2%E9%AD%9A%E3%80%91%E7%B6%B2%E9%A0%81%E7%89%88.pdf,20230731,153030
81,新北市政府衛生局,107年3月(後市場烏骨雞動物用藥)抽驗名冊,https://www.health.ntpc.gov.tw/archive/health_ntpc/6/file/107%E5%B9%B43%E6%9C%88%E3%80%90%E5%BE%8C%E5%B8%82%E5%A0%B4-%E7%83%8F%E9%AA%A8%E9%9B%9E%E5%8B%95%E7%89%A9%E7%94%A8%E8%97%A5%E3%80%91%E7%B6%B2%E9%A0%81%E7%89%88.pdf,20230731,153030
82,新北市政府衛生局,107年3月(後市場真菌毒素)抽驗名冊,https://www.health.ntpc.gov.tw/archive/health_ntpc/6/file/107%E5%B9%B43%E6%9C%88%E3%80%90%E5%BE%8C%E5%B8%82%E5%A0%B4-%E7%9C%9F%E8%8F%8C%E6%AF%92%E7%B4%A0%E3%80%91%E7%B6%B2%E9%A0%81%E7%89%88.pdf,20230731,153030
83,新北市政府衛生局,107年3月(專案新式販售型態)抽驗名冊,https://www.health.ntpc.gov.tw/archive/health_ntpc/6/file/107%E5%B9%B43%E6%9C%88%E3%80%90%E5%B0%88%E6%A1%88-%E6%96%B0%E5%BC%8F%E8%B2%A9%E5%94%AE%E5%9E%8B%E6%85%8B%E3%80%91%E7%B6%B2%E9%A0%81%E7%89%88.pdf,20230731,153030
84,新北市政府衛生局,107年3月(蔬果農藥殘留)抽驗名冊,https://www.health.ntpc.gov.tw/archive/health_ntpc/6/file/107%E5%B9%B43%E6%9C%88%E3%80%90%E8%94%AC%E6%9E%9C-%E8%BE%B2%E8%97%A5%E6%AE%98%E7%95%99%E3%80%91%E7%B6%B2%E9%A0%81%E7%89%88.pdf,20230731,153030
85,新北市政府衛生局,107年3月(聯合分工花生製品黃麴毒素)抽驗名冊,https://www.health.ntpc.gov.tw/archive/health_ntpc/6/file/107%E5%B9%B43%E6%9C%88%E3%80%90%E8%81%AF%E5%90%88%E5%88%86%E5%B7%A5-%E8%8A%B1%E7%94%9F%E8%A3%BD%E5%93%81-%E9%BB%83%E9%BA%B4%E6%AF%92%E7%B4%A0%E3%80%91%E7%B6%B2%E9%A0%81%E7%89%88.pdf,20230731,153030
86,新北市政府衛生局,107年3月(聯合分工動物用藥)抽驗名冊,https://www.health.ntpc.gov.tw/archive/health_ntpc/6/file/107%E5%B9%B43%E6%9C%88%E3%80%90%E8%81%AF%E5%90%88%E5%88%86%E5%B7%A5-%E5%8B%95%E7%89%A9%E7%94%A8%E8%97%A5%E3%80%91%E7%B6%B2%E9%A0%81%E7%89%88(1).pdf,20230731,153030
87,新北市政府衛生局,107年3月(雞蛋動物用藥及農藥殘留)抽驗名冊,https://www.health.ntpc.gov.tw/archive/health_ntpc/6/file/107%E5%B9%B43%E6%9C%88%E3%80%90%E9%9B%9E%E8%9B%8B-%E5%8B%95%E7%89%A9%E7%94%A8%E8%97%A5%E5%8F%8A%E8%BE%B2%E8%97%A5%E6%AE%98%E7%95%99%E3%80%91%E7%B6%B2%E9%A0%81%E7%89%88.xlsx,20230731,153030
88,新北市政府衛生局,107年4月(本局壽司米製品)抽驗名冊,https://www.health.ntpc.gov.tw/archive/health_ntpc/6/file/107%E5%B9%B44%E6%9C%88%E3%80%90%E6%9C%AC%E5%B1%80-%E5%A3%BD%E5%8F%B8%E7%B1%B3%E8%A3%BD%E5%93%81%E3%80%91%E7%B6%B2%E9%A0%81%E7%89%88.pdf,20230731,153030
89,新北市政府衛生局,107年4月(後市場蛋品加工品重金屬)抽驗名冊,https://www.health.ntpc.gov.tw/archive/health_ntpc/6/file/107%E5%B9%B44%E6%9C%88%E3%80%90%E5%BE%8C%E5%B8%82%E5%A0%B4-%E8%9B%8B%E5%93%81%E5%8A%A0%E5%B7%A5%E5%93%81%E9%87%8D%E9%87%91%E5%B1%AC%E3%80%91%E7%B6%B2%E9%A0%81%E7%89%88.pdf,20230731,153030
90,新北市政府衛生局,107年4月(後市場蔬果重金屬)抽驗名冊,https://www.health.ntpc.gov.tw/archive/health_ntpc/6/file/107%E5%B9%B44%E6%9C%88%E3%80%90%E5%BE%8C%E5%B8%82%E5%A0%B4-%E8%94%AC%E6%9E%9C%E9%87%8D%E9%87%91%E5%B1%AC%E3%80%91%E7%B6%B2%E9%A0%81%E7%89%88.pdf,20230731,153030
91,新北市政府衛生局,107年4月(後市場蔬果農藥殘留)抽驗名冊,https://www.health.ntpc.gov.tw/archive/health_ntpc/6/file/107%E5%B9%B44%E6%9C%88%E3%80%90%E5%BE%8C%E5%B8%82%E5%A0%B4-%E8%94%AC%E6%9E%9C-%E8%BE%B2%E8%97%A5%E6%AE%98%E7%95%99%E3%80%91%E7%B6%B2%E9%A0%81%E7%89%88(1).pdf,20230731,153030
92,新北市政府衛生局,107年4月(聯合分工食用油重金屬)抽驗名冊,https://www.health.ntpc.gov.tw/archive/health_ntpc/6/file/107%E5%B9%B44%E6%9C%88%E3%80%90%E8%81%AF%E5%90%88%E5%88%86%E5%B7%A5-%E9%A3%9F%E7%94%A8%E6%B2%B9-%E9%87%8D%E9%87%91%E5%B1%AC%E3%80%91%E7%B6%B2%E9%A0%81%E7%89%88.pdf,20230731,153030
93,新北市政府衛生局,107年4月(聯合分工香辛料黃麴毒素)抽驗名冊,https://www.health.ntpc.gov.tw/archive/health_ntpc/6/file/107%E5%B9%B44%E6%9C%88%E3%80%90%E8%81%AF%E5%90%88%E5%88%86%E5%B7%A5-%E9%A6%99%E8%BE%9B%E6%96%99-%E9%BB%83%E9%BA%B4%E6%AF%92%E7%B4%A0%E3%80%91%E7%B6%B2%E9%A0%81%E7%89%88.pdf,20230731,153030
94,新北市政府衛生局,107年4月(聯合分工香菇重金屬)抽驗名冊,https://www.health.ntpc.gov.tw/archive/health_ntpc/6/file/107%E5%B9%B44%E6%9C%88%E3%80%90%E8%81%AF%E5%90%88%E5%88%86%E5%B7%A5-%E9%A6%99%E8%8F%87%E9%87%8D%E9%87%91%E5%B1%AC%E3%80%91%E7%B6%B2%E9%A0%81%E7%89%88.pdf,20230731,153030
95,新北市政府衛生局,107年4月(聯合分工烘焙食品防腐劑)抽驗名冊,https://www.health.ntpc.gov.tw/archive/health_ntpc/6/file/107%E5%B9%B44%E6%9C%88%E3%80%90%E8%81%AF%E5%90%88%E5%88%86%E5%B7%A5-%E7%83%98%E7%84%99%E9%A3%9F%E5%93%81-%E9%98%B2%E8%85%90%E5%8A%91%E3%80%91%E7%B6%B2%E9%A0%81%E7%89%88.pdf,20230731,153030
96,新北市政府衛生局,107年4月(聯合分工動物用藥)抽驗名冊,https://www.health.ntpc.gov.tw/archive/health_ntpc/6/file/107%E5%B9%B44%E6%9C%88%E3%80%90%E8%81%AF%E5%90%88%E5%88%86%E5%B7%A5-%E5%8B%95%E7%89%A9%E7%94%A8%E8%97%A5%E3%80%91%E7%B6%B2%E9%A0%81%E7%89%88.pdf,20230731,153030
97,新北市政府衛生局,107年4月(聯合分工醬油單氯丙二醇及防腐劑)抽驗名冊,https://www.health.ntpc.gov.tw/archive/health_ntpc/6/file/107%E5%B9%B44%E6%9C%88%E3%80%90%E8%81%AF%E5%90%88%E5%88%86%E5%B7%A5-%E9%86%AC%E6%B2%B9-%E5%96%AE%E6%B0%AF%E4%B8%99%E4%BA%8C%E9%86%87%E5%8F%8A%E9%98%B2%E8%85%90%E5%8A%91%E3%80%91%E7%B6%B2%E9%A0%81%E7%89%88.pdf,20230731,153030
98,新北市政府衛生局,107年清明節抽驗名冊,https://www.health.ntpc.gov.tw/archive/health_ntpc/6/file/1070330%E6%96%B0%E5%8C%97%E5%B8%82%E8%A1%9B%E7%94%9F%E5%B1%80%E6%B8%85%E6%98%8E%E9%A3%9F%E5%93%81%E6%8A%BD%E9%A9%97%E6%96%B0%E8%81%9E%E7%A8%BF%E6%9A%A8%E6%8A%BD%E9%A9%97%E5%90%8D%E5%86%8A.pdf,20230731,153030
99,新北市政府衛生局,107春節抽驗名冊,https://www.health.ntpc.gov.tw/archive/health_ntpc/6/file/107%E6%98%A5%E7%AF%80%E6%8A%BD%E9%A9%97%E5%90%8D%E5%86%8A.pdf,20230731,153030
100,新北市政府衛生局,107年5月(食用冰塊製造業稽查專案計畫)抽驗名冊,https://www.health.ntpc.gov.tw/archive/health_ntpc/6/file/107%E5%B9%B45%E6%9C%88%E3%80%90%E9%A3%9F%E7%94%A8%E5%86%B0%E5%A1%8A%E8%A3%BD%E9%80%A0%E6%A5%AD%E7%A8%BD%E6%9F%A5%E5%B0%88%E6%A1%88%E8%A8%88%E7%95%AB%E3%80%91%E7%B6%B2%E9%A0%81%E7%89%88.pdf,20230731,153030
101,新北市政府衛生局,107年5月(烘焙食品製造業稽查專案製造端)抽驗名冊,https://www.health.ntpc.gov.tw/archive/health_ntpc/6/file/107%E5%B9%B45%E6%9C%88%E3%80%90%E7%83%98%E7%84%99%E9%A3%9F%E5%93%81%E8%A3%BD%E9%80%A0%E6%A5%AD%E7%A8%BD%E6%9F%A5%E5%B0%88%E6%A1%88(%E8%A3%BD%E9%80%A0%E7%AB%AF)%E3%80%91%E7%B6%B2%E9%A0%81%E7%89%88.pdf,20230731,153030
102,新北市政府衛生局,107年5月(餐盒食品工廠HACCP稽查專案)抽驗名冊,https://www.health.ntpc.gov.tw/archive/health_ntpc/6/file/107%E5%B9%B45%E6%9C%88%E3%80%90%E9%A4%90%E7%9B%92%E9%A3%9F%E5%93%81%E5%B7%A5%E5%BB%A0HACCP%E7%A8%BD%E6%9F%A5%E5%B0%88%E6%A1%88%E3%80%91%E7%B6%B2%E9%A0%81%E7%89%88.pdf,20230731,153030
103,新北市政府衛生局,107年5月(早餐業稽查專案計畫)抽驗名冊,https://www.health.ntpc.gov.tw/archive/health_ntpc/6/file/107%E5%B9%B45%E6%9C%88%E3%80%90%E6%97%A9%E9%A4%90%E6%A5%AD%E7%A8%BD%E6%9F%A5%E5%B0%88%E6%A1%88%E8%A8%88%E7%95%AB%E3%80%91%E7%B6%B2%E9%A0%81%E7%89%88.pdf,20230731,153030
104,新北市政府衛生局,107年5月(即食食品抽驗專案計畫)抽驗名冊,https://www.health.ntpc.gov.tw/archive/health_ntpc/6/file/107%E5%B9%B45%E6%9C%88%E3%80%90%E5%8D%B3%E9%A3%9F%E9%A3%9F%E5%93%81%E6%8A%BD%E9%A9%97%E5%B0%88%E6%A1%88%E8%A8%88%E7%95%AB%E3%80%91%E7%B6%B2%E9%A0%81%E7%89%88.pdf,20230731,153030
105,新北市政府衛生局,107年5月(壽司飯糰衛生標準複抽)抽驗名冊,https://www.health.ntpc.gov.tw/archive/health_ntpc/6/file/107%E5%B9%B45%E6%9C%88%E3%80%90%E6%9C%AC%E5%B1%80%E5%A3%BD%E5%8F%B8%E9%A3%AF%E7%B3%B0-%E8%A1%9B%E7%94%9F%E6%A8%99%E6%BA%96%E8%A4%87%E6%8A%BD%E3%80%91%E7%B6%B2%E9%A0%81%E7%89%88.pdf,20230731,153030
106,新北市政府衛生局,107年5月(本局澱粉類製品)抽驗名冊,https://www.health.ntpc.gov.tw/archive/health_ntpc/6/file/107%E5%B9%B45%E6%9C%88%E3%80%90%E6%9C%AC%E5%B1%80-%E6%BE%B1%E7%B2%89%E9%A1%9E%E8%A3%BD%E5%93%81%E3%80%91%E7%B6%B2%E9%A0%81%E7%89%88.pdf,20230731,153030
107,新北市政府衛生局,107年5月(本局濕麵製品)抽驗名冊,https://www.health.ntpc.gov.tw/archive/health_ntpc/6/file/107%E5%B9%B45%E6%9C%88%E3%80%90%E6%9C%AC%E5%B1%80-%E6%BF%95%E9%BA%B5%E8%A3%BD%E5%93%81%E3%80%91%E7%B6%B2%E9%A0%81%E7%89%88.pdf,20230731,153030
108,新北市政府衛生局,107年5月(行政院消保處釣蝦場專案)抽驗名冊,https://www.health.ntpc.gov.tw/archive/file/109%E5%B9%B411%E6%9C%88%E3%80%90%E6%9C%AC%E5%B1%80-%E9%87%A3%E8%9D%A6%E5%A0%B4%E3%80%91.pdf,20230731,153030
109,新北市政府衛生局,107年5月(後市場重金屬水產品及嬰兒食品)抽驗名冊,https://www.health.ntpc.gov.tw/archive/health_ntpc/6/file/107%E5%B9%B45%E6%9C%88%E3%80%90%E5%BE%8C%E5%B8%82%E5%A0%B4%E9%87%8D%E9%87%91%E5%B1%AC-%E6%B0%B4%E7%94%A2%E5%93%81%E5%8F%8A%E5%AC%B0%E5%85%92%E9%A3%9F%E5%93%81%E3%80%91%E7%B6%B2%E9%A0%81%E7%89%88.pdf,20230731,153030
110,新北市政府衛生局,107年5月(後市場農產品農藥)抽驗名冊,https://www.health.ntpc.gov.tw/archive/health_ntpc/6/file/107%E5%B9%B45%E6%9C%88%E3%80%90%E5%BE%8C%E5%B8%82%E5%A0%B4%E8%BE%B2%E7%94%A2%E5%93%81%E8%BE%B2%E8%97%A5%E3%80%91%E7%B6%B2%E9%A0%81%E7%89%88.pdf,20230731,153030
111,新北市政府衛生局,107年5月(聯合分工動物用藥)抽驗名冊,https://www.health.ntpc.gov.tw/archive/health_ntpc/6/file/107%E5%B9%B45%E6%9C%88%E3%80%90%E8%81%AF%E5%90%88%E5%88%86%E5%B7%A5-%E5%8B%95%E7%89%A9%E7%94%A8%E8%97%A5%E3%80%91%E7%B6%B2%E9%A0%81%E7%89%88.pdf,20230731,153030
112,新北市政府衛生局,107年5月(現場調製飲冰品專案)抽驗名冊,https://www.health.ntpc.gov.tw/archive/health_ntpc/6/file/107%E5%B9%B45%E6%9C%88%E3%80%90%E7%8F%BE%E5%A0%B4%E8%AA%BF%E8%A3%BD%E9%A3%B2%E5%86%B0%E5%93%81%E5%B0%88%E6%A1%88%E3%80%91%E7%B6%B2%E9%A0%81%E7%89%88.pdf,20230731,153030
113,新北市政府衛生局,107年6月(金針抽驗專案)抽驗名冊,https://www.health.ntpc.gov.tw/archive/health_ntpc/6/file/107%E5%B9%B46%E6%9C%88%E3%80%90%E9%87%91%E9%87%9D%E6%8A%BD%E9%A9%97%E5%B0%88%E6%A1%88%E3%80%91%E7%B6%B2%E9%A0%81%E7%89%88.pdf,20230731,153030
114,新北市政府衛生局,107年6月(新式食品不明風險飲食潛藏病原之評估研究)抽驗名冊,https://www.health.ntpc.gov.tw/archive/health_ntpc/6/file/107%E5%B9%B46%E6%9C%88%E3%80%90%E6%96%B0%E5%BC%8F%E9%A3%9F%E5%93%81%E4%B8%8D%E6%98%8E%E9%A2%A8%E9%9A%AA%E9%A3%B2%E9%A3%9F%E6%BD%9B%E8%97%8F%E7%97%85%E5%8E%9F%E4%B9%8B%E8%A9%95%E4%BC%B0%E7%A0%94%E7%A9%B6%E3%80%91%E7%B6%B2%E9%A0%81%E7%89%88.pdf,20230731,153030
115,新北市政府衛生局,107年6月(本局鴨肉動物用藥殘留)抽驗名冊,https://www.health.ntpc.gov.tw/archive/health_ntpc/6/file/107%E5%B9%B46%E6%9C%88%E3%80%90%E6%9C%AC%E5%B1%80-%E9%B4%A8%E8%82%89%E5%8B%95%E7%89%A9%E7%94%A8%E8%97%A5%E6%AE%98%E7%95%99%E3%80%91%E7%B6%B2%E9%A0%81%E7%89%88.pdf,20230731,153030
116,新北市政府衛生局,107年6月(後市場午仔魚動物用藥殘留)抽驗名冊,https://www.health.ntpc.gov.tw/archive/health_ntpc/6/file/107%E5%B9%B46%E6%9C%88%E3%80%90%E5%BE%8C%E5%B8%82%E5%A0%B4-%E5%8D%88%E4%BB%94%E9%AD%9A-%E5%8B%95%E7%89%A9%E7%94%A8%E8%97%A5%E6%AE%98%E7%95%99%E3%80%91%E7%B6%B2%E9%A0%81%E7%89%88.pdf,20230731,153030
117,新北市政府衛生局,107年6月(本局沙拉麵包衛生標準)抽驗名冊,https://www.health.ntpc.gov.tw/archive/health_ntpc/6/file/107%E5%B9%B46%E6%9C%88%E3%80%90%E6%9C%AC%E5%B1%80-%E6%B2%99%E6%8B%89%E9%BA%B5%E5%8C%85-%E8%A1%9B%E7%94%9F%E6%A8%99%E6%BA%96%E3%80%91%E7%B6%B2%E9%A0%81%E7%89%88.pdf,20230731,153030
118,新北市政府衛生局,107年6月(本局漢堡潛艇堡衛生標準)抽驗名冊,https://www.health.ntpc.gov.tw/archive/health_ntpc/6/file/107%E5%B9%B46%E6%9C%88%E3%80%90%E6%9C%AC%E5%B1%80-%E6%BC%A2%E5%A0%A1%E6%BD%9B%E8%89%87%E5%A0%A1-%E8%A1%9B%E7%94%9F%E6%A8%99%E6%BA%96%E3%80%91%E7%B6%B2%E9%A0%81%E7%89%88.pdf,20230731,153030
119,新北市政府衛生局,107年6月(聯合分工以甲醛三聚氰胺為合成原料之塑膠類食品容器具溶出試驗)抽驗名冊,https://www.health.ntpc.gov.tw/archive/health_ntpc/6/file/107%E5%B9%B46%E6%9C%88%E3%80%90%E8%81%AF%E5%90%88%E5%88%86%E5%B7%A5-%E4%BB%A5%E7%94%B2%E9%86%9B-%E4%B8%89%E8%81%9A%E6%B0%B0%E8%83%BA%E7%82%BA%E5%90%88%E6%88%90%E5%8E%9F%E6%96%99%E4%B9%8B%E5%A1%91%E8%86%A0%E9%A1%9E%E9%A3%9F%E5%93%81%E5%AE%B9%E5%99%A8%E5%85%B7-%E6%BA%B6%E5%87%BA%E8%A9%A6%E9%A9%97%E3%80%91%E7%B6%B2%E9%A0%81%E7%89%88.pdf,20230731,153030
120,新北市政府衛生局,107年6月(第2波鹼粽)抽驗名冊,https://www.health.ntpc.gov.tw/archive/health_ntpc/6/file/107%E5%B9%B46%E6%9C%88%E3%80%90%E7%AC%AC2%E6%B3%A2-%E9%B9%BC%E7%B2%BD%E3%80%91%E7%B6%B2%E9%A0%81%E7%89%88.pdf,20230731,153030
121,新北市政府衛生局,107年6月(本局沙拉麵包複抽)抽驗名冊,https://www.health.ntpc.gov.tw/archive/health_ntpc/6/file/107%E5%B9%B46%E6%9C%88%E3%80%90%E6%9C%AC%E5%B1%80%E6%B2%99%E6%8B%89%E9%BA%B5%E5%8C%85%E8%A4%87%E6%8A%BD%E3%80%91%E7%B6%B2%E9%A0%81%E7%89%88.pdf,20230731,153030
122,新北市政府衛生局,107年6月(飲冰品茶飲料)抽驗名冊,https://www.health.ntpc.gov.tw/archive/health_ntpc/6/file/107%E5%B9%B46%E6%9C%88%E3%80%90%E9%A3%B2%E5%86%B0%E5%93%81-%E8%8C%B6%E9%A3%B2%E6%96%99%E3%80%91%E7%B6%B2%E9%A0%81%E7%89%88.pdf,20230731,153030
123,新北市政府衛生局,107年6月(飲冰品冰塊)抽驗名冊,https://www.health.ntpc.gov.tw/archive/health_ntpc/6/file/107%E5%B9%B47%E6%9C%88%E3%80%90%E5%A4%8F%E5%AD%A3%E9%A3%B2%E5%86%B0%E5%93%81-%E5%86%B0%E5%A1%8A%E8%A1%9B%E7%94%9F%E6%A8%99%E6%BA%96%E3%80%91%E7%B6%B2%E9%A0%81%E7%89%88.pdf,20230731,153030
124,新北市政府衛生局,107年6月(飲冰品冰品)抽驗名冊,https://www.health.ntpc.gov.tw/archive/health_ntpc/6/file/107%E5%B9%B46%E6%9C%88%E3%80%90%E9%A3%B2%E5%86%B0%E5%93%81-%E5%86%B0%E5%93%81%E3%80%91%E7%B6%B2%E9%A0%81%E7%89%88.pdf,20230731,153030
125,新北市政府衛生局,107年6月(飲冰品果蔬汁)抽驗名冊,https://www.health.ntpc.gov.tw/archive/health_ntpc/6/file/107%E5%B9%B46%E6%9C%88%E3%80%90%E9%A3%B2%E5%86%B0%E5%93%81-%E6%9E%9C%E8%94%AC%E6%B1%81%E3%80%91%E7%B6%B2%E9%A0%81%E7%89%88.pdf,20230731,153030
126,新北市政府衛生局,107年6月(後市場農藥殘留)抽驗名冊,https://www.health.ntpc.gov.tw/archive/health_ntpc/6/file/107%E5%B9%B47%E6%9C%88%E3%80%90%E5%BE%8C%E5%B8%82%E5%A0%B4-%E8%BE%B2%E8%97%A5%E6%AE%98%E7%95%99%E3%80%91%E7%B6%B2%E9%A0%81%E7%89%88.pdf,20230731,153030
127,新北市政府衛生局,107年6月(專案水產HACCP抽驗)抽驗名冊,https://www.health.ntpc.gov.tw/archive/health_ntpc/6/file/107%E5%B9%B46%E6%9C%88%E3%80%90%E5%B0%88%E6%A1%88-%E6%B0%B4%E7%94%A2HACCP%E6%8A%BD%E9%A9%97%E3%80%91%E7%B6%B2%E9%A0%81%E7%89%88.pdf,20230731,153030
128,新北市政府衛生局,107年6月(專案肉品HACCP抽驗)抽驗名冊,https://www.health.ntpc.gov.tw/archive/health_ntpc/6/file/107%E5%B9%B46%E6%9C%88%E3%80%90%E5%B0%88%E6%A1%88-%E8%82%89%E5%93%81HACCP%E6%8A%BD%E9%A9%97%E3%80%91%E7%B6%B2%E9%A0%81%E7%89%88.pdf,20230731,153030
129,新北市政府衛生局,107年7月(宴席專案醬油醬料抽驗)抽驗名冊,https://www.health.ntpc.gov.tw/archive/health_ntpc/6/file/107%E5%B9%B47%E6%9C%88%E3%80%90%E5%AE%B4%E5%B8%AD%E5%B0%88%E6%A1%88-%E9%86%AC%E6%B2%B9%E9%86%AC%E6%96%99%E6%8A%BD%E9%A9%97%E3%80%91%E7%B6%B2%E9%A0%81%E7%89%88(1).pdf,20230731,153030
130,新北市政府衛生局,107年7月(聯合分工水產品重金屬)抽驗名冊,https://www.health.ntpc.gov.tw/archive/health_ntpc/6/file/107%E5%B9%B47%E6%9C%88%E3%80%90%E8%81%AF%E5%90%88%E5%88%86%E5%B7%A5-%E6%B0%B4%E7%94%A2%E5%93%81%E9%87%8D%E9%87%91%E5%B1%AC%E3%80%91%E7%B6%B2%E9%A0%81%E7%89%88.pdf,20230731,153030
131,新北市政府衛生局,107年7月(成大香辛植物及其他草本植物類農藥殘留)抽驗名冊,https://www.health.ntpc.gov.tw/archive/health_ntpc/6/file/107%E5%B9%B47%E6%9C%88%E3%80%90%E6%88%90%E5%A4%A7-%E9%A6%99%E8%BE%9B%E6%A4%8D%E7%89%A9%E5%8F%8A%E5%85%B6%E4%BB%96%E8%8D%89%E6%9C%AC%E6%A4%8D%E7%89%A9%E9%A1%9E%E8%BE%B2%E8%97%A5%E6%AE%98%E7%95%99%E3%80%91%E7%B6%B2%E9%A0%81%E7%89%88.pdf,20230731,153030
132,新北市政府衛生局,107年7月(成大豆菜類農藥殘留)抽驗名冊,https://www.health.ntpc.gov.tw/archive/health_ntpc/6/file/107%E5%B9%B47%E6%9C%88%E3%80%90%E6%88%90%E5%A4%A7-%E8%B1%86%E8%8F%9C%E9%A1%9E%E8%BE%B2%E8%97%A5%E6%AE%98%E7%95%99%E3%80%91%E7%B6%B2%E9%A0%81%E7%89%88(2).pdf,20230731,153030
133,新北市政府衛生局,107年7月(中元節水產煉製品)抽驗名冊,https://www.health.ntpc.gov.tw/archive/health_ntpc/6/file/107%E5%B9%B47%E6%9C%88%E3%80%90%E4%B8%AD%E5%85%83%E7%AF%80-%E6%B0%B4%E7%94%A2%E7%85%89%E8%A3%BD%E5%93%81%E3%80%91%E7%B6%B2%E9%A0%81%E7%89%88.pdf,20230731,153030
134,新北市政府衛生局,107年7月(中元節米麵濕製品)抽驗名冊,https://www.health.ntpc.gov.tw/archive/health_ntpc/6/file/107%E5%B9%B47%E6%9C%88%E3%80%90%E4%B8%AD%E5%85%83%E7%AF%80-%E7%B1%B3%E9%BA%B5%E6%BF%95%E8%A3%BD%E5%93%81%E3%80%91%E7%B6%B2%E9%A0%81%E7%89%88.pdf,20230731,153030
135,新北市政府衛生局,107年7月(中元節肉品加工品製品)抽驗名冊,https://www.health.ntpc.gov.tw/archive/health_ntpc/6/file/107%E5%B9%B47%E6%9C%88%E3%80%90%E4%B8%AD%E5%85%83%E7%AF%80-%E8%82%89%E5%93%81%E5%8A%A0%E5%B7%A5%E5%93%81%E8%A3%BD%E5%93%81%E3%80%91%E7%B6%B2%E9%A0%81%E7%89%88.pdf,20230731,153030
136,新北市政府衛生局,107年7月(中元節零食)抽驗名冊,https://www.health.ntpc.gov.tw/archive/health_ntpc/6/file/107%E5%B9%B47%E6%9C%88%E3%80%90%E4%B8%AD%E5%85%83%E7%AF%80-%E9%9B%B6%E9%A3%9F%E3%80%91%E7%B6%B2%E9%A0%81%E7%89%88.pdf,20230731,153030
137,新北市政府衛生局,107年7月(本局三明治衛生標準)抽驗名冊,https://www.health.ntpc.gov.tw/archive/health_ntpc/6/file/107%E5%B9%B47%E6%9C%88%E3%80%90%E6%9C%AC%E5%B1%80-%E4%B8%89%E6%98%8E%E6%B2%BB%E8%A1%9B%E7%94%9F%E6%A8%99%E6%BA%96%E3%80%91%E7%B6%B2%E9%A0%81%E7%89%88.pdf,20230731,153030
138,新北市政府衛生局,107年7月(夏季飲冰品冰塊衛生標準)抽驗名冊,https://www.health.ntpc.gov.tw/archive/health_ntpc/6/file/107%E5%B9%B47%E6%9C%88%E3%80%90%E5%A4%8F%E5%AD%A3%E9%A3%B2%E5%86%B0%E5%93%81-%E5%86%B0%E5%A1%8A%E8%A1%9B%E7%94%9F%E6%A8%99%E6%BA%96%E3%80%91%E7%B6%B2%E9%A0%81%E7%89%88.pdf,20230731,153030
139,新北市政府衛生局,107年7月(夏季飲冰品冰品衛生標準)抽驗名冊,https://www.health.ntpc.gov.tw/archive/health_ntpc/6/file/107%E5%B9%B47%E6%9C%88%E3%80%90%E5%A4%8F%E5%AD%A3%E9%A3%B2%E5%86%B0%E5%93%81-%E5%86%B0%E5%A1%8A%E8%A1%9B%E7%94%9F%E6%A8%99%E6%BA%96%E3%80%91%E7%B6%B2%E9%A0%81%E7%89%88.pdf,20230731,153030
140,新北市政府衛生局,107年7月(液蛋製造業稽查專案)抽驗名冊,https://www.health.ntpc.gov.tw/archive/health_ntpc/6/file/107%E5%B9%B47%E6%9C%88%E3%80%90%E6%B6%B2%E8%9B%8B%E8%A3%BD%E9%80%A0%E6%A5%AD%E7%A8%BD%E6%9F%A5%E5%B0%88%E6%A1%88%E3%80%91%E7%B6%B2%E9%A0%81%E7%89%88.pdf,20230731,153030
141,新北市政府衛生局,107年7月(休閒食品製造業稽查專案)抽驗名冊,https://www.health.ntpc.gov.tw/archive/health_ntpc/6/file/107%E5%B9%B47%E6%9C%88%E3%80%90%E4%BC%91%E9%96%92%E9%A3%9F%E5%93%81%E8%A3%BD%E9%80%A0%E6%A5%AD%E7%A8%BD%E6%9F%A5%E5%B0%88%E6%A1%88%E3%80%91%E7%B6%B2%E9%A0%81%E7%89%88.pdf,20230731,153030
142,新北市政府衛生局,107年7月(中元節豆製品)抽驗名冊,https://www.health.ntpc.gov.tw/archive/health_ntpc/6/file/107%E5%B9%B47%E6%9C%88%E3%80%90%E4%B8%AD%E5%85%83%E7%AF%80-%E8%B1%86%E8%A3%BD%E5%93%81%E3%80%91%E7%B6%B2%E9%A0%81%E7%89%88.pdf,20230731,153030
143,新北市政府衛生局,107年7月(中元節生鮮蔬果)抽驗名冊,https://www.health.ntpc.gov.tw/archive/health_ntpc/6/file/107%E5%B9%B47%E6%9C%88%E3%80%90%E4%B8%AD%E5%85%83%E7%AF%80-%E7%94%9F%E9%AE%AE%E8%94%AC%E6%9E%9C%E3%80%91%E7%B6%B2%E9%A0%81%E7%89%88.pdf,20230731,153030
144,新北市政府衛生局,107年7月(人氣美食暨地方特色下午茶餐廳稽查專案計劃)抽驗名冊,https://www.health.ntpc.gov.tw/archive/health_ntpc/6/file/107%E5%B9%B47%E6%9C%88%E3%80%90%E4%BA%BA%E6%B0%A3%E7%BE%8E%E9%A3%9F%E6%9A%A8%E5%9C%B0%E6%96%B9%E7%89%B9%E8%89%B2%E4%B8%8B%E5%8D%88%E8%8C%B6%E9%A4%90%E5%BB%B3%E7%A8%BD%E6%9F%A5%E5%B0%88%E6%A1%88%E8%A8%88%E5%8A%83%E3%80%91%E7%B6%B2%E9%A0%81%E7%89%88(1).pdf,20230731,153030
145,新北市政府衛生局,107年7月(食品觀光工廠稽查專案計畫)抽驗名冊,https://www.health.ntpc.gov.tw/archive/health_ntpc/6/file/107%E5%B9%B47%E6%9C%88%E3%80%90%E9%A3%9F%E5%93%81%E8%A7%80%E5%85%89%E5%B7%A5%E5%BB%A0%E7%A8%BD%E6%9F%A5%E5%B0%88%E6%A1%88%E8%A8%88%E7%95%AB%E3%80%91%E7%B6%B2%E9%A0%81%E7%89%88.pdf,20230731,153030
146,新北市政府衛生局,107年7月(本局雞蛋芬普尼檢驗)抽驗名冊,https://www.health.ntpc.gov.tw/archive/health_ntpc/6/file/107%E5%B9%B47%E6%9C%88%E3%80%90%E6%9C%AC%E5%B1%80-%E9%9B%9E%E8%9B%8B%E8%8A%AC%E6%99%AE%E5%B0%BC%E6%AA%A2%E9%A9%97%E3%80%91%E7%B6%B2%E9%A0%81%E7%89%88.pdf,20230731,153030
147,新北市政府衛生局,107年7月(本局三明治衛生標準複抽)抽驗名冊,https://www.health.ntpc.gov.tw/archive/health_ntpc/6/file/107%E5%B9%B47%E6%9C%88%E3%80%90%E6%9C%AC%E5%B1%80-%E4%B8%89%E6%98%8E%E6%B2%BB%E8%A1%9B%E7%94%9F%E6%A8%99%E6%BA%96%E8%A4%87%E6%8A%BD%E3%80%91%E7%B6%B2%E9%A0%81%E7%89%88.pdf,20230731,153030
148,新北市政府衛生局,107年7月(後市場真菌毒素)抽驗名冊,https://www.health.ntpc.gov.tw/archive/health_ntpc/6/file/107%E5%B9%B47%E6%9C%88%E3%80%90%E5%BE%8C%E5%B8%82%E5%A0%B4-%E7%9C%9F%E8%8F%8C%E6%AF%92%E7%B4%A0%E3%80%91%E7%B6%B2%E9%A0%81%E7%89%88.pdf,20230731,153030
149,新北市政府衛生局,107年7月(後市場重金屬)抽驗名冊,https://www.health.ntpc.gov.tw/archive/health_ntpc/6/file/107%E5%B9%B47%E6%9C%88%E3%80%90%E5%BE%8C%E5%B8%82%E5%A0%B4-%E9%87%8D%E9%87%91%E5%B1%AC%E3%80%91%E7%B6%B2%E9%A0%81%E7%89%88.pdf,20230731,153030
150,新北市政府衛生局,107年7月(後市場農藥殘留)抽驗名冊,https://www.health.ntpc.gov.tw/archive/health_ntpc/6/file/107%E5%B9%B47%E6%9C%88%E3%80%90%E5%BE%8C%E5%B8%82%E5%A0%B4-%E8%BE%B2%E8%97%A5%E6%AE%98%E7%95%99%E3%80%91%E7%B6%B2%E9%A0%81%E7%89%88.pdf,20230731,153030
151,新北市政府衛生局,107年7月(新式食品不明風險飲食潛藏病原之評估研究)抽驗名冊,https://www.health.ntpc.gov.tw/archive/health_ntpc/6/file/107%E5%B9%B47%E6%9C%88%E3%80%90%E6%96%B0%E5%BC%8F%E9%A3%9F%E5%93%81%E4%B8%8D%E6%98%8E%E9%A2%A8%E9%9A%AA%E9%A3%B2%E9%A3%9F%E6%BD%9B%E8%97%8F%E7%97%85%E5%8E%9F%E4%B9%8B%E8%A9%95%E4%BC%B0%E7%A0%94%E7%A9%B6%E3%80%91%E7%B6%B2%E9%A0%81%E7%89%88.pdf,20230731,153030
152,新北市政府衛生局,107年7月(後市場動物用藥殘留)抽驗名冊,https://www.health.ntpc.gov.tw/archive/health_ntpc/6/file/107%E5%B9%B47%E6%9C%88%E3%80%90%E5%BE%8C%E5%B8%82%E5%A0%B4-%E5%8B%95%E7%89%A9%E7%94%A8%E8%97%A5%E6%AE%98%E7%95%99%E3%80%91%E7%B6%B2%E9%A0%81%E7%89%88(1).pdf,20230731,153030
153,新北市政府衛生局,107年8月(成大小葉菜類農藥殘留)抽驗名冊,https://www.health.ntpc.gov.tw/archive/health_ntpc/6/file/107%E5%B9%B48%E6%9C%88%E3%80%90%E6%88%90%E5%A4%A7-%E5%B0%8F%E8%91%89%E8%8F%9C%E9%A1%9E%E8%BE%B2%E8%97%A5%E6%AE%98%E7%95%99%E3%80%91%E7%B6%B2%E9%A0%81%E7%89%88.pdf,20230731,153030
154,新北市政府衛生局,107年8月(聯合分工動物用藥)抽驗名冊,https://www.health.ntpc.gov.tw/archive/health_ntpc/6/file/107%E5%B9%B48%E6%9C%88%E3%80%90%E8%81%AF%E5%90%88%E5%88%86%E5%B7%A5-%E5%8B%95%E7%89%A9%E7%94%A8%E8%97%A5%E3%80%91%E7%B6%B2%E9%A0%81%E7%89%88.pdf,20230731,153030
155,新北市政府衛生局,107年8月(本局濾掛咖啡真菌毒素)抽驗名冊,https://www.health.ntpc.gov.tw/archive/health_ntpc/6/file/107%E5%B9%B48%E6%9C%88%E3%80%90%E6%9C%AC%E5%B1%80%E6%BF%BE%E6%8E%9B%E5%92%96%E5%95%A1-%E7%9C%9F%E8%8F%8C%E6%AF%92%E7%B4%A0%E3%80%91%E7%B6%B2%E9%A0%81%E7%89%88.pdf,20230731,153030
156,新北市政府衛生局,107年8月(夏季飲冰品冰塊複抽)抽驗名冊,https://www.health.ntpc.gov.tw/archive/health_ntpc/6/file/107%E5%B9%B48%E6%9C%88%E3%80%90%E5%A4%8F%E5%AD%A3%E9%A3%B2%E5%86%B0%E5%93%81-%E5%86%B0%E5%A1%8A%E8%A4%87%E6%8A%BD%E3%80%91%E7%B6%B2%E9%A0%81%E7%89%88.pdf,20230731,153030
157,新北市政府衛生局,107年8月(後市場動物用藥殘留)抽驗名冊,https://www.health.ntpc.gov.tw/archive/health_ntpc/6/file/107%E5%B9%B48%E6%9C%88%E3%80%90%E5%BE%8C%E5%B8%82%E5%A0%B4-%E5%8B%95%E7%89%A9%E7%94%A8%E8%97%A5%E6%AE%98%E7%95%99%E3%80%91.pdf,20230731,153030
158,新北市政府衛生局,107年8月(本局蔬果沙拉衛生標準)抽驗名冊,https://www.health.ntpc.gov.tw/archive/health_ntpc/6/file/107%E5%B9%B48%E6%9C%88%E3%80%90%E6%9C%AC%E5%B1%80-%E8%94%AC%E6%9E%9C%E6%B2%99%E6%8B%89%E8%A1%9B%E7%94%9F%E6%A8%99%E6%BA%96%E3%80%91%E7%B6%B2%E9%A0%81%E7%89%88.pdf,20230731,153030
159,新北市政府衛生局,107年8月(107年度豆製品製造業稽查專案)抽驗名冊,https://www.health.ntpc.gov.tw/archive/health_ntpc/6/file/107%E5%B9%B48%E6%9C%88%E3%80%90107%E5%B9%B4%E5%BA%A6%E8%B1%86%E8%A3%BD%E5%93%81%E8%A3%BD%E9%80%A0%E6%A5%AD%E7%A8%BD%E6%9F%A5%E5%B0%88%E6%A1%88%E3%80%91%E7%B6%B2%E9%A0%81%E7%89%88.pdf,20230731,153030
160,新北市政府衛生局,107年8月(本局紙製品螢光增白劑)抽驗名冊,https://www.health.ntpc.gov.tw/archive/health_ntpc/6/file/107%E5%B9%B48%E6%9C%88%E3%80%90%E6%9C%AC%E5%B1%80-%E7%B4%99%E8%A3%BD%E5%93%81%E8%9E%A2%E5%85%89%E5%A2%9E%E7%99%BD%E5%8A%91%E3%80%91%E7%B6%B2%E9%A0%81%E7%89%88.pdf,20230731,153030
161,新北市政府衛生局,107年8月(後市場重金屬)抽驗名冊,https://www.health.ntpc.gov.tw/archive/health_ntpc/6/file/107%E5%B9%B48%E6%9C%88%E3%80%90%E5%BE%8C%E5%B8%82%E5%A0%B4-%E9%87%8D%E9%87%91%E5%B1%AC%E3%80%91%E7%B6%B2%E9%A0%81%E7%89%88.pdf,20230731,153030
162,新北市政府衛生局,107年8月(本局紙製品螢光增白劑)抽驗名冊,https://www.health.ntpc.gov.tw/archive/health_ntpc/6/file/107%E5%B9%B48%E6%9C%88%E3%80%90%E6%9C%AC%E5%B1%80-%E7%B4%99%E8%A3%BD%E5%93%81-%E8%9E%A2%E5%85%89%E5%A2%9E%E7%99%BD%E5%8A%91%E3%80%91%E7%B6%B2%E9%A0%81%E7%89%88.pdf,20230731,153030
163,新北市政府衛生局,107年8月(本局沙拉複抽)抽驗名冊,https://www.health.ntpc.gov.tw/archive/health_ntpc/6/file/107%E5%B9%B48%E6%9C%88%E3%80%90%E6%9C%AC%E5%B1%80-%E6%B2%99%E6%8B%89%E8%A4%87%E6%8A%BD%E3%80%91%E7%B6%B2%E9%A0%81%E7%89%88.pdf,20230731,153030
164,新北市政府衛生局,107年9月(聯合分工動物用藥)抽驗名冊,https://www.health.ntpc.gov.tw/archive/health_ntpc/6/file/107%E5%B9%B49%E6%9C%88%E3%80%90%E8%81%AF%E5%90%88%E5%88%86%E5%B7%A5-%E5%8B%95%E7%89%A9%E7%94%A8%E8%97%A5%E3%80%91%E7%B6%B2%E9%A0%81%E7%89%88.pdf,20230731,153030
165,新北市政府衛生局,107年9月(本局即食滷味衛生標準)抽驗名冊,https://www.health.ntpc.gov.tw/archive/health_ntpc/6/file/107%E5%B9%B49%E6%9C%88%E3%80%90%E6%9C%AC%E5%B1%80-%E5%8D%B3%E9%A3%9F%E6%BB%B7%E5%91%B3%E8%A1%9B%E7%94%9F%E6%A8%99%E6%BA%96%E3%80%91%E7%B6%B2%E9%A0%81%E7%89%88.pdf,20230731,153030
166,新北市政府衛生局,107年9月(本局便當衛生標準)抽驗名冊,https://www.health.ntpc.gov.tw/archive/health_ntpc/6/file/107%E5%B9%B49%E6%9C%88%E3%80%90%E6%9C%AC%E5%B1%80-%E4%BE%BF%E7%95%B6%E8%A1%9B%E7%94%9F%E6%A8%99%E6%BA%96%E3%80%91%E7%B6%B2%E9%A0%81%E7%89%88.pdf,20230731,153030
167,新北市政府衛生局,107年9月(107年度皮蛋及鹹蛋製造業稽查專案計畫)抽驗名冊,https://www.health.ntpc.gov.tw/archive/health_ntpc/6/file/107%E5%B9%B49%E6%9C%88%E3%80%90107%E5%B9%B4%E5%BA%A6%E7%9A%AE%E8%9B%8B%E5%8F%8A%E9%B9%B9%E8%9B%8B%E8%A3%BD%E9%80%A0%E6%A5%AD%E7%A8%BD%E6%9F%A5%E5%B0%88%E6%A1%88%E8%A8%88%E7%95%AB%E3%80%91%E7%B6%B2%E9%A0%81%E7%89%88.pdf,20230731,153030
168,新北市政府衛生局,107年9月(107年國際觀光旅館附設餐廳HACCP稽查專案計畫)抽驗名冊,https://www.health.ntpc.gov.tw/archive/health_ntpc/6/file/107%E5%B9%B49%E6%9C%88%E3%80%90107%E5%B9%B4%E5%9C%8B%E9%9A%9B%E8%A7%80%E5%85%89%E6%97%85%E9%A4%A8%E9%99%84%E8%A8%AD%E9%A4%90%E5%BB%B3HACCP%E7%A8%BD%E6%9F%A5%E5%B0%88%E6%A1%88%E8%A8%88%E7%95%AB%E3%80%91%E7%B6%B2%E9%A0%81%E7%89%88.pdf,20230731,153030
169,新北市政府衛生局,107年9月(本局涼麵衛生標準)抽驗名冊,https://www.health.ntpc.gov.tw/archive/health_ntpc/6/file/107%E5%B9%B49%E6%9C%88%E3%80%90%E6%9C%AC%E5%B1%80%E6%B6%BC%E9%BA%B5-%E8%A1%9B%E7%94%9F%E6%A8%99%E6%BA%96%E3%80%91%E7%B6%B2%E9%A0%81%E7%89%88.pdf,20230731,153030
170,新北市政府衛生局,107年9月(中秋食品水產類及其加工製品)抽驗名冊,https://www.health.ntpc.gov.tw/archive/health_ntpc/6/file/107%E5%B9%B49%E6%9C%88%E3%80%90%E4%B8%AD%E7%A7%8B%E9%A3%9F%E5%93%81-%E6%B0%B4%E7%94%A2%E9%A1%9E%E5%8F%8A%E5%85%B6%E5%8A%A0%E5%B7%A5%E8%A3%BD%E5%93%81%E3%80%91%E7%B6%B2%E9%A0%81%E7%89%88.pdf,20230731,153030
171,新北市政府衛生局,107年9月(中秋食品醬料)抽驗名冊,https://www.health.ntpc.gov.tw/archive/health_ntpc/6/file/107%E5%B9%B49%E6%9C%88%E3%80%90%E4%B8%AD%E7%A7%8B%E9%A3%9F%E5%93%81-%E9%86%AC%E6%96%99%E3%80%91%E7%B6%B2%E9%A0%81%E7%89%88.pdf,20230731,153030
172,新北市政府衛生局,107年9月(中秋食品烤肉蔬菜及應景蔬果)抽驗名冊,https://www.health.ntpc.gov.tw/archive/health_ntpc/6/file/107%E5%B9%B49%E6%9C%88%E3%80%90%E4%B8%AD%E7%A7%8B%E9%A3%9F%E5%93%81-%E7%83%A4%E8%82%89%E8%94%AC%E8%8F%9C%E5%8F%8A%E6%87%89%E6%99%AF%E8%94%AC%E6%9E%9C%E3%80%91%E7%B6%B2%E9%A0%81%E7%89%88.pdf,20230731,153030
173,新北市政府衛生局,107年9月(中秋食品禽畜肉類及其加工製品)抽驗名冊,https://www.health.ntpc.gov.tw/archive/health_ntpc/6/file/107%E5%B9%B49%E6%9C%88%E3%80%90%E4%B8%AD%E7%A7%8B%E9%A3%9F%E5%93%81-%E7%A6%BD%E7%95%9C%E8%82%89%E9%A1%9E%E5%8F%8A%E5%85%B6%E5%8A%A0%E5%B7%A5%E8%A3%BD%E5%93%81%E3%80%91%E7%B6%B2%E9%A0%81%E7%89%88.pdf,20230731,153030
174,新北市政府衛生局,107年9月(中秋食品醬料加強抽驗)抽驗名冊,https://www.health.ntpc.gov.tw/archive/health_ntpc/6/file/107%E5%B9%B49%E6%9C%88%E3%80%90%E4%B8%AD%E7%A7%8B%E9%A3%9F%E5%93%81-%E9%86%AC%E6%96%99-%E5%8A%A0%E5%BC%B7%E6%8A%BD%E9%A9%97%E3%80%91%E7%B6%B2%E9%A0%81%E7%89%88.pdf,20230731,153030
175,新北市政府衛生局,107年9月(中秋食品月餅衛生標準)抽驗名冊,https://www.health.ntpc.gov.tw/archive/health_ntpc/6/file/107%E5%B9%B49%E6%9C%88%E3%80%90%E4%B8%AD%E7%A7%8B%E9%A3%9F%E5%93%81-%E6%9C%88%E9%A4%85-%E8%A1%9B%E7%94%9F%E6%A8%99%E6%BA%96%E3%80%91%E7%B6%B2%E9%A0%81%E7%89%88.pdf,20230731,153030
176,新北市政府衛生局,107年9月(本局加水站衛生標準)抽驗名冊,https://www.health.ntpc.gov.tw/archive/health_ntpc/6/file/107%E5%B9%B49%E6%9C%88%E3%80%90%E6%9C%AC%E5%B1%80-%E5%8A%A0%E6%B0%B4%E7%AB%99-%E8%A1%9B%E7%94%9F%E6%A8%99%E6%BA%96%E3%80%91%E7%B6%B2%E9%A0%81%E7%89%88.pdf,20230731,153030
177,新北市政府衛生局,107年9月(本局例行性檢驗食媒性病原菌)抽驗名冊,https://www.health.ntpc.gov.tw/archive/health_ntpc/6/file/107%E5%B9%B49%E6%9C%88%E3%80%90%E6%9C%AC%E5%B1%80%E4%BE%8B%E8%A1%8C%E6%80%A7%E6%AA%A2%E9%A9%97-%E9%A3%9F%E5%AA%92%E6%80%A7%E7%97%85%E5%8E%9F%E8%8F%8C%E3%80%91%E7%B6%B2%E9%A0%81%E7%89%88.pdf,20230731,153030
178,新北市政府衛生局,107年9月(本局豆漿)抽驗名冊,https://www.health.ntpc.gov.tw/archive/health_ntpc/6/file/107%E5%B9%B49%E6%9C%88%E3%80%90%E6%9C%AC%E5%B1%80-%E8%B1%86%E6%BC%BF%E3%80%91%E7%B6%B2%E9%A0%81%E7%89%88.pdf,20230731,153030
179,新北市政府衛生局,107年9月(本局例行性檢驗動物用藥)抽驗名冊,https://www.health.ntpc.gov.tw/archive/health_ntpc/6/file/107%E5%B9%B49%E6%9C%88%E3%80%90%E6%9C%AC%E5%B1%80%E4%BE%8B%E8%A1%8C%E6%80%A7%E6%AA%A2%E9%A9%97-%E5%8B%95%E7%89%A9%E7%94%A8%E8%97%A5%E3%80%91%E7%B6%B2%E9%A0%81%E7%89%88.pdf,20230731,153030
180,新北市政府衛生局,107年9月(本局便當衛生標準複抽)抽驗名冊,https://www.health.ntpc.gov.tw/archive/health_ntpc/6/file/107%E5%B9%B49%E6%9C%88%E3%80%90%E6%9C%AC%E5%B1%80-%E4%BE%BF%E7%95%B6%E8%A1%9B%E7%94%9F%E6%A8%99%E6%BA%96%E8%A4%87%E6%8A%BD%E3%80%91%E7%B6%B2%E9%A0%81%E7%89%88.pdf,20230731,153030
181,新北市政府衛生局,107年10月(後市場動物用藥殘留)抽驗名冊,https://www.health.ntpc.gov.tw/archive/health_ntpc/6/file/107%E5%B9%B49%E6%9C%88%E3%80%90%E6%9C%AC%E5%B1%80-%E4%BE%BF%E7%95%B6%E8%A1%9B%E7%94%9F%E6%A8%99%E6%BA%96%E8%A4%87%E6%8A%BD%E3%80%91%E7%B6%B2%E9%A0%81%E7%89%88.pdf,20230731,153030
182,新北市政府衛生局,107年10月(聯合分工以甲醛三聚氰胺為合成原料之塑膠類食品容器具材質試驗)抽驗名冊,https://www.health.ntpc.gov.tw/archive/health_ntpc/6/file/107%E5%B9%B410%E6%9C%88%E3%80%90%E8%81%AF%E5%90%88%E5%88%86%E5%B7%A5-%E4%BB%A5%E7%94%B2%E9%86%9B-%E4%B8%89%E8%81%9A%E6%B0%B0%E8%83%BA%E7%82%BA%E5%90%88%E6%88%90%E5%8E%9F%E6%96%99%E4%B9%8B%E5%A1%91%E8%86%A0%E9%A1%9E%E9%A3%9F%E5%93%81%E5%AE%B9%E5%99%A8%E5%85%B7-%E6%9D%90%E8%B3%AA%E8%A9%A6%E9%A9%97%E3%80%91%E7%B6%B2%E9%A0%81%E7%89%88.pdf,20230731,153030
183,新北市政府衛生局,107年10月(本局例行性檢驗農藥殘留)抽驗名冊,https://www.health.ntpc.gov.tw/archive/health_ntpc/6/file/107%E5%B9%B410%E6%9C%88%E3%80%90%E6%9C%AC%E5%B1%80%E4%BE%8B%E8%A1%8C%E6%80%A7%E6%AA%A2%E9%A9%97-%E8%BE%B2%E8%97%A5%E6%AE%98%E7%95%99%E3%80%91%E7%B6%B2%E9%A0%81%E7%89%88.pdf,20230731,153030
184,新北市政府衛生局,107年10月(後市場嬰兒食品重金屬)抽驗名冊,https://www.health.ntpc.gov.tw/archive/health_ntpc/6/file/107%E5%B9%B410%E6%9C%88%E3%80%90%E5%BE%8C%E5%B8%82%E5%A0%B4-%E5%AC%B0%E5%85%92%E9%A3%9F%E5%93%81%E9%87%8D%E9%87%91%E5%B1%AC%E3%80%91%E7%B6%B2%E9%A0%81%E7%89%88.pdf,20230731,153030
185,新北市政府衛生局,107年10月(本局加水站衛生標準複抽)抽驗名冊,https://www.health.ntpc.gov.tw/archive/health_ntpc/6/file/107%E5%B9%B410%E6%9C%88%E3%80%90%E6%9C%AC%E5%B1%80-%E5%8A%A0%E6%B0%B4%E7%AB%99%E8%A1%9B%E7%94%9F%E6%A8%99%E6%BA%96%E8%A4%87%E6%8A%BD%E3%80%91%E7%B6%B2%E9%A0%81%E7%89%88.pdf,20230731,153030
186,新北市政府衛生局,107年10月(本局冷凍蔥抓餅衛生標準)抽驗名冊,https://www.health.ntpc.gov.tw/archive/health_ntpc/6/file/107%E5%B9%B410%E6%9C%88%E3%80%90%E6%9C%AC%E5%B1%80-%E5%86%B7%E5%87%8D%E8%94%A5%E6%8A%93%E9%A4%85%E8%A1%9B%E7%94%9F%E6%A8%99%E6%BA%96%E3%80%91%E7%B6%B2%E9%A0%81%E7%89%88.pdf,20230731,153030
187,新北市政府衛生局,107年10月(本局菜餚衛生標準)抽驗名冊,https://www.health.ntpc.gov.tw/archive/health_ntpc/6/file/107%E5%B9%B410%E6%9C%88%E3%80%90%E6%9C%AC%E5%B1%80-%E8%8F%9C%E9%A4%9A%E8%A1%9B%E7%94%9F%E6%A8%99%E6%BA%96%E3%80%91%E7%B6%B2%E9%A0%81%E7%89%88.pdf,20230731,153030
188,新北市政府衛生局,107年10月(本局例行性檢驗殼蛋農藥殘留)抽驗名冊,https://www.health.ntpc.gov.tw/archive/health_ntpc/6/file/107%E5%B9%B410%E6%9C%88%E3%80%90%E6%9C%AC%E5%B1%80%E4%BE%8B%E8%A1%8C%E6%80%A7%E6%AA%A2%E9%A9%97-%E6%AE%BC%E8%9B%8B%E8%BE%B2%E8%97%A5%E6%AE%98%E7%95%99%E3%80%91%E7%B6%B2%E9%A0%81%E7%89%88.pdf,20230731,153030
189,新北市政府衛生局,107年10月(聯合分工動物用藥)抽驗名冊,https://www.health.ntpc.gov.tw/archive/health_ntpc/6/file/107%E5%B9%B410%E6%9C%88%E3%80%90%E8%81%AF%E5%90%88%E5%88%86%E5%B7%A5-%E5%8B%95%E7%89%A9%E7%94%A8%E8%97%A5%E3%80%91%E7%B6%B2%E9%A0%81%E7%89%88.pdf,20230731,153030
190,新北市政府衛生局,107年10月(本局關東煮衛生標準)抽驗名冊,https://www.health.ntpc.gov.tw/archive/health_ntpc/6/file/107%E5%B9%B410%E6%9C%88%E3%80%90%E6%9C%AC%E5%B1%80-%E9%97%9C%E6%9D%B1%E7%85%AE%E8%A1%9B%E7%94%9F%E6%A8%99%E6%BA%96%E3%80%91%E7%B6%B2%E9%A0%81%E7%89%88.pdf,20230731,153030
191,新北市政府衛生局,107年10月(本局涼麵複抽)抽驗名冊,https://www.health.ntpc.gov.tw/archive/health_ntpc/6/file/107%E5%B9%B410%E6%9C%88%E3%80%90%E6%9C%AC%E5%B1%80-%E6%B6%BC%E9%BA%B5%E8%A4%87%E6%8A%BD%E3%80%91%E7%B6%B2%E9%A0%81%E7%89%88.pdf,20230731,153030
192,新北市政府衛生局,107年10月(聯合分工包裝飲用水重金屬)抽驗名冊,https://www.health.ntpc.gov.tw/archive/health_ntpc/6/file/107%E5%B9%B410%E6%9C%88%E3%80%90%E8%81%AF%E5%90%88%E5%88%86%E5%B7%A5-%E5%8C%85%E8%A3%9D%E9%A3%B2%E7%94%A8%E6%B0%B4%E9%87%8D%E9%87%91%E5%B1%AC%E3%80%91%E7%B6%B2%E9%A0%81%E7%89%88.pdf,20230731,153030
193,新北市政府衛生局,107年10月(107年乳品加工食品業HACCP稽查專案計畫)抽驗名冊,https://www.health.ntpc.gov.tw/archive/health_ntpc/6/file/107%E5%B9%B410%E6%9C%88%E3%80%90107%E5%B9%B4%E4%B9%B3%E5%93%81%E5%8A%A0%E5%B7%A5%E9%A3%9F%E5%93%81%E6%A5%ADHACCP%E7%A8%BD%E6%9F%A5%E5%B0%88%E6%A1%88%E8%A8%88%E7%95%AB%E3%80%91%E7%B6%B2%E9%A0%81%E7%89%88.pdf,20230731,153030
194,新北市政府衛生局,107年10月(本局紅魷魚.黃橄欖)抽驗名冊,https://www.health.ntpc.gov.tw/archive/health_ntpc/6/file/107%E5%B9%B410%E6%9C%88%E3%80%90%E6%9C%AC%E5%B1%80-%E7%B4%85%E9%AD%B7%E9%AD%9A%E3%80%81%E9%BB%83%E6%A9%84%E6%AC%96%E3%80%91%E7%B6%B2%E9%A0%81%E7%89%88.pdf,20230731,153030
195,新北市政府衛生局,107年10月(本局調味豆干)抽驗名冊,https://www.health.ntpc.gov.tw/archive/health_ntpc/6/file/107%E5%B9%B410%E6%9C%88%E3%80%90%E6%9C%AC%E5%B1%80-%E8%AA%BF%E5%91%B3%E8%B1%86%E5%B9%B2%E3%80%91%E7%B6%B2%E9%A0%81%E7%89%88.pdf,20230731,153030
196,新北市政府衛生局,107年10月(後市場重金屬)抽驗名冊,https://www.health.ntpc.gov.tw/archive/health_ntpc/6/file/107%E5%B9%B410%E6%9C%88%E3%80%90%E5%BE%8C%E5%B8%82%E5%A0%B4-%E9%87%8D%E9%87%91%E5%B1%AC%E3%80%91%E7%B6%B2%E9%A0%81%E7%89%88.pdf,20230731,153030
197,新北市政府衛生局,107年10月(聯合分工水產品重金屬)抽驗名冊,https://www.health.ntpc.gov.tw/archive/health_ntpc/6/file/107%E5%B9%B410%E6%9C%88%E3%80%90%E8%81%AF%E5%90%88%E5%88%86%E5%B7%A5-%E6%B0%B4%E7%94%A2%E5%93%81%E9%87%8D%E9%87%91%E5%B1%AC%E3%80%91%E7%B6%B2%E9%A0%81%E7%89%88.pdf,20230731,153030
198,新北市政府衛生局,107年10月(聯合分工五穀黃麴毒素)抽驗名冊,https://www.health.ntpc.gov.tw/archive/health_ntpc/6/file/107%E5%B9%B410%E6%9C%88%E3%80%90%E8%81%AF%E5%90%88%E5%88%86%E5%B7%A5-%E4%BA%94%E7%A9%80%E9%BB%83%E9%BA%B4%E6%AF%92%E7%B4%A0%E3%80%91%E7%B6%B2%E9%A0%81%E7%89%88.pdf,20230731,153030
199,新北市政府衛生局,107年11月(食用油脂業稽查專案第二階段)抽驗名冊,https://www.health.ntpc.gov.tw/archive/health_ntpc/6/file/107%E5%B9%B411%E6%9C%88%E3%80%90%E9%A3%9F%E7%94%A8%E6%B2%B9%E8%84%82%E6%A5%AD%E7%A8%BD%E6%9F%A5%E5%B0%88%E6%A1%88--%E7%AC%AC%E4%BA%8C%E9%9A%8E%E6%AE%B5%E3%80%91%E7%B6%B2%E9%A0%81%E7%89%88.pdf,20230731,153030
200,新北市政府衛生局,107年11月(火鍋餐飲業稽查專案)抽驗名冊,https://www.health.ntpc.gov.tw/archive/health_ntpc/6/file/107%E5%B9%B411%E6%9C%88%E3%80%90%E7%81%AB%E9%8D%8B%E9%A4%90%E9%A3%B2%E6%A5%AD%E7%A8%BD%E6%9F%A5%E5%B0%88%E6%A1%88%E3%80%91%E7%B6%B2%E9%A0%81%E7%89%88.pdf,20230731,153030
201,新北市政府衛生局,107年11月(本局食品塑膠容器具)抽驗名冊,https://www.health.ntpc.gov.tw/archive/health_ntpc/6/file/107%E5%B9%B411%E6%9C%88%E3%80%90%E6%9C%AC%E5%B1%80-%E9%A3%9F%E5%93%81%E5%A1%91%E8%86%A0%E5%AE%B9%E5%99%A8%E5%85%B7%E3%80%91%E7%B6%B2%E9%A0%81%E7%89%88.pdf,20230731,153030
202,新北市政府衛生局,107年11月(冬至湯圓)抽驗名冊,https://www.health.ntpc.gov.tw/archive/health_ntpc/6/file/107%E5%B9%B411%E6%9C%88%E3%80%90%E5%86%AC%E8%87%B3%E6%B9%AF%E5%9C%93%E3%80%91%E7%B6%B2%E9%A0%81%E7%89%88.pdf,20230731,153030
203,新北市政府衛生局,107年11月(107年度月子餐稽查專案計畫書)抽驗名冊,https://www.health.ntpc.gov.tw/basic/?mode=detail&node=2289,20230731,153030
204,新北市政府衛生局,107年12月(膠囊錠狀塑化劑)抽驗名冊,https://www.health.ntpc.gov.tw/archive/health_ntpc/6/file/107%E5%B9%B411%E6%9C%88%E3%80%90%E8%86%A0%E5%9B%8A%E9%8C%A0%E7%8B%80-%E5%A1%91%E5%8C%96%E5%8A%91%E3%80%91%E7%B6%B2%E9%A0%81%E7%89%88.pdf,20230731,153030
205,新北市政府衛生局,107年12月(後市場農藥殘留)抽驗名冊,https://www.health.ntpc.gov.tw/archive/health_ntpc/6/file/107%E5%B9%B412%E6%9C%88%E3%80%90%E5%BE%8C%E5%B8%82%E5%A0%B4-%E8%BE%B2%E8%97%A5%E6%AE%98%E7%95%99%E3%80%91.pdf,20230731,153030
206,新北市政府衛生局,107年12月(本局刈包衛生標準)抽驗名冊,https://www.health.ntpc.gov.tw/archive/health_ntpc/6/file/107%E5%B9%B412%E6%9C%88%E3%80%90%E6%9C%AC%E5%B1%80-%E5%88%88%E5%8C%85%E8%A1%9B%E7%94%9F%E6%A8%99%E6%BA%96%E3%80%91%E7%B6%B2%E9%A0%81%E7%89%88.pdf,20230731,153030
207,新北市政府衛生局,107年12月(本局鍋貼水餃衛生標準)抽驗名冊,https://www.health.ntpc.gov.tw/archive/health_ntpc/6/file/107%E5%B9%B412%E6%9C%88%E3%80%90%E6%9C%AC%E5%B1%80-%E9%8D%8B%E8%B2%BC%E6%B0%B4%E9%A4%83%E8%A1%9B%E7%94%9F%E6%A8%99%E6%BA%96%E3%80%91%E7%B6%B2%E9%A0%81%E7%89%88.pdf,20230731,153030
208,新北市政府衛生局,107年12月(107年基因改造食品稽查專案)抽驗名冊,https://www.health.ntpc.gov.tw/archive/health_ntpc/6/file/107%E5%B9%B412%E6%9C%88%E3%80%90107%E5%B9%B4%E5%9F%BA%E5%9B%A0%E6%94%B9%E9%80%A0%E9%A3%9F%E5%93%81%E7%A8%BD%E6%9F%A5%E5%B0%88%E6%A1%88%E3%80%91%E7%B6%B2%E9%A0%81%E7%89%88.pdf,20230731,153030
209,新北市政府衛生局,107年12月(醬料非食用化學色素)抽驗名冊,https://www.health.ntpc.gov.tw/archive/health_ntpc/6/file/107%E5%B9%B412%E6%9C%88%E3%80%90%E9%86%AC%E6%96%99-%E9%9D%9E%E9%A3%9F%E7%94%A8%E5%8C%96%E5%AD%B8%E8%89%B2%E7%B4%A0%E3%80%91%E7%B6%B2%E9%A0%81%E7%89%88.pdf,20230731,153030
210,新北市政府衛生局,108年1月(本局關東煮抽驗專案)抽驗名冊,https://www.health.ntpc.gov.tw/archive/health_ntpc/6/file/108%E5%B9%B41%E6%9C%88%E3%80%90%E6%9C%AC%E5%B1%80-%E9%97%9C%E6%9D%B1%E7%85%AE%E6%8A%BD%E9%A9%97%E5%B0%88%E6%A1%88%E3%80%91%E7%B6%B2%E9%A0%81%E7%89%88.pdf,20230731,153030
211,新北市政府衛生局,108年1月(元宵抽驗專案)抽驗名冊,https://www.health.ntpc.gov.tw/archive/health_ntpc/6/file/108%E5%B9%B41%E6%9C%88%E3%80%90%E5%85%83%E5%AE%B5%E6%8A%BD%E9%A9%97%E5%B0%88%E6%A1%88%E3%80%91%E7%B6%B2%E9%A0%81%E7%89%88.pdf,20230731,153030
212,新北市政府衛生局,108年1月(聯合分工麵包糕餅抽驗)抽驗名冊,https://www.health.ntpc.gov.tw/archive/health_ntpc/6/file/1%E6%9C%88%E9%BA%B5%E5%8C%85%E7%B3%95%E9%A4%85(1).pdf,20230731,153030
213,新北市政府衛生局,108年1月(後市場農藥殘留)抽驗名冊,https://www.health.ntpc.gov.tw/archive/health_ntpc/6/file/108%E5%B9%B41%E6%9C%88%E3%80%90%E5%BE%8C%E5%B8%82%E5%A0%B4-%E8%BE%B2%E8%97%A5%E6%AE%98%E7%95%99%E3%80%91%E7%B6%B2%E9%A0%81%E7%89%88(1).pdf,20230731,153030
214,新北市政府衛生局,108年1月(春節抽驗專案)抽驗名冊,https://www.health.ntpc.gov.tw/archive/health_ntpc/6/file/108%E5%B9%B41%E6%9C%88%E3%80%90%E6%98%A5%E7%AF%80%E6%8A%BD%E9%A9%97%E5%B0%88%E6%A1%88%E3%80%91%E7%B6%B2%E9%A0%81%E7%89%88.pdf,20230731,153030
215,新北市政府衛生局,108年2月(後市場動物用藥殘留)抽驗名冊,https://www.health.ntpc.gov.tw/archive/health_ntpc/6/file/108%E5%B9%B42%E6%9C%88%E3%80%90%E5%BE%8C%E5%B8%82%E5%A0%B4-%E5%8B%95%E7%89%A9%E7%94%A8%E8%97%A5%E6%AE%98%E7%95%99%E3%80%91.pdf,20230731,153030
216,新北市政府衛生局,108年2月(香辛料黃麴毒素抽驗專案)抽驗名冊,https://www.health.ntpc.gov.tw/archive/health_ntpc/6/file/108%E5%B9%B42%E6%9C%88%E3%80%90%E9%A6%99%E8%BE%9B%E6%96%99-%E9%BB%83%E9%BA%B4%E6%AF%92%E7%B4%A0%E6%8A%BD%E9%A9%97%E5%B0%88%E6%A1%88%E3%80%91%E7%B6%B2%E9%A0%81%E7%89%88(3).pdf,20230731,153030
217,新北市政府衛生局,108年2月(花生粉黃麴毒素抽驗專案)抽驗名冊,https://www.health.ntpc.gov.tw/archive/health_ntpc/6/file/108%E5%B9%B42%E6%9C%88%E3%80%90%E8%8A%B1%E7%94%9F%E7%B2%89-%E9%BB%83%E9%BA%B4%E6%AF%92%E7%B4%A0%E6%8A%BD%E9%A9%97%E5%B0%88%E6%A1%88%E3%80%91%E7%B6%B2%E9%A0%81%E7%89%88.pdf,20230731,153030
218,新北市政府衛生局,108年2月(後市場農藥殘留)抽驗名冊,https://www.health.ntpc.gov.tw/archive/health_ntpc/6/file/108%E5%B9%B42%E6%9C%88%E3%80%90%E5%BE%8C%E5%B8%82%E5%A0%B4-%E8%BE%B2%E8%97%A5%E6%AE%98%E7%95%99%E3%80%91%E7%B6%B2%E9%A0%81%E7%89%88.pdf,20230731,153030
219,新北市政府衛生局,108年3月(本局例行性檢驗蛋品農藥殘留)抽驗名冊,https://www.health.ntpc.gov.tw/archive/health_ntpc/6/file/108%E5%B9%B43%E6%9C%88%E3%80%90%E6%9C%AC%E5%B1%80%E4%BE%8B%E8%A1%8C%E6%80%A7%E6%AA%A2%E9%A9%97-%E8%9B%8B%E5%93%81-%E8%BE%B2%E8%97%A5%E6%AE%98%E7%95%99%E3%80%91%E7%B6%B2%E9%A0%81%E7%89%88(2).pdf,20230731,153030
220,新北市政府衛生局,108年3月(本局餐車小吃)抽驗名冊,https://www.health.ntpc.gov.tw/archive/health_ntpc/6/file/108%E5%B9%B43%E6%9C%88%E3%80%90%E6%9C%AC%E5%B1%80-%E9%A4%90%E8%BB%8A%E5%B0%8F%E5%90%83%E3%80%91%E7%B6%B2%E9%A0%81%E7%89%88.pdf,20230731,153030
221,新北市政府衛生局,108年3月(後市場動物用藥殘留)抽驗名冊,https://www.health.ntpc.gov.tw/archive/health_ntpc/6/file/108%E5%B9%B43%E6%9C%88%E3%80%90%E5%BE%8C%E5%B8%82%E5%A0%B4-%E5%8B%95%E7%89%A9%E7%94%A8%E8%97%A5%E6%AE%98%E7%95%99%E3%80%91.pdf,20230731,153030
222,新北市政府衛生局,108年3月(聯合分工生魚片)抽驗名冊,https://www.health.ntpc.gov.tw/archive/health_ntpc/6/file/108%E5%B9%B43%E6%9C%88%E3%80%90%E8%81%AF%E5%90%88%E5%88%86%E5%B7%A5-%E7%94%9F%E9%AD%9A%E7%89%87%E3%80%91%E7%B6%B2%E9%A0%81%E7%89%88.pdf,20230731,153030
223,新北市政府衛生局,108年3月(醃漬蔬菜專案)抽驗名冊,https://www.health.ntpc.gov.tw/archive/health_ntpc/6/file/108%E5%B9%B43%E6%9C%88%E3%80%90%E9%86%83%E6%BC%AC%E8%94%AC%E8%8F%9C%E5%B0%88%E6%A1%88%E3%80%91%E7%B6%B2%E9%A0%81%E7%89%88.pdf,20230731,153030
224,新北市政府衛生局,108年3月(後市場真菌專案)抽驗名冊,https://www.health.ntpc.gov.tw/archive/health_ntpc/6/file/108%E5%B9%B43%E6%9C%88%E3%80%90%E5%BE%8C%E5%B8%82%E5%A0%B4-%E7%9C%9F%E8%8F%8C%E5%B0%88%E6%A1%88%E3%80%91%E7%B6%B2%E9%A0%81%E7%89%88.pdf,20230731,153030
225,新北市政府衛生局,108年3月(後市場重金屬專案)抽驗名冊,https://www.health.ntpc.gov.tw/archive/health_ntpc/6/file/108%E5%B9%B43%E6%9C%88%E3%80%90%E5%BE%8C%E5%B8%82%E5%A0%B4-%E9%87%8D%E9%87%91%E5%B1%AC%E5%B0%88%E6%A1%88%E3%80%91%E7%B6%B2%E9%A0%81%E7%89%88.pdf,20230731,153030
226,新北市政府衛生局,108年3月(兒童節糖果零食)抽驗名冊,https://www.health.ntpc.gov.tw/archive/health_ntpc/6/file/108%E5%B9%B43%E6%9C%88%E3%80%90%E5%85%92%E7%AB%A5%E7%AF%80-%E7%B3%96%E6%9E%9C%E9%9B%B6%E9%A3%9F%E3%80%91%E7%B6%B2%E9%A0%81%E7%89%88.pdf,20230731,153030
227,新北市政府衛生局,108年3月(本局嬰兒副食品專案)抽驗名冊,https://www.health.ntpc.gov.tw/archive/health_ntpc/6/file/108%E5%B9%B43%E6%9C%88%E3%80%90%E6%9C%AC%E5%B1%80-%E5%AC%B0%E5%85%92%E5%89%AF%E9%A3%9F%E5%93%81%E5%B0%88%E6%A1%88%E3%80%91%E7%B6%B2%E9%A0%81%E7%89%88.pdf,20230731,153030
228,新北市政府衛生局,108年3月(本局嬰幼兒奶粉抽驗專案)抽驗名冊,https://www.health.ntpc.gov.tw/archive/health_ntpc/6/file/108%E5%B9%B43%E6%9C%88%E3%80%90%E6%9C%AC%E5%B1%80-%E5%AC%B0%E5%B9%BC%E5%85%92%E5%A5%B6%E7%B2%89%E6%8A%BD%E9%A9%97%E5%B0%88%E6%A1%88%E3%80%91%E7%B6%B2%E9%A0%81%E7%89%88.pdf,20230731,153030
229,新北市政府衛生局,108年3月(本局加強檢驗蛋品農藥及動物用藥殘留)抽驗名冊,https://www.health.ntpc.gov.tw/archive/health_ntpc/6/file/108%E5%B9%B43%E6%9C%88%E3%80%90%E6%9C%AC%E5%B1%80%E5%8A%A0%E5%BC%B7%E6%AA%A2%E9%A9%97-%E8%9B%8B%E5%93%81-%E8%BE%B2%E8%97%A5%E5%8F%8A%E5%8B%95%E7%89%A9%E7%94%A8%E8%97%A5%E6%AE%98%E7%95%99%E3%80%91%E7%B6%B2%E9%A0%81%E7%89%88(2).pdf,20230731,153030
230,新北市政府衛生局,108年3月(清明節抽驗專案)抽驗名冊,https://www.health.ntpc.gov.tw/archive/health_ntpc/6/file/108%E5%B9%B43%E6%9C%88%E3%80%90%E6%B8%85%E6%98%8E%E7%AF%80%E6%8A%BD%E9%A9%97%E5%B0%88%E6%A1%88%E3%80%91.pdf,20230731,153030
231,新北市政府衛生局,108年4月(本局嬰兒奶嘴奶瓶抽驗專案)抽驗名冊,https://www.health.ntpc.gov.tw/archive/health_ntpc/6/file/108%E5%B9%B44%E6%9C%88%E3%80%90%E6%9C%AC%E5%B1%80-%E5%AC%B0%E5%85%92%E5%A5%B6%E5%98%B4%E5%A5%B6%E7%93%B6%E6%8A%BD%E9%A9%97%E5%B0%88%E6%A1%88%E3%80%91%E7%B6%B2%E9%A0%81%E7%89%88.pdf,20230731,153030
232,新北市政府衛生局,108年4月(本局乳製品抽驗專案)抽驗名冊,https://www.health.ntpc.gov.tw/archive/health_ntpc/6/file/108%E5%B9%B44%E6%9C%88%E3%80%90%E6%9C%AC%E5%B1%80-%E4%B9%B3%E8%A3%BD%E5%93%81%E6%8A%BD%E9%A9%97%E5%B0%88%E6%A1%88%E3%80%91%E7%B6%B2%E9%A0%81%E7%89%88.pdf,20230731,153030
233,新北市政府衛生局,108年4月(後市場農藥殘留)抽驗名冊,https://www.health.ntpc.gov.tw/archive/health_ntpc/6/file/108%E5%B9%B44%E6%9C%88%E3%80%90%E5%BE%8C%E5%B8%82%E5%A0%B4-%E8%BE%B2%E8%97%A5%E6%AE%98%E7%95%99%E3%80%91%E7%B6%B2%E9%A0%81%E7%89%88.pdf,20230731,153030
234,新北市政府衛生局,108年4月(本局例行性檢驗動物用藥殘留)抽驗名冊,https://www.health.ntpc.gov.tw/archive/health_ntpc/6/file/108%E5%B9%B44%E6%9C%88%E3%80%90%E6%9C%AC%E5%B1%80%E4%BE%8B%E8%A1%8C%E6%80%A7%E6%AA%A2%E9%A9%97-%E5%8B%95%E7%89%A9%E7%94%A8%E8%97%A5%E6%AE%98%E7%95%99%E3%80%91%E7%B6%B2%E9%A0%81%E7%89%88.pdf,20230731,153030
235,新北市政府衛生局,108年4月(後市場真菌專案複抽)抽驗名冊,https://www.health.ntpc.gov.tw/archive/health_ntpc/6/file/108%E5%B9%B44%E6%9C%88%E3%80%90%E5%BE%8C%E5%B8%82%E5%A0%B4-%E7%9C%9F%E8%8F%8C%E5%B0%88%E6%A1%88%E8%A4%87%E6%8A%BD%E3%80%91%E7%B6%B2%E9%A0%81%E7%89%88.pdf,20230731,153030
236,新北市政府衛生局,108年4月(後市場重金屬專案)抽驗名冊,https://www.health.ntpc.gov.tw/archive/health_ntpc/6/file/108%E5%B9%B44%E6%9C%88%E3%80%90%E5%BE%8C%E5%B8%82%E5%A0%B4-%E9%87%8D%E9%87%91%E5%B1%AC%E5%B0%88%E6%A1%88%E3%80%91%E7%B6%B2%E9%A0%81%E7%89%88.pdf,20230731,153030
237,新北市政府衛生局,108年5月(後市場動物用藥殘留)抽驗名冊,https://www.health.ntpc.gov.tw/archive/health_ntpc/6/file/108%E5%B9%B45%E6%9C%88%E3%80%90%E5%BE%8C%E5%B8%82%E5%A0%B4-%E5%8B%95%E7%89%A9%E7%94%A8%E8%97%A5%E6%AE%98%E7%95%99%E3%80%91(1).pdf,20230731,153030
238,新北市政府衛生局,108年5月(本局壽司飯糰與黃薑片)抽驗名冊,https://www.health.ntpc.gov.tw/archive/health_ntpc/6/file/108%E5%B9%B45%E6%9C%88%E3%80%90%E6%9C%AC%E5%B1%80-%E5%A3%BD%E5%8F%B8%E9%A3%AF%E7%B3%B0%E8%88%87%E9%BB%83%E8%96%91%E7%89%87%E3%80%91%E7%B6%B2%E9%A0%81%E7%89%88.pdf,20230731,153030
239,新北市政府衛生局,108年5月(本局母親節蛋糕)抽驗名冊,https://www.health.ntpc.gov.tw/archive/health_ntpc/6/file/108%E5%B9%B45%E6%9C%88%E3%80%90%E6%9C%AC%E5%B1%80-%E6%AF%8D%E8%A6%AA%E7%AF%80%E8%9B%8B%E7%B3%95%E3%80%91.pdf,20230731,153030
240,新北市政府衛生局,108年5月(本局慕斯蛋糕)抽驗名冊,https://www.health.ntpc.gov.tw/archive/health_ntpc/6/file/108%E5%B9%B45%E6%9C%88%E3%80%90%E6%9C%AC%E5%B1%80-%E6%85%95%E6%96%AF%E8%9B%8B%E7%B3%95%E3%80%91.pdf,20230731,153030
241,新北市政府衛生局,108年5月(聯合分工食用油脂)抽驗名冊,https://www.health.ntpc.gov.tw/archive/health_ntpc/6/file/108%E5%B9%B45%E6%9C%88%E3%80%90%E8%81%AF%E5%90%88%E5%88%86%E5%B7%A5-%E9%A3%9F%E7%94%A8%E6%B2%B9%E8%84%82%E3%80%91.pdf,20230731,153030
242,新北市政府衛生局,108年5月(本局重金屬)抽驗名冊,https://www.health.ntpc.gov.tw/archive/health_ntpc/6/file/108%E5%B9%B45%E6%9C%88%E3%80%90%E6%9C%AC%E5%B1%80-%E9%87%8D%E9%87%91%E5%B1%AC%E3%80%91%E7%B6%B2%E9%A0%81%E7%89%88.pdf,20230731,153030
243,新北市政府衛生局,108年5月(食藥署現場調製飲料冰品販賣業稽查抽驗計畫)抽驗名冊,https://www.health.ntpc.gov.tw/archive/health_ntpc/6/file/108%E5%B9%B45%E6%9C%88%E3%80%90%E9%A3%9F%E8%97%A5%E7%BD%B2-%E7%8F%BE%E5%A0%B4%E8%AA%BF%E8%A3%BD%E9%A3%B2%E6%96%99%E5%86%B0%E5%93%81%E8%B2%A9%E8%B3%A3%E6%A5%AD%E7%A8%BD%E6%9F%A5%E6%8A%BD%E9%A9%97%E8%A8%88%E7%95%AB%E3%80%91.pdf,20230731,153030
244,新北市政府衛生局,108年5月(食藥署早餐暨人氣早午餐業者稽查抽驗專案)抽驗名冊,https://www.health.ntpc.gov.tw/archive/health_ntpc/6/file/108%E5%B9%B45%E6%9C%88%E3%80%90%E9%A3%9F%E8%97%A5%E7%BD%B2-%E7%8F%BE%E5%A0%B4%E8%AA%BF%E8%A3%BD%E9%A3%B2%E6%96%99%E5%86%B0%E5%93%81%E8%B2%A9%E8%B3%A3%E6%A5%AD%E7%A8%BD%E6%9F%A5%E6%8A%BD%E9%A9%97%E8%A8%88%E7%95%AB%E3%80%91.pdf,20230731,153030
245,新北市政府衛生局,108年5月(食藥署人氣美食餐廳稽查專案)抽驗名冊,https://www.health.ntpc.gov.tw/archive/health_ntpc/6/file/108%E5%B9%B45%E6%9C%88%E3%80%90%E9%A3%9F%E8%97%A5%E7%BD%B2-%E4%BA%BA%E6%B0%A3%E7%BE%8E%E9%A3%9F%E9%A4%90%E5%BB%B3%E7%A8%BD%E6%9F%A5%E5%B0%88%E6%A1%88%E3%80%91.pdf,20230731,153030
246,新北市政府衛生局,108年5月(專案108年度食用冰塊製造業稽查專案計畫)抽驗名冊,https://www.health.ntpc.gov.tw/archive/health_ntpc/6/file/108%E5%B9%B45%E6%9C%88%E3%80%90%E5%B0%88%E6%A1%88-108%E5%B9%B4%E5%BA%A6%E9%A3%9F%E7%94%A8%E5%86%B0%E5%A1%8A%E8%A3%BD%E9%80%A0%E6%A5%AD%E7%A8%BD%E6%9F%A5%E5%B0%88%E6%A1%88%E8%A8%88%E7%95%AB%E3%80%91.pdf,20230731,153030
247,新北市政府衛生局,108年5月(專案108年乳品加工食品業HACCP稽查專案計畫)抽驗名冊,https://www.health.ntpc.gov.tw/archive/health_ntpc/6/file/108%E5%B9%B45%E6%9C%88%E3%80%90%E5%B0%88%E6%A1%88-108%E5%B9%B4%E4%B9%B3%E5%93%81%E5%8A%A0%E5%B7%A5%E9%A3%9F%E5%93%81%E6%A5%ADHACCP%E7%A8%BD%E6%9F%A5%E5%B0%88%E6%A1%88%E8%A8%88%E7%95%AB%E3%80%91.pdf,20230731,153030
248,新北市政府衛生局,108年5月(後市場5月農藥殘留)抽驗名冊,https://www.health.ntpc.gov.tw/archive/health_ntpc/6/file/108%E5%B9%B45%E6%9C%88%E3%80%90%E5%BE%8C%E5%B8%82%E5%A0%B4-5%E6%9C%88%E8%BE%B2%E8%97%A5%E6%AE%98%E7%95%99%E3%80%91.pdf,20230731,153030
249,新北市政府衛生局,108年5月(端午節抽驗專案)抽驗名冊,https://www.health.ntpc.gov.tw/archive/health_ntpc/6/file/108%E5%B9%B45%E6%9C%88%E3%80%90%E7%AB%AF%E5%8D%88%E7%AF%80%E6%8A%BD%E9%A9%97%E5%B0%88%E6%A1%88%E3%80%91%20.pdf,20230731,153030
250,新北市政府衛生局,108年6月(食藥署金針抽驗專案)抽驗名冊,https://www.health.ntpc.gov.tw/archive/health_ntpc/6/file/108%E5%B9%B46%E6%9C%88%E3%80%90%E9%A3%9F%E8%97%A5%E7%BD%B2%E9%87%91%E9%87%9D%E6%8A%BD%E9%A9%97%E5%B0%88%E6%A1%88%E3%80%91%20.pdf,20230731,153030
251,新北市政府衛生局,108年6月(本局金針加強抽驗)抽驗名冊,https://www.health.ntpc.gov.tw/archive/health_ntpc/6/file/108%E5%B9%B46%E6%9C%88%E3%80%90%E9%A3%9F%E8%97%A5%E7%BD%B2%E9%87%91%E9%87%9D%E6%8A%BD%E9%A9%97%E5%B0%88%E6%A1%88%E3%80%91%20.pdf,20230731,153030
252,新北市政府衛生局,108年6月(本局濕麵製品抽驗)抽驗名冊,https://www.health.ntpc.gov.tw/archive/health_ntpc/6/file/108%E5%B9%B46%E6%9C%88%E3%80%90%E6%9C%AC%E5%B1%80-%E6%BF%95%E9%BA%B5%E8%A3%BD%E5%93%81%E6%8A%BD%E9%A9%97%E3%80%91%20.pdf,20230731,153030
253,新北市政府衛生局,108年6月(後市場動物用藥)抽驗名冊,https://www.health.ntpc.gov.tw/archive/health_ntpc/6/file/108%E5%B9%B46%E6%9C%88%E3%80%90%E5%BE%8C%E5%B8%82%E5%A0%B4-%E9%87%8D%E9%87%91%E5%B1%AC%E3%80%91%E7%B6%B2%E9%A0%81%E7%89%88.pdf,20230731,153030
254,新北市政府衛生局,108年6月(烘焙原料販售專案食品容器具抽驗)抽驗名冊,https://www.health.ntpc.gov.tw/archive/health_ntpc/6/file/108%E5%B9%B46%E6%9C%88%E3%80%90%E7%83%98%E7%84%99%E5%8E%9F%E6%96%99%E8%B2%A9%E5%94%AE%E5%B0%88%E6%A1%88-%E9%A3%9F%E5%93%81%E5%AE%B9%E5%99%A8%E5%85%B7%E6%8A%BD%E9%A9%97%E3%80%91.pdf,20230731,153030
255,新北市政府衛生局,108年6月(本局沙拉麵包)抽驗名冊,https://www.health.ntpc.gov.tw/archive/health_ntpc/6/file/108%E5%B9%B46%E6%9C%88%E3%80%90%E6%9C%AC%E5%B1%80-%E6%B2%99%E6%8B%89%E9%BA%B5%E5%8C%85%E3%80%91.pdf,20230731,153030
256,新北市政府衛生局,108年6月(後市場農藥殘留)抽驗名冊,https://www.health.ntpc.gov.tw/archive/health_ntpc/6/file/108%E5%B9%B46%E6%9C%88%E3%80%90%E5%BE%8C%E5%B8%82%E5%A0%B4-%E8%BE%B2%E8%97%A5%E6%AE%98%E7%95%99%E3%80%91%E7%B6%B2%E9%A0%81%E7%89%88(1).pdf,20230731,153030
257,新北市政府衛生局,108年6月(本局例行性檢驗重金屬)抽驗名冊,https://www.health.ntpc.gov.tw/archive/health_ntpc/6/file/108%E5%B9%B46%E6%9C%88%E3%80%90%E6%9C%AC%E5%B1%80%E4%BE%8B%E8%A1%8C%E6%80%A7%E6%AA%A2%E9%A9%97-%E9%87%8D%E9%87%91%E5%B1%AC%E3%80%91%E7%B6%B2%E9%A0%81%E7%89%88.pdf,20230731,153030
258,新北市政府衛生局,108年6月(後市場重金屬)抽驗名冊,https://www.health.ntpc.gov.tw/archive/health_ntpc/6/file/108%E5%B9%B46%E6%9C%88%E3%80%90%E5%BE%8C%E5%B8%82%E5%A0%B4-%E9%87%8D%E9%87%91%E5%B1%AC%E3%80%91.pdf,20230731,153030
259,新北市政府衛生局,108年6月(本局米濕製品抽驗)抽驗名冊,https://www.health.ntpc.gov.tw/archive/health_ntpc/6/file/108%E5%B9%B46%E6%9C%88%E3%80%90%E6%9C%AC%E5%B1%80-%E7%B1%B3%E6%BF%95%E8%A3%BD%E5%93%81%E6%8A%BD%E9%A9%97%E3%80%91%20.pdf,20230731,153030
260,新北市政府衛生局,108年7月(本局澱粉類製品)抽驗名冊,https://www.health.ntpc.gov.tw/archive/health_ntpc/6/file/108%E5%B9%B47%E6%9C%88%E3%80%90%E6%9C%AC%E5%B1%80-%E6%BE%B1%E7%B2%89%E9%A1%9E%E8%A3%BD%E5%93%81%E3%80%91%20.pdf,20230731,153030
261,新北市政府衛生局,108年7月(後市場動物用藥)抽驗名冊,https://www.health.ntpc.gov.tw/archive/health_ntpc/6/file/108%E5%B9%B47%E6%9C%88%E3%80%90%E5%BE%8C%E5%B8%82%E5%A0%B4-%E5%8B%95%E7%89%A9%E7%94%A8%E8%97%A5%E3%80%91%E7%B6%B2%E9%A0%81%E7%89%88(1).pdf,20230731,153030
262,新北市政府衛生局,108年7月(本局例行性檢驗滷味)抽驗名冊,https://www.health.ntpc.gov.tw/archive/health_ntpc/6/file/108%E5%B9%B47%E6%9C%88%E3%80%90%E6%9C%AC%E5%B1%80%E4%BE%8B%E8%A1%8C%E6%80%A7%E6%AA%A2%E9%A9%97-%E6%BB%B7%E5%91%B3%E3%80%91%E7%B6%B2%E9%A0%81%E7%89%88.pdf,20230731,153030
263,新北市政府衛生局,108年7月(本局例行性檢驗重金屬)抽驗名冊,https://www.health.ntpc.gov.tw/archive/health_ntpc/6/file/108%E5%B9%B47%E6%9C%88%E3%80%90%E6%9C%AC%E5%B1%80%E4%BE%8B%E8%A1%8C%E6%80%A7%E6%AA%A2%E9%A9%97-%E9%87%8D%E9%87%91%E5%B1%AC%E3%80%91%E7%B6%B2%E9%A0%81%E7%89%88.pdf,20230731,153030
264,新北市政府衛生局,108年7月(本局例行性檢驗紙製品)抽驗名冊,https://www.health.ntpc.gov.tw/archive/health_ntpc/6/file/108%E5%B9%B47%E6%9C%88%E3%80%90%E6%9C%AC%E5%B1%80%E4%BE%8B%E8%A1%8C%E6%80%A7%E6%AA%A2%E9%A9%97-%E7%B4%99%E8%A3%BD%E5%93%81%E3%80%91%E7%B6%B2%E9%A0%81%E7%89%88.pdf,20230731,153030
265,新北市政府衛生局,108年8月(聯合分工膠錠食品)抽驗名冊,https://www.health.ntpc.gov.tw/archive/health_ntpc/6/file/108%E5%B9%B48%E6%9C%88%E3%80%90%E8%81%AF%E5%90%88%E5%88%86%E5%B7%A5-%E8%86%A0%E9%8C%A0%E9%A3%9F%E5%93%81%E3%80%91%E7%B6%B2%E9%A0%81%E7%89%88.pdf,20230731,153030
266,新北市政府衛生局,108年8月(本局例行性檢驗麵條)抽驗名冊,https://www.health.ntpc.gov.tw/archive/health_ntpc/6/file/108%E5%B9%B48%E6%9C%88%E3%80%90%E6%9C%AC%E5%B1%80%E4%BE%8B%E8%A1%8C%E6%80%A7%E6%AA%A2%E9%A9%97-%E9%BA%B5%E6%A2%9D%E3%80%91%E7%B6%B2%E9%A0%81%E7%89%88.pdf,20230731,153030
267,新北市政府衛生局,108年8月(後市場動物用藥)抽驗名冊,https://www.health.ntpc.gov.tw/archive/health_ntpc/6/file/108%E5%B9%B48%E6%9C%88%E3%80%90%E5%BE%8C%E5%B8%82%E5%A0%B4-%E5%8B%95%E7%89%A9%E7%94%A8%E8%97%A5%E3%80%91.pdf,20230731,153030
268,新北市政府衛生局,108年8月(中元節應景食品抽驗)抽驗名冊,https://www.health.ntpc.gov.tw/archive/health_ntpc/6/file/108%E5%B9%B48%E6%9C%88%E3%80%90%E4%B8%AD%E5%85%83%E7%AF%80%E6%87%89%E6%99%AF%E9%A3%9F%E5%93%81%E6%8A%BD%E9%A9%97%E3%80%91%20.pdf,20230731,153030
269,新北市政府衛生局,108年8月(飲冰品抽驗)抽驗名冊,https://www.health.ntpc.gov.tw/archive/health_ntpc/6/file/108%E5%B9%B48%E6%9C%88%E3%80%90%E9%A3%B2%E5%86%B0%E5%93%81%E6%8A%BD%E9%A9%97%E3%80%91%E7%B6%B2%E9%A0%81%E7%89%88(1).pdf,20230731,153030
270,新北市政府衛生局,108年8月(後市場真菌毒素)抽驗名冊,https://www.health.ntpc.gov.tw/archive/health_ntpc/6/file/108%E5%B9%B48%E6%9C%88%E3%80%90%E5%BE%8C%E5%B8%82%E5%A0%B4-%E7%9C%9F%E8%8F%8C%E6%AF%92%E7%B4%A0%E3%80%91%E7%B6%B2%E9%A0%81%E7%89%88.pdf,20230731,153030
271,新北市政府衛生局,108年8月(本局例行性檢驗重金屬)抽驗名冊,https://www.health.ntpc.gov.tw/archive/health_ntpc/6/file/108%E5%B9%B48%E6%9C%88%E3%80%90%E6%9C%AC%E5%B1%80%E4%BE%8B%E8%A1%8C%E6%80%A7%E6%AA%A2%E9%A9%97-%E9%87%8D%E9%87%91%E5%B1%AC%E3%80%91%E7%B6%B2%E9%A0%81%E7%89%88.pdf,20230731,153030
272,新北市政府衛生局,108年8月(本局例行性檢驗豆製品)抽驗名冊,https://www.health.ntpc.gov.tw/archive/health_ntpc/6/file/108%E5%B9%B48%E6%9C%88%E3%80%90%E6%9C%AC%E5%B1%80%E4%BE%8B%E8%A1%8C%E6%80%A7%E6%AA%A2%E9%A9%97-%E8%B1%86%E8%A3%BD%E5%93%81%E3%80%91%E7%B6%B2%E9%A0%81%E7%89%88.pdf,20230731,153030
273,新北市政府衛生局,108年8月(本局例行性檢驗麵食)抽驗名冊,https://www.health.ntpc.gov.tw/archive/health_ntpc/6/file/108%E5%B9%B48%E6%9C%88%E3%80%90%E6%9C%AC%E5%B1%80%E4%BE%8B%E8%A1%8C%E6%80%A7%E6%AA%A2%E9%A9%97-%E9%BA%B5%E9%A3%9F%E3%80%91%E7%B6%B2%E9%A0%81%E7%89%88.pdf,20230731,153030
274,新北市政府衛生局,108年8月(後市場重金屬)抽驗名冊,https://www.health.ntpc.gov.tw/archive/health_ntpc/6/file/108%E5%B9%B48%E6%9C%88%E3%80%90%E5%BE%8C%E5%B8%82%E5%A0%B4-%E9%87%8D%E9%87%91%E5%B1%AC%E3%80%91.pdf,20230731,153030
275,新北市政府衛生局,108年8月(中秋應景食品抽驗)抽驗名冊,https://www.health.ntpc.gov.tw/archive/health_ntpc/6/file/108%E5%B9%B48%E6%9C%88%E3%80%90%E4%B8%AD%E7%A7%8B%E6%87%89%E6%99%AF%E9%A3%9F%E5%93%81%E6%8A%BD%E9%A9%97%E3%80%91(1).pdf,20230731,153030
276,新北市政府衛生局,108年8月(後市場農藥殘留)抽驗名冊,https://www.health.ntpc.gov.tw/archive/health_ntpc/6/file/108%E5%B9%B49%E6%9C%88%E3%80%90%E5%BE%8C%E5%B8%82%E5%A0%B4-%E5%8B%95%E7%89%A9%E7%94%A8%E8%97%A5%E3%80%91.pdf,20230731,153030
277,新北市政府衛生局,108年9月(後市場動物用藥)抽驗名冊,https://www.health.ntpc.gov.tw/archive/health_ntpc/6/file/108%E5%B9%B49%E6%9C%88%E3%80%90%E5%BE%8C%E5%B8%82%E5%A0%B4-%E5%8B%95%E7%89%A9%E7%94%A8%E8%97%A5%E3%80%91.pdf,20230731,153030
278,新北市政府衛生局,108年9月(本局火鍋料)抽驗名冊,https://www.health.ntpc.gov.tw/archive/health_ntpc/6/file/108%E5%B9%B49%E6%9C%88%E3%80%90%E6%9C%AC%E5%B1%80-%E7%81%AB%E9%8D%8B%E6%96%99%E3%80%91%20.pdf,20230731,153030
279,新北市政府衛生局,108年9月(本局豆漿)抽驗名冊,https://www.health.ntpc.gov.tw/archive/health_ntpc/6/file/108%E5%B9%B49%E6%9C%88%E3%80%90%E6%9C%AC%E5%B1%80-%E8%B1%86%E6%BC%BF%E3%80%91.pdf,20230731,153030
280,新北市政府衛生局,108年9月(本局水血)抽驗名冊,https://www.health.ntpc.gov.tw/archive/health_ntpc/6/file/108%E5%B9%B49%E6%9C%88%E3%80%90%E6%9C%AC%E5%B1%80-%E6%B0%B4%E8%A1%80%E3%80%91(1).pdf,20230731,153030
281,新北市政府衛生局,108年9月(本局例行性檢驗截切水果)抽驗名冊,https://www.health.ntpc.gov.tw/archive/health_ntpc/6/file/108%E5%B9%B49%E6%9C%88%E3%80%90%E6%9C%AC%E5%B1%80%E4%BE%8B%E8%A1%8C%E6%80%A7%E6%AA%A2%E9%A9%97-%E6%88%AA%E5%88%87%E6%B0%B4%E6%9E%9C%E3%80%91%E7%B6%B2%E9%A0%81%E7%89%88.pdf,20230731,153030
282,新北市政府衛生局,108年9月(本局例行性檢驗溴酸鹽)抽驗名冊,https://www.health.ntpc.gov.tw/archive/health_ntpc/6/file/108%E5%B9%B49%E6%9C%88%E3%80%90%E6%9C%AC%E5%B1%80%E4%BE%8B%E8%A1%8C%E6%80%A7%E6%AA%A2%E9%A9%97-%E6%BA%B4%E9%85%B8%E9%B9%BD%E3%80%91%E7%B6%B2%E9%A0%81%E7%89%88.pdf,20230731,153030
283,新北市政府衛生局,108年9月(本局例行性抽檢驗涼麵)抽驗名冊,https://www.health.ntpc.gov.tw/archive/health_ntpc/6/file/108%E5%B9%B49%E6%9C%88%E3%80%90%E6%9C%AC%E5%B1%80%E4%BE%8B%E8%A1%8C%E6%80%A7%E6%8A%BD%E6%AA%A2%E9%A9%97-%E6%B6%BC%E9%BA%B5%E3%80%91%E7%B6%B2%E9%A0%81%E7%89%88(1).pdf,20230731,153030
284,新北市政府衛生局,108年9月(後市場重金屬)抽驗名冊,https://www.health.ntpc.gov.tw/archive/health_ntpc/6/file/108%E5%B9%B49%E6%9C%88%E3%80%90%E5%BE%8C%E5%B8%82%E5%A0%B4-%E9%87%8D%E9%87%91%E5%B1%AC%E3%80%91.pdf,20230731,153030
285,新北市政府衛生局,108年9月(本局豆腐及凍豆腐)抽驗名冊,https://www.health.ntpc.gov.tw/archive/health_ntpc/6/file/108%E5%B9%B49%E6%9C%88%E3%80%90%E6%9C%AC%E5%B1%80-%E8%B1%86%E8%85%90%E5%8F%8A%E5%87%8D%E8%B1%86%E8%85%90%E3%80%91.pdf,20230731,153030
286,新北市政府衛生局,108年9月(後市場農藥殘留)抽驗名冊,https://www.health.ntpc.gov.tw/basic/?mode=detail&node=2389,20230731,153030
287,新北市政府衛生局,108年10月(本局八仙果)抽驗名冊,https://www.health.ntpc.gov.tw/archive/health_ntpc/6/file/108%E5%B9%B410%E6%9C%88%E3%80%90%E6%9C%AC%E5%B1%80-%E5%85%AB%E4%BB%99%E6%9E%9C%E3%80%91.pdf,20230731,153030
288,新北市政府衛生局,108年10月(本局例行性檢驗紙製品)抽驗名冊,https://www.health.ntpc.gov.tw/archive/health_ntpc/6/file/108%E5%B9%B410%E6%9C%88%E3%80%90%E6%9C%AC%E5%B1%80%E4%BE%8B%E8%A1%8C%E6%80%A7%E6%AA%A2%E9%A9%97-%E7%B4%99%E8%A3%BD%E5%93%81%E3%80%91%E7%B6%B2%E9%A0%81%E7%89%88.pdf,20230731,153030
289,新北市政府衛生局,108年10月(本局例行性檢驗工業區攤販便當)抽驗名冊,https://www.health.ntpc.gov.tw/archive/health_ntpc/6/file/108%E5%B9%B410%E6%9C%88%E3%80%90%E6%9C%AC%E5%B1%80%E4%BE%8B%E8%A1%8C%E6%80%A7%E6%AA%A2%E9%A9%97-%E5%B7%A5%E6%A5%AD%E5%8D%80%E6%94%A4%E8%B2%A9%E4%BE%BF%E7%95%B6%E3%80%91%E7%B6%B2%E9%A0%81%E7%89%88.pdf,20230731,153030
290,新北市政府衛生局,108年10月(本局例行性檢驗加水站)抽驗名冊,https://www.health.ntpc.gov.tw/archive/health_ntpc/6/file/108%E5%B9%B410%E6%9C%88%E3%80%90%E6%9C%AC%E5%B1%80%E4%BE%8B%E8%A1%8C%E6%80%A7%E6%AA%A2%E9%A9%97-%E5%8A%A0%E6%B0%B4%E7%AB%99%E3%80%91%E7%B6%B2%E9%A0%81%E7%89%88.pdf,20230731,153030
291,新北市政府衛生局,108年10月(聯工麵包糕餅)抽驗名冊,https://www.health.ntpc.gov.tw/archive/health_ntpc/6/file/108%E5%B9%B410%E6%9C%88%E3%80%90%E8%81%AF%E5%B7%A5-%E9%BA%B5%E5%8C%85%E7%B3%95%E9%A4%85%E3%80%91.pdf,20230731,153030
292,新北市政府衛生局,108年10月(後市場重金屬)抽驗名冊,https://www.health.ntpc.gov.tw/archive/health_ntpc/6/file/108%E5%B9%B410%E6%9C%88%E3%80%90%E5%BE%8C%E5%B8%82%E5%A0%B4-%E9%87%8D%E9%87%91%E5%B1%AC%E3%80%91.pdf,20230731,153030
293,新北市政府衛生局,108年10月(本局例行性檢驗包裝飲用水)抽驗名冊,https://www.health.ntpc.gov.tw/archive/health_ntpc/6/file/108%E5%B9%B410%E6%9C%88%E3%80%90%E6%9C%AC%E5%B1%80%E4%BE%8B%E8%A1%8C%E6%80%A7%E6%AA%A2%E9%A9%97-%E5%8C%85%E8%A3%9D%E9%A3%B2%E7%94%A8%E6%B0%B4%E3%80%91%E7%B6%B2%E9%A0%81%E7%89%88.pdf,20230731,153030
294,新北市政府衛生局,108年10月(聯合分工重金屬)抽驗名冊,https://www.health.ntpc.gov.tw/archive/health_ntpc/6/file/108%E5%B9%B410%E6%9C%88%E3%80%90%E8%81%AF%E5%90%88%E5%88%86%E5%B7%A5-%E9%87%8D%E9%87%91%E5%B1%AC%E3%80%91(1).pdf,20230731,153030
295,新北市政府衛生局,108年10月(本局例行性檢驗三明治)抽驗名冊,https://www.health.ntpc.gov.tw/archive/health_ntpc/6/file/108%E5%B9%B410%E6%9C%88%E3%80%90%E6%9C%AC%E5%B1%80%E4%BE%8B%E8%A1%8C%E6%80%A7%E6%AA%A2%E9%A9%97-%E4%B8%89%E6%98%8E%E6%B2%BB%E3%80%91%E7%B6%B2%E9%A0%81%E7%89%88.pdf,20230731,153030
296,新北市政府衛生局,108年10月(本局例行性檢驗沙拉)抽驗名冊,https://www.health.ntpc.gov.tw/archive/health_ntpc/6/file/108%E5%B9%B410%E6%9C%88%E3%80%90%E6%9C%AC%E5%B1%80%E4%BE%8B%E8%A1%8C%E6%80%A7%E6%AA%A2%E9%A9%97-%E6%B2%99%E6%8B%89%E3%80%91%E7%B6%B2%E9%A0%81%E7%89%88.pdf,20230731,153030
297,新北市政府衛生局,108年10月(本局例行性檢驗菜餚)抽驗名冊,https://www.health.ntpc.gov.tw/archive/health_ntpc/6/file/108%E5%B9%B410%E6%9C%88%E3%80%90%E6%9C%AC%E5%B1%80%E4%BE%8B%E8%A1%8C%E6%80%A7%E6%AA%A2%E9%A9%97-%E6%B2%99%E6%8B%89%E3%80%91%E7%B6%B2%E9%A0%81%E7%89%88.pdf,20230731,153030
298,新北市政府衛生局,108年10月(本局例行性檢驗漢堡及鬆餅)抽驗名冊,https://www.health.ntpc.gov.tw/archive/health_ntpc/6/file/108%E5%B9%B410%E6%9C%88%E3%80%90%E6%9C%AC%E5%B1%80%E4%BE%8B%E8%A1%8C%E6%80%A7%E6%AA%A2%E9%A9%97-%E6%BC%A2%E5%A0%A1%E5%8F%8A%E9%AC%86%E9%A4%85%E3%80%91%E7%B6%B2%E9%A0%81%E7%89%88.pdf,20230731,153030
299,新北市政府衛生局,108年10月(聯合分工豆製品)抽驗名冊,https://www.health.ntpc.gov.tw/archive/health_ntpc/6/file/108%E5%B9%B410%E6%9C%88%E3%80%90%E8%AA%BF%E5%91%B3%E8%B1%86%E4%B9%BE%E3%80%91%E7%B6%B2%E9%A0%81%E7%89%88.pdf,20230731,153030
300,新北市政府衛生局,108年10月(本局紅魷魚片及黃橄欖)抽驗名冊,https://www.health.ntpc.gov.tw/archive/file/109%E5%B9%B410%E6%9C%88%E3%80%90%E6%9C%AC%E5%B1%80-%E7%B4%85%E9%AD%B7%E9%AD%9A%E7%89%87.%E9%BB%83%E6%A9%84%E6%AC%96%E3%80%91%E7%B6%B2%E9%A0%81%E7%89%88.pdf,20230731,153030
301,新北市政府衛生局,108年10月(本局調味豆乾)抽驗名冊,https://www.health.ntpc.gov.tw/archive/health_ntpc/6/file/108%E5%B9%B410%E6%9C%88%E3%80%90%E8%AA%BF%E5%91%B3%E8%B1%86%E4%B9%BE%E3%80%91%E7%B6%B2%E9%A0%81%E7%89%88.pdf,20230731,153030
302,新北市政府衛生局,108年10月(後市場真菌毒素)抽驗名冊,https://www.health.ntpc.gov.tw/archive/health_ntpc/6/file/108%E5%B9%B410%E6%9C%88%E3%80%90%E5%BE%8C%E5%B8%82%E5%A0%B4-%E7%9C%9F%E8%8F%8C%E6%AF%92%E7%B4%A0%E3%80%91.pdf,20230731,153030
303,新北市政府衛生局,108年10月(後市場農藥殘留)抽驗名冊,https://www.health.ntpc.gov.tw/archive/health_ntpc/6/file/108%E5%B9%B410%E6%9C%88%E3%80%90%E5%BE%8C%E5%B8%82%E5%A0%B4-%E8%BE%B2%E8%97%A5%E6%AE%98%E7%95%99%E3%80%91.pdf,20230731,153030
304,新北市政府衛生局,108年10月(後市場動物用藥)抽驗名冊,https://www.health.ntpc.gov.tw/archive/health_ntpc/6/file/108%E5%B9%B410%E6%9C%88%E3%80%90%E5%BE%8C%E5%B8%82%E5%A0%B4-%E5%8B%95%E7%89%A9%E7%94%A8%E8%97%A5%E3%80%91.pdf,20230731,153030
305,新北市政府衛生局,108年11月(聯合分工黃麴毒素)抽驗名冊,https://www.health.ntpc.gov.tw/archive/health_ntpc/6/file/108%E5%B9%B411%E6%9C%88%E3%80%90%E8%81%AF%E5%90%88%E5%88%86%E5%B7%A5-%E9%BB%83%E9%BA%B4%E6%AF%92%E7%B4%A0%E3%80%91.pdf,20230731,153030
306,新北市政府衛生局,108年11月(本局例行性檢驗蔥抓餅)抽驗名冊,https://www.health.ntpc.gov.tw/archive/health_ntpc/6/file/108%E5%B9%B411%E6%9C%88%E3%80%90%E6%9C%AC%E5%B1%80%E4%BE%8B%E8%A1%8C%E6%80%A7%E6%AA%A2%E9%A9%97-%E8%94%A5%E6%8A%93%E9%A4%85%E3%80%91%E7%B6%B2%E9%A0%81%E7%89%88.pdf,20230731,153030
307,新北市政府衛生局,108年11月(本局例行性檢驗塑膠類食品容器具)抽驗名冊,https://www.health.ntpc.gov.tw/archive/health_ntpc/6/file/108%E5%B9%B411%E6%9C%88%E3%80%90%E6%9C%AC%E5%B1%80%E4%BE%8B%E8%A1%8C%E6%80%A7%E6%AA%A2%E9%A9%97-%E5%A1%91%E8%86%A0%E9%A1%9E%E9%A3%9F%E5%93%81%E5%AE%B9%E5%99%A8%E5%85%B7%E3%80%91%E7%B6%B2%E9%A0%81%E7%89%88.pdf,20230731,153030
308,新北市政府衛生局,108年11月(聯合分工五穀)抽驗名冊,https://www.health.ntpc.gov.tw/archive/health_ntpc/6/file/108%E5%B9%B411%E6%9C%88%E3%80%90%E8%81%AF%E5%90%88%E5%88%86%E5%B7%A5-%E4%BA%94%E7%A9%80%E3%80%91.pdf,20230731,153030
309,新北市政府衛生局,108年11月(聯合分工濾掛式咖啡)抽驗名冊,https://www.health.ntpc.gov.tw/basic/?mode=detail&node=8012,20230731,153030
310,新北市政府衛生局,108年12月(冬至應景食品抽驗)抽驗名冊,https://www.health.ntpc.gov.tw/basic/?mode=detail&node=2397,20230731,153030
311,新北市政府衛生局,108年12月(聯合分工甲醛三聚氰胺塑膠類)抽驗名冊,https://www.health.ntpc.gov.tw/archive/health_ntpc/6/file/108%E5%B9%B412%E6%9C%88%E3%80%90%E8%81%AF%E5%90%88%E5%88%86%E5%B7%A5-%E7%94%B2%E9%86%9B%E4%B8%89%E8%81%9A%E6%B0%B0%E8%83%BA%E5%A1%91%E8%86%A0%E9%A1%9E%E3%80%91.pdf,20230731,153030
312,新北市政府衛生局,108年12月(本局例行性檢驗水餃鍋貼)抽驗名冊,https://www.health.ntpc.gov.tw/basic/?mode=detail&node=2399,20230731,153030
313,新北市政府衛生局,109年1月(春節食品抽驗)抽驗名冊,https://www.health.ntpc.gov.tw/basic/?mode=detail&node=2400,20230731,153030
314,新北市政府衛生局,109年1月(元宵食品抽驗)抽驗名冊,https://www.health.ntpc.gov.tw/archive/health_ntpc/6/file/2-109%E5%85%83%E5%AE%B5%E6%8A%BD%E9%A9%97%E5%90%8D%E5%86%8A.pdf,20230731,153030
315,新北市政府衛生局,109年1月(本局例行性檢驗關東煮)抽驗名冊,https://www.health.ntpc.gov.tw/archive/health_ntpc/6/file/109%E5%B9%B41%E6%9C%88%E3%80%90%E6%9C%AC%E5%B1%80%E4%BE%8B%E8%A1%8C%E6%80%A7%E6%AA%A2%E9%A9%97-%E9%97%9C%E6%9D%B1%E7%85%AE%E3%80%91%E7%B6%B2%E9%A0%81%E7%89%88.pdf,20230731,153030
316,新北市政府衛生局,109年1月(後市場動物用藥)抽驗名冊,https://www.health.ntpc.gov.tw/archive/health_ntpc/6/file/109%E5%B9%B41%E6%9C%88%E3%80%90%E5%BE%8C%E5%B8%82%E5%A0%B4-%E5%8B%95%E7%89%A9%E7%94%A8%E8%97%A5%E3%80%91%E7%B6%B2%E9%A0%81%E7%89%88.pdf,20230731,153030
317,新北市政府衛生局,109年2月(聯合分工香辛料)抽驗名冊,https://www.health.ntpc.gov.tw/archive/health_ntpc/6/file/109%E5%B9%B42%E6%9C%88%E3%80%90%E8%81%AF%E5%90%88%E5%88%86%E5%B7%A5-%E9%A6%99%E8%BE%9B%E6%96%99%E3%80%91.pdf,20230731,153030
318,新北市政府衛生局,109年2月(後市場農藥)抽驗名冊,https://www.health.ntpc.gov.tw/archive/health_ntpc/6/file/109%E5%B9%B42%E6%9C%88%E5%BE%8C%E5%B8%82%E5%A0%B4%E8%BE%B2%E8%97%A5.pdf,20230731,153030
319,新北市政府衛生局,109年2月(醃漬蔬菜抽驗專案)抽驗名冊,https://www.health.ntpc.gov.tw/archive/health_ntpc/6/file/%E9%86%83%E6%BC%AC%E8%94%AC%E8%8F%9C%E6%8A%BD%E9%A9%97%E5%90%8D%E5%86%8A.pdf,20230731,153030
320,新北市政府衛生局,109年2月(聯合分工動物用藥抽驗)抽驗名冊,https://www.health.ntpc.gov.tw/archive/health_ntpc/6/file/2%E6%9C%88-%E8%81%AF%E5%B7%A5-%E5%8B%95%E7%89%A9%E7%94%A8%E8%97%A5.pdf,20230731,153030
321,新北市政府衛生局,109年3月(後市場農藥)抽驗名冊,https://www.health.ntpc.gov.tw/archive/health_ntpc/6/file/109%E5%B9%B42%E6%9C%88%E5%BE%8C%E5%B8%82%E5%A0%B4%E8%BE%B2%E8%97%A5.pdf,20230731,153030
322,新北市政府衛生局,109年3月(本局例行性檢驗乳品專案)抽驗名冊,https://www.health.ntpc.gov.tw/archive/file/109%E5%B9%B43%E6%9C%88%E3%80%90%E6%9C%AC%E5%B1%80%E4%BE%8B%E8%A1%8C%E6%80%A7%E6%AA%A2%E9%A9%97-%E4%B9%B3%E5%93%81%E5%B0%88%E6%A1%88%E3%80%91%E7%B6%B2%E9%A0%81%E7%89%88.pdf,20230731,153030
323,新北市政府衛生局,109年3月(本局例行性檢驗餐車小吃)抽驗名冊,https://www.health.ntpc.gov.tw/archive/file/109%E5%B9%B43%E6%9C%88%E3%80%90%E6%9C%AC%E5%B1%80%E4%BE%8B%E8%A1%8C%E6%80%A7%E6%AA%A2%E9%A9%97-%E9%A4%90%E8%BB%8A%E5%B0%8F%E5%90%83%E3%80%91%E7%B6%B2%E9%A0%81%E7%89%88.pdf,20230731,153030
324,新北市政府衛生局,109年3月(本局例行性檢驗嬰兒副食品)抽驗名冊,https://www.health.ntpc.gov.tw/archive/file/109%E5%B9%B43%E6%9C%88%E3%80%90%E6%9C%AC%E5%B1%80%E4%BE%8B%E8%A1%8C%E6%80%A7%E6%AA%A2%E9%A9%97-%E5%AC%B0%E5%85%92%E5%89%AF%E9%A3%9F%E5%93%81%E3%80%91%E7%B6%B2%E9%A0%81%E7%89%88.pdf,20230731,153030
325,新北市政府衛生局,109年3月(聯合分工麵包糕餅)抽驗名冊,https://www.health.ntpc.gov.tw/archive/file/%E9%BA%B5%E5%8C%85%E7%B3%95%E9%A4%85%E6%8A%BD%E9%A9%97%E5%90%8D%E5%86%8A.pdf,20230731,153030
326,新北市政府衛生局,109年3月(本局例行兒童節糖果零食)抽驗名冊,https://www.health.ntpc.gov.tw/archive/file/%E7%B3%96%E6%9E%9C%E9%9B%B6%E9%A3%9F%E6%8A%BD%E9%A9%97%E5%90%8D%E5%86%8A.pdf,20230731,153030
327,新北市政府衛生局,109年3月(本局例行嬰兒奶粉)抽驗名冊,https://www.health.ntpc.gov.tw/archive/file/109%E5%B9%B43%E6%9C%88%E3%80%90%E6%9C%AC%E5%B1%80%E4%BE%8B%E8%A1%8C-%E5%AC%B0%E5%85%92%E5%A5%B6%E7%B2%89%E3%80%91%E7%B6%B2%E9%A0%81%E7%89%88.pdf,20230731,153030
328,新北市政府衛生局,109年3月(清明食品抽驗)抽驗名冊,https://www.health.ntpc.gov.tw/archive/file/109%E5%B9%B43%E6%9C%88%E3%80%90%E6%B8%85%E6%98%8E%E9%A3%9F%E5%93%81%E6%8A%BD%E9%A9%97%E3%80%91.pdf,20230731,153030
329,新北市政府衛生局,109年3月(本局生魚片)抽驗名冊,https://www.health.ntpc.gov.tw/archive/file/109%E5%B9%B43%E6%9C%88%E3%80%90%E6%9C%AC%E5%B1%80-%E7%94%9F%E9%AD%9A%E7%89%87%E3%80%91%E7%B6%B2%E9%A0%81%E7%89%88.pdf,20230731,153030
330,新北市政府衛生局,109年4月(本局壽司飯糰等即食米製品)抽驗名冊,https://www.health.ntpc.gov.tw/archive/file/109%E5%B9%B44%E6%9C%88%E3%80%90%E6%9C%AC%E5%B1%80-%E5%A3%BD%E5%8F%B8%E9%A3%AF%E7%B3%B0%E7%AD%89%E5%8D%B3%E9%A3%9F%E7%B1%B3%E8%A3%BD%E5%93%81%E3%80%91%E7%B6%B2%E9%A0%81%E7%89%88.pdf,20230731,153030
331,新北市政府衛生局,109年4月(後市場重金屬)抽驗名冊,https://www.health.ntpc.gov.tw/archive/file/109%E5%B9%B44%E6%9C%88%E3%80%90%E5%BE%8C%E5%B8%82%E5%A0%B4-%E9%87%8D%E9%87%91%E5%B1%AC%E3%80%91%E7%B6%B2%E9%A0%81%E7%89%88.pdf,20230731,153030
332,新北市政府衛生局,109年5月(後市場重金屬)抽驗名冊,https://www.health.ntpc.gov.tw/archive/file/109%E5%B9%B45%E6%9C%88%E3%80%90%E5%BE%8C%E5%B8%82%E5%A0%B4-%E9%87%8D%E9%87%91%E5%B1%AC%E3%80%91%E7%B6%B2%E9%A0%81%E7%89%88.pdf,20230731,153030
333,新北市政府衛生局,109年5月(本局母親節蛋糕)抽驗名冊,https://www.health.ntpc.gov.tw/archive/file/109%E5%B9%B45%E6%9C%88%E3%80%90%E6%9C%AC%E5%B1%80-%E6%AF%8D%E8%A6%AA%E7%AF%80%E8%9B%8B%E7%B3%95%E3%80%91%E7%B6%B2%E9%A0%81%E7%89%88.pdf,20230731,153030
334,新北市政府衛生局,109年5月(聯合分工醬油)抽驗名冊,https://www.health.ntpc.gov.tw/archive/file/109%E5%B9%B45%E6%9C%88%E3%80%90%E8%81%AF%E5%90%88%E5%88%86%E5%B7%A5-%E9%86%AC%E6%B2%B9%E3%80%91%E7%B6%B2%E9%A0%81%E7%89%88.pdf,20230731,153030
335,新北市政府衛生局,109年5月(本局濕麵製品)抽驗名冊,https://www.health.ntpc.gov.tw/archive/file/109%E5%B9%B45%E6%9C%88%E3%80%90%E6%9C%AC%E5%B1%80-%E6%BF%95%E9%BA%B5%E8%A3%BD%E5%93%81%E3%80%91%E7%B6%B2%E9%A0%81%E7%89%88.pdf,20230731,153030
336,新北市政府衛生局,109年5月(本局金針)抽驗名冊,https://www.health.ntpc.gov.tw/archive/file/109%E5%B9%B45%E6%9C%88%E3%80%90%E6%9C%AC%E5%B1%80-%E9%87%91%E9%87%9D%E3%80%91%E7%B6%B2%E9%A0%81%E7%89%88.pdf,20230731,153030
337,新北市政府衛生局,109年5月(聯合分工市售包裝飲用水)抽驗名冊,https://www.health.ntpc.gov.tw/archive/file/109%E5%B9%B45%E6%9C%88%E3%80%90%E8%81%AF%E5%90%88%E5%88%86%E5%B7%A5-%E5%B8%82%E5%94%AE%E5%8C%85%E8%A3%9D%E9%A3%B2%E7%94%A8%E6%B0%B4%E3%80%91%E7%B6%B2%E9%A0%81%E7%89%88.pdf,20230731,153030
338,新北市政府衛生局,109年5月(聯合分工食用油脂)抽驗名冊,https://www.health.ntpc.gov.tw/archive/file/109%E5%B9%B45%E6%9C%88%E3%80%90%E8%81%AF%E5%90%88%E5%88%86%E5%B7%A5-%E9%A3%9F%E7%94%A8%E6%B2%B9%E8%84%82%E3%80%91%E7%B6%B2%E9%A0%81%E7%89%88.pdf,20230731,153030
339,新北市政府衛生局,109年6月(本局沙拉麵包)抽驗名冊,https://www.health.ntpc.gov.tw/archive/file/109%E5%B9%B46%E6%9C%88%E3%80%90%E6%9C%AC%E5%B1%80-%E6%B2%99%E6%8B%89%E9%BA%B5%E5%8C%85%E3%80%91%E7%B6%B2%E9%A0%81%E7%89%88.pdf,20230731,153030
340,新北市政府衛生局,109年6月(後市場真菌毒素)抽驗名冊,https://www.health.ntpc.gov.tw/archive/file/109%E5%B9%B46%E6%9C%88%E3%80%90%E5%BE%8C%E5%B8%82%E5%A0%B4-%E7%9C%9F%E8%8F%8C%E6%AF%92%E7%B4%A0%E3%80%91%E7%B6%B2%E9%A0%81%E7%89%88.pdf,20230731,153030
341,新北市政府衛生局,109年6月(後市場重金屬)抽驗名冊,https://www.health.ntpc.gov.tw/archive/file/109%E5%B9%B46%E6%9C%88%E3%80%90%E5%BE%8C%E5%B8%82%E5%A0%B4-%E9%87%8D%E9%87%91%E5%B1%AC%E3%80%91%E7%B6%B2%E9%A0%81%E7%89%88.pdf,20230731,153030
342,新北市政府衛生局,109年(端午應景食品抽驗)抽驗名冊,https://www.health.ntpc.gov.tw/archive/file/109%E5%B9%B4%E5%BA%A6%E7%AB%AF%E5%8D%88%E6%87%89%E6%99%AF%E9%A3%9F%E5%93%81%E6%8A%BD%E9%A9%97%E5%90%8D%E5%86%8A.pdf,20230731,153030
343,新北市政府衛生局,109年6月(本局澱粉類製品)抽驗名冊,https://www.health.ntpc.gov.tw/archive/file/109%E5%B9%B46%E6%9C%88%E3%80%90%E6%9C%AC%E5%B1%80-%E6%BE%B1%E7%B2%89%E9%A1%9E%E8%A3%BD%E5%93%81%E3%80%91%E7%B6%B2%E9%A0%81%E7%89%88.pdf,20230731,153030
344,新北市政府衛生局,109年6月(本局米濕製品)抽驗名冊,https://www.health.ntpc.gov.tw/archive/file/109%E5%B9%B46%E6%9C%88%E3%80%90%E6%9C%AC%E5%B1%80-%E7%B1%B3%E6%BF%95%E8%A3%BD%E5%93%81%E3%80%91%E7%B6%B2%E9%A0%81%E7%89%88.pdf,20230731,153030
345,新北市政府衛生局,109年6月(聯合分工水產品)抽驗名冊,https://www.health.ntpc.gov.tw/archive/file/109%E5%B9%B46%E6%9C%88%E3%80%90%E8%81%AF%E5%90%88%E5%88%86%E5%B7%A5-%E6%B0%B4%E7%94%A2%E5%93%81%E3%80%91%E7%B6%B2%E9%A0%81%E7%89%88.pdf,20230731,153030
346,新北市政府衛生局,109年2月(後市場動物用藥)抽驗名冊,https://www.health.ntpc.gov.tw/archive/file/109%E5%B9%B42%E6%9C%88%E3%80%90%E5%BE%8C%E5%B8%82%E5%A0%B4-%E5%8B%95%E7%89%A9%E7%94%A8%E8%97%A5%E3%80%91.pdf,20230731,153030
347,新北市政府衛生局,109年4月(後市場農藥)抽驗名冊,https://www.health.ntpc.gov.tw/archive/file/109%E5%B9%B44%E6%9C%88%E3%80%90%E5%BE%8C%E5%B8%82%E5%A0%B4-%E8%BE%B2%E8%97%A5%E3%80%91.pdf,20230731,153030
348,新北市政府衛生局,109年5月(後市場農藥)抽驗名冊,https://www.health.ntpc.gov.tw/archive/file/109%E5%B9%B45%E6%9C%88%E3%80%90%E5%BE%8C%E5%B8%82%E5%A0%B4-%E8%BE%B2%E8%97%A5%E3%80%91.pdf,20230731,153030
349,新北市政府衛生局,109年4月(後市場動物用藥)抽驗名冊,https://www.health.ntpc.gov.tw/archive/file/109%E5%B9%B44%E6%9C%88%E3%80%90%E5%BE%8C%E5%B8%82%E5%A0%B4-%E5%8B%95%E7%89%A9%E7%94%A8%E8%97%A5%E3%80%91.pdf,20230731,153030
350,新北市政府衛生局,109年4月(聯合分工動物用藥)抽驗名冊,https://www.health.ntpc.gov.tw/archive/file/109%E5%B9%B44%E6%9C%88%E3%80%90%E8%81%AF%E5%90%88%E5%88%86%E5%B7%A5-%E5%8B%95%E7%89%A9%E7%94%A8%E8%97%A5%E3%80%91.pdf,20230731,153030
351,新北市政府衛生局,109年5月(後市場動物用藥)抽驗名冊,https://www.health.ntpc.gov.tw/archive/file/109%E5%B9%B45%E6%9C%88%E3%80%90%E5%BE%8C%E5%B8%82%E5%A0%B4-%E5%8B%95%E7%89%A9%E7%94%A8%E8%97%A5%E3%80%91.pdf,20230731,153030
352,新北市政府衛生局,109年6月(本局例行性檢驗蛋品)抽驗名冊,https://www.health.ntpc.gov.tw/archive/file/109%E5%B9%B46%E6%9C%88%E3%80%90%E6%9C%AC%E5%B1%80%E4%BE%8B%E8%A1%8C%E6%80%A7%E6%AA%A2%E9%A9%97-%E8%9B%8B%E5%93%81%E3%80%91.pdf,20230731,153030
353,新北市政府衛生局,109年7月(後市場重金屬)抽驗名冊,https://www.health.ntpc.gov.tw/archive/file/109%E5%B9%B47%E6%9C%88%E3%80%90%E5%BE%8C%E5%B8%82%E5%A0%B4-%E9%87%8D%E9%87%91%E5%B1%AC%E3%80%91%E7%B6%B2%E9%A0%81%E7%89%88.pdf,20230731,153030
354,新北市政府衛生局,109年7月(聯合分工食用油)抽驗名冊,https://www.health.ntpc.gov.tw/archive/file/109%E5%B9%B47%E6%9C%88%E3%80%90%E8%81%AF%E5%90%88%E5%88%86%E5%B7%A5-%E9%A3%9F%E7%94%A8%E6%B2%B9%E3%80%91%E7%B6%B2%E9%A0%81%E7%89%88.pdf,20230731,153030
355,新北市政府衛生局,109年6月(本局鹼粽第2波)抽驗名冊,https://www.health.ntpc.gov.tw/archive/file/109%E5%B9%B46%E6%9C%88%E3%80%90%E6%9C%AC%E5%B1%80-%E9%B9%BC%E7%B2%BD%E7%AC%AC2%E6%B3%A2%E6%8A%BD%E9%A9%97%E3%80%91%E7%B6%B2%E9%A0%81%E7%89%88.pdf,20230731,153030
356,新北市政府衛生局,109年7月(本局即食滷味)抽驗名冊,https://www.health.ntpc.gov.tw/archive/file/109%E5%B9%B47%E6%9C%88%E3%80%90%E6%9C%AC%E5%B1%80-%E5%8D%B3%E9%A3%9F%E6%BB%B7%E5%91%B3%E3%80%91%E7%B6%B2%E9%A0%81%E7%89%88.pdf,20230731,153030
357,新北市政府衛生局,109年7月(本局包裝即食涼拌豆腐)抽驗名冊,https://www.health.ntpc.gov.tw/archive/file/109%E5%B9%B47%E6%9C%88%E3%80%90%E6%9C%AC%E5%B1%80-%E5%8C%85%E8%A3%9D%E5%8D%B3%E9%A3%9F%E6%B6%BC%E6%8B%8C%E8%B1%86%E8%85%90%E3%80%91%E7%B6%B2%E9%A0%81%E7%89%88.pdf,20230731,153030
358,新北市政府衛生局,109年7月(聯合分工膠錠食品塑化劑)抽驗名冊,https://www.health.ntpc.gov.tw/archive/file/109%E5%B9%B47%E6%9C%88%E3%80%90%E8%81%AF%E5%90%88%E5%88%86%E5%B7%A5-%E8%86%A0%E9%8C%A0%E9%A3%9F%E5%93%81%E5%A1%91%E5%8C%96%E5%8A%91%E3%80%91%E7%B6%B2%E9%A0%81%E7%89%88.pdf,20230731,153030
359,新北市政府衛生局,109年8月(後市場重金屬)抽驗名冊,https://www.health.ntpc.gov.tw/archive/file/109%E5%B9%B48%E6%9C%88%E3%80%90%E5%BE%8C%E5%B8%82%E5%A0%B4-%E9%87%8D%E9%87%91%E5%B1%AC%E3%80%91%E7%B6%B2%E9%A0%81%E7%89%88.pdf,20230731,153030
360,新北市政府衛生局,109年8月(本局麵條.包子.饅頭)抽驗名冊,https://www.health.ntpc.gov.tw/archive/file/109%E5%B9%B48%E6%9C%88%E3%80%90%E6%9C%AC%E5%B1%80-%E9%BA%B5%E6%A2%9D.%E5%8C%85%E5%AD%90.%E9%A5%85%E9%A0%AD%E3%80%91%E7%B6%B2%E9%A0%81%E7%89%88.pdf,20230731,153030
361,新北市政府衛生局,109年8月(本局豆腐.豆干.豆皮)抽驗名冊,https://www.health.ntpc.gov.tw/archive/file/109%E5%B9%B48%E6%9C%88%E3%80%90%E6%9C%AC%E5%B1%80-%E8%B1%86%E8%85%90.%E8%B1%86%E5%B9%B2.%E8%B1%86%E7%9A%AE%E3%80%91%E7%B6%B2%E9%A0%81%E7%89%88.pdf,20230731,153030
362,新北市政府衛生局,109年8月(本局麵條)抽驗名冊,https://www.health.ntpc.gov.tw/archive/file/109%E5%B9%B48%E6%9C%88%E3%80%90%E6%9C%AC%E5%B1%80-%E9%BA%B5%E6%A2%9D%E3%80%91%E7%B6%B2%E9%A0%81%E7%89%88.pdf,20230731,153030
363,新北市政府衛生局,109年8月(飲冰品抽驗)抽驗名冊,https://www.health.ntpc.gov.tw/archive/file/109%E5%B9%B48%E6%9C%88%E3%80%90%E9%A3%B2%E5%86%B0%E5%93%81%E6%8A%BD%E9%A9%97%E3%80%91%E7%B6%B2%E9%A0%81%E7%89%88.pdf,20230731,153030
364,新北市政府衛生局,109年8月(中元節應景食品抽驗)抽驗名冊,https://www.health.ntpc.gov.tw/archive/file/109%E5%B9%B48%E6%9C%88%E3%80%90%E4%B8%AD%E5%85%83%E7%AF%80%E6%87%89%E6%99%AF%E9%A3%9F%E5%93%81%E6%8A%BD%E9%A9%97%E3%80%91%E7%B6%B2%E9%A0%81%E7%89%88.pdf,20230731,153030
365,新北市政府衛生局,109年8月(本局紙製品)抽驗名冊,https://www.health.ntpc.gov.tw/archive/file/109%E5%B9%B48%E6%9C%88%E3%80%90%E6%9C%AC%E5%B1%80-%E7%B4%99%E8%A3%BD%E5%93%81%E3%80%91%E7%B6%B2%E9%A0%81%E7%89%88.pdf,20230731,153030
366,新北市政府衛生局,109年9月(聯合分工蛋類)抽驗名冊,https://www.health.ntpc.gov.tw/archive/file/109%E5%B9%B49%E6%9C%88%E3%80%90%E8%81%AF%E5%90%88%E5%88%86%E5%B7%A5-%E8%9B%8B%E9%A1%9E%E3%80%91%E7%B6%B2%E9%A0%81%E7%89%88.pdf,20230731,153030
367,新北市政府衛生局,109年9月(聯合分工生鮮香菇)抽驗名冊,https://www.health.ntpc.gov.tw/archive/file/109%E5%B9%B49%E6%9C%88%E3%80%90%E8%81%AF%E5%90%88%E5%88%86%E5%B7%A5-%E7%94%9F%E9%AE%AE%E9%A6%99%E8%8F%87%E3%80%91%E7%B6%B2%E9%A0%81%E7%89%88.pdf,20230731,153030
368,新北市政府衛生局,109年9月(後市場農藥)抽驗名冊,https://www.health.ntpc.gov.tw/archive/file/109%E5%B9%B49%E6%9C%88%E3%80%90%E5%BE%8C%E5%B8%82%E5%A0%B4-%E8%BE%B2%E8%97%A5%E3%80%91%E7%B6%B2%E9%A0%81%E7%89%88.pdf,20230731,153030
369,新北市政府衛生局,109年9月(後市場重金屬)抽驗名冊,https://www.health.ntpc.gov.tw/archive/file/109%E5%B9%B49%E6%9C%88%E3%80%90%E5%BE%8C%E5%B8%82%E5%A0%B4-%E9%87%8D%E9%87%91%E5%B1%AC%E3%80%91%E7%B6%B2%E9%A0%81%E7%89%88.pdf,20230731,153030
370,新北市政府衛生局,109年6月(聯合分工動物用藥)抽驗名冊,https://www.health.ntpc.gov.tw/archive/file/109%E5%B9%B46%E6%9C%88%E3%80%90%E8%81%AF%E5%90%88%E5%88%86%E5%B7%A5-%E5%8B%95%E7%89%A9%E7%94%A8%E8%97%A5%E3%80%91.pdf,20230731,153030
371,新北市政府衛生局,109年6月(後市場動物用藥)抽驗名冊,https://www.health.ntpc.gov.tw/archive/file/109%E5%B9%B46%E6%9C%88%E3%80%90%E5%BE%8C%E5%B8%82%E5%A0%B4-%E5%8B%95%E7%89%A9%E7%94%A8%E8%97%A5%E3%80%91.pdf,20230731,153030
372,新北市政府衛生局,109年6月(後市場農藥)抽驗名冊,https://www.health.ntpc.gov.tw/archive/file/109%E5%B9%B46%E6%9C%88%E3%80%90%E5%BE%8C%E5%B8%82%E5%A0%B4-%E8%BE%B2%E8%97%A5%E3%80%91.pdf,20230731,153030
373,新北市政府衛生局,109年7月(聯合分工動物用藥)抽驗名冊,https://www.health.ntpc.gov.tw/archive/file/109%E5%B9%B47%E6%9C%88%E3%80%90%E8%81%AF%E5%90%88%E5%88%86%E5%B7%A5-%E5%8B%95%E7%89%A9%E7%94%A8%E8%97%A5%E3%80%91.pdf,20230731,153030
374,新北市政府衛生局,109年7月(後市場動物用藥)抽驗名冊,https://www.health.ntpc.gov.tw/archive/file/109%E5%B9%B47%E6%9C%88%E3%80%90%E5%BE%8C%E5%B8%82%E5%A0%B4-%E5%8B%95%E7%89%A9%E7%94%A8%E8%97%A5%E3%80%91.pdf,20230731,153030
375,新北市政府衛生局,109年7月(本局例行性檢驗豬肉及文蛤)抽驗名冊,https://www.health.ntpc.gov.tw/archive/file/109%E5%B9%B47%E6%9C%88%E3%80%90%E6%9C%AC%E5%B1%80%E4%BE%8B%E8%A1%8C%E6%80%A7%E6%AA%A2%E9%A9%97-%E8%B1%AC%E8%82%89%E5%8F%8A%E6%96%87%E8%9B%A4%E3%80%91.pdf,20230731,153030
376,新北市政府衛生局,109年7月(後市場農藥)抽驗名冊,https://www.health.ntpc.gov.tw/archive/file/109%E5%B9%B47%E6%9C%88%E3%80%90%E5%BE%8C%E5%B8%82%E5%A0%B4-%E8%BE%B2%E8%97%A5%E3%80%91.pdf,20230731,153030
377,新北市政府衛生局,109年9月(後市場真菌毒素)抽驗名冊,https://www.health.ntpc.gov.tw/archive/file/109%E5%B9%B49%E6%9C%88%E3%80%90%E5%BE%8C%E5%B8%82%E5%A0%B4-%E7%9C%9F%E8%8F%8C%E6%AF%92%E7%B4%A0%E3%80%91%E7%B6%B2%E9%A0%81%E7%89%88.pdf,20230731,153030
378,新北市政府衛生局,109年9月(中秋節應景食品抽驗)抽驗名冊,https://www.health.ntpc.gov.tw/archive/file/109%E5%B9%B49%E6%9C%88%E3%80%90%E4%B8%AD%E7%A7%8B%E7%AF%80%E6%87%89%E6%99%AF%E9%A3%9F%E5%93%81%E6%8A%BD%E9%A9%97%E3%80%91%E7%B6%B2%E9%A0%81%E7%89%88.pdf,20230731,153030
379,新北市政府衛生局,109年9月(本局水血)抽驗名冊,https://www.health.ntpc.gov.tw/archive/file/109%E5%B9%B49%E6%9C%88%E3%80%90%E6%9C%AC%E5%B1%80-%E6%B0%B4%E8%A1%80%E3%80%91%E7%B6%B2%E9%A0%81%E7%89%88.pdf,20230731,153030
380,新北市政府衛生局,109年9月(本局豆漿)抽驗名冊,https://www.health.ntpc.gov.tw/archive/file/109%E5%B9%B49%E6%9C%88%E3%80%90%E6%9C%AC%E5%B1%80-%E8%B1%86%E6%BC%BF%E3%80%91%E7%B6%B2%E9%A0%81%E7%89%88.pdf,20230731,153030
381,新北市政府衛生局,109年9月(本局八仙果)抽驗名冊,https://www.health.ntpc.gov.tw/archive/file/109%E5%B9%B49%E6%9C%88%E3%80%90%E6%9C%AC%E5%B1%80-%E5%85%AB%E4%BB%99%E6%9E%9C%E3%80%91%E7%B6%B2%E9%A0%81%E7%89%88.pdf,20230731,153030
382,新北市政府衛生局,109年9月(聯合分工包裝飲用水)抽驗名冊,https://www.health.ntpc.gov.tw/archive/file/109%E5%B9%B49%E6%9C%88%E3%80%90%E8%81%AF%E5%90%88%E5%88%86%E5%B7%A5-%E5%8C%85%E8%A3%9D%E9%A3%B2%E7%94%A8%E6%B0%B4%E3%80%91%E7%B6%B2%E9%A0%81%E7%89%88.pdf,20230731,153030
383,新北市政府衛生局,109年9月(本局火鍋料)抽驗名冊,https://www.health.ntpc.gov.tw/archive/file/109%E5%B9%B49%E6%9C%88%E3%80%90%E6%9C%AC%E5%B1%80-%E7%81%AB%E9%8D%8B%E6%96%99%E3%80%91%E7%B6%B2%E9%A0%81%E7%89%88.pdf,20230731,153030
384,新北市政府衛生局,109年9月(本局涼麵)抽驗名冊,https://www.health.ntpc.gov.tw/archive/file/109%E5%B9%B49%E6%9C%88%E3%80%90%E6%9C%AC%E5%B1%80-%E6%B6%BC%E9%BA%B5%E3%80%91%E7%B6%B2%E9%A0%81%E7%89%88.pdf,20230731,153030
385,新北市政府衛生局,109年9月(聯合分工動物用藥)抽驗名冊,https://www.health.ntpc.gov.tw/archive/file/109%E5%B9%B49%E6%9C%88%E3%80%90%E8%81%AF%E5%90%88%E5%88%86%E5%B7%A5-%E5%8B%95%E7%89%A9%E7%94%A8%E8%97%A5%E3%80%91.pdf,20230731,153030
386,新北市政府衛生局,109年9月(本局鵝肉)抽驗名冊,https://www.health.ntpc.gov.tw/archive/file/109%E5%B9%B49%E6%9C%88%E3%80%90%E6%9C%AC%E5%B1%80-%E9%B5%9D%E8%82%89%E3%80%91%E7%B6%B2%E9%A0%81%E7%89%88.pdf,20230731,153030
387,新北市政府衛生局,109年9月(本局豆腐)抽驗名冊,https://www.health.ntpc.gov.tw/archive/file/109%E5%B9%B49%E6%9C%88%E3%80%90%E6%9C%AC%E5%B1%80-%E8%B1%86%E8%85%90%E3%80%91%E7%B6%B2%E9%A0%81%E7%89%88.pdf,20230731,153030
388,新北市政府衛生局,109年9月(本局加強抽驗禽畜肉及內臟)抽驗名冊,https://www.health.ntpc.gov.tw/archive/file/109%E5%B9%B49%E6%9C%88%E3%80%90%E6%9C%AC%E5%B1%80%E5%8A%A0%E5%BC%B7%E6%8A%BD%E9%A9%97-%E7%A6%BD%E7%95%9C%E8%82%89%E5%8F%8A%E5%85%A7%E8%87%9F%E3%80%91%E7%B6%B2%E9%A0%81%E7%89%88.pdf,20230731,153030
389,新北市政府衛生局,109年10月(聯合分工甲醛三聚氰胺為合成原料之塑膠類)抽驗名冊,https://www.health.ntpc.gov.tw/archive/file/109%E5%B9%B410%E6%9C%88%E3%80%90%E8%81%AF%E5%90%88%E5%88%86%E5%B7%A5-%E7%94%B2%E9%86%9B-%E4%B8%89%E8%81%9A%E6%B0%B0%E8%83%BA%E7%82%BA%E5%90%88%E6%88%90%E5%8E%9F%E6%96%99%E4%B9%8B%E5%A1%91%E8%86%A0%E9%A1%9E%E3%80%91%E7%B6%B2%E9%A0%81%E7%89%88.pdf,20230731,153030
390,新北市政府衛生局,109年10月(本局沙拉)抽驗名冊,https://www.health.ntpc.gov.tw/archive/file/109%E5%B9%B410%E6%9C%88%E3%80%90%E6%9C%AC%E5%B1%80-%E6%B2%99%E6%8B%89%E3%80%91%E7%B6%B2%E9%A0%81%E7%89%88.pdf,20230731,153030
391,新北市政府衛生局,109年10月(本局加水站)抽驗名冊,https://www.health.ntpc.gov.tw/basic/?mode=detail&node=7946,20230731,153030
392,新北市政府衛生局,109年10月(後市場農藥)抽驗名冊,https://www.health.ntpc.gov.tw/archive/file/109%E5%B9%B411%E6%9C%88%E3%80%90%E5%BE%8C%E5%B8%82%E5%A0%B4-%E8%BE%B2%E8%97%A5%E3%80%91%E7%B6%B2%E9%A0%81%E7%89%88.pdf,20230731,153030
393,新北市政府衛生局,109年10月(本局調味豆乾)抽驗名冊,https://www.health.ntpc.gov.tw/archive/health_ntpc/6/file/108%E5%B9%B410%E6%9C%88%E3%80%90%E8%AA%BF%E5%91%B3%E8%B1%86%E4%B9%BE%E3%80%91%E7%B6%B2%E9%A0%81%E7%89%88.pdf,20230731,153030
394,新北市政府衛生局,109年10月(後市場動物用藥)抽驗名冊,https://www.health.ntpc.gov.tw/archive/file/109%E5%B9%B410%E6%9C%88%E3%80%90%E5%BE%8C%E5%B8%82%E5%A0%B4-%E5%8B%95%E7%89%A9%E7%94%A8%E8%97%A5%E3%80%91.pdf,20230731,153030
395,新北市政府衛生局,109年10月(聯合分工麵包糕餅)抽驗名冊,https://www.health.ntpc.gov.tw/archive/file/109%E5%B9%B410%E6%9C%88%E3%80%90%E8%81%AF%E5%90%88%E5%88%86%E5%B7%A5-%E9%BA%B5%E5%8C%85%E7%B3%95%E9%A4%85%E3%80%91.pdf,20230731,153030
396,新北市政府衛生局,109年11月(本局紙製品)抽驗名冊,https://www.health.ntpc.gov.tw/basic/?mode=detail&node=7973,20230731,153030
397,新北市政府衛生局,109年11月(聯合分工包裝飲用水)抽驗名冊,https://www.health.ntpc.gov.tw/archive/file/109%E5%B9%B411%E6%9C%88%E3%80%90%E8%81%AF%E5%90%88%E5%88%86%E5%B7%A5-%E5%8C%85%E8%A3%9D%E9%A3%B2%E7%94%A8%E6%B0%B4%E3%80%91%E7%B6%B2%E9%A0%81%E7%89%88.pdf,20230731,153030
398,新北市政府衛生局,109年10月(本局紅魷魚片.黃橄欖)抽驗名冊,https://www.health.ntpc.gov.tw/archive/file/109%E5%B9%B410%E6%9C%88%E3%80%90%E6%9C%AC%E5%B1%80-%E7%B4%85%E9%AD%B7%E9%AD%9A%E7%89%87.%E9%BB%83%E6%A9%84%E6%AC%96%E3%80%91%E7%B6%B2%E9%A0%81%E7%89%88.pdf,20230731,153030
399,新北市政府衛生局,109年11月(聯合分工花生製品)抽驗名冊,https://www.health.ntpc.gov.tw/archive/file/109%E5%B9%B411%E6%9C%88%E3%80%90%E8%81%AF%E5%90%88%E5%88%86%E5%B7%A5-%E8%8A%B1%E7%94%9F%E8%A3%BD%E5%93%81%E3%80%91%E7%B6%B2%E9%A0%81%E7%89%88.pdf,20230731,153030
400,新北市政府衛生局,109年11月(後市場農藥)抽驗名冊,https://www.health.ntpc.gov.tw/archive/file/109%E5%B9%B411%E6%9C%88%E3%80%90%E5%BE%8C%E5%B8%82%E5%A0%B4-%E8%BE%B2%E8%97%A5%E3%80%91%E7%B6%B2%E9%A0%81%E7%89%88.pdf,20230731,153030
401,新北市政府衛生局,109年10月(聯合分工豆干.豆皮.油豆腐)抽驗名冊,https://www.health.ntpc.gov.tw/archive/file/109%E5%B9%B410%E6%9C%88%E3%80%90%E8%81%AF%E5%90%88%E5%88%86%E5%B7%A5-%E8%B1%86%E5%B9%B2%E3%80%81%E8%B1%86%E7%9A%AE%E3%80%81%E6%B2%B9%E8%B1%86%E8%85%90%E3%80%91%E7%B6%B2%E9%A0%81%E7%89%88.pdf,20230731,153030
402,新北市政府衛生局,109年11月(聯合分工水產品)抽驗名冊,https://www.health.ntpc.gov.tw/archive/file/109%E5%B9%B411%E6%9C%88%E3%80%90%E8%81%AF%E5%90%88%E5%88%86%E5%B7%A5-%E6%B0%B4%E7%94%A2%E5%93%81%E3%80%91%E7%B6%B2%E9%A0%81%E7%89%88.pdf,20230731,153030
403,新北市政府衛生局,109年10月(後市場動物用藥)抽驗名冊,https://www.health.ntpc.gov.tw/archive/file/109%E5%B9%B410%E6%9C%88%E3%80%90%E5%BE%8C%E5%B8%82%E5%A0%B4-%E5%8B%95%E7%89%A9%E7%94%A8%E8%97%A5%E3%80%91%E7%B6%B2%E9%A0%81%E7%89%88.pdf,20230731,153030
404,新北市政府衛生局,109年11月(後市場重金屬)抽驗名冊,https://www.health.ntpc.gov.tw/archive/file/109%E5%B9%B411%E6%9C%88%E3%80%90%E5%BE%8C%E5%B8%82%E5%A0%B4-%E9%87%8D%E9%87%91%E5%B1%AC%E3%80%91%E7%B6%B2%E9%A0%81%E7%89%88.pdf,20230731,153030
405,新北市政府衛生局,109年11月(本局濾掛式咖啡)抽驗名冊,https://www.health.ntpc.gov.tw/archive/file/109%E5%B9%B411%E6%9C%88%E3%80%90%E6%9C%AC%E5%B1%80-%E6%BF%BE%E6%8E%9B%E5%BC%8F%E5%92%96%E5%95%A1%E3%80%91.pdf,20230731,153030
406,新北市政府衛生局,109年11月(聯合分工五穀)抽驗名冊,https://www.health.ntpc.gov.tw/archive/file/109%E5%B9%B411%E6%9C%88%E3%80%90%E8%81%AF%E5%90%88%E5%88%86%E5%B7%A5-%E4%BA%94%E7%A9%80%E3%80%91.pdf,20230731,153030
407,新北市政府衛生局,109年11月(本局釣蝦場)抽驗名冊,https://www.health.ntpc.gov.tw/archive/file/109%E5%B9%B411%E6%9C%88%E3%80%90%E6%9C%AC%E5%B1%80-%E9%87%A3%E8%9D%A6%E5%A0%B4%E3%80%91.pdf,20230731,153030
408,新北市政府衛生局,109年12月(本局蔥抓餅皮)抽驗名冊,https://www.health.ntpc.gov.tw/archive/file/109%E5%B9%B412%E6%9C%88%E3%80%90%E6%9C%AC%E5%B1%80-%E8%94%A5%E6%8A%93%E9%A4%85%E7%9A%AE%E3%80%91%E7%B6%B2%E9%A0%81%E7%89%88.pdf,20230731,153030
409,新北市政府衛生局,109年12月(本局塑膠類食品容器具)抽驗名冊,https://www.health.ntpc.gov.tw/archive/file/109%E5%B9%B412%E6%9C%88%E3%80%90%E6%9C%AC%E5%B1%80-%E5%A1%91%E8%86%A0%E9%A1%9E%E9%A3%9F%E5%93%81%E5%AE%B9%E5%99%A8%E5%85%B7%E3%80%91%E7%B6%B2%E9%A0%81%E7%89%88.pdf,20230731,153030
410,新北市政府衛生局,109年12月(本局例行液蛋)抽驗名冊,https://www.health.ntpc.gov.tw/archive/file/109%E5%B9%B412%E6%9C%88%E3%80%90%E6%9C%AC%E5%B1%80%E4%BE%8B%E8%A1%8C-%E6%B6%B2%E8%9B%8B%E3%80%91.pdf,20230731,153030
411,新北市政府衛生局,109年11月(後市場動物用藥)抽驗名冊,https://www.health.ntpc.gov.tw/archive/file/109%E5%B9%B411%E6%9C%88%E3%80%90%E5%BE%8C%E5%B8%82%E5%A0%B4-%E5%8B%95%E7%89%A9%E7%94%A8%E8%97%A5%E3%80%91%E7%B6%B2%E9%A0%81%E7%89%88.pdf,20230731,153030
412,新北市政府衛生局,109年12月(冬至應景食品抽驗)抽驗名冊,https://www.health.ntpc.gov.tw/basic/?mode=detail&node=8065,20230731,153030
413,新北市政府衛生局,109年11月(本局進口豬肉及其製品)抽驗名冊,https://www.health.ntpc.gov.tw/archive/file/111%E5%B9%B411%E6%9C%88%E3%80%90%E8%81%AF%E5%90%88%E5%88%86%E5%B7%A5-%E5%8B%95%E7%89%A9%E7%94%A8%E8%97%A5%E3%80%91.pdf,20230731,153030
414,新北市政府衛生局,109年12月(本局鍋貼水餃)抽驗名冊,https://www.health.ntpc.gov.tw/archive/file/109%E5%B9%B412%E6%9C%88%E3%80%90%E6%9C%AC%E5%B1%80-%E9%8D%8B%E8%B2%BC%E6%B0%B4%E9%A4%83%E3%80%91%E7%B6%B2%E9%A0%81%E7%89%88.pdf,20230731,153030
415,新北市政府衛生局,109年12月(後市場農藥)抽驗名冊,https://www.health.ntpc.gov.tw/archive/file/109%E5%B9%B412%E6%9C%88%E3%80%90%E5%BE%8C%E5%B8%82%E5%A0%B4-%E8%BE%B2%E8%97%A5%E3%80%91%E7%B6%B2%E9%A0%81%E7%89%88.pdf,20230731,153030
416,新北市政府衛生局,110年1月(本局刈包)抽驗名冊,https://www.health.ntpc.gov.tw/archive/file/110%E5%B9%B41%E6%9C%88%E3%80%90%E6%9C%AC%E5%B1%80-%E5%88%88%E5%8C%85%E3%80%91%E7%B6%B2%E9%A0%81%E7%89%88.pdf,20230731,153030
417,新北市政府衛生局,110年1月(本局關東煮)抽驗名冊,https://www.health.ntpc.gov.tw/archive/file/110%E5%B9%B41%E6%9C%88%E3%80%90%E6%9C%AC%E5%B1%80-%E9%97%9C%E6%9D%B1%E7%85%AE%E3%80%91%E7%B6%B2%E9%A0%81%E7%89%88.pdf,20230731,153030
418,新北市政府衛生局,114年1月【後市場-動物用藥】抽驗名冊,https://www.health.ntpc.gov.tw/basic/?mode=detail&node=13742,,
419,新北市政府衛生局,114年3月【本局-嬰兒奶粉】抽驗名冊,https://www.health.ntpc.gov.tw/basic/?mode=detail&node=13760,,
420,新北市政府衛生局,114年3月【聯合分工-辛香料】抽驗名冊,https://www.health.ntpc.gov.tw/basic/?mode=detail&node=13761,,
421,新北市政府衛生局,114年4月【後市場-農藥】抽驗名冊,https://www.health.ntpc.gov.tw/basic/?mode=detail&node=13762,,
422,新北市政府衛生局,114年4月【本局-嬰幼兒副食品】抽驗名冊,https://www.health.ntpc.gov.tw/basic/?mode=detail&node=13763,,
423,新北市政府衛生局,114年4月【本局-母親節蛋糕】抽驗名冊,https://www.health.ntpc.gov.tw/basic/?mode=detail&node=13778,,
424,新北市政府衛生局,114年5月【端午節應景食品抽驗】抽驗名冊,https://www.health.ntpc.gov.tw/basic/?mode=detail&node=13819,,
425,新北市政府衛生局,114年4月【聯合分工-醃製蔬菜】抽驗名冊,https://www.health.ntpc.gov.tw/basic/?mode=detail&node=13835,,
426,新北市政府衛生局,114年3月、4月【本局-乳製品】抽驗名冊,https://www.health.ntpc.gov.tw/basic/?mode=detail&node=14066,,
427,新北市政府衛生局,114年5月【本局-豆漿】抽驗名冊,https://www.health.ntpc.gov.tw/basic/?mode=detail&node=13836,,
428,新北市政府衛生局,114年5月【本局-金針】抽驗名冊,https://www.health.ntpc.gov.tw/basic/?mode=detail&node=13837,,
429,新北市政府衛生局,114年5月【本局-鹼粽】抽驗名冊,https://www.health.ntpc.gov.tw/basic/?mode=detail&node=13838,,
430,新北市政府衛生局,114年5月【後市場-農藥】抽驗名冊,https://www.health.ntpc.gov.tw/basic/?mode=detail&node=13875,,
431,新北市政府衛生局,114年5月【聯合分工-重金屬】抽驗名冊,https://www.health.ntpc.gov.tw/basic/?mode=detail&node=14067,,
432,新北市政府衛生局,114年5月【本局-餐車熟食小吃】抽驗名冊,https://www.health.ntpc.gov.tw/basic/?mode=detail&node=14068,,
433,新北市政府衛生局,【114年茶葉及花草茶抽驗專案】抽驗名冊,https://www.health.ntpc.gov.tw/basic/?mode=detail&node=13876,,
434,新北市政府衛生局,114年6月【本局-八仙果】抽驗名冊,https://www.health.ntpc.gov.tw/basic/?mode=detail&node=13952,,
435,新北市政府衛生局,114年6月【本局-澱粉類製品】抽驗名冊,https://www.health.ntpc.gov.tw/basic/?mode=detail&node=13954,,
436,新北市政府衛生局,114年6月【本局-飲料】抽驗名冊,https://www.health.ntpc.gov.tw/basic/?mode=detail&node=13953,,
437,新北市政府衛生局,114年6月【後市場-農藥】抽驗名冊,https://www.health.ntpc.gov.tw/basic/?mode=detail&node=14000,,
438,新北市政府衛生局,114年6月【本局-餐車熟食小吃】抽驗名冊,https://www.health.ntpc.gov.tw/basic/?mode=detail&node=14069,,
439,新北市政府衛生局,114年6月【聯合分工-食用油脂】抽驗名冊,https://www.health.ntpc.gov.tw/basic/?mode=detail&node=14070,,
440,新北市政府衛生局,114年6月【聯合分工-米麵製品】抽驗名冊,https://www.health.ntpc.gov.tw/basic/?mode=detail&node=14034,,
441,新北市政府衛生局,114年6月【聯合分工-穀類】抽驗名冊,https://www.health.ntpc.gov.tw/basic/?mode=detail&node=14071,,
442,新北市政府衛生局,114年6月【本局-邦克列酸】抽驗名冊,https://www.health.ntpc.gov.tw/basic/?mode=detail&node=14072,,
443,新北市政府衛生局,"114年7月【 夏季飲冰品 】抽驗名冊",https://www.health.ntpc.gov.tw/basic/?mode=detail&node=14011,,
444,新北市政府衛生局,114年7月【本局-邦克列酸】抽驗名冊,https://www.health.ntpc.gov.tw/basic/?mode=detail&node=14073,,
445,新北市政府衛生局,114年7月【聯合分工-溴酸鹽】抽驗名冊,https://www.health.ntpc.gov.tw/basic/?mode=detail&node=14074,,
446,新北市政府衛生局,114年7月【後市場-農藥】抽驗名冊,https://www.health.ntpc.gov.tw/basic/?mode=detail&node=14094,,
447,新北市政府衛生局,114年7月【夏季飲冰品】抽驗名冊,https://www.health.ntpc.gov.tw/basic/?mode=detail&node=14011,,
448,新北市政府衛生局,114年8月【中元節應景食品抽驗】抽驗名冊,https://www.health.ntpc.gov.tw/basic/?mode=detail&node=14127,,
449,新北市政府衛生局,114年8月【本局-夏季飲冰品】抽驗名冊,https://www.health.ntpc.gov.tw/basic/?mode=detail&node=14364,,
450,新北市政府衛生局,114年8月【後市場-農藥】抽驗名冊,https://www.health.ntpc.gov.tw/basic/?mode=detail&node=14330,,
451,新北市政府衛生局,114年8月【本局-涼麵】抽驗名冊,https://www.health.ntpc.gov.tw/basic/?mode=detail&node=14365,,
452,新北市政府衛生局,114年9月【後市場-農藥】抽驗名冊,https://www.health.ntpc.gov.tw/basic/?mode=detail&node=14331,,
453,新北市政府衛生局,114年9月【本局-蔬果沙拉】抽驗名冊,https://www.health.ntpc.gov.tw/basic/?mode=detail&node=14366,,
454,新北市政府衛生局,114年10月【中秋節應景食品抽驗】抽驗名冊,https://www.health.ntpc.gov.tw/basic/?mode=detail&node=14233,,
455,新北市政府衛生局,114年10月【後市場-農藥】抽驗名冊,https://www.health.ntpc.gov.tw/basic/?mode=detail&node=14332,,
456,新北市政府衛生局,114年10月【聯合分工-花生製品】抽驗名冊,https://www.health.ntpc.gov.tw/basic/?mode=detail&node=14367,,
457,新北市政府衛生局,114年10月【本局-紙製品】抽驗名冊,https://www.health.ntpc.gov.tw/basic/?mode=detail&node=14368,,
458,新北市政府衛生局,114年10月【本局-壽司飯糰】抽驗名冊,https://www.health.ntpc.gov.tw/basic/?mode=detail&node=14369,,
459,新北市政府衛生局,114年10月【本局-沙拉麵包】抽驗名冊,https://www.health.ntpc.gov.tw/basic/?mode=detail&node=14370,,
460,新北市政府衛生局,114年11月【本局-冷凍非即食食品】抽驗名冊,https://www.health.ntpc.gov.tw/basic/?mode=detail&node=14371,,
461,新北市政府衛生局,114年11月【本局-咖啡】抽驗名冊,https://www.health.ntpc.gov.tw/basic/?mode=detail&node=14372,,
462,新北市政府衛生局,114年11月【本局-便當】抽驗名冊,https://www.health.ntpc.gov.tw/basic/?mode=detail&node=14373,,
463,新北市政府衛生局,114年12月【本局-酸菜】抽驗名冊,https://www.health.ntpc.gov.tw/basic/?mode=detail&node=14430,,
464,新北市政府衛生局,114年12月【本局-包子饅頭2】抽驗名冊,https://www.health.ntpc.gov.tw/basic/?mode=detail&node=14431,,
464,新北市政府衛生局,115年春節抽驗名冊,https://www.health.ntpc.gov.tw/basic/?mode=detail&node=14490,,
464,新北市政府衛生局,115年1月【後市場-農藥】,https://www.health.ntpc.gov.tw/basic/?mode=detail&node=14548,,
465,新北市政府衛生局,115年【本局-元宵節食品抽驗】,https://www.health.ntpc.gov.tw/article/115%E5%B9%B4%E3%80%90%E6%9C%AC%E5%B1%80%EF%BC%8D%E5%85%83%E5%AE%B5%E7%AF%80%E9%A3%9F%E5%93%81%E6%8A%BD%E9%A9%97%E3%80%91,,
466,新北市政府衛生局,115年2月【後市場-農藥】,https://www.health.ntpc.gov.tw/article/115%E5%B9%B42%E6%9C%88%E3%80%90%E5%BE%8C%E5%B8%82%E5%A0%B4%EF%BC%8D%E8%BE%B2%E8%97%A5%E3%80%91,,
