year,months,organ,kind,number,numofpeople
106,1,新北市板橋分局,總計,555,555
106,1,新北市海山分局,總計,64,64
106,1,新北市中和分局,總計,441,441
106,1,新北市永和分局,總計,247,247
106,1,新北市三重分局,總計,237,237
106,1,新北市新莊分局,總計,286,286
106,1,新北市土城分局,總計,95,95
106,1,新北市新店分局,總計,411,411
106,1,新北市蘆洲分局,總計,355,355
106,1,新北市三峽分局,總計,167,167
106,1,新北市樹林分局,總計,308,308
106,1,新北市汐止分局,總計,170,170
106,1,新北市淡水分局,總計,149,149
106,1,新北市瑞芳分局,總計,23,23
106,1,新北市金山分局,總計,5,5
106,1,新北市政府警察局,罰鍰,1545,1545
106,1,新北市板橋分局,罰鍰,278,278
106,1,新北市海山分局,罰鍰,64,64
106,1,新北市中和分局,罰鍰,64,64
106,1,新北市永和分局,罰鍰,47,47
106,1,新北市三重分局,罰鍰,63,63
106,1,新北市新莊分局,罰鍰,203,203
106,1,新北市土城分局,罰鍰,45,45
106,1,新北市新店分局,罰鍰,134,134
106,1,新北市蘆洲分局,罰鍰,200,200
106,1,新北市三峽分局,罰鍰,70,70
106,1,新北市樹林分局,罰鍰,79,79
106,1,新北市汐止分局,罰鍰,147,147
106,1,新北市淡水分局,罰鍰,140,140
106,1,新北市瑞芳分局,罰鍰,8,8
106,1,新北市金山分局,罰鍰,3,3
106,1,新北市政府警察局,没入攤架,0,0
106,1,新北市板橋分局,没入攤架,0,0
106,1,新北市海山分局,没入攤架,0,0
106,1,新北市中和分局,没入攤架,0,0
106,1,新北市永和分局,没入攤架,0,0
106,1,新北市三重分局,没入攤架,0,0
106,1,新北市新莊分局,没入攤架,0,0
106,1,新北市土城分局,没入攤架,0,0
106,1,新北市新店分局,没入攤架,0,0
106,1,新北市蘆洲分局,没入攤架,0,0
106,1,新北市三峽分局,没入攤架,0,0
106,1,新北市樹林分局,没入攤架,0,0
106,1,新北市汐止分局,没入攤架,0,0
106,1,新北市淡水分局,没入攤架,0,0
106,1,新北市瑞芳分局,没入攤架,0,0
106,1,新北市金山分局,没入攤架,0,0
106,1,新北市政府警察局,拆除攤架,0,0
106,1,新北市板橋分局,拆除攤架,0,0
106,1,新北市海山分局,拆除攤架,0,0
106,1,新北市中和分局,拆除攤架,0,0
106,1,新北市永和分局,拆除攤架,0,0
106,1,新北市三重分局,拆除攤架,0,0
106,1,新北市新莊分局,拆除攤架,0,0
106,1,新北市土城分局,拆除攤架,0,0
106,1,新北市新店分局,拆除攤架,0,0
106,1,新北市蘆洲分局,拆除攤架,0,0
106,1,新北市三峽分局,拆除攤架,0,0
106,1,新北市樹林分局,拆除攤架,0,0
106,1,新北市汐止分局,拆除攤架,0,0
106,1,新北市淡水分局,拆除攤架,0,0
106,1,新北市瑞芳分局,拆除攤架,0,0
106,1,新北市金山分局,拆除攤架,0,0
106,1,新北市政府警察局,勸導,1968,1968
106,1,新北市板橋分局,勸導,277,277
106,1,新北市海山分局,勸導,0,0
106,1,新北市中和分局,勸導,377,377
106,1,新北市永和分局,勸導,200,200
106,1,新北市三重分局,勸導,174,174
106,1,新北市新莊分局,勸導,83,83
106,1,新北市土城分局,勸導,50,50
106,1,新北市新店分局,勸導,277,277
106,1,新北市蘆洲分局,勸導,155,155
106,1,新北市三峽分局,勸導,97,97
106,1,新北市樹林分局,勸導,229,229
106,1,新北市汐止分局,勸導,23,23
106,1,新北市淡水分局,勸導,9,9
106,1,新北市瑞芳分局,勸導,15,15
106,1,新北市金山分局,勸導,2,2
106,2,新北市政府警察局,總計,3268,3268
106,2,新北市板橋分局,總計,561,561
106,2,新北市海山分局,總計,82,82
106,2,新北市中和分局,總計,490,490
106,2,新北市永和分局,總計,218,218
106,2,新北市三重分局,總計,155,155
106,2,新北市新莊分局,總計,232,232
106,2,新北市土城分局,總計,60,60
106,2,新北市新店分局,總計,481,481
106,2,新北市蘆洲分局,總計,280,280
106,2,新北市三峽分局,總計,210,210
106,2,新北市樹林分局,總計,305,305
106,2,新北市汐止分局,總計,99,99
106,2,新北市淡水分局,總計,75,75
106,2,新北市瑞芳分局,總計,14,14
106,2,新北市金山分局,總計,6,6
106,2,新北市政府警察局,罰鍰,1347,1347
106,2,新北市板橋分局,罰鍰,285,285
106,2,新北市海山分局,罰鍰,67,67
106,2,新北市中和分局,罰鍰,116,116
106,2,新北市永和分局,罰鍰,43,43
106,2,新北市三重分局,罰鍰,54,54
106,2,新北市新莊分局,罰鍰,141,141
106,2,新北市土城分局,罰鍰,20,20
106,2,新北市新店分局,罰鍰,163,163
106,2,新北市蘆洲分局,罰鍰,133,133
106,2,新北市三峽分局,罰鍰,90,90
106,2,新北市樹林分局,罰鍰,80,80
106,2,新北市汐止分局,罰鍰,80,80
106,2,新北市淡水分局,罰鍰,67,67
106,2,新北市瑞芳分局,罰鍰,3,3
106,2,新北市金山分局,罰鍰,5,5
106,2,新北市政府警察局,没入攤架,0,0
106,2,新北市板橋分局,没入攤架,0,0
106,2,新北市海山分局,没入攤架,0,0
106,2,新北市中和分局,没入攤架,0,0
106,2,新北市永和分局,没入攤架,0,0
106,2,新北市三重分局,没入攤架,0,0
106,2,新北市新莊分局,没入攤架,0,0
106,2,新北市土城分局,没入攤架,0,0
106,2,新北市新店分局,没入攤架,0,0
106,2,新北市蘆洲分局,没入攤架,0,0
106,2,新北市三峽分局,没入攤架,0,0
106,2,新北市樹林分局,没入攤架,0,0
106,2,新北市汐止分局,没入攤架,0,0
106,2,新北市淡水分局,没入攤架,0,0
106,2,新北市瑞芳分局,没入攤架,0,0
106,2,新北市金山分局,没入攤架,0,0
106,2,新北市政府警察局,拆除攤架,0,0
106,2,新北市板橋分局,拆除攤架,0,0
106,2,新北市海山分局,拆除攤架,0,0
106,2,新北市中和分局,拆除攤架,0,0
106,2,新北市永和分局,拆除攤架,0,0
106,2,新北市三重分局,拆除攤架,0,0
106,2,新北市新莊分局,拆除攤架,0,0
106,2,新北市土城分局,拆除攤架,0,0
106,2,新北市新店分局,拆除攤架,0,0
106,2,新北市蘆洲分局,拆除攤架,0,0
106,2,新北市三峽分局,拆除攤架,0,0
106,2,新北市樹林分局,拆除攤架,0,0
106,2,新北市汐止分局,拆除攤架,0,0
106,2,新北市淡水分局,拆除攤架,0,0
106,2,新北市瑞芳分局,拆除攤架,0,0
106,2,新北市金山分局,拆除攤架,0,0
106,2,新北市政府警察局,勸導,1921,1921
106,2,新北市板橋分局,勸導,276,276
106,2,新北市海山分局,勸導,15,15
106,2,新北市中和分局,勸導,374,374
106,2,新北市永和分局,勸導,175,175
106,2,新北市三重分局,勸導,101,101
106,2,新北市新莊分局,勸導,91,91
106,2,新北市土城分局,勸導,40,40
106,2,新北市新店分局,勸導,318,318
106,2,新北市蘆洲分局,勸導,147,147
106,2,新北市三峽分局,勸導,120,120
106,2,新北市樹林分局,勸導,225,225
106,2,新北市汐止分局,勸導,19,19
106,2,新北市淡水分局,勸導,8,8
106,2,新北市瑞芳分局,勸導,11,11
106,2,新北市金山分局,勸導,1,1
106,3,新北市政府警察局,總計,3692,3692
106,3,新北市板橋分局,總計,563,563
106,3,新北市海山分局,總計,107,107
106,3,新北市中和分局,總計,515,515
106,3,新北市永和分局,總計,582,582
106,3,新北市三重分局,總計,274,274
106,3,新北市新莊分局,總計,288,288
106,3,新北市土城分局,總計,105,105
106,3,新北市新店分局,總計,404,404
106,3,新北市蘆洲分局,總計,257,257
106,3,新北市三峽分局,總計,124,124
106,3,新北市樹林分局,總計,228,228
106,3,新北市汐止分局,總計,131,131
106,3,新北市淡水分局,總計,82,82
106,3,新北市瑞芳分局,總計,28,28
106,3,新北市金山分局,總計,4,4
106,3,新北市政府警察局,罰鍰,1778,1778
106,3,新北市板橋分局,罰鍰,286,286
106,3,新北市海山分局,罰鍰,83,83
106,3,新北市中和分局,罰鍰,141,141
106,3,新北市永和分局,罰鍰,318,318
106,3,新北市三重分局,罰鍰,92,92
106,3,新北市新莊分局,罰鍰,206,206
106,3,新北市土城分局,罰鍰,63,63
106,3,新北市新店分局,罰鍰,156,156
106,3,新北市蘆洲分局,罰鍰,161,161
106,3,新北市三峽分局,罰鍰,14,14
106,3,新北市樹林分局,罰鍰,53,53
106,3,新北市汐止分局,罰鍰,114,114
106,3,新北市淡水分局,罰鍰,73,73
106,3,新北市瑞芳分局,罰鍰,15,15
106,3,新北市金山分局,罰鍰,3,3
106,3,新北市政府警察局,没入攤架,0,0
106,3,新北市板橋分局,没入攤架,0,0
106,3,新北市海山分局,没入攤架,0,0
106,3,新北市中和分局,没入攤架,0,0
106,3,新北市永和分局,没入攤架,0,0
106,3,新北市三重分局,没入攤架,0,0
106,3,新北市新莊分局,没入攤架,0,0
106,3,新北市土城分局,没入攤架,0,0
106,3,新北市新店分局,没入攤架,0,0
106,3,新北市蘆洲分局,没入攤架,0,0
106,3,新北市三峽分局,没入攤架,0,0
106,3,新北市樹林分局,没入攤架,0,0
106,3,新北市汐止分局,没入攤架,0,0
106,3,新北市淡水分局,没入攤架,0,0
106,3,新北市瑞芳分局,没入攤架,0,0
106,3,新北市金山分局,没入攤架,0,0
106,3,新北市政府警察局,拆除攤架,0,0
106,3,新北市板橋分局,拆除攤架,0,0
106,3,新北市海山分局,拆除攤架,0,0
106,3,新北市中和分局,拆除攤架,0,0
106,3,新北市永和分局,拆除攤架,0,0
106,3,新北市三重分局,拆除攤架,0,0
106,3,新北市新莊分局,拆除攤架,0,0
106,3,新北市土城分局,拆除攤架,0,0
106,3,新北市新店分局,拆除攤架,0,0
106,3,新北市蘆洲分局,拆除攤架,0,0
106,3,新北市三峽分局,拆除攤架,0,0
106,3,新北市樹林分局,拆除攤架,0,0
106,3,新北市汐止分局,拆除攤架,0,0
106,3,新北市淡水分局,拆除攤架,0,0
106,3,新北市瑞芳分局,拆除攤架,0,0
106,3,新北市金山分局,拆除攤架,0,0
106,3,新北市政府警察局,勸導,1914,1914
106,3,新北市板橋分局,勸導,277,277
106,3,新北市海山分局,勸導,24,24
106,3,新北市中和分局,勸導,374,374
106,3,新北市永和分局,勸導,264,264
106,3,新北市三重分局,勸導,182,182
106,3,新北市新莊分局,勸導,82,82
106,3,新北市土城分局,勸導,42,42
106,3,新北市新店分局,勸導,248,248
106,3,新北市蘆洲分局,勸導,96,96
106,3,新北市三峽分局,勸導,110,110
106,3,新北市樹林分局,勸導,175,175
106,3,新北市汐止分局,勸導,17,17
106,3,新北市淡水分局,勸導,9,9
106,3,新北市瑞芳分局,勸導,13,13
106,3,新北市金山分局,勸導,1,1
106,4,新北市政府警察局,總計,3577,3577
106,4,新北市板橋分局,總計,573,573
106,4,新北市海山分局,總計,100,100
106,4,新北市中和分局,總計,567,567
106,4,新北市永和分局,總計,456,456
106,4,新北市三重分局,總計,257,257
106,4,新北市新莊分局,總計,252,252
106,4,新北市土城分局,總計,130,130
106,4,新北市新店分局,總計,337,337
106,4,新北市蘆洲分局,總計,304,304
106,4,新北市三峽分局,總計,152,152
106,4,新北市樹林分局,總計,192,192
106,4,新北市汐止分局,總計,98,98
106,4,新北市淡水分局,總計,130,130
106,4,新北市瑞芳分局,總計,26,26
106,4,新北市金山分局,總計,3,3
106,4,新北市政府警察局,罰鍰,1747,1747
106,4,新北市板橋分局,罰鍰,292,292
106,4,新北市海山分局,罰鍰,87,87
106,4,新北市中和分局,罰鍰,205,205
106,4,新北市永和分局,罰鍰,184,184
106,4,新北市三重分局,罰鍰,170,170
106,4,新北市新莊分局,罰鍰,146,146
106,4,新北市土城分局,罰鍰,85,85
106,4,新北市新店分局,罰鍰,93,93
106,4,新北市蘆洲分局,罰鍰,211,211
106,4,新北市三峽分局,罰鍰,27,27
106,4,新北市樹林分局,罰鍰,35,35
106,4,新北市汐止分局,罰鍰,76,76
106,4,新北市淡水分局,罰鍰,124,124
106,4,新北市瑞芳分局,罰鍰,11,11
106,4,新北市金山分局,罰鍰,1,1
106,4,新北市政府警察局,没入攤架,0,0
106,4,新北市板橋分局,没入攤架,0,0
106,4,新北市海山分局,没入攤架,0,0
106,4,新北市中和分局,没入攤架,0,0
106,4,新北市永和分局,没入攤架,0,0
106,4,新北市三重分局,没入攤架,0,0
106,4,新北市新莊分局,没入攤架,0,0
106,4,新北市土城分局,没入攤架,0,0
106,4,新北市新店分局,没入攤架,0,0
106,4,新北市蘆洲分局,没入攤架,0,0
106,4,新北市三峽分局,没入攤架,0,0
106,4,新北市樹林分局,没入攤架,0,0
106,4,新北市汐止分局,没入攤架,0,0
106,4,新北市淡水分局,没入攤架,0,0
106,4,新北市瑞芳分局,没入攤架,0,0
106,4,新北市金山分局,没入攤架,0,0
106,4,新北市政府警察局,拆除攤架,1,1
106,4,新北市板橋分局,拆除攤架,0,0
106,4,新北市海山分局,拆除攤架,0,0
106,4,新北市中和分局,拆除攤架,0,0
106,4,新北市永和分局,拆除攤架,0,0
106,4,新北市三重分局,拆除攤架,0,0
106,4,新北市新莊分局,拆除攤架,1,1
106,4,新北市土城分局,拆除攤架,0,0
106,4,新北市新店分局,拆除攤架,0,0
106,4,新北市蘆洲分局,拆除攤架,0,0
106,4,新北市三峽分局,拆除攤架,0,0
106,4,新北市樹林分局,拆除攤架,0,0
106,4,新北市汐止分局,拆除攤架,0,0
106,4,新北市淡水分局,拆除攤架,0,0
106,4,新北市瑞芳分局,拆除攤架,0,0
106,4,新北市金山分局,拆除攤架,0,0
106,4,新北市政府警察局,勸導,1829,1829
106,4,新北市板橋分局,勸導,281,281
106,4,新北市海山分局,勸導,13,13
106,4,新北市中和分局,勸導,362,362
106,4,新北市永和分局,勸導,272,272
106,4,新北市三重分局,勸導,87,87
106,4,新北市新莊分局,勸導,105,105
106,4,新北市土城分局,勸導,45,45
106,4,新北市新店分局,勸導,244,244
106,4,新北市蘆洲分局,勸導,93,93
106,4,新北市三峽分局,勸導,125,125
106,4,新北市樹林分局,勸導,157,157
106,4,新北市汐止分局,勸導,22,22
106,4,新北市淡水分局,勸導,6,6
106,4,新北市瑞芳分局,勸導,15,15
106,4,新北市金山分局,勸導,2,2
106,5,新北市政府警察局,總計,3752,3752
106,5,新北市板橋分局,總計,580,580
106,5,新北市海山分局,總計,106,106
106,5,新北市中和分局,總計,465,465
106,5,新北市永和分局,總計,474,474
106,5,新北市三重分局,總計,228,228
106,5,新北市新莊分局,總計,352,352
106,5,新北市土城分局,總計,162,162
106,5,新北市新店分局,總計,438,438
106,5,新北市蘆洲分局,總計,268,268
106,5,新北市三峽分局,總計,168,168
106,5,新北市樹林分局,總計,200,200
106,5,新北市汐止分局,總計,128,128
106,5,新北市淡水分局,總計,149,149
106,5,新北市瑞芳分局,總計,26,26
106,5,新北市金山分局,總計,8,8
106,5,新北市政府警察局,罰鍰,2046,2046
106,5,新北市板橋分局,罰鍰,295,295
106,5,新北市海山分局,罰鍰,73,73
106,5,新北市中和分局,罰鍰,172,172
106,5,新北市永和分局,罰鍰,223,223
106,5,新北市三重分局,罰鍰,158,158
106,5,新北市新莊分局,罰鍰,256,256
106,5,新北市土城分局,罰鍰,112,112
106,5,新北市新店分局,罰鍰,204,204
106,5,新北市蘆洲分局,罰鍰,204,204
106,5,新北市三峽分局,罰鍰,59,59
106,5,新北市樹林分局,罰鍰,34,34
106,5,新北市汐止分局,罰鍰,102,102
106,5,新北市淡水分局,罰鍰,142,142
106,5,新北市瑞芳分局,罰鍰,6,6
106,5,新北市金山分局,罰鍰,6,6
106,5,新北市政府警察局,没入攤架,0,0
106,5,新北市板橋分局,没入攤架,0,0
106,5,新北市海山分局,没入攤架,0,0
106,5,新北市中和分局,没入攤架,0,0
106,5,新北市永和分局,没入攤架,0,0
106,5,新北市三重分局,没入攤架,0,0
106,5,新北市新莊分局,没入攤架,0,0
106,5,新北市土城分局,没入攤架,0,0
106,5,新北市新店分局,没入攤架,0,0
106,5,新北市蘆洲分局,没入攤架,0,0
106,5,新北市三峽分局,没入攤架,0,0
106,5,新北市樹林分局,没入攤架,0,0
106,5,新北市汐止分局,没入攤架,0,0
106,5,新北市淡水分局,没入攤架,0,0
106,5,新北市瑞芳分局,没入攤架,0,0
106,5,新北市金山分局,没入攤架,0,0
106,5,新北市政府警察局,拆除攤架,0,0
106,5,新北市板橋分局,拆除攤架,0,0
106,5,新北市海山分局,拆除攤架,0,0
106,5,新北市中和分局,拆除攤架,0,0
106,5,新北市永和分局,拆除攤架,0,0
106,5,新北市三重分局,拆除攤架,0,0
106,5,新北市新莊分局,拆除攤架,0,0
106,5,新北市土城分局,拆除攤架,0,0
106,5,新北市新店分局,拆除攤架,0,0
106,5,新北市蘆洲分局,拆除攤架,0,0
106,5,新北市三峽分局,拆除攤架,0,0
106,5,新北市樹林分局,拆除攤架,0,0
106,5,新北市汐止分局,拆除攤架,0,0
106,5,新北市淡水分局,拆除攤架,0,0
106,5,新北市瑞芳分局,拆除攤架,0,0
106,5,新北市金山分局,拆除攤架,0,0
106,5,新北市政府警察局,勸導,1706,1706
106,5,新北市板橋分局,勸導,285,285
106,5,新北市海山分局,勸導,33,33
106,5,新北市中和分局,勸導,293,293
106,5,新北市永和分局,勸導,251,251
106,5,新北市三重分局,勸導,70,70
106,5,新北市新莊分局,勸導,96,96
106,5,新北市土城分局,勸導,50,50
106,5,新北市新店分局,勸導,234,234
106,5,新北市蘆洲分局,勸導,64,64
106,5,新北市三峽分局,勸導,109,109
106,5,新北市樹林分局,勸導,166,166
106,5,新北市汐止分局,勸導,26,26
106,5,新北市淡水分局,勸導,7,7
106,5,新北市瑞芳分局,勸導,20,20
106,5,新北市金山分局,勸導,2,2
106,6,新北市政府警察局,總計,3462,3462
106,6,新北市板橋分局,總計,586,586
106,6,新北市海山分局,總計,153,153
106,6,新北市中和分局,總計,422,422
106,6,新北市永和分局,總計,414,414
106,6,新北市三重分局,總計,115,115
106,6,新北市新莊分局,總計,322,322
106,6,新北市土城分局,總計,188,188
106,6,新北市新店分局,總計,427,427
106,6,新北市蘆洲分局,總計,214,214
106,6,新北市三峽分局,總計,165,165
106,6,新北市樹林分局,總計,212,212
106,6,新北市汐止分局,總計,92,92
106,6,新北市淡水分局,總計,117,117
106,6,新北市瑞芳分局,總計,31,31
106,6,新北市金山分局,總計,4,4
106,6,新北市政府警察局,罰鍰,1747,1747
106,6,新北市板橋分局,罰鍰,296,296
106,6,新北市海山分局,罰鍰,130,130
106,6,新北市中和分局,罰鍰,119,119
106,6,新北市永和分局,罰鍰,138,138
106,6,新北市三重分局,罰鍰,66,66
106,6,新北市新莊分局,罰鍰,228,228
106,6,新北市土城分局,罰鍰,136,136
106,6,新北市新店分局,罰鍰,198,198
106,6,新北市蘆洲分局,罰鍰,123,123
106,6,新北市三峽分局,罰鍰,63,63
106,6,新北市樹林分局,罰鍰,44,44
106,6,新北市汐止分局,罰鍰,86,86
106,6,新北市淡水分局,罰鍰,108,108
106,6,新北市瑞芳分局,罰鍰,11,11
106,6,新北市金山分局,罰鍰,1,1
106,6,新北市政府警察局,没入攤架,1,1
106,6,新北市板橋分局,没入攤架,0,0
106,6,新北市海山分局,没入攤架,0,0
106,6,新北市中和分局,没入攤架,0,0
106,6,新北市永和分局,没入攤架,0,0
106,6,新北市三重分局,没入攤架,0,0
106,6,新北市新莊分局,没入攤架,1,1
106,6,新北市土城分局,没入攤架,0,0
106,6,新北市新店分局,没入攤架,0,0
106,6,新北市蘆洲分局,没入攤架,0,0
106,6,新北市三峽分局,没入攤架,0,0
106,6,新北市樹林分局,没入攤架,0,0
106,6,新北市汐止分局,没入攤架,0,0
106,6,新北市淡水分局,没入攤架,0,0
106,6,新北市瑞芳分局,没入攤架,0,0
106,6,新北市金山分局,没入攤架,0,0
106,6,新北市政府警察局,拆除攤架,0,0
106,6,新北市板橋分局,拆除攤架,0,0
106,6,新北市海山分局,拆除攤架,0,0
106,6,新北市中和分局,拆除攤架,0,0
106,6,新北市永和分局,拆除攤架,0,0
106,6,新北市三重分局,拆除攤架,0,0
106,6,新北市新莊分局,拆除攤架,0,0
106,6,新北市土城分局,拆除攤架,0,0
106,6,新北市新店分局,拆除攤架,0,0
106,6,新北市蘆洲分局,拆除攤架,0,0
106,6,新北市三峽分局,拆除攤架,0,0
106,6,新北市樹林分局,拆除攤架,0,0
106,6,新北市汐止分局,拆除攤架,0,0
106,6,新北市淡水分局,拆除攤架,0,0
106,6,新北市瑞芳分局,拆除攤架,0,0
106,6,新北市金山分局,拆除攤架,0,0
106,6,新北市政府警察局,勸導,1714,1714
106,6,新北市板橋分局,勸導,290,290
106,6,新北市海山分局,勸導,23,23
106,6,新北市中和分局,勸導,303,303
106,6,新北市永和分局,勸導,276,276
106,6,新北市三重分局,勸導,49,49
106,6,新北市新莊分局,勸導,93,93
106,6,新北市土城分局,勸導,52,52
106,6,新北市新店分局,勸導,229,229
106,6,新北市蘆洲分局,勸導,91,91
106,6,新北市三峽分局,勸導,102,102
106,6,新北市樹林分局,勸導,168,168
106,6,新北市汐止分局,勸導,6,6
106,6,新北市淡水分局,勸導,9,9
106,6,新北市瑞芳分局,勸導,20,20
106,6,新北市金山分局,勸導,3,3
106,7,新北市政府警察局,總計,3580,3580
106,7,新北市板橋分局,總計,585,585
106,7,新北市海山分局,總計,113,113
106,7,新北市中和分局,總計,390,390
106,7,新北市永和分局,總計,462,462
106,7,新北市三重分局,總計,295,295
106,7,新北市新莊分局,總計,306,306
106,7,新北市土城分局,總計,201,201
106,7,新北市新店分局,總計,361,361
106,7,新北市蘆洲分局,總計,256,256
106,7,新北市三峽分局,總計,181,181
106,7,新北市樹林分局,總計,202,202
106,7,新北市汐止分局,總計,107,107
106,7,新北市淡水分局,總計,81,81
106,7,新北市瑞芳分局,總計,35,35
106,7,新北市金山分局,總計,5,5
106,7,新北市政府警察局,罰鍰,2020,2020
106,7,新北市板橋分局,罰鍰,299,299
106,7,新北市海山分局,罰鍰,94,94
106,7,新北市中和分局,罰鍰,114,114
106,7,新北市永和分局,罰鍰,262,262
106,7,新北市三重分局,罰鍰,250,250
106,7,新北市新莊分局,罰鍰,163,163
106,7,新北市土城分局,罰鍰,149,149
106,7,新北市新店分局,罰鍰,189,189
106,7,新北市蘆洲分局,罰鍰,193,193
106,7,新北市三峽分局,罰鍰,79,79
106,7,新北市樹林分局,罰鍰,39,39
106,7,新北市汐止分局,罰鍰,103,103
106,7,新北市淡水分局,罰鍰,73,73
106,7,新北市瑞芳分局,罰鍰,12,12
106,7,新北市金山分局,罰鍰,1,1
106,7,新北市政府警察局,没入攤架,0,0
106,7,新北市板橋分局,没入攤架,0,0
106,7,新北市海山分局,没入攤架,0,0
106,7,新北市中和分局,没入攤架,0,0
106,7,新北市永和分局,没入攤架,0,0
106,7,新北市三重分局,没入攤架,0,0
106,7,新北市新莊分局,没入攤架,0,0
106,7,新北市土城分局,没入攤架,0,0
106,7,新北市新店分局,没入攤架,0,0
106,7,新北市蘆洲分局,没入攤架,0,0
106,7,新北市三峽分局,没入攤架,0,0
106,7,新北市樹林分局,没入攤架,0,0
106,7,新北市汐止分局,没入攤架,0,0
106,7,新北市淡水分局,没入攤架,0,0
106,7,新北市瑞芳分局,没入攤架,0,0
106,7,新北市金山分局,没入攤架,0,0
106,7,新北市政府警察局,拆除攤架,1,1
106,7,新北市板橋分局,拆除攤架,0,0
106,7,新北市海山分局,拆除攤架,0,0
106,7,新北市中和分局,拆除攤架,0,0
106,7,新北市永和分局,拆除攤架,0,0
106,7,新北市三重分局,拆除攤架,0,0
106,7,新北市新莊分局,拆除攤架,1,1
106,7,新北市土城分局,拆除攤架,0,0
106,7,新北市新店分局,拆除攤架,0,0
106,7,新北市蘆洲分局,拆除攤架,0,0
106,7,新北市三峽分局,拆除攤架,0,0
106,7,新北市樹林分局,拆除攤架,0,0
106,7,新北市汐止分局,拆除攤架,0,0
106,7,新北市淡水分局,拆除攤架,0,0
106,7,新北市瑞芳分局,拆除攤架,0,0
106,7,新北市金山分局,拆除攤架,0,0
106,7,新北市政府警察局,勸導,1559,1559
106,7,新北市板橋分局,勸導,286,286
106,7,新北市海山分局,勸導,19,19
106,7,新北市中和分局,勸導,276,276
106,7,新北市永和分局,勸導,200,200
106,7,新北市三重分局,勸導,45,45
106,7,新北市新莊分局,勸導,142,142
106,7,新北市土城分局,勸導,52,52
106,7,新北市新店分局,勸導,172,172
106,7,新北市蘆洲分局,勸導,63,63
106,7,新北市三峽分局,勸導,102,102
106,7,新北市樹林分局,勸導,163,163
106,7,新北市汐止分局,勸導,4,4
106,7,新北市淡水分局,勸導,8,8
106,7,新北市瑞芳分局,勸導,23,23
106,7,新北市金山分局,勸導,4,4
106,8,新北市政府警察局,總計,3608,3608
106,8,新北市板橋分局,總計,586,586
106,8,新北市海山分局,總計,102,102
106,8,新北市中和分局,總計,360,360
106,8,新北市永和分局,總計,453,453
106,8,新北市三重分局,總計,469,469
106,8,新北市新莊分局,總計,273,273
106,8,新北市土城分局,總計,163,163
106,8,新北市新店分局,總計,387,387
106,8,新北市蘆洲分局,總計,209,209
106,8,新北市三峽分局,總計,174,174
106,8,新北市樹林分局,總計,208,208
106,8,新北市汐止分局,總計,92,92
106,8,新北市淡水分局,總計,92,92
106,8,新北市瑞芳分局,總計,33,33
106,8,新北市金山分局,總計,7,7
106,8,新北市政府警察局,罰鍰,1898,1898
106,8,新北市板橋分局,罰鍰,296,296
106,8,新北市海山分局,罰鍰,85,85
106,8,新北市中和分局,罰鍰,100,100
106,8,新北市永和分局,罰鍰,232,232
106,8,新北市三重分局,罰鍰,322,322
106,8,新北市新莊分局,罰鍰,134,134
106,8,新北市土城分局,罰鍰,99,99
106,8,新北市新店分局,罰鍰,180,180
106,8,新北市蘆洲分局,罰鍰,161,161
106,8,新北市三峽分局,罰鍰,72,72
106,8,新北市樹林分局,罰鍰,37,37
106,8,新北市汐止分局,罰鍰,86,86
106,8,新北市淡水分局,罰鍰,83,83
106,8,新北市瑞芳分局,罰鍰,8,8
106,8,新北市金山分局,罰鍰,3,3
106,8,新北市政府警察局,没入攤架,0,0
106,8,新北市板橋分局,没入攤架,0,0
106,8,新北市海山分局,没入攤架,0,0
106,8,新北市中和分局,没入攤架,0,0
106,8,新北市永和分局,没入攤架,0,0
106,8,新北市三重分局,没入攤架,0,0
106,8,新北市新莊分局,没入攤架,0,0
106,8,新北市土城分局,没入攤架,0,0
106,8,新北市新店分局,没入攤架,0,0
106,8,新北市蘆洲分局,没入攤架,0,0
106,8,新北市三峽分局,没入攤架,0,0
106,8,新北市樹林分局,没入攤架,0,0
106,8,新北市汐止分局,没入攤架,0,0
106,8,新北市淡水分局,没入攤架,0,0
106,8,新北市瑞芳分局,没入攤架,0,0
106,8,新北市金山分局,没入攤架,0,0
106,8,新北市政府警察局,拆除攤架,0,0
106,8,新北市板橋分局,拆除攤架,0,0
106,8,新北市海山分局,拆除攤架,0,0
106,8,新北市中和分局,拆除攤架,0,0
106,8,新北市永和分局,拆除攤架,0,0
106,8,新北市三重分局,拆除攤架,0,0
106,8,新北市新莊分局,拆除攤架,0,0
106,8,新北市土城分局,拆除攤架,0,0
106,8,新北市新店分局,拆除攤架,0,0
106,8,新北市蘆洲分局,拆除攤架,0,0
106,8,新北市三峽分局,拆除攤架,0,0
106,8,新北市樹林分局,拆除攤架,0,0
106,8,新北市汐止分局,拆除攤架,0,0
106,8,新北市淡水分局,拆除攤架,0,0
106,8,新北市瑞芳分局,拆除攤架,0,0
106,8,新北市金山分局,拆除攤架,0,0
106,8,新北市政府警察局,勸導,1710,1710
106,8,新北市板橋分局,勸導,290,290
106,8,新北市海山分局,勸導,17,17
106,8,新北市中和分局,勸導,260,260
106,8,新北市永和分局,勸導,221,221
106,8,新北市三重分局,勸導,147,147
106,8,新北市新莊分局,勸導,139,139
106,8,新北市土城分局,勸導,64,64
106,8,新北市新店分局,勸導,207,207
106,8,新北市蘆洲分局,勸導,48,48
106,8,新北市三峽分局,勸導,102,102
106,8,新北市樹林分局,勸導,171,171
106,8,新北市汐止分局,勸導,6,6
106,8,新北市淡水分局,勸導,9,9
106,8,新北市瑞芳分局,勸導,25,25
106,8,新北市金山分局,勸導,4,4
106,9,新北市政府警察局,總計,3410,3410
106,9,新北市板橋分局,總計,597,597
106,9,新北市海山分局,總計,109,109
106,9,新北市中和分局,總計,405,405
106,9,新北市永和分局,總計,367,367
106,9,新北市三重分局,總計,276,276
106,9,新北市新莊分局,總計,290,290
106,9,新北市土城分局,總計,158,158
106,9,新北市新店分局,總計,368,368
106,9,新北市蘆洲分局,總計,217,217
106,9,新北市三峽分局,總計,187,187
106,9,新北市樹林分局,總計,195,195
106,9,新北市汐止分局,總計,87,87
106,9,新北市淡水分局,總計,106,106
106,9,新北市瑞芳分局,總計,33,33
106,9,新北市金山分局,總計,15,15
106,9,新北市政府警察局,罰鍰,1927,1927
106,9,新北市板橋分局,罰鍰,302,302
106,9,新北市海山分局,罰鍰,91,91
106,9,新北市中和分局,罰鍰,116,116
106,9,新北市永和分局,罰鍰,197,197
106,9,新北市三重分局,罰鍰,236,236
106,9,新北市新莊分局,罰鍰,207,207
106,9,新北市土城分局,罰鍰,106,106
106,9,新北市新店分局,罰鍰,182,182
106,9,新北市蘆洲分局,罰鍰,179,179
106,9,新北市三峽分局,罰鍰,85,85
106,9,新北市樹林分局,罰鍰,28,28
106,9,新北市汐止分局,罰鍰,83,83
106,9,新北市淡水分局,罰鍰,100,100
106,9,新北市瑞芳分局,罰鍰,8,8
106,9,新北市金山分局,罰鍰,7,7
106,9,新北市政府警察局,没入攤架,0,0
106,9,新北市板橋分局,没入攤架,0,0
106,9,新北市海山分局,没入攤架,0,0
106,9,新北市中和分局,没入攤架,0,0
106,9,新北市永和分局,没入攤架,0,0
106,9,新北市三重分局,没入攤架,0,0
106,9,新北市新莊分局,没入攤架,0,0
106,9,新北市土城分局,没入攤架,0,0
106,9,新北市新店分局,没入攤架,0,0
106,9,新北市蘆洲分局,没入攤架,0,0
106,9,新北市三峽分局,没入攤架,0,0
106,9,新北市樹林分局,没入攤架,0,0
106,9,新北市汐止分局,没入攤架,0,0
106,9,新北市淡水分局,没入攤架,0,0
106,9,新北市瑞芳分局,没入攤架,0,0
106,9,新北市金山分局,没入攤架,0,0
106,9,新北市政府警察局,拆除攤架,0,0
106,9,新北市板橋分局,拆除攤架,0,0
106,9,新北市海山分局,拆除攤架,0,0
106,9,新北市中和分局,拆除攤架,0,0
106,9,新北市永和分局,拆除攤架,0,0
106,9,新北市三重分局,拆除攤架,0,0
106,9,新北市新莊分局,拆除攤架,0,0
106,9,新北市土城分局,拆除攤架,0,0
106,9,新北市新店分局,拆除攤架,0,0
106,9,新北市蘆洲分局,拆除攤架,0,0
106,9,新北市三峽分局,拆除攤架,0,0
106,9,新北市樹林分局,拆除攤架,0,0
106,9,新北市汐止分局,拆除攤架,0,0
106,9,新北市淡水分局,拆除攤架,0,0
106,9,新北市瑞芳分局,拆除攤架,0,0
106,9,新北市金山分局,拆除攤架,0,0
106,9,新北市政府警察局,勸導,1483,1483
106,9,新北市板橋分局,勸導,295,295
106,9,新北市海山分局,勸導,18,18
106,9,新北市中和分局,勸導,289,289
106,9,新北市永和分局,勸導,170,170
106,9,新北市三重分局,勸導,40,40
106,9,新北市新莊分局,勸導,83,83
106,9,新北市土城分局,勸導,52,52
106,9,新北市新店分局,勸導,186,186
106,9,新北市蘆洲分局,勸導,38,38
106,9,新北市三峽分局,勸導,102,102
106,9,新北市樹林分局,勸導,167,167
106,9,新北市汐止分局,勸導,4,4
106,9,新北市淡水分局,勸導,6,6
106,9,新北市瑞芳分局,勸導,25,25
106,9,新北市金山分局,勸導,8,8
106,10,新北市政府警察局,總計,2916,2916
106,10,新北市板橋分局,總計,603,603
106,10,新北市海山分局,總計,76,76
106,10,新北市中和分局,總計,363,363
106,10,新北市永和分局,總計,277,277
106,10,新北市三重分局,總計,236,236
106,10,新北市新莊分局,總計,215,215
106,10,新北市土城分局,總計,171,171
106,10,新北市新店分局,總計,261,261
106,10,新北市蘆洲分局,總計,188,188
106,10,新北市三峽分局,總計,155,155
106,10,新北市樹林分局,總計,171,171
106,10,新北市汐止分局,總計,76,76
106,10,新北市淡水分局,總計,99,99
106,10,新北市瑞芳分局,總計,19,19
106,10,新北市金山分局,總計,6,6
106,10,新北市政府警察局,罰鍰,1513,1513
106,10,新北市板橋分局,罰鍰,306,306
106,10,新北市海山分局,罰鍰,64,64
106,10,新北市中和分局,罰鍰,86,86
106,10,新北市永和分局,罰鍰,122,122
106,10,新北市三重分局,罰鍰,160,160
106,10,新北市新莊分局,罰鍰,131,131
106,10,新北市土城分局,罰鍰,120,120
106,10,新北市新店分局,罰鍰,118,118
106,10,新北市蘆洲分局,罰鍰,161,161
106,10,新北市三峽分局,罰鍰,56,56
106,10,新北市樹林分局,罰鍰,15,15
106,10,新北市汐止分局,罰鍰,74,74
106,10,新北市淡水分局,罰鍰,96,96
106,10,新北市瑞芳分局,罰鍰,3,3
106,10,新北市金山分局,罰鍰,1,1
106,10,新北市政府警察局,没入攤架,29,29
106,10,新北市板橋分局,没入攤架,0,0
106,10,新北市海山分局,没入攤架,0,0
106,10,新北市中和分局,没入攤架,0,0
106,10,新北市永和分局,没入攤架,0,0
106,10,新北市三重分局,没入攤架,29,29
106,10,新北市新莊分局,没入攤架,0,0
106,10,新北市土城分局,没入攤架,0,0
106,10,新北市新店分局,没入攤架,0,0
106,10,新北市蘆洲分局,没入攤架,0,0
106,10,新北市三峽分局,没入攤架,0,0
106,10,新北市樹林分局,没入攤架,0,0
106,10,新北市汐止分局,没入攤架,0,0
106,10,新北市淡水分局,没入攤架,0,0
106,10,新北市瑞芳分局,没入攤架,0,0
106,10,新北市金山分局,没入攤架,0,0
106,10,新北市政府警察局,拆除攤架,24,24
106,10,新北市板橋分局,拆除攤架,0,0
106,10,新北市海山分局,拆除攤架,0,0
106,10,新北市中和分局,拆除攤架,0,0
106,10,新北市永和分局,拆除攤架,0,0
106,10,新北市三重分局,拆除攤架,24,24
106,10,新北市新莊分局,拆除攤架,0,0
106,10,新北市土城分局,拆除攤架,0,0
106,10,新北市新店分局,拆除攤架,0,0
106,10,新北市蘆洲分局,拆除攤架,0,0
106,10,新北市三峽分局,拆除攤架,0,0
106,10,新北市樹林分局,拆除攤架,0,0
106,10,新北市汐止分局,拆除攤架,0,0
106,10,新北市淡水分局,拆除攤架,0,0
106,10,新北市瑞芳分局,拆除攤架,0,0
106,10,新北市金山分局,拆除攤架,0,0
106,10,新北市政府警察局,勸導,1350,1350
106,10,新北市板橋分局,勸導,297,297
106,10,新北市海山分局,勸導,12,12
106,10,新北市中和分局,勸導,277,277
106,10,新北市永和分局,勸導,155,155
106,10,新北市三重分局,勸導,23,23
106,10,新北市新莊分局,勸導,84,84
106,10,新北市土城分局,勸導,51,51
106,10,新北市新店分局,勸導,143,143
106,10,新北市蘆洲分局,勸導,27,27
106,10,新北市三峽分局,勸導,99,99
106,10,新北市樹林分局,勸導,156,156
106,10,新北市汐止分局,勸導,2,2
106,10,新北市淡水分局,勸導,3,3
106,10,新北市瑞芳分局,勸導,16,16
106,10,新北市金山分局,勸導,5,5
106,11,新北市政府警察局,總計,3469,3469
106,11,新北市板橋分局,總計,602,602
106,11,新北市海山分局,總計,121,121
106,11,新北市中和分局,總計,523,523
106,11,新北市永和分局,總計,362,362
106,11,新北市三重分局,總計,273,273
106,11,新北市新莊分局,總計,248,248
106,11,新北市土城分局,總計,167,167
106,11,新北市新店分局,總計,311,311
106,11,新北市蘆洲分局,總計,250,250
106,11,新北市三峽分局,總計,189,189
106,11,新北市樹林分局,總計,216,216
106,11,新北市汐止分局,總計,69,69
106,11,新北市淡水分局,總計,90,90
106,11,新北市瑞芳分局,總計,42,42
106,11,新北市金山分局,總計,6,6
106,11,新北市政府警察局,罰鍰,2036,2036
106,11,新北市板橋分局,罰鍰,306,306
106,11,新北市海山分局,罰鍰,107,107
106,11,新北市中和分局,罰鍰,249,249
106,11,新北市永和分局,罰鍰,257,257
106,11,新北市三重分局,罰鍰,252,252
106,11,新北市新莊分局,罰鍰,128,128
106,11,新北市土城分局,罰鍰,105,105
106,11,新北市新店分局,罰鍰,158,158
106,11,新北市蘆洲分局,罰鍰,172,172
106,11,新北市三峽分局,罰鍰,90,90
106,11,新北市樹林分局,罰鍰,44,44
106,11,新北市汐止分局,罰鍰,59,59
106,11,新北市淡水分局,罰鍰,89,89
106,11,新北市瑞芳分局,罰鍰,20,20
106,11,新北市金山分局,罰鍰,0,0
106,11,新北市政府警察局,没入攤架,0,0
106,11,新北市板橋分局,没入攤架,0,0
106,11,新北市海山分局,没入攤架,0,0
106,11,新北市中和分局,没入攤架,0,0
106,11,新北市永和分局,没入攤架,0,0
106,11,新北市三重分局,没入攤架,0,0
106,11,新北市新莊分局,没入攤架,0,0
106,11,新北市土城分局,没入攤架,0,0
106,11,新北市新店分局,没入攤架,0,0
106,11,新北市蘆洲分局,没入攤架,0,0
106,11,新北市三峽分局,没入攤架,0,0
106,11,新北市樹林分局,没入攤架,0,0
106,11,新北市汐止分局,没入攤架,0,0
106,11,新北市淡水分局,没入攤架,0,0
106,11,新北市瑞芳分局,没入攤架,0,0
106,11,新北市金山分局,没入攤架,0,0
106,11,新北市政府警察局,拆除攤架,1,1
106,11,新北市板橋分局,拆除攤架,0,0
106,11,新北市海山分局,拆除攤架,0,0
106,11,新北市中和分局,拆除攤架,0,0
106,11,新北市永和分局,拆除攤架,0,0
106,11,新北市三重分局,拆除攤架,1,1
106,11,新北市新莊分局,拆除攤架,0,0
106,11,新北市土城分局,拆除攤架,0,0
106,11,新北市新店分局,拆除攤架,0,0
106,11,新北市蘆洲分局,拆除攤架,0,0
106,11,新北市三峽分局,拆除攤架,0,0
106,11,新北市樹林分局,拆除攤架,0,0
106,11,新北市汐止分局,拆除攤架,0,0
106,11,新北市淡水分局,拆除攤架,0,0
106,11,新北市瑞芳分局,拆除攤架,0,0
106,11,新北市金山分局,拆除攤架,0,0
106,11,新北市政府警察局,勸導,1432,1432
106,11,新北市板橋分局,勸導,296,296
106,11,新北市海山分局,勸導,14,14
106,11,新北市中和分局,勸導,274,274
106,11,新北市永和分局,勸導,105,105
106,11,新北市三重分局,勸導,20,20
106,11,新北市新莊分局,勸導,120,120
106,11,新北市土城分局,勸導,62,62
106,11,新北市新店分局,勸導,153,153
106,11,新北市蘆洲分局,勸導,78,78
106,11,新北市三峽分局,勸導,99,99
106,11,新北市樹林分局,勸導,172,172
106,11,新北市汐止分局,勸導,10,10
106,11,新北市淡水分局,勸導,1,1
106,11,新北市瑞芳分局,勸導,22,22
106,11,新北市金山分局,勸導,6,6
106,12,新北市政府警察局,總計,3238,3238
106,12,新北市板橋分局,總計,611,611
106,12,新北市海山分局,總計,269,269
106,12,新北市中和分局,總計,256,256
106,12,新北市永和分局,總計,320,320
106,12,新北市三重分局,總計,261,261
106,12,新北市新莊分局,總計,273,273
106,12,新北市土城分局,總計,154,154
106,12,新北市新店分局,總計,322,322
106,12,新北市蘆洲分局,總計,206,206
106,12,新北市三峽分局,總計,123,123
106,12,新北市樹林分局,總計,261,261
106,12,新北市汐止分局,總計,55,55
106,12,新北市淡水分局,總計,82,82
106,12,新北市瑞芳分局,總計,40,40
106,12,新北市金山分局,總計,5,5
106,12,新北市政府警察局,罰鍰,1995,1995
106,12,新北市板橋分局,罰鍰,309,309
106,12,新北市海山分局,罰鍰,255,255
106,12,新北市中和分局,罰鍰,171,171
106,12,新北市永和分局,罰鍰,233,233
106,12,新北市三重分局,罰鍰,242,242
106,12,新北市新莊分局,罰鍰,167,167
106,12,新北市土城分局,罰鍰,103,103
106,12,新北市新店分局,罰鍰,142,142
106,12,新北市蘆洲分局,罰鍰,138,138
106,12,新北市三峽分局,罰鍰,25,25
106,12,新北市樹林分局,罰鍰,73,73
106,12,新北市汐止分局,罰鍰,41,41
106,12,新北市淡水分局,罰鍰,81,81
106,12,新北市瑞芳分局,罰鍰,15,15
106,12,新北市金山分局,罰鍰,0,0
106,12,新北市政府警察局,没入攤架,0,0
106,12,新北市板橋分局,没入攤架,0,0
106,12,新北市海山分局,没入攤架,0,0
106,12,新北市中和分局,没入攤架,0,0
106,12,新北市永和分局,没入攤架,0,0
106,12,新北市三重分局,没入攤架,0,0
106,12,新北市新莊分局,没入攤架,0,0
106,12,新北市土城分局,没入攤架,0,0
106,12,新北市新店分局,没入攤架,0,0
106,12,新北市蘆洲分局,没入攤架,0,0
106,12,新北市三峽分局,没入攤架,0,0
106,12,新北市樹林分局,没入攤架,0,0
106,12,新北市汐止分局,没入攤架,0,0
106,12,新北市淡水分局,没入攤架,0,0
106,12,新北市瑞芳分局,没入攤架,0,0
106,12,新北市金山分局,没入攤架,0,0
106,12,新北市政府警察局,拆除攤架,1,1
106,12,新北市板橋分局,拆除攤架,0,0
106,12,新北市海山分局,拆除攤架,0,0
106,12,新北市中和分局,拆除攤架,0,0
106,12,新北市永和分局,拆除攤架,0,0
106,12,新北市三重分局,拆除攤架,1,1
106,12,新北市新莊分局,拆除攤架,0,0
106,12,新北市土城分局,拆除攤架,0,0
106,12,新北市新店分局,拆除攤架,0,0
106,12,新北市蘆洲分局,拆除攤架,0,0
106,12,新北市三峽分局,拆除攤架,0,0
106,12,新北市樹林分局,拆除攤架,0,0
106,12,新北市汐止分局,拆除攤架,0,0
106,12,新北市淡水分局,拆除攤架,0,0
106,12,新北市瑞芳分局,拆除攤架,0,0
106,12,新北市金山分局,拆除攤架,0,0
106,12,新北市政府警察局,勸導,1242,1242
106,12,新北市板橋分局,勸導,302,302
106,12,新北市海山分局,勸導,14,14
106,12,新北市中和分局,勸導,85,85
106,12,新北市永和分局,勸導,87,87
106,12,新北市三重分局,勸導,18,18
106,12,新北市新莊分局,勸導,106,106
106,12,新北市土城分局,勸導,51,51
106,12,新北市新店分局,勸導,180,180
106,12,新北市蘆洲分局,勸導,68,68
106,12,新北市三峽分局,勸導,98,98
106,12,新北市樹林分局,勸導,188,188
106,12,新北市汐止分局,勸導,14,14
106,12,新北市淡水分局,勸導,1,1
106,12,新北市瑞芳分局,勸導,25,25
106,12,新北市金山分局,勸導,5,5
107,1,總　　　計,總計,3559,3559
107,1,板橋分局,總計,585,585
107,1,海山分局,總計,120,120
107,1,中和分局,總計,478,478
107,1,永和分局,總計,260,260
107,1,三重分局,總計,257,257
107,1,新莊分局,總計,166,166
107,1,土城分局,總計,247,247
107,1,新店分局,總計,116,116
107,1,蘆洲分局,總計,249,249
107,1,三峽分局,總計,258,258
107,1,樹林分局,總計,240,240
107,1,汐止分局,總計,114,114
107,1,淡水分局,總計,407,407
107,1,瑞芳分局,總計,56,56
107,1,金山分局,總計,6,6
107,1,林口分局,總計,0,0
107,1,總　　　計,罰鍰,2175,2175
107,1,板橋分局,罰鍰,299,299
107,1,海山分局,罰鍰,108,108
107,1,中和分局,罰鍰,216,216
107,1,永和分局,罰鍰,172,172
107,1,三重分局,罰鍰,257,257
107,1,新莊分局,罰鍰,115,115
107,1,土城分局,罰鍰,161,161
107,1,新店分局,罰鍰,18,18
107,1,蘆洲分局,罰鍰,169,169
107,1,三峽分局,罰鍰,75,75
107,1,樹林分局,罰鍰,239,239
107,1,汐止分局,罰鍰,110,110
107,1,淡水分局,罰鍰,202,202
107,1,瑞芳分局,罰鍰,34,34
107,1,金山分局,罰鍰,0,0
107,1,林口分局,罰鍰,0,0
107,1,總　　　計,没入攤架,0,0
107,1,板橋分局,没入攤架,0,0
107,1,海山分局,没入攤架,0,0
107,1,中和分局,没入攤架,0,0
107,1,永和分局,没入攤架,0,0
107,1,三重分局,没入攤架,0,0
107,1,新莊分局,没入攤架,0,0
107,1,土城分局,没入攤架,0,0
107,1,新店分局,没入攤架,0,0
107,1,蘆洲分局,没入攤架,0,0
107,1,三峽分局,没入攤架,0,0
107,1,樹林分局,没入攤架,0,0
107,1,汐止分局,没入攤架,0,0
107,1,淡水分局,没入攤架,0,0
107,1,瑞芳分局,没入攤架,0,0
107,1,金山分局,没入攤架,0,0
107,1,林口分局,没入攤架,0,0
107,1,總　　　計,拆除攤架,0,0
107,1,板橋分局,拆除攤架,0,0
107,1,海山分局,拆除攤架,0,0
107,1,中和分局,拆除攤架,0,0
107,1,永和分局,拆除攤架,0,0
107,1,三重分局,拆除攤架,0,0
107,1,新莊分局,拆除攤架,0,0
107,1,土城分局,拆除攤架,0,0
107,1,新店分局,拆除攤架,0,0
107,1,蘆洲分局,拆除攤架,0,0
107,1,三峽分局,拆除攤架,0,0
107,1,樹林分局,拆除攤架,0,0
107,1,汐止分局,拆除攤架,0,0
107,1,淡水分局,拆除攤架,0,0
107,1,瑞芳分局,拆除攤架,0,0
107,1,金山分局,拆除攤架,0,0
107,1,林口分局,拆除攤架,0,0
107,1,總　　　計,勸導,1384,1384
107,1,板橋分局,勸導,286,286
107,1,海山分局,勸導,12,12
107,1,中和分局,勸導,262,262
107,1,永和分局,勸導,88,88
107,1,三重分局,勸導,0,0
107,1,新莊分局,勸導,51,51
107,1,土城分局,勸導,86,86
107,1,新店分局,勸導,98,98
107,1,蘆洲分局,勸導,80,80
107,1,三峽分局,勸導,183,183
107,1,樹林分局,勸導,1,1
107,1,汐止分局,勸導,4,4
107,1,淡水分局,勸導,205,205
107,1,瑞芳分局,勸導,22,22
107,1,金山分局,勸導,6,6
107,1,林口分局,勸導,0,0
107,2,總　　　計,總計,2730,2730
107,2,板橋分局,總計,580,580
107,2,海山分局,總計,104,104
107,2,中和分局,總計,368,368
107,2,永和分局,總計,127,127
107,2,三重分局,總計,129,129
107,2,新莊分局,總計,228,228
107,2,土城分局,總計,141,141
107,2,新店分局,總計,183,183
107,2,蘆洲分局,總計,229,229
107,2,三峽分局,總計,98,98
107,2,樹林分局,總計,192,192
107,2,汐止分局,總計,77,77
107,2,淡水分局,總計,212,212
107,2,瑞芳分局,總計,42,42
107,2,金山分局,總計,7,7
107,2,林口分局,總計,13,13
107,2,總　　　計,罰鍰,1457,1457
107,2,板橋分局,罰鍰,295,295
107,2,海山分局,罰鍰,24,24
107,2,中和分局,罰鍰,100,100
107,2,永和分局,罰鍰,92,92
107,2,三重分局,罰鍰,104,104
107,2,新莊分局,罰鍰,152,152
107,2,土城分局,罰鍰,81,81
107,2,新店分局,罰鍰,126,126
107,2,蘆洲分局,罰鍰,128,128
107,2,三峽分局,罰鍰,25,25
107,2,樹林分局,罰鍰,24,24
107,2,汐止分局,罰鍰,76,76
107,2,淡水分局,罰鍰,210,210
107,2,瑞芳分局,罰鍰,10,10
107,2,金山分局,罰鍰,0,0
107,2,林口分局,罰鍰,10,10
107,2,總　　　計,没入攤架,1,1
107,2,板橋分局,没入攤架,0,0
107,2,海山分局,没入攤架,0,0
107,2,中和分局,没入攤架,0,0
107,2,永和分局,没入攤架,0,0
107,2,三重分局,没入攤架,0,0
107,2,新莊分局,没入攤架,0,0
107,2,土城分局,没入攤架,0,0
107,2,新店分局,没入攤架,0,0
107,2,蘆洲分局,没入攤架,0,0
107,2,三峽分局,没入攤架,0,0
107,2,樹林分局,没入攤架,0,0
107,2,汐止分局,没入攤架,0,0
107,2,淡水分局,没入攤架,1,1
107,2,瑞芳分局,没入攤架,0,0
107,2,金山分局,没入攤架,0,0
107,2,林口分局,没入攤架,0,0
107,2,總　　　計,拆除攤架,0,0
107,2,板橋分局,拆除攤架,0,0
107,2,海山分局,拆除攤架,0,0
107,2,中和分局,拆除攤架,0,0
107,2,永和分局,拆除攤架,0,0
107,2,三重分局,拆除攤架,0,0
107,2,新莊分局,拆除攤架,0,0
107,2,土城分局,拆除攤架,0,0
107,2,新店分局,拆除攤架,0,0
107,2,蘆洲分局,拆除攤架,0,0
107,2,三峽分局,拆除攤架,0,0
107,2,樹林分局,拆除攤架,0,0
107,2,汐止分局,拆除攤架,0,0
107,2,淡水分局,拆除攤架,0,0
107,2,瑞芳分局,拆除攤架,0,0
107,2,金山分局,拆除攤架,0,0
107,2,林口分局,拆除攤架,0,0
107,2,總　　　計,勸導,1272,1272
107,2,板橋分局,勸導,285,285
107,2,海山分局,勸導,80,80
107,2,中和分局,勸導,268,268
107,2,永和分局,勸導,35,35
107,2,三重分局,勸導,25,25
107,2,新莊分局,勸導,76,76
107,2,土城分局,勸導,60,60
107,2,新店分局,勸導,57,57
107,2,蘆洲分局,勸導,101,101
107,2,三峽分局,勸導,73,73
107,2,樹林分局,勸導,168,168
107,2,汐止分局,勸導,1,1
107,2,淡水分局,勸導,1,1
107,2,瑞芳分局,勸導,32,32
107,2,金山分局,勸導,7,7
107,2,林口分局,勸導,3,3
107,3,總　　　計,總計,3227,3227
107,3,板橋分局,總計,611,611
107,3,海山分局,總計,159,159
107,3,中和分局,總計,440,440
107,3,永和分局,總計,186,186
107,3,三重分局,總計,209,209
107,3,新莊分局,總計,229,229
107,3,土城分局,總計,158,158
107,3,新店分局,總計,354,354
107,3,蘆洲分局,總計,248,248
107,3,三峽分局,總計,100,100
107,3,樹林分局,總計,192,192
107,3,汐止分局,總計,92,92
107,3,淡水分局,總計,118,118
107,3,瑞芳分局,總計,84,84
107,3,金山分局,總計,8,8
107,3,林口分局,總計,39,39
107,3,總　　　計,罰鍰,1785,1785
107,3,板橋分局,罰鍰,309,309
107,3,海山分局,罰鍰,69,69
107,3,中和分局,罰鍰,169,169
107,3,永和分局,罰鍰,153,153
107,3,三重分局,罰鍰,184,184
107,3,新莊分局,罰鍰,160,160
107,3,土城分局,罰鍰,108,108
107,3,新店分局,罰鍰,188,188
107,3,蘆洲分局,罰鍰,137,137
107,3,三峽分局,罰鍰,27,27
107,3,樹林分局,罰鍰,24,24
107,3,汐止分局,罰鍰,91,91
107,3,淡水分局,罰鍰,117,117
107,3,瑞芳分局,罰鍰,34,34
107,3,金山分局,罰鍰,1,1
107,3,林口分局,罰鍰,14,14
107,3,總　　　計,没入攤架,0,0
107,3,板橋分局,没入攤架,0,0
107,3,海山分局,没入攤架,0,0
107,3,中和分局,没入攤架,0,0
107,3,永和分局,没入攤架,0,0
107,3,三重分局,没入攤架,0,0
107,3,新莊分局,没入攤架,0,0
107,3,土城分局,没入攤架,0,0
107,3,新店分局,没入攤架,0,0
107,3,蘆洲分局,没入攤架,0,0
107,3,三峽分局,没入攤架,0,0
107,3,樹林分局,没入攤架,0,0
107,3,汐止分局,没入攤架,0,0
107,3,淡水分局,没入攤架,0,0
107,3,瑞芳分局,没入攤架,0,0
107,3,金山分局,没入攤架,0,0
107,3,林口分局,没入攤架,0,0
107,3,總　　　計,拆除攤架,0,0
107,3,板橋分局,拆除攤架,0,0
107,3,海山分局,拆除攤架,0,0
107,3,中和分局,拆除攤架,0,0
107,3,永和分局,拆除攤架,0,0
107,3,三重分局,拆除攤架,0,0
107,3,新莊分局,拆除攤架,0,0
107,3,土城分局,拆除攤架,0,0
107,3,新店分局,拆除攤架,0,0
107,3,蘆洲分局,拆除攤架,0,0
107,3,三峽分局,拆除攤架,0,0
107,3,樹林分局,拆除攤架,0,0
107,3,汐止分局,拆除攤架,0,0
107,3,淡水分局,拆除攤架,0,0
107,3,瑞芳分局,拆除攤架,0,0
107,3,金山分局,拆除攤架,0,0
107,3,林口分局,拆除攤架,0,0
107,3,總　　　計,勸導,1442,1442
107,3,板橋分局,勸導,302,302
107,3,海山分局,勸導,90,90
107,3,中和分局,勸導,271,271
107,3,永和分局,勸導,33,33
107,3,三重分局,勸導,25,25
107,3,新莊分局,勸導,69,69
107,3,土城分局,勸導,50,50
107,3,新店分局,勸導,166,166
107,3,蘆洲分局,勸導,111,111
107,3,三峽分局,勸導,73,73
107,3,樹林分局,勸導,168,168
107,3,汐止分局,勸導,1,1
107,3,淡水分局,勸導,1,1
107,3,瑞芳分局,勸導,50,50
107,3,金山分局,勸導,7,7
107,3,林口分局,勸導,25,25
107,4,總　　　計,總計,3151,3151
107,4,板橋分局,總計,573,573
107,4,海山分局,總計,87,87
107,4,中和分局,總計,408,408
107,4,永和分局,總計,252,252
107,4,三重分局,總計,230,230
107,4,新莊分局,總計,191,191
107,4,土城分局,總計,154,154
107,4,新店分局,總計,289,289
107,4,蘆洲分局,總計,242,242
107,4,三峽分局,總計,156,156
107,4,樹林分局,總計,206,206
107,4,汐止分局,總計,88,88
107,4,淡水分局,總計,129,129
107,4,瑞芳分局,總計,71,71
107,4,金山分局,總計,12,12
107,4,林口分局,總計,63,63
107,4,總　　　計,罰鍰,1680,1680
107,4,板橋分局,罰鍰,292,292
107,4,海山分局,罰鍰,37,37
107,4,中和分局,罰鍰,137,137
107,4,永和分局,罰鍰,213,213
107,4,三重分局,罰鍰,201,201
107,4,新莊分局,罰鍰,96,96
107,4,土城分局,罰鍰,88,88
107,4,新店分局,罰鍰,116,116
107,4,蘆洲分局,罰鍰,138,138
107,4,三峽分局,罰鍰,55,55
107,4,樹林分局,罰鍰,44,44
107,4,汐止分局,罰鍰,87,87
107,4,淡水分局,罰鍰,128,128
107,4,瑞芳分局,罰鍰,16,16
107,4,金山分局,罰鍰,5,5
107,4,林口分局,罰鍰,27,27
107,4,總　　　計,没入攤架,0,0
107,4,板橋分局,没入攤架,0,0
107,4,海山分局,没入攤架,0,0
107,4,中和分局,没入攤架,0,0
107,4,永和分局,没入攤架,0,0
107,4,三重分局,没入攤架,0,0
107,4,新莊分局,没入攤架,0,0
107,4,土城分局,没入攤架,0,0
107,4,新店分局,没入攤架,0,0
107,4,蘆洲分局,没入攤架,0,0
107,4,三峽分局,没入攤架,0,0
107,4,樹林分局,没入攤架,0,0
107,4,汐止分局,没入攤架,0,0
107,4,淡水分局,没入攤架,0,0
107,4,瑞芳分局,没入攤架,0,0
107,4,金山分局,没入攤架,0,0
107,4,林口分局,没入攤架,0,0
107,4,總　　　計,拆除攤架,0,0
107,4,板橋分局,拆除攤架,0,0
107,4,海山分局,拆除攤架,0,0
107,4,中和分局,拆除攤架,0,0
107,4,永和分局,拆除攤架,0,0
107,4,三重分局,拆除攤架,0,0
107,4,新莊分局,拆除攤架,0,0
107,4,土城分局,拆除攤架,0,0
107,4,新店分局,拆除攤架,0,0
107,4,蘆洲分局,拆除攤架,0,0
107,4,三峽分局,拆除攤架,0,0
107,4,樹林分局,拆除攤架,0,0
107,4,汐止分局,拆除攤架,0,0
107,4,淡水分局,拆除攤架,0,0
107,4,瑞芳分局,拆除攤架,0,0
107,4,金山分局,拆除攤架,0,0
107,4,林口分局,拆除攤架,0,0
107,4,總　　　計,勸導,1471,1471
107,4,板橋分局,勸導,281,281
107,4,海山分局,勸導,50,50
107,4,中和分局,勸導,271,271
107,4,永和分局,勸導,39,39
107,4,三重分局,勸導,29,29
107,4,新莊分局,勸導,95,95
107,4,土城分局,勸導,66,66
107,4,新店分局,勸導,173,173
107,4,蘆洲分局,勸導,104,104
107,4,三峽分局,勸導,101,101
107,4,樹林分局,勸導,162,162
107,4,汐止分局,勸導,1,1
107,4,淡水分局,勸導,1,1
107,4,瑞芳分局,勸導,55,55
107,4,金山分局,勸導,7,7
107,4,林口分局,勸導,36,36
107,5,總　　　計,總計,3479,3479
107,5,板橋分局,總計,580,580
107,5,海山分局,總計,88,88
107,5,中和分局,總計,513,513
107,5,永和分局,總計,198,198
107,5,三重分局,總計,200,200
107,5,新莊分局,總計,224,224
107,5,土城分局,總計,173,173
107,5,新店分局,總計,416,416
107,5,蘆洲分局,總計,327,327
107,5,三峽分局,總計,194,194
107,5,樹林分局,總計,236,236
107,5,汐止分局,總計,95,95
107,5,淡水分局,總計,112,112
107,5,瑞芳分局,總計,72,72
107,5,金山分局,總計,7,7
107,5,林口分局,總計,44,44
107,5,總　　　計,罰鍰,1980,1980
107,5,板橋分局,罰鍰,295,295
107,5,海山分局,罰鍰,36,36
107,5,中和分局,罰鍰,236,236
107,5,永和分局,罰鍰,160,160
107,5,三重分局,罰鍰,170,170
107,5,新莊分局,罰鍰,154,154
107,5,土城分局,罰鍰,103,103
107,5,新店分局,罰鍰,220,220
107,5,蘆洲分局,罰鍰,208,208
107,5,三峽分局,罰鍰,93,93
107,5,樹林分局,罰鍰,78,78
107,5,汐止分局,罰鍰,80,80
107,5,淡水分局,罰鍰,108,108
107,5,瑞芳分局,罰鍰,16,16
107,5,金山分局,罰鍰,1,1
107,5,林口分局,罰鍰,22,22
107,5,總　　　計,没入攤架,3,3
107,5,板橋分局,没入攤架,0,0
107,5,海山分局,没入攤架,0,0
107,5,中和分局,没入攤架,0,0
107,5,永和分局,没入攤架,0,0
107,5,三重分局,没入攤架,0,0
107,5,新莊分局,没入攤架,0,0
107,5,土城分局,没入攤架,0,0
107,5,新店分局,没入攤架,0,0
107,5,蘆洲分局,没入攤架,0,0
107,5,三峽分局,没入攤架,0,0
107,5,樹林分局,没入攤架,0,0
107,5,汐止分局,没入攤架,0,0
107,5,淡水分局,没入攤架,3,3
107,5,瑞芳分局,没入攤架,0,0
107,5,金山分局,没入攤架,0,0
107,5,林口分局,没入攤架,0,0
107,5,總　　　計,拆除攤架,0,0
107,5,板橋分局,拆除攤架,0,0
107,5,海山分局,拆除攤架,0,0
107,5,中和分局,拆除攤架,0,0
107,5,永和分局,拆除攤架,0,0
107,5,三重分局,拆除攤架,0,0
107,5,新莊分局,拆除攤架,0,0
107,5,土城分局,拆除攤架,0,0
107,5,新店分局,拆除攤架,0,0
107,5,蘆洲分局,拆除攤架,0,0
107,5,三峽分局,拆除攤架,0,0
107,5,樹林分局,拆除攤架,0,0
107,5,汐止分局,拆除攤架,0,0
107,5,淡水分局,拆除攤架,0,0
107,5,瑞芳分局,拆除攤架,0,0
107,5,金山分局,拆除攤架,0,0
107,5,林口分局,拆除攤架,0,0
107,5,總　　　計,勸導,1496,1496
107,5,板橋分局,勸導,285,285
107,5,海山分局,勸導,52,52
107,5,中和分局,勸導,277,277
107,5,永和分局,勸導,38,38
107,5,三重分局,勸導,30,30
107,5,新莊分局,勸導,70,70
107,5,土城分局,勸導,70,70
107,5,新店分局,勸導,196,196
107,5,蘆洲分局,勸導,119,119
107,5,三峽分局,勸導,101,101
107,5,樹林分局,勸導,158,158
107,5,汐止分局,勸導,15,15
107,5,淡水分局,勸導,1,1
107,5,瑞芳分局,勸導,56,56
107,5,金山分局,勸導,6,6
107,5,林口分局,勸導,22,22
107,6,總　　　計,總計,3105,3105
107,6,板橋分局,總計,611,611
107,6,海山分局,總計,82,82
107,6,中和分局,總計,390,390
107,6,永和分局,總計,260,260
107,6,三重分局,總計,123,123
107,6,新莊分局,總計,217,217
107,6,土城分局,總計,177,177
107,6,新店分局,總計,343,343
107,6,蘆洲分局,總計,249,249
107,6,三峽分局,總計,175,175
107,6,樹林分局,總計,177,177
107,6,汐止分局,總計,61,61
107,6,淡水分局,總計,99,99
107,6,瑞芳分局,總計,55,55
107,6,金山分局,總計,11,11
107,6,林口分局,總計,75,75
107,6,總　　　計,罰鍰,1687,1687
107,6,板橋分局,罰鍰,309,309
107,6,海山分局,罰鍰,37,37
107,6,中和分局,罰鍰,147,147
107,6,永和分局,罰鍰,222,222
107,6,三重分局,罰鍰,96,96
107,6,新莊分局,罰鍰,137,137
107,6,土城分局,罰鍰,97,97
107,6,新店分局,罰鍰,184,184
107,6,蘆洲分局,罰鍰,134,134
107,6,三峽分局,罰鍰,74,74
107,6,樹林分局,罰鍰,31,31
107,6,汐止分局,罰鍰,59,59
107,6,淡水分局,罰鍰,98,98
107,6,瑞芳分局,罰鍰,20,20
107,6,金山分局,罰鍰,3,3
107,6,林口分局,罰鍰,39,39
107,6,總　　　計,没入攤架,3,3
107,6,板橋分局,没入攤架,0,0
107,6,海山分局,没入攤架,0,0
107,6,中和分局,没入攤架,0,0
107,6,永和分局,没入攤架,0,0
107,6,三重分局,没入攤架,0,0
107,6,新莊分局,没入攤架,3,3
107,6,土城分局,没入攤架,0,0
107,6,新店分局,没入攤架,0,0
107,6,蘆洲分局,没入攤架,0,0
107,6,三峽分局,没入攤架,0,0
107,6,樹林分局,没入攤架,0,0
107,6,汐止分局,没入攤架,0,0
107,6,淡水分局,没入攤架,0,0
107,6,瑞芳分局,没入攤架,0,0
107,6,金山分局,没入攤架,0,0
107,6,林口分局,没入攤架,0,0
107,6,總　　　計,拆除攤架,0,0
107,6,板橋分局,拆除攤架,0,0
107,6,海山分局,拆除攤架,0,0
107,6,中和分局,拆除攤架,0,0
107,6,永和分局,拆除攤架,0,0
107,6,三重分局,拆除攤架,0,0
107,6,新莊分局,拆除攤架,0,0
107,6,土城分局,拆除攤架,0,0
107,6,新店分局,拆除攤架,0,0
107,6,蘆洲分局,拆除攤架,0,0
107,6,三峽分局,拆除攤架,0,0
107,6,樹林分局,拆除攤架,0,0
107,6,汐止分局,拆除攤架,0,0
107,6,淡水分局,拆除攤架,0,0
107,6,瑞芳分局,拆除攤架,0,0
107,6,金山分局,拆除攤架,0,0
107,6,林口分局,拆除攤架,0,0
107,6,總　　　計,勸導,1415,1415
107,6,板橋分局,勸導,302,302
107,6,海山分局,勸導,45,45
107,6,中和分局,勸導,243,243
107,6,永和分局,勸導,38,38
107,6,三重分局,勸導,27,27
107,6,新莊分局,勸導,77,77
107,6,土城分局,勸導,80,80
107,6,新店分局,勸導,159,159
107,6,蘆洲分局,勸導,115,115
107,6,三峽分局,勸導,101,101
107,6,樹林分局,勸導,146,146
107,6,汐止分局,勸導,2,2
107,6,淡水分局,勸導,1,1
107,6,瑞芳分局,勸導,35,35
107,6,金山分局,勸導,8,8
107,6,林口分局,勸導,36,36
107,7,總　　　計,總計,3058,3058
107,7,板橋分局,總計,612,612
107,7,海山分局,總計,93,93
107,7,中和分局,總計,371,371
107,7,永和分局,總計,245,245
107,7,三重分局,總計,94,94
107,7,新莊分局,總計,248,248
107,7,土城分局,總計,165,165
107,7,新店分局,總計,357,357
107,7,蘆洲分局,總計,244,244
107,7,三峽分局,總計,125,125
107,7,樹林分局,總計,183,183
107,7,汐止分局,總計,55,55
107,7,淡水分局,總計,166,166
107,7,瑞芳分局,總計,61,61
107,7,金山分局,總計,6,6
107,7,林口分局,總計,33,33
107,7,總　　　計,罰鍰,1642,1642
107,7,板橋分局,罰鍰,306,306
107,7,海山分局,罰鍰,45,45
107,7,中和分局,罰鍰,139,139
107,7,永和分局,罰鍰,213,213
107,7,三重分局,罰鍰,62,62
107,7,新莊分局,罰鍰,153,153
107,7,土城分局,罰鍰,93,93
107,7,新店分局,罰鍰,172,172
107,7,蘆洲分局,罰鍰,147,147
107,7,三峽分局,罰鍰,34,34
107,7,樹林分局,罰鍰,20,20
107,7,汐止分局,罰鍰,50,50
107,7,淡水分局,罰鍰,165,165
107,7,瑞芳分局,罰鍰,23,23
107,7,金山分局,罰鍰,1,1
107,7,林口分局,罰鍰,19,19
107,7,總　　　計,没入攤架,0,0
107,7,板橋分局,没入攤架,0,0
107,7,海山分局,没入攤架,0,0
107,7,中和分局,没入攤架,0,0
107,7,永和分局,没入攤架,0,0
107,7,三重分局,没入攤架,0,0
107,7,新莊分局,没入攤架,0,0
107,7,土城分局,没入攤架,0,0
107,7,新店分局,没入攤架,0,0
107,7,蘆洲分局,没入攤架,0,0
107,7,三峽分局,没入攤架,0,0
107,7,樹林分局,没入攤架,0,0
107,7,汐止分局,没入攤架,0,0
107,7,淡水分局,没入攤架,0,0
107,7,瑞芳分局,没入攤架,0,0
107,7,金山分局,没入攤架,0,0
107,7,林口分局,没入攤架,0,0
107,7,總　　　計,拆除攤架,0,0
107,7,板橋分局,拆除攤架,0,0
107,7,海山分局,拆除攤架,0,0
107,7,中和分局,拆除攤架,0,0
107,7,永和分局,拆除攤架,0,0
107,7,三重分局,拆除攤架,0,0
107,7,新莊分局,拆除攤架,0,0
107,7,土城分局,拆除攤架,0,0
107,7,新店分局,拆除攤架,0,0
107,7,蘆洲分局,拆除攤架,0,0
107,7,三峽分局,拆除攤架,0,0
107,7,樹林分局,拆除攤架,0,0
107,7,汐止分局,拆除攤架,0,0
107,7,淡水分局,拆除攤架,0,0
107,7,瑞芳分局,拆除攤架,0,0
107,7,金山分局,拆除攤架,0,0
107,7,林口分局,拆除攤架,0,0
107,7,總　　　計,勸導,1416,1416
107,7,板橋分局,勸導,306,306
107,7,海山分局,勸導,48,48
107,7,中和分局,勸導,232,232
107,7,永和分局,勸導,32,32
107,7,三重分局,勸導,32,32
107,7,新莊分局,勸導,95,95
107,7,土城分局,勸導,72,72
107,7,新店分局,勸導,185,185
107,7,蘆洲分局,勸導,97,97
107,7,三峽分局,勸導,91,91
107,7,樹林分局,勸導,163,163
107,7,汐止分局,勸導,5,5
107,7,淡水分局,勸導,1,1
107,7,瑞芳分局,勸導,38,38
107,7,金山分局,勸導,5,5
107,7,林口分局,勸導,14,14
107,8,總　　　計,總計,3091,3091
107,8,板橋分局,總計,620,620
107,8,海山分局,總計,54,54
107,8,中和分局,總計,343,343
107,8,永和分局,總計,205,205
107,8,三重分局,總計,123,123
107,8,新莊分局,總計,333,333
107,8,土城分局,總計,156,156
107,8,新店分局,總計,341,341
107,8,蘆洲分局,總計,323,323
107,8,三峽分局,總計,160,160
107,8,樹林分局,總計,197,197
107,8,汐止分局,總計,71,71
107,8,淡水分局,總計,82,82
107,8,瑞芳分局,總計,45,45
107,8,金山分局,總計,8,8
107,8,林口分局,總計,30,30
107,8,總　　　計,罰鍰,1728,1728
107,8,板橋分局,罰鍰,311,311
107,8,海山分局,罰鍰,41,41
107,8,中和分局,罰鍰,111,111
107,8,永和分局,罰鍰,178,178
107,8,三重分局,罰鍰,113,113
107,8,新莊分局,罰鍰,233,233
107,8,土城分局,罰鍰,86,86
107,8,新店分局,罰鍰,167,167
107,8,蘆洲分局,罰鍰,211,211
107,8,三峽分局,罰鍰,69,69
107,8,樹林分局,罰鍰,29,29
107,8,汐止分局,罰鍰,66,66
107,8,淡水分局,罰鍰,70,70
107,8,瑞芳分局,罰鍰,12,12
107,8,金山分局,罰鍰,1,1
107,8,林口分局,罰鍰,30,30
107,8,總　　　計,没入攤架,0,0
107,8,板橋分局,没入攤架,0,0
107,8,海山分局,没入攤架,0,0
107,8,中和分局,没入攤架,0,0
107,8,永和分局,没入攤架,0,0
107,8,三重分局,没入攤架,0,0
107,8,新莊分局,没入攤架,0,0
107,8,土城分局,没入攤架,0,0
107,8,新店分局,没入攤架,0,0
107,8,蘆洲分局,没入攤架,0,0
107,8,三峽分局,没入攤架,0,0
107,8,樹林分局,没入攤架,0,0
107,8,汐止分局,没入攤架,0,0
107,8,淡水分局,没入攤架,0,0
107,8,瑞芳分局,没入攤架,0,0
107,8,金山分局,没入攤架,0,0
107,8,林口分局,没入攤架,0,0
107,8,總　　　計,拆除攤架,0,0
107,8,板橋分局,拆除攤架,0,0
107,8,海山分局,拆除攤架,0,0
107,8,中和分局,拆除攤架,0,0
107,8,永和分局,拆除攤架,0,0
107,8,三重分局,拆除攤架,0,0
107,8,新莊分局,拆除攤架,0,0
107,8,土城分局,拆除攤架,0,0
107,8,新店分局,拆除攤架,0,0
107,8,蘆洲分局,拆除攤架,0,0
107,8,三峽分局,拆除攤架,0,0
107,8,樹林分局,拆除攤架,0,0
107,8,汐止分局,拆除攤架,0,0
107,8,淡水分局,拆除攤架,0,0
107,8,瑞芳分局,拆除攤架,0,0
107,8,金山分局,拆除攤架,0,0
107,8,林口分局,拆除攤架,0,0
107,8,總　　　計,勸導,1363,1363
107,8,板橋分局,勸導,309,309
107,8,海山分局,勸導,13,13
107,8,中和分局,勸導,232,232
107,8,永和分局,勸導,27,27
107,8,三重分局,勸導,10,10
107,8,新莊分局,勸導,100,100
107,8,土城分局,勸導,70,70
107,8,新店分局,勸導,174,174
107,8,蘆洲分局,勸導,112,112
107,8,三峽分局,勸導,91,91
107,8,樹林分局,勸導,168,168
107,8,汐止分局,勸導,5,5
107,8,淡水分局,勸導,12,12
107,8,瑞芳分局,勸導,33,33
107,8,金山分局,勸導,7,7
107,8,林口分局,勸導,0,0
107,9,總　　　計,總計,2896,2896
107,9,板橋分局,總計,626,626
107,9,海山分局,總計,77,77
107,9,中和分局,總計,357,357
107,9,永和分局,總計,200,200
107,9,三重分局,總計,103,103
107,9,新莊分局,總計,239,239
107,9,土城分局,總計,146,146
107,9,新店分局,總計,298,298
107,9,蘆洲分局,總計,296,296
107,9,三峽分局,總計,135,135
107,9,樹林分局,總計,196,196
107,9,汐止分局,總計,78,78
107,9,淡水分局,總計,77,77
107,9,瑞芳分局,總計,42,42
107,9,金山分局,總計,6,6
107,9,林口分局,總計,20,20
107,9,總　　　計,罰鍰,1509,1509
107,9,板橋分局,罰鍰,315,315
107,9,海山分局,罰鍰,63,63
107,9,中和分局,罰鍰,133,133
107,9,永和分局,罰鍰,176,176
107,9,三重分局,罰鍰,70,70
107,9,新莊分局,罰鍰,119,119
107,9,土城分局,罰鍰,70,70
107,9,新店分局,罰鍰,152,152
107,9,蘆洲分局,罰鍰,182,182
107,9,三峽分局,罰鍰,44,44
107,9,樹林分局,罰鍰,17,17
107,9,汐止分局,罰鍰,69,69
107,9,淡水分局,罰鍰,65,65
107,9,瑞芳分局,罰鍰,12,12
107,9,金山分局,罰鍰,2,2
107,9,林口分局,罰鍰,20,20
107,9,總　　　計,没入攤架,0,0
107,9,板橋分局,没入攤架,0,0
107,9,海山分局,没入攤架,0,0
107,9,中和分局,没入攤架,0,0
107,9,永和分局,没入攤架,0,0
107,9,三重分局,没入攤架,0,0
107,9,新莊分局,没入攤架,0,0
107,9,土城分局,没入攤架,0,0
107,9,新店分局,没入攤架,0,0
107,9,蘆洲分局,没入攤架,0,0
107,9,三峽分局,没入攤架,0,0
107,9,樹林分局,没入攤架,0,0
107,9,汐止分局,没入攤架,0,0
107,9,淡水分局,没入攤架,0,0
107,9,瑞芳分局,没入攤架,0,0
107,9,金山分局,没入攤架,0,0
107,9,林口分局,没入攤架,0,0
107,9,總　　　計,拆除攤架,0,0
107,9,板橋分局,拆除攤架,0,0
107,9,海山分局,拆除攤架,0,0
107,9,中和分局,拆除攤架,0,0
107,9,永和分局,拆除攤架,0,0
107,9,三重分局,拆除攤架,0,0
107,9,新莊分局,拆除攤架,0,0
107,9,土城分局,拆除攤架,0,0
107,9,新店分局,拆除攤架,0,0
107,9,蘆洲分局,拆除攤架,0,0
107,9,三峽分局,拆除攤架,0,0
107,9,樹林分局,拆除攤架,0,0
107,9,汐止分局,拆除攤架,0,0
107,9,淡水分局,拆除攤架,0,0
107,9,瑞芳分局,拆除攤架,0,0
107,9,金山分局,拆除攤架,0,0
107,9,林口分局,拆除攤架,0,0
107,9,總　　　計,勸導,1387,1387
107,9,板橋分局,勸導,311,311
107,9,海山分局,勸導,14,14
107,9,中和分局,勸導,224,224
107,9,永和分局,勸導,24,24
107,9,三重分局,勸導,33,33
107,9,新莊分局,勸導,120,120
107,9,土城分局,勸導,76,76
107,9,新店分局,勸導,146,146
107,9,蘆洲分局,勸導,114,114
107,9,三峽分局,勸導,91,91
107,9,樹林分局,勸導,179,179
107,9,汐止分局,勸導,9,9
107,9,淡水分局,勸導,12,12
107,9,瑞芳分局,勸導,30,30
107,9,金山分局,勸導,4,4
107,9,林口分局,勸導,0,0
107,10,總　　　計,總計,2920,2920
107,10,板橋分局,總計,482,482
107,10,海山分局,總計,70,70
107,10,中和分局,總計,367,367
107,10,永和分局,總計,148,148
107,10,三重分局,總計,138,138
107,10,新莊分局,總計,252,252
107,10,土城分局,總計,108,108
107,10,新店分局,總計,328,328
107,10,蘆洲分局,總計,300,300
107,10,三峽分局,總計,121,121
107,10,樹林分局,總計,228,228
107,10,汐止分局,總計,82,82
107,10,淡水分局,總計,239,239
107,10,瑞芳分局,總計,35,35
107,10,金山分局,總計,6,6
107,10,林口分局,總計,16,16
107,10,總　　　計,罰鍰,1616,1616
107,10,板橋分局,罰鍰,216,216
107,10,海山分局,罰鍰,56,56
107,10,中和分局,罰鍰,167,167
107,10,永和分局,罰鍰,129,129
107,10,三重分局,罰鍰,105,105
107,10,新莊分局,罰鍰,126,126
107,10,土城分局,罰鍰,41,41
107,10,新店分局,罰鍰,190,190
107,10,蘆洲分局,罰鍰,179,179
107,10,三峽分局,罰鍰,30,30
107,10,樹林分局,罰鍰,59,59
107,10,汐止分局,罰鍰,78,78
107,10,淡水分局,罰鍰,226,226
107,10,瑞芳分局,罰鍰,6,6
107,10,金山分局,罰鍰,0,0
107,10,林口分局,罰鍰,8,8
107,10,總　　　計,没入攤架,0,0
107,10,板橋分局,没入攤架,0,0
107,10,海山分局,没入攤架,0,0
107,10,中和分局,没入攤架,0,0
107,10,永和分局,没入攤架,0,0
107,10,三重分局,没入攤架,0,0
107,10,新莊分局,没入攤架,0,0
107,10,土城分局,没入攤架,0,0
107,10,新店分局,没入攤架,0,0
107,10,蘆洲分局,没入攤架,0,0
107,10,三峽分局,没入攤架,0,0
107,10,樹林分局,没入攤架,0,0
107,10,汐止分局,没入攤架,0,0
107,10,淡水分局,没入攤架,0,0
107,10,瑞芳分局,没入攤架,0,0
107,10,金山分局,没入攤架,0,0
107,10,林口分局,没入攤架,0,0
107,10,總　　　計,拆除攤架,0,0
107,10,板橋分局,拆除攤架,0,0
107,10,海山分局,拆除攤架,0,0
107,10,中和分局,拆除攤架,0,0
107,10,永和分局,拆除攤架,0,0
107,10,三重分局,拆除攤架,0,0
107,10,新莊分局,拆除攤架,0,0
107,10,土城分局,拆除攤架,0,0
107,10,新店分局,拆除攤架,0,0
107,10,蘆洲分局,拆除攤架,0,0
107,10,三峽分局,拆除攤架,0,0
107,10,樹林分局,拆除攤架,0,0
107,10,汐止分局,拆除攤架,0,0
107,10,淡水分局,拆除攤架,0,0
107,10,瑞芳分局,拆除攤架,0,0
107,10,金山分局,拆除攤架,0,0
107,10,林口分局,拆除攤架,0,0
107,10,總　　　計,勸導,1304,1304
107,10,板橋分局,勸導,266,266
107,10,海山分局,勸導,14,14
107,10,中和分局,勸導,200,200
107,10,永和分局,勸導,19,19
107,10,三重分局,勸導,33,33
107,10,新莊分局,勸導,126,126
107,10,土城分局,勸導,67,67
107,10,新店分局,勸導,138,138
107,10,蘆洲分局,勸導,121,121
107,10,三峽分局,勸導,91,91
107,10,樹林分局,勸導,169,169
107,10,汐止分局,勸導,4,4
107,10,淡水分局,勸導,13,13
107,10,瑞芳分局,勸導,29,29
107,10,金山分局,勸導,6,6
107,10,林口分局,勸導,8,8
107,11,總　　　計,總計,2920,2920
107,11,板橋分局,總計,482,482
107,11,海山分局,總計,70,70
107,11,中和分局,總計,367,367
107,11,永和分局,總計,148,148
107,11,三重分局,總計,138,138
107,11,新莊分局,總計,252,252
107,11,土城分局,總計,108,108
107,11,新店分局,總計,328,328
107,11,蘆洲分局,總計,300,300
107,11,三峽分局,總計,121,121
107,11,樹林分局,總計,228,228
107,11,汐止分局,總計,82,82
107,11,淡水分局,總計,239,239
107,11,瑞芳分局,總計,35,35
107,11,金山分局,總計,6,6
107,11,林口分局,總計,16,16
107,11,總　　　計,罰鍰,1616,1616
107,11,板橋分局,罰鍰,216,216
107,11,海山分局,罰鍰,56,56
107,11,中和分局,罰鍰,167,167
107,11,永和分局,罰鍰,129,129
107,11,三重分局,罰鍰,105,105
107,11,新莊分局,罰鍰,126,126
107,11,土城分局,罰鍰,41,41
107,11,新店分局,罰鍰,190,190
107,11,蘆洲分局,罰鍰,179,179
107,11,三峽分局,罰鍰,30,30
107,11,樹林分局,罰鍰,59,59
107,11,汐止分局,罰鍰,78,78
107,11,淡水分局,罰鍰,226,226
107,11,瑞芳分局,罰鍰,6,6
107,11,金山分局,罰鍰,0,0
107,11,林口分局,罰鍰,8,8
107,11,總　　　計,没入攤架,0,0
107,11,板橋分局,没入攤架,0,0
107,11,海山分局,没入攤架,0,0
107,11,中和分局,没入攤架,0,0
107,11,永和分局,没入攤架,0,0
107,11,三重分局,没入攤架,0,0
107,11,新莊分局,没入攤架,0,0
107,11,土城分局,没入攤架,0,0
107,11,新店分局,没入攤架,0,0
107,11,蘆洲分局,没入攤架,0,0
107,11,三峽分局,没入攤架,0,0
107,11,樹林分局,没入攤架,0,0
107,11,汐止分局,没入攤架,0,0
107,11,淡水分局,没入攤架,0,0
107,11,瑞芳分局,没入攤架,0,0
107,11,金山分局,没入攤架,0,0
107,11,林口分局,没入攤架,0,0
107,11,總　　　計,拆除攤架,0,0
107,11,板橋分局,拆除攤架,0,0
107,11,海山分局,拆除攤架,0,0
107,11,中和分局,拆除攤架,0,0
107,11,永和分局,拆除攤架,0,0
107,11,三重分局,拆除攤架,0,0
107,11,新莊分局,拆除攤架,0,0
107,11,土城分局,拆除攤架,0,0
107,11,新店分局,拆除攤架,0,0
107,11,蘆洲分局,拆除攤架,0,0
107,11,三峽分局,拆除攤架,0,0
107,11,樹林分局,拆除攤架,0,0
107,11,汐止分局,拆除攤架,0,0
107,11,淡水分局,拆除攤架,0,0
107,11,瑞芳分局,拆除攤架,0,0
107,11,金山分局,拆除攤架,0,0
107,11,林口分局,拆除攤架,0,0
107,11,總　　　計,勸導,1304,1304
107,11,板橋分局,勸導,266,266
107,11,海山分局,勸導,14,14
107,11,中和分局,勸導,200,200
107,11,永和分局,勸導,19,19
107,11,三重分局,勸導,33,33
107,11,新莊分局,勸導,126,126
107,11,土城分局,勸導,67,67
107,11,新店分局,勸導,138,138
107,11,蘆洲分局,勸導,121,121
107,11,三峽分局,勸導,91,91
107,11,樹林分局,勸導,169,169
107,11,汐止分局,勸導,4,4
107,11,淡水分局,勸導,13,13
107,11,瑞芳分局,勸導,29,29
107,11,金山分局,勸導,6,6
107,11,林口分局,勸導,8,8
107,12,總　　　計,總計,2950,2950
107,12,板橋分局,總計,424,424
107,12,海山分局,總計,224,224
107,12,中和分局,總計,310,310
107,12,永和分局,總計,237,237
107,12,三重分局,總計,168,168
107,12,新莊分局,總計,234,234
107,12,土城分局,總計,91,91
107,12,新店分局,總計,376,376
107,12,蘆洲分局,總計,251,251
107,12,三峽分局,總計,183,183
107,12,樹林分局,總計,203,203
107,12,汐止分局,總計,69,69
107,12,淡水分局,總計,120,120
107,12,瑞芳分局,總計,29,29
107,12,金山分局,總計,10,10
107,12,林口分局,總計,21,21
107,12,總　　　計,罰鍰,1664,1664
107,12,板橋分局,罰鍰,188,188
107,12,海山分局,罰鍰,187,187
107,12,中和分局,罰鍰,133,133
107,12,永和分局,罰鍰,212,212
107,12,三重分局,罰鍰,132,132
107,12,新莊分局,罰鍰,105,105
107,12,土城分局,罰鍰,43,43
107,12,新店分局,罰鍰,218,218
107,12,蘆洲分局,罰鍰,140,140
107,12,三峽分局,罰鍰,89,89
107,12,樹林分局,罰鍰,32,32
107,12,汐止分局,罰鍰,65,65
107,12,淡水分局,罰鍰,105,105
107,12,瑞芳分局,罰鍰,3,3
107,12,金山分局,罰鍰,1,1
107,12,林口分局,罰鍰,11,11
107,12,總　　　計,没入攤架,0,0
107,12,板橋分局,没入攤架,0,0
107,12,海山分局,没入攤架,0,0
107,12,中和分局,没入攤架,0,0
107,12,永和分局,没入攤架,0,0
107,12,三重分局,没入攤架,0,0
107,12,新莊分局,没入攤架,0,0
107,12,土城分局,没入攤架,0,0
107,12,新店分局,没入攤架,0,0
107,12,蘆洲分局,没入攤架,0,0
107,12,三峽分局,没入攤架,0,0
107,12,樹林分局,没入攤架,0,0
107,12,汐止分局,没入攤架,0,0
107,12,淡水分局,没入攤架,0,0
107,12,瑞芳分局,没入攤架,0,0
107,12,金山分局,没入攤架,0,0
107,12,林口分局,没入攤架,0,0
107,12,總　　　計,拆除攤架,0,0
107,12,板橋分局,拆除攤架,0,0
107,12,海山分局,拆除攤架,0,0
107,12,中和分局,拆除攤架,0,0
107,12,永和分局,拆除攤架,0,0
107,12,三重分局,拆除攤架,0,0
107,12,新莊分局,拆除攤架,0,0
107,12,土城分局,拆除攤架,0,0
107,12,新店分局,拆除攤架,0,0
107,12,蘆洲分局,拆除攤架,0,0
107,12,三峽分局,拆除攤架,0,0
107,12,樹林分局,拆除攤架,0,0
107,12,汐止分局,拆除攤架,0,0
107,12,淡水分局,拆除攤架,0,0
107,12,瑞芳分局,拆除攤架,0,0
107,12,金山分局,拆除攤架,0,0
107,12,林口分局,拆除攤架,0,0
107,12,總　　　計,勸導,1286,1286
107,12,板橋分局,勸導,236,236
107,12,海山分局,勸導,37,37
107,12,中和分局,勸導,177,177
107,12,永和分局,勸導,25,25
107,12,三重分局,勸導,36,36
107,12,新莊分局,勸導,129,129
107,12,土城分局,勸導,48,48
107,12,新店分局,勸導,158,158
107,12,蘆洲分局,勸導,111,111
107,12,三峽分局,勸導,94,94
107,12,樹林分局,勸導,171,171
107,12,汐止分局,勸導,4,4
107,12,淡水分局,勸導,15,15
107,12,瑞芳分局,勸導,26,26
107,12,金山分局,勸導,9,9
107,12,林口分局,勸導,10,10
108,1,總　　　計,總計,3335,3335
108,1,板橋分局,總計,660,660
108,1,海山分局,總計,94,94
108,1,中和分局,總計,345,345
108,1,永和分局,總計,218,218
108,1,三重分局,總計,230,230
108,1,新莊分局,總計,215,215
108,1,土城分局,總計,169,169
108,1,新店分局,總計,357,357
108,1,蘆洲分局,總計,325,325
108,1,三峽分局,總計,179,179
108,1,樹林分局,總計,217,217
108,1,汐止分局,總計,61,61
108,1,淡水分局,總計,195,195
108,1,瑞芳分局,總計,30,30
108,1,金山分局,總計,6,6
108,1,林口分局,總計,34,34
108,1,總　　　計,罰鍰,2005,2005
108,1,板橋分局,罰鍰,343,343
108,1,海山分局,罰鍰,80,80
108,1,中和分局,罰鍰,156,156
108,1,永和分局,罰鍰,200,200
108,1,三重分局,罰鍰,188,188
108,1,新莊分局,罰鍰,102,102
108,1,土城分局,罰鍰,108,108
108,1,新店分局,罰鍰,215,215
108,1,蘆洲分局,罰鍰,214,214
108,1,三峽分局,罰鍰,85,85
108,1,樹林分局,罰鍰,41,41
108,1,汐止分局,罰鍰,58,58
108,1,淡水分局,罰鍰,185,185
108,1,瑞芳分局,罰鍰,8,8
108,1,金山分局,罰鍰,0,0
108,1,林口分局,罰鍰,22,22
108,1,總　　　計,没入攤架,3,3
108,1,板橋分局,没入攤架,0,0
108,1,海山分局,没入攤架,0,0
108,1,中和分局,没入攤架,0,0
108,1,永和分局,没入攤架,0,0
108,1,三重分局,没入攤架,0,0
108,1,新莊分局,没入攤架,3,3
108,1,土城分局,没入攤架,0,0
108,1,新店分局,没入攤架,0,0
108,1,蘆洲分局,没入攤架,0,0
108,1,三峽分局,没入攤架,0,0
108,1,樹林分局,没入攤架,0,0
108,1,汐止分局,没入攤架,0,0
108,1,淡水分局,没入攤架,0,0
108,1,瑞芳分局,没入攤架,0,0
108,1,金山分局,没入攤架,0,0
108,1,林口分局,没入攤架,0,0
108,1,總　　　計,拆除攤架,0,0
108,1,板橋分局,拆除攤架,0,0
108,1,海山分局,拆除攤架,0,0
108,1,中和分局,拆除攤架,0,0
108,1,永和分局,拆除攤架,0,0
108,1,三重分局,拆除攤架,0,0
108,1,新莊分局,拆除攤架,0,0
108,1,土城分局,拆除攤架,0,0
108,1,新店分局,拆除攤架,0,0
108,1,蘆洲分局,拆除攤架,0,0
108,1,三峽分局,拆除攤架,0,0
108,1,樹林分局,拆除攤架,0,0
108,1,汐止分局,拆除攤架,0,0
108,1,淡水分局,拆除攤架,0,0
108,1,瑞芳分局,拆除攤架,0,0
108,1,金山分局,拆除攤架,0,0
108,1,林口分局,拆除攤架,0,0
108,1,總　　　計,勸導,1327,1327
108,1,板橋分局,勸導,317,317
108,1,海山分局,勸導,14,14
108,1,中和分局,勸導,189,189
108,1,永和分局,勸導,18,18
108,1,三重分局,勸導,42,42
108,1,新莊分局,勸導,110,110
108,1,土城分局,勸導,61,61
108,1,新店分局,勸導,142,142
108,1,蘆洲分局,勸導,111,111
108,1,三峽分局,勸導,94,94
108,1,樹林分局,勸導,176,176
108,1,汐止分局,勸導,3,3
108,1,淡水分局,勸導,10,10
108,1,瑞芳分局,勸導,22,22
108,1,金山分局,勸導,6,6
108,1,林口分局,勸導,12,12
108,2,總　　　計,總計,2452,2452
108,2,板橋分局,總計,447,447
108,2,海山分局,總計,52,52
108,2,中和分局,總計,264,264
108,2,永和分局,總計,174,174
108,2,三重分局,總計,143,143
108,2,新莊分局,總計,219,219
108,2,土城分局,總計,101,101
108,2,新店分局,總計,257,257
108,2,蘆洲分局,總計,219,219
108,2,三峽分局,總計,190,190
108,2,樹林分局,總計,202,202
108,2,汐止分局,總計,29,29
108,2,淡水分局,總計,119,119
108,2,瑞芳分局,總計,13,13
108,2,金山分局,總計,5,5
108,2,林口分局,總計,18,18
108,2,總　　　計,罰鍰,1246,1246
108,2,板橋分局,罰鍰,176,176
108,2,海山分局,罰鍰,44,44
108,2,中和分局,罰鍰,75,75
108,2,永和分局,罰鍰,155,155
108,2,三重分局,罰鍰,102,102
108,2,新莊分局,罰鍰,114,114
108,2,土城分局,罰鍰,56,56
108,2,新店分局,罰鍰,123,123
108,2,蘆洲分局,罰鍰,122,122
108,2,三峽分局,罰鍰,96,96
108,2,樹林分局,罰鍰,31,31
108,2,汐止分局,罰鍰,26,26
108,2,淡水分局,罰鍰,111,111
108,2,瑞芳分局,罰鍰,1,1
108,2,金山分局,罰鍰,1,1
108,2,林口分局,罰鍰,13,13
108,2,總　　　計,没入攤架,0,0
108,2,板橋分局,没入攤架,0,0
108,2,海山分局,没入攤架,0,0
108,2,中和分局,没入攤架,0,0
108,2,永和分局,没入攤架,0,0
108,2,三重分局,没入攤架,0,0
108,2,新莊分局,没入攤架,0,0
108,2,土城分局,没入攤架,0,0
108,2,新店分局,没入攤架,0,0
108,2,蘆洲分局,没入攤架,0,0
108,2,三峽分局,没入攤架,0,0
108,2,樹林分局,没入攤架,0,0
108,2,汐止分局,没入攤架,0,0
108,2,淡水分局,没入攤架,0,0
108,2,瑞芳分局,没入攤架,0,0
108,2,金山分局,没入攤架,0,0
108,2,林口分局,没入攤架,0,0
108,2,總　　　計,拆除攤架,0,0
108,2,板橋分局,拆除攤架,0,0
108,2,海山分局,拆除攤架,0,0
108,2,中和分局,拆除攤架,0,0
108,2,永和分局,拆除攤架,0,0
108,2,三重分局,拆除攤架,0,0
108,2,新莊分局,拆除攤架,0,0
108,2,土城分局,拆除攤架,0,0
108,2,新店分局,拆除攤架,0,0
108,2,蘆洲分局,拆除攤架,0,0
108,2,三峽分局,拆除攤架,0,0
108,2,樹林分局,拆除攤架,0,0
108,2,汐止分局,拆除攤架,0,0
108,2,淡水分局,拆除攤架,0,0
108,2,瑞芳分局,拆除攤架,0,0
108,2,金山分局,拆除攤架,0,0
108,2,林口分局,拆除攤架,0,0
108,2,總　　　計,勸導,1206,1206
108,2,板橋分局,勸導,271,271
108,2,海山分局,勸導,8,8
108,2,中和分局,勸導,189,189
108,2,永和分局,勸導,19,19
108,2,三重分局,勸導,41,41
108,2,新莊分局,勸導,105,105
108,2,土城分局,勸導,45,45
108,2,新店分局,勸導,134,134
108,2,蘆洲分局,勸導,97,97
108,2,三峽分局,勸導,94,94
108,2,樹林分局,勸導,171,171
108,2,汐止分局,勸導,3,3
108,2,淡水分局,勸導,8,8
108,2,瑞芳分局,勸導,12,12
108,2,金山分局,勸導,4,4
108,2,林口分局,勸導,5,5
108,3,總　　　計,總計,2961,2961
108,3,板橋分局,總計,568,568
108,3,海山分局,總計,49,49
108,3,中和分局,總計,310,310
108,3,永和分局,總計,168,168
108,3,三重分局,總計,175,175
108,3,新莊分局,總計,258,258
108,3,土城分局,總計,104,104
108,3,新店分局,總計,299,299
108,3,蘆洲分局,總計,280,280
108,3,三峽分局,總計,291,291
108,3,樹林分局,總計,204,204
108,3,汐止分局,總計,57,57
108,3,淡水分局,總計,154,154
108,3,瑞芳分局,總計,18,18
108,3,金山分局,總計,5,5
108,3,林口分局,總計,21,21
108,3,總　　　計,罰鍰,1655,1655
108,3,板橋分局,罰鍰,251,251
108,3,海山分局,罰鍰,38,38
108,3,中和分局,罰鍰,96,96
108,3,永和分局,罰鍰,151,151
108,3,三重分局,罰鍰,144,144
108,3,新莊分局,罰鍰,138,138
108,3,土城分局,罰鍰,78,78
108,3,新店分局,罰鍰,178,178
108,3,蘆洲分局,罰鍰,184,184
108,3,三峽分局,罰鍰,193,193
108,3,樹林分局,罰鍰,33,33
108,3,汐止分局,罰鍰,54,54
108,3,淡水分局,罰鍰,104,104
108,3,瑞芳分局,罰鍰,2,2
108,3,金山分局,罰鍰,0,0
108,3,林口分局,罰鍰,11,11
108,3,總　　　計,没入攤架,0,0
108,3,板橋分局,没入攤架,0,0
108,3,海山分局,没入攤架,0,0
108,3,中和分局,没入攤架,0,0
108,3,永和分局,没入攤架,0,0
108,3,三重分局,没入攤架,0,0
108,3,新莊分局,没入攤架,0,0
108,3,土城分局,没入攤架,0,0
108,3,新店分局,没入攤架,0,0
108,3,蘆洲分局,没入攤架,0,0
108,3,三峽分局,没入攤架,0,0
108,3,樹林分局,没入攤架,0,0
108,3,汐止分局,没入攤架,0,0
108,3,淡水分局,没入攤架,0,0
108,3,瑞芳分局,没入攤架,0,0
108,3,金山分局,没入攤架,0,0
108,3,林口分局,没入攤架,0,0
108,3,總　　　計,拆除攤架,0,0
108,3,板橋分局,拆除攤架,0,0
108,3,海山分局,拆除攤架,0,0
108,3,中和分局,拆除攤架,0,0
108,3,永和分局,拆除攤架,0,0
108,3,三重分局,拆除攤架,0,0
108,3,新莊分局,拆除攤架,0,0
108,3,土城分局,拆除攤架,0,0
108,3,新店分局,拆除攤架,0,0
108,3,蘆洲分局,拆除攤架,0,0
108,3,三峽分局,拆除攤架,0,0
108,3,樹林分局,拆除攤架,0,0
108,3,汐止分局,拆除攤架,0,0
108,3,淡水分局,拆除攤架,0,0
108,3,瑞芳分局,拆除攤架,0,0
108,3,金山分局,拆除攤架,0,0
108,3,林口分局,拆除攤架,0,0
108,3,總　　　計,勸導,1306,1306
108,3,板橋分局,勸導,317,317
108,3,海山分局,勸導,11,11
108,3,中和分局,勸導,214,214
108,3,永和分局,勸導,17,17
108,3,三重分局,勸導,31,31
108,3,新莊分局,勸導,120,120
108,3,土城分局,勸導,26,26
108,3,新店分局,勸導,121,121
108,3,蘆洲分局,勸導,96,96
108,3,三峽分局,勸導,98,98
108,3,樹林分局,勸導,171,171
108,3,汐止分局,勸導,3,3
108,3,淡水分局,勸導,50,50
108,3,瑞芳分局,勸導,16,16
108,3,金山分局,勸導,5,5
108,3,林口分局,勸導,10,10
108,4,總　　　計,總計,3444,3444
108,4,板橋分局,總計,837,837
108,4,海山分局,總計,98,98
108,4,中和分局,總計,315,315
108,4,永和分局,總計,151,151
108,4,三重分局,總計,216,216
108,4,新莊分局,總計,270,270
108,4,土城分局,總計,126,126
108,4,新店分局,總計,310,310
108,4,蘆洲分局,總計,294,294
108,4,三峽分局,總計,295,295
108,4,樹林分局,總計,219,219
108,4,汐止分局,總計,82,82
108,4,淡水分局,總計,156,156
108,4,瑞芳分局,總計,41,41
108,4,金山分局,總計,6,6
108,4,林口分局,總計,28,28
108,4,總　　　計,罰鍰,2035,2035
108,4,板橋分局,罰鍰,399,399
108,4,海山分局,罰鍰,88,88
108,4,中和分局,罰鍰,85,85
108,4,永和分局,罰鍰,130,130
108,4,三重分局,罰鍰,175,175
108,4,新莊分局,罰鍰,150,150
108,4,土城分局,罰鍰,99,99
108,4,新店分局,罰鍰,198,198
108,4,蘆洲分局,罰鍰,195,195
108,4,三峽分局,罰鍰,193,193
108,4,樹林分局,罰鍰,67,67
108,4,汐止分局,罰鍰,79,79
108,4,淡水分局,罰鍰,146,146
108,4,瑞芳分局,罰鍰,13,13
108,4,金山分局,罰鍰,0,0
108,4,林口分局,罰鍰,18,18
108,4,總　　　計,没入攤架,10,10
108,4,板橋分局,没入攤架,0,0
108,4,海山分局,没入攤架,0,0
108,4,中和分局,没入攤架,0,0
108,4,永和分局,没入攤架,0,0
108,4,三重分局,没入攤架,0,0
108,4,新莊分局,没入攤架,10,10
108,4,土城分局,没入攤架,0,0
108,4,新店分局,没入攤架,0,0
108,4,蘆洲分局,没入攤架,0,0
108,4,三峽分局,没入攤架,0,0
108,4,樹林分局,没入攤架,0,0
108,4,汐止分局,没入攤架,0,0
108,4,淡水分局,没入攤架,0,0
108,4,瑞芳分局,没入攤架,0,0
108,4,金山分局,没入攤架,0,0
108,4,林口分局,没入攤架,0,0
108,4,總　　　計,拆除攤架,0,0
108,4,板橋分局,拆除攤架,0,0
108,4,海山分局,拆除攤架,0,0
108,4,中和分局,拆除攤架,0,0
108,4,永和分局,拆除攤架,0,0
108,4,三重分局,拆除攤架,0,0
108,4,新莊分局,拆除攤架,0,0
108,4,土城分局,拆除攤架,0,0
108,4,新店分局,拆除攤架,0,0
108,4,蘆洲分局,拆除攤架,0,0
108,4,三峽分局,拆除攤架,0,0
108,4,樹林分局,拆除攤架,0,0
108,4,汐止分局,拆除攤架,0,0
108,4,淡水分局,拆除攤架,0,0
108,4,瑞芳分局,拆除攤架,0,0
108,4,金山分局,拆除攤架,0,0
108,4,林口分局,拆除攤架,0,0
108,4,總　　　計,勸導,1399,1399
108,4,板橋分局,勸導,438,438
108,4,海山分局,勸導,10,10
108,4,中和分局,勸導,230,230
108,4,永和分局,勸導,21,21
108,4,三重分局,勸導,41,41
108,4,新莊分局,勸導,110,110
108,4,土城分局,勸導,27,27
108,4,新店分局,勸導,112,112
108,4,蘆洲分局,勸導,99,99
108,4,三峽分局,勸導,102,102
108,4,樹林分局,勸導,152,152
108,4,汐止分局,勸導,3,3
108,4,淡水分局,勸導,10,10
108,4,瑞芳分局,勸導,28,28
108,4,金山分局,勸導,6,6
108,4,林口分局,勸導,10,10
108,5,總　　　計,總計,3678,3678
108,5,板橋分局,總計,907,907
108,5,海山分局,總計,88,88
108,5,中和分局,總計,313,313
108,5,永和分局,總計,188,188
108,5,三重分局,總計,270,270
108,5,新莊分局,總計,282,282
108,5,土城分局,總計,133,133
108,5,新店分局,總計,275,275
108,5,蘆洲分局,總計,260,260
108,5,三峽分局,總計,318,318
108,5,樹林分局,總計,238,238
108,5,汐止分局,總計,66,66
108,5,淡水分局,總計,210,210
108,5,瑞芳分局,總計,46,46
108,5,金山分局,總計,6,6
108,5,林口分局,總計,78,78
108,5,總　　　計,罰鍰,2154,2154
108,5,板橋分局,罰鍰,398,398
108,5,海山分局,罰鍰,76,76
108,5,中和分局,罰鍰,114,114
108,5,永和分局,罰鍰,164,164
108,5,三重分局,罰鍰,232,232
108,5,新莊分局,罰鍰,162,162
108,5,土城分局,罰鍰,97,97
108,5,新店分局,罰鍰,161,161
108,5,蘆洲分局,罰鍰,163,163
108,5,三峽分局,罰鍰,216,216
108,5,樹林分局,罰鍰,81,81
108,5,汐止分局,罰鍰,63,63
108,5,淡水分局,罰鍰,150,150
108,5,瑞芳分局,罰鍰,10,10
108,5,金山分局,罰鍰,1,1
108,5,林口分局,罰鍰,66,66
108,5,總　　　計,没入攤架,0,0
108,5,板橋分局,没入攤架,0,0
108,5,海山分局,没入攤架,0,0
108,5,中和分局,没入攤架,0,0
108,5,永和分局,没入攤架,0,0
108,5,三重分局,没入攤架,0,0
108,5,新莊分局,没入攤架,0,0
108,5,土城分局,没入攤架,0,0
108,5,新店分局,没入攤架,0,0
108,5,蘆洲分局,没入攤架,0,0
108,5,三峽分局,没入攤架,0,0
108,5,樹林分局,没入攤架,0,0
108,5,汐止分局,没入攤架,0,0
108,5,淡水分局,没入攤架,0,0
108,5,瑞芳分局,没入攤架,0,0
108,5,金山分局,没入攤架,0,0
108,5,林口分局,没入攤架,0,0
108,5,總　　　計,拆除攤架,0,0
108,5,板橋分局,拆除攤架,0,0
108,5,海山分局,拆除攤架,0,0
108,5,中和分局,拆除攤架,0,0
108,5,永和分局,拆除攤架,0,0
108,5,三重分局,拆除攤架,0,0
108,5,新莊分局,拆除攤架,0,0
108,5,土城分局,拆除攤架,0,0
108,5,新店分局,拆除攤架,0,0
108,5,蘆洲分局,拆除攤架,0,0
108,5,三峽分局,拆除攤架,0,0
108,5,樹林分局,拆除攤架,0,0
108,5,汐止分局,拆除攤架,0,0
108,5,淡水分局,拆除攤架,0,0
108,5,瑞芳分局,拆除攤架,0,0
108,5,金山分局,拆除攤架,0,0
108,5,林口分局,拆除攤架,0,0
108,5,總　　　計,勸導,1524,1524
108,5,板橋分局,勸導,509,509
108,5,海山分局,勸導,12,12
108,5,中和分局,勸導,199,199
108,5,永和分局,勸導,24,24
108,5,三重分局,勸導,38,38
108,5,新莊分局,勸導,120,120
108,5,土城分局,勸導,36,36
108,5,新店分局,勸導,114,114
108,5,蘆洲分局,勸導,97,97
108,5,三峽分局,勸導,102,102
108,5,樹林分局,勸導,157,157
108,5,汐止分局,勸導,3,3
108,5,淡水分局,勸導,60,60
108,5,瑞芳分局,勸導,36,36
108,5,金山分局,勸導,5,5
108,5,林口分局,勸導,12,12
108,6,總　　　計,總計,3232,3232
108,6,板橋分局,總計,648,648
108,6,海山分局,總計,100,100
108,6,中和分局,總計,302,302
108,6,永和分局,總計,132,132
108,6,三重分局,總計,245,245
108,6,新莊分局,總計,270,270
108,6,土城分局,總計,156,156
108,6,新店分局,總計,297,297
108,6,蘆洲分局,總計,188,188
108,6,三峽分局,總計,335,335
108,6,樹林分局,總計,191,191
108,6,汐止分局,總計,83,83
108,6,淡水分局,總計,129,129
108,6,瑞芳分局,總計,62,62
108,6,金山分局,總計,5,5
108,6,林口分局,總計,89,89
108,6,總　　　計,罰鍰,1814,1814
108,6,板橋分局,罰鍰,300,300
108,6,海山分局,罰鍰,87,87
108,6,中和分局,罰鍰,103,103
108,6,永和分局,罰鍰,120,120
108,6,三重分局,罰鍰,198,198
108,6,新莊分局,罰鍰,130,130
108,6,土城分局,罰鍰,110,110
108,6,新店分局,罰鍰,176,176
108,6,蘆洲分局,罰鍰,92,92
108,6,三峽分局,罰鍰,233,233
108,6,樹林分局,罰鍰,37,37
108,6,汐止分局,罰鍰,78,78
108,6,淡水分局,罰鍰,71,71
108,6,瑞芳分局,罰鍰,17,17
108,6,金山分局,罰鍰,0,0
108,6,林口分局,罰鍰,62,62
108,6,總　　　計,没入攤架,0,0
108,6,板橋分局,没入攤架,0,0
108,6,海山分局,没入攤架,0,0
108,6,中和分局,没入攤架,0,0
108,6,永和分局,没入攤架,0,0
108,6,三重分局,没入攤架,0,0
108,6,新莊分局,没入攤架,0,0
108,6,土城分局,没入攤架,0,0
108,6,新店分局,没入攤架,0,0
108,6,蘆洲分局,没入攤架,0,0
108,6,三峽分局,没入攤架,0,0
108,6,樹林分局,没入攤架,0,0
108,6,汐止分局,没入攤架,0,0
108,6,淡水分局,没入攤架,0,0
108,6,瑞芳分局,没入攤架,0,0
108,6,金山分局,没入攤架,0,0
108,6,林口分局,没入攤架,0,0
108,6,總　　　計,拆除攤架,0,0
108,6,板橋分局,拆除攤架,0,0
108,6,海山分局,拆除攤架,0,0
108,6,中和分局,拆除攤架,0,0
108,6,永和分局,拆除攤架,0,0
108,6,三重分局,拆除攤架,0,0
108,6,新莊分局,拆除攤架,0,0
108,6,土城分局,拆除攤架,0,0
108,6,新店分局,拆除攤架,0,0
108,6,蘆洲分局,拆除攤架,0,0
108,6,三峽分局,拆除攤架,0,0
108,6,樹林分局,拆除攤架,0,0
108,6,汐止分局,拆除攤架,0,0
108,6,淡水分局,拆除攤架,0,0
108,6,瑞芳分局,拆除攤架,0,0
108,6,金山分局,拆除攤架,0,0
108,6,林口分局,拆除攤架,0,0
108,6,總　　　計,勸導,1418,1418
108,6,板橋分局,勸導,348,348
108,6,海山分局,勸導,13,13
108,6,中和分局,勸導,199,199
108,6,永和分局,勸導,12,12
108,6,三重分局,勸導,47,47
108,6,新莊分局,勸導,140,140
108,6,土城分局,勸導,46,46
108,6,新店分局,勸導,121,121
108,6,蘆洲分局,勸導,96,96
108,6,三峽分局,勸導,102,102
108,6,樹林分局,勸導,154,154
108,6,汐止分局,勸導,5,5
108,6,淡水分局,勸導,58,58
108,6,瑞芳分局,勸導,45,45
108,6,金山分局,勸導,5,5
108,6,林口分局,勸導,27,27
108,7,總　　　計,總計,3569,3569
108,7,板橋分局,總計,687,687
108,7,海山分局,總計,92,92
108,7,中和分局,總計,352,352
108,7,永和分局,總計,174,174
108,7,三重分局,總計,319,319
108,7,新莊分局,總計,439,439
108,7,土城分局,總計,163,163
108,7,新店分局,總計,260,260
108,7,蘆洲分局,總計,202,202
108,7,三峽分局,總計,295,295
108,7,樹林分局,總計,212,212
108,7,汐止分局,總計,75,75
108,7,淡水分局,總計,180,180
108,7,瑞芳分局,總計,57,57
108,7,金山分局,總計,7,7
108,7,林口分局,總計,55,55
108,7,總　　　計,罰鍰,1963,1963
108,7,板橋分局,罰鍰,262,262
108,7,海山分局,罰鍰,81,81
108,7,中和分局,罰鍰,153,153
108,7,永和分局,罰鍰,155,155
108,7,三重分局,罰鍰,265,265
108,7,新莊分局,罰鍰,201,201
108,7,土城分局,罰鍰,108,108
108,7,新店分局,罰鍰,154,154
108,7,蘆洲分局,罰鍰,105,105
108,7,三峽分局,罰鍰,190,190
108,7,樹林分局,罰鍰,59,59
108,7,汐止分局,罰鍰,60,60
108,7,淡水分局,罰鍰,117,117
108,7,瑞芳分局,罰鍰,7,7
108,7,金山分局,罰鍰,1,1
108,7,林口分局,罰鍰,45,45
108,7,總　　　計,没入攤架,0,0
108,7,板橋分局,没入攤架,0,0
108,7,海山分局,没入攤架,0,0
108,7,中和分局,没入攤架,0,0
108,7,永和分局,没入攤架,0,0
108,7,三重分局,没入攤架,0,0
108,7,新莊分局,没入攤架,0,0
108,7,土城分局,没入攤架,0,0
108,7,新店分局,没入攤架,0,0
108,7,蘆洲分局,没入攤架,0,0
108,7,三峽分局,没入攤架,0,0
108,7,樹林分局,没入攤架,0,0
108,7,汐止分局,没入攤架,0,0
108,7,淡水分局,没入攤架,0,0
108,7,瑞芳分局,没入攤架,0,0
108,7,金山分局,没入攤架,0,0
108,7,林口分局,没入攤架,0,0
108,7,總　　　計,拆除攤架,0,0
108,7,板橋分局,拆除攤架,0,0
108,7,海山分局,拆除攤架,0,0
108,7,中和分局,拆除攤架,0,0
108,7,永和分局,拆除攤架,0,0
108,7,三重分局,拆除攤架,0,0
108,7,新莊分局,拆除攤架,0,0
108,7,土城分局,拆除攤架,0,0
108,7,新店分局,拆除攤架,0,0
108,7,蘆洲分局,拆除攤架,0,0
108,7,三峽分局,拆除攤架,0,0
108,7,樹林分局,拆除攤架,0,0
108,7,汐止分局,拆除攤架,0,0
108,7,淡水分局,拆除攤架,0,0
108,7,瑞芳分局,拆除攤架,0,0
108,7,金山分局,拆除攤架,0,0
108,7,林口分局,拆除攤架,0,0
108,7,總　　　計,勸導,1606,1606
108,7,板橋分局,勸導,425,425
108,7,海山分局,勸導,11,11
108,7,中和分局,勸導,199,199
108,7,永和分局,勸導,19,19
108,7,三重分局,勸導,54,54
108,7,新莊分局,勸導,238,238
108,7,土城分局,勸導,55,55
108,7,新店分局,勸導,106,106
108,7,蘆洲分局,勸導,97,97
108,7,三峽分局,勸導,105,105
108,7,樹林分局,勸導,153,153
108,7,汐止分局,勸導,15,15
108,7,淡水分局,勸導,63,63
108,7,瑞芳分局,勸導,50,50
108,7,金山分局,勸導,6,6
108,7,林口分局,勸導,10,10
108,8,總　　　計,總計,3215,3215
108,8,板橋分局,總計,687,687
108,8,海山分局,總計,95,95
108,8,中和分局,總計,315,315
108,8,永和分局,總計,162,162
108,8,三重分局,總計,289,289
108,8,新莊分局,總計,305,305
108,8,土城分局,總計,144,144
108,8,新店分局,總計,158,158
108,8,蘆洲分局,總計,247,247
108,8,三峽分局,總計,299,299
108,8,樹林分局,總計,181,181
108,8,汐止分局,總計,82,82
108,8,淡水分局,總計,135,135
108,8,瑞芳分局,總計,58,58
108,8,金山分局,總計,6,6
108,8,林口分局,總計,52,52
108,8,總　　　計,罰鍰,1775,1775
108,8,板橋分局,罰鍰,262,262
108,8,海山分局,罰鍰,84,84
108,8,中和分局,罰鍰,115,115
108,8,永和分局,罰鍰,142,142
108,8,三重分局,罰鍰,225,225
108,8,新莊分局,罰鍰,103,103
108,8,土城分局,罰鍰,94,94
108,8,新店分局,罰鍰,128,128
108,8,蘆洲分局,罰鍰,145,145
108,8,三峽分局,罰鍰,193,193
108,8,樹林分局,罰鍰,32,32
108,8,汐止分局,罰鍰,79,79
108,8,淡水分局,罰鍰,123,123
108,8,瑞芳分局,罰鍰,8,8
108,8,金山分局,罰鍰,0,0
108,8,林口分局,罰鍰,42,42
108,8,總　　　計,没入攤架,0,0
108,8,板橋分局,没入攤架,0,0
108,8,海山分局,没入攤架,0,0
108,8,中和分局,没入攤架,0,0
108,8,永和分局,没入攤架,0,0
108,8,三重分局,没入攤架,0,0
108,8,新莊分局,没入攤架,0,0
108,8,土城分局,没入攤架,0,0
108,8,新店分局,没入攤架,0,0
108,8,蘆洲分局,没入攤架,0,0
108,8,三峽分局,没入攤架,0,0
108,8,樹林分局,没入攤架,0,0
108,8,汐止分局,没入攤架,0,0
108,8,淡水分局,没入攤架,0,0
108,8,瑞芳分局,没入攤架,0,0
108,8,金山分局,没入攤架,0,0
108,8,林口分局,没入攤架,0,0
108,8,總　　　計,拆除攤架,0,0
108,8,板橋分局,拆除攤架,0,0
108,8,海山分局,拆除攤架,0,0
108,8,中和分局,拆除攤架,0,0
108,8,永和分局,拆除攤架,0,0
108,8,三重分局,拆除攤架,0,0
108,8,新莊分局,拆除攤架,0,0
108,8,土城分局,拆除攤架,0,0
108,8,新店分局,拆除攤架,0,0
108,8,蘆洲分局,拆除攤架,0,0
108,8,三峽分局,拆除攤架,0,0
108,8,樹林分局,拆除攤架,0,0
108,8,汐止分局,拆除攤架,0,0
108,8,淡水分局,拆除攤架,0,0
108,8,瑞芳分局,拆除攤架,0,0
108,8,金山分局,拆除攤架,0,0
108,8,林口分局,拆除攤架,0,0
108,8,總　　　計,勸導,1440,1440
108,8,板橋分局,勸導,425,425
108,8,海山分局,勸導,11,11
108,8,中和分局,勸導,200,200
108,8,永和分局,勸導,20,20
108,8,三重分局,勸導,64,64
108,8,新莊分局,勸導,202,202
108,8,土城分局,勸導,50,50
108,8,新店分局,勸導,30,30
108,8,蘆洲分局,勸導,102,102
108,8,三峽分局,勸導,106,106
108,8,樹林分局,勸導,149,149
108,8,汐止分局,勸導,3,3
108,8,淡水分局,勸導,12,12
108,8,瑞芳分局,勸導,50,50
108,8,金山分局,勸導,6,6
108,8,林口分局,勸導,10,10
108,9,總　　　計,總計,3190,3190
108,9,板橋分局,總計,687,687
108,9,海山分局,總計,61,61
108,9,中和分局,總計,294,294
108,9,永和分局,總計,222,222
108,9,三重分局,總計,229,229
108,9,新莊分局,總計,315,315
108,9,土城分局,總計,144,144
108,9,新店分局,總計,244,244
108,9,蘆洲分局,總計,272,272
108,9,三峽分局,總計,336,336
108,9,樹林分局,總計,170,170
108,9,汐止分局,總計,67,67
108,9,淡水分局,總計,53,53
108,9,瑞芳分局,總計,50,50
108,9,金山分局,總計,7,7
108,9,林口分局,總計,39,39
108,9,總　　　計,罰鍰,1793,1793
108,9,板橋分局,罰鍰,262,262
108,9,海山分局,罰鍰,41,41
108,9,中和分局,罰鍰,136,136
108,9,永和分局,罰鍰,202,202
108,9,三重分局,罰鍰,177,177
108,9,新莊分局,罰鍰,119,119
108,9,土城分局,罰鍰,95,95
108,9,新店分局,罰鍰,194,194
108,9,蘆洲分局,罰鍰,171,171
108,9,三峽分局,罰鍰,235,235
108,9,樹林分局,罰鍰,31,31
108,9,汐止分局,罰鍰,57,57
108,9,淡水分局,罰鍰,41,41
108,9,瑞芳分局,罰鍰,3,3
108,9,金山分局,罰鍰,0,0
108,9,林口分局,罰鍰,29,29
108,9,總　　　計,没入攤架,0,0
108,9,板橋分局,没入攤架,0,0
108,9,海山分局,没入攤架,0,0
108,9,中和分局,没入攤架,0,0
108,9,永和分局,没入攤架,0,0
108,9,三重分局,没入攤架,0,0
108,9,新莊分局,没入攤架,0,0
108,9,土城分局,没入攤架,0,0
108,9,新店分局,没入攤架,0,0
108,9,蘆洲分局,没入攤架,0,0
108,9,三峽分局,没入攤架,0,0
108,9,樹林分局,没入攤架,0,0
108,9,汐止分局,没入攤架,0,0
108,9,淡水分局,没入攤架,0,0
108,9,瑞芳分局,没入攤架,0,0
108,9,金山分局,没入攤架,0,0
108,9,林口分局,没入攤架,0,0
108,9,總　　　計,拆除攤架,0,0
108,9,板橋分局,拆除攤架,0,0
108,9,海山分局,拆除攤架,0,0
108,9,中和分局,拆除攤架,0,0
108,9,永和分局,拆除攤架,0,0
108,9,三重分局,拆除攤架,0,0
108,9,新莊分局,拆除攤架,0,0
108,9,土城分局,拆除攤架,0,0
108,9,新店分局,拆除攤架,0,0
108,9,蘆洲分局,拆除攤架,0,0
108,9,三峽分局,拆除攤架,0,0
108,9,樹林分局,拆除攤架,0,0
108,9,汐止分局,拆除攤架,0,0
108,9,淡水分局,拆除攤架,0,0
108,9,瑞芳分局,拆除攤架,0,0
108,9,金山分局,拆除攤架,0,0
108,9,林口分局,拆除攤架,0,0
108,9,總　　　計,勸導,1397,1397
108,9,板橋分局,勸導,425,425
108,9,海山分局,勸導,20,20
108,9,中和分局,勸導,158,158
108,9,永和分局,勸導,20,20
108,9,三重分局,勸導,52,52
108,9,新莊分局,勸導,196,196
108,9,土城分局,勸導,49,49
108,9,新店分局,勸導,50,50
108,9,蘆洲分局,勸導,101,101
108,9,三峽分局,勸導,101,101
108,9,樹林分局,勸導,139,139
108,9,汐止分局,勸導,10,10
108,9,淡水分局,勸導,12,12
108,9,瑞芳分局,勸導,47,47
108,9,金山分局,勸導,7,7
108,9,林口分局,勸導,10,10
108,10,總　　　計,總計,3492,3492
108,10,板橋分局,總計,628,628
108,10,海山分局,總計,99,99
108,10,中和分局,總計,421,421
108,10,永和分局,總計,140,140
108,10,三重分局,總計,199,199
108,10,新莊分局,總計,363,363
108,10,土城分局,總計,186,186
108,10,新店分局,總計,234,234
108,10,蘆洲分局,總計,304,304
108,10,三峽分局,總計,374,374
108,10,樹林分局,總計,199,199
108,10,汐止分局,總計,82,82
108,10,淡水分局,總計,152,152
108,10,瑞芳分局,總計,58,58
108,10,金山分局,總計,10,10
108,10,林口分局,總計,43,43
108,10,總　　　計,罰鍰,2030,2030
108,10,板橋分局,罰鍰,203,203
108,10,海山分局,罰鍰,59,59
108,10,中和分局,罰鍰,215,215
108,10,永和分局,罰鍰,120,120
108,10,三重分局,罰鍰,152,152
108,10,新莊分局,罰鍰,160,160
108,10,土城分局,罰鍰,134,134
108,10,新店分局,罰鍰,214,214
108,10,蘆洲分局,罰鍰,203,203
108,10,三峽分局,罰鍰,274,274
108,10,樹林分局,罰鍰,48,48
108,10,汐止分局,罰鍰,79,79
108,10,淡水分局,罰鍰,127,127
108,10,瑞芳分局,罰鍰,9,9
108,10,金山分局,罰鍰,0,0
108,10,林口分局,罰鍰,33,33
108,10,總　　　計,没入攤架,0,0
108,10,板橋分局,没入攤架,0,0
108,10,海山分局,没入攤架,0,0
108,10,中和分局,没入攤架,0,0
108,10,永和分局,没入攤架,0,0
108,10,三重分局,没入攤架,0,0
108,10,新莊分局,没入攤架,0,0
108,10,土城分局,没入攤架,0,0
108,10,新店分局,没入攤架,0,0
108,10,蘆洲分局,没入攤架,0,0
108,10,三峽分局,没入攤架,0,0
108,10,樹林分局,没入攤架,0,0
108,10,汐止分局,没入攤架,0,0
108,10,淡水分局,没入攤架,0,0
108,10,瑞芳分局,没入攤架,0,0
108,10,金山分局,没入攤架,0,0
108,10,林口分局,没入攤架,0,0
108,10,總　　　計,拆除攤架,0,0
108,10,板橋分局,拆除攤架,0,0
108,10,海山分局,拆除攤架,0,0
108,10,中和分局,拆除攤架,0,0
108,10,永和分局,拆除攤架,0,0
108,10,三重分局,拆除攤架,0,0
108,10,新莊分局,拆除攤架,0,0
108,10,土城分局,拆除攤架,0,0
108,10,新店分局,拆除攤架,0,0
108,10,蘆洲分局,拆除攤架,0,0
108,10,三峽分局,拆除攤架,0,0
108,10,樹林分局,拆除攤架,0,0
108,10,汐止分局,拆除攤架,0,0
108,10,淡水分局,拆除攤架,0,0
108,10,瑞芳分局,拆除攤架,0,0
108,10,金山分局,拆除攤架,0,0
108,10,林口分局,拆除攤架,0,0
108,10,總　　　計,勸導,1462,1462
108,10,板橋分局,勸導,425,425
108,10,海山分局,勸導,40,40
108,10,中和分局,勸導,206,206
108,10,永和分局,勸導,20,20
108,10,三重分局,勸導,47,47
108,10,新莊分局,勸導,203,203
108,10,土城分局,勸導,52,52
108,10,新店分局,勸導,20,20
108,10,蘆洲分局,勸導,101,101
108,10,三峽分局,勸導,100,100
108,10,樹林分局,勸導,151,151
108,10,汐止分局,勸導,3,3
108,10,淡水分局,勸導,25,25
108,10,瑞芳分局,勸導,49,49
108,10,金山分局,勸導,10,10
108,10,林口分局,勸導,10,10
108,11,總　　　計,總計,3805,3805
108,11,板橋分局,總計,633,633
108,11,海山分局,總計,164,164
108,11,中和分局,總計,378,378
108,11,永和分局,總計,181,181
108,11,三重分局,總計,219,219
108,11,新莊分局,總計,506,506
108,11,土城分局,總計,152,152
108,11,新店分局,總計,248,248
108,11,蘆洲分局,總計,336,336
108,11,三峽分局,總計,367,367
108,11,樹林分局,總計,199,199
108,11,汐止分局,總計,110,110
108,11,淡水分局,總計,184,184
108,11,瑞芳分局,總計,61,61
108,11,金山分局,總計,10,10
108,11,林口分局,總計,57,57
108,11,總　　　計,罰鍰,2277,2277
108,11,板橋分局,罰鍰,208,208
108,11,海山分局,罰鍰,155,155
108,11,中和分局,罰鍰,178,178
108,11,永和分局,罰鍰,169,169
108,11,三重分局,罰鍰,164,164
108,11,新莊分局,罰鍰,289,289
108,11,土城分局,罰鍰,90,90
108,11,新店分局,罰鍰,188,188
108,11,蘆洲分局,罰鍰,237,237
108,11,三峽分局,罰鍰,267,267
108,11,樹林分局,罰鍰,45,45
108,11,汐止分局,罰鍰,90,90
108,11,淡水分局,罰鍰,149,149
108,11,瑞芳分局,罰鍰,11,11
108,11,金山分局,罰鍰,0,0
108,11,林口分局,罰鍰,37,37
108,11,總　　　計,没入攤架,10,10
108,11,板橋分局,没入攤架,0,0
108,11,海山分局,没入攤架,0,0
108,11,中和分局,没入攤架,0,0
108,11,永和分局,没入攤架,0,0
108,11,三重分局,没入攤架,0,0
108,11,新莊分局,没入攤架,0,0
108,11,土城分局,没入攤架,0,0
108,11,新店分局,没入攤架,0,0
108,11,蘆洲分局,没入攤架,0,0
108,11,三峽分局,没入攤架,0,0
108,11,樹林分局,没入攤架,0,0
108,11,汐止分局,没入攤架,0,0
108,11,淡水分局,没入攤架,10,10
108,11,瑞芳分局,没入攤架,0,0
108,11,金山分局,没入攤架,0,0
108,11,林口分局,没入攤架,0,0
108,11,總　　　計,拆除攤架,0,0
108,11,板橋分局,拆除攤架,0,0
108,11,海山分局,拆除攤架,0,0
108,11,中和分局,拆除攤架,0,0
108,11,永和分局,拆除攤架,0,0
108,11,三重分局,拆除攤架,0,0
108,11,新莊分局,拆除攤架,0,0
108,11,土城分局,拆除攤架,0,0
108,11,新店分局,拆除攤架,0,0
108,11,蘆洲分局,拆除攤架,0,0
108,11,三峽分局,拆除攤架,0,0
108,11,樹林分局,拆除攤架,0,0
108,11,汐止分局,拆除攤架,0,0
108,11,淡水分局,拆除攤架,0,0
108,11,瑞芳分局,拆除攤架,0,0
108,11,金山分局,拆除攤架,0,0
108,11,林口分局,拆除攤架,0,0
108,11,總　　　計,勸導,1518,1518
108,11,板橋分局,勸導,425,425
108,11,海山分局,勸導,9,9
108,11,中和分局,勸導,200,200
108,11,永和分局,勸導,12,12
108,11,三重分局,勸導,55,55
108,11,新莊分局,勸導,217,217
108,11,土城分局,勸導,62,62
108,11,新店分局,勸導,60,60
108,11,蘆洲分局,勸導,99,99
108,11,三峽分局,勸導,100,100
108,11,樹林分局,勸導,154,154
108,11,汐止分局,勸導,20,20
108,11,淡水分局,勸導,25,25
108,11,瑞芳分局,勸導,50,50
108,11,金山分局,勸導,10,10
108,11,林口分局,勸導,20,20
108,12,總　　　計,總計,3807,3807
108,12,板橋分局,總計,645,645
108,12,海山分局,總計,346,346
108,12,中和分局,總計,480,480
108,12,永和分局,總計,182,182
108,12,三重分局,總計,273,273
108,12,新莊分局,總計,452,452
108,12,土城分局,總計,165,165
108,12,新店分局,總計,218,218
108,12,蘆洲分局,總計,248,248
108,12,三峽分局,總計,322,322
108,12,樹林分局,總計,202,202
108,12,汐止分局,總計,51,51
108,12,淡水分局,總計,100,100
108,12,瑞芳分局,總計,68,68
108,12,金山分局,總計,6,6
108,12,林口分局,總計,49,49
108,12,總　　　計,罰鍰,2312,2312
108,12,板橋分局,罰鍰,225,225
108,12,海山分局,罰鍰,328,328
108,12,中和分局,罰鍰,258,258
108,12,永和分局,罰鍰,171,171
108,12,三重分局,罰鍰,210,210
108,12,新莊分局,罰鍰,248,248
108,12,土城分局,罰鍰,113,113
108,12,新店分局,罰鍰,173,173
108,12,蘆洲分局,罰鍰,146,146
108,12,三峽分局,罰鍰,223,223
108,12,樹林分局,罰鍰,69,69
108,12,汐止分局,罰鍰,39,39
108,12,淡水分局,罰鍰,62,62
108,12,瑞芳分局,罰鍰,12,12
108,12,金山分局,罰鍰,1,1
108,12,林口分局,罰鍰,34,34
108,12,總　　　計,没入攤架,13,13
108,12,板橋分局,没入攤架,0,0
108,12,海山分局,没入攤架,0,0
108,12,中和分局,没入攤架,0,0
108,12,永和分局,没入攤架,0,0
108,12,三重分局,没入攤架,0,0
108,12,新莊分局,没入攤架,0,0
108,12,土城分局,没入攤架,0,0
108,12,新店分局,没入攤架,0,0
108,12,蘆洲分局,没入攤架,0,0
108,12,三峽分局,没入攤架,0,0
108,12,樹林分局,没入攤架,0,0
108,12,汐止分局,没入攤架,0,0
108,12,淡水分局,没入攤架,13,13
108,12,瑞芳分局,没入攤架,0,0
108,12,金山分局,没入攤架,0,0
108,12,林口分局,没入攤架,0,0
108,12,總　　　計,拆除攤架,0,0
108,12,板橋分局,拆除攤架,0,0
108,12,海山分局,拆除攤架,0,0
108,12,中和分局,拆除攤架,0,0
108,12,永和分局,拆除攤架,0,0
108,12,三重分局,拆除攤架,0,0
108,12,新莊分局,拆除攤架,0,0
108,12,土城分局,拆除攤架,0,0
108,12,新店分局,拆除攤架,0,0
108,12,蘆洲分局,拆除攤架,0,0
108,12,三峽分局,拆除攤架,0,0
108,12,樹林分局,拆除攤架,0,0
108,12,汐止分局,拆除攤架,0,0
108,12,淡水分局,拆除攤架,0,0
108,12,瑞芳分局,拆除攤架,0,0
108,12,金山分局,拆除攤架,0,0
108,12,林口分局,拆除攤架,0,0
108,12,總　　　計,勸導,1482,1482
108,12,板橋分局,勸導,420,420
108,12,海山分局,勸導,18,18
108,12,中和分局,勸導,222,222
108,12,永和分局,勸導,11,11
108,12,三重分局,勸導,63,63
108,12,新莊分局,勸導,204,204
108,12,土城分局,勸導,52,52
108,12,新店分局,勸導,45,45
108,12,蘆洲分局,勸導,102,102
108,12,三峽分局,勸導,99,99
108,12,樹林分局,勸導,133,133
108,12,汐止分局,勸導,12,12
108,12,淡水分局,勸導,25,25
108,12,瑞芳分局,勸導,56,56
108,12,金山分局,勸導,5,5
108,12,林口分局,勸導,15,15
109,1,總　　　計,總計,3160,3160
109,1,板橋分局,總計,622,622
109,1,海山分局,總計,76,76
109,1,中和分局,總計,360,360
109,1,永和分局,總計,96,96
109,1,三重分局,總計,166,166
109,1,新莊分局,總計,300,300
109,1,土城分局,總計,116,116
109,1,新店分局,總計,186,186
109,1,蘆洲分局,總計,282,282
109,1,三峽分局,總計,435,435
109,1,樹林分局,總計,238,238
109,1,汐止分局,總計,94,94
109,1,淡水分局,總計,98,98
109,1,瑞芳分局,總計,48,48
109,1,金山分局,總計,8,8
109,1,林口分局,總計,35,35
109,1,總　　　計,罰鍰,1818,1818
109,1,板橋分局,罰鍰,202,202
109,1,海山分局,罰鍰,66,66
109,1,中和分局,罰鍰,138,138
109,1,永和分局,罰鍰,88,88
109,1,三重分局,罰鍰,125,125
109,1,新莊分局,罰鍰,180,180
109,1,土城分局,罰鍰,64,64
109,1,新店分局,罰鍰,118,118
109,1,蘆洲分局,罰鍰,180,180
109,1,三峽分局,罰鍰,346,346
109,1,樹林分局,罰鍰,123,123
109,1,汐止分局,罰鍰,78,78
109,1,淡水分局,罰鍰,67,67
109,1,瑞芳分局,罰鍰,20,20
109,1,金山分局,罰鍰,0,0
109,1,林口分局,罰鍰,23,23
109,1,總　　　計,没入攤架,1,1
109,1,板橋分局,没入攤架,0,0
109,1,海山分局,没入攤架,0,0
109,1,中和分局,没入攤架,0,0
109,1,永和分局,没入攤架,0,0
109,1,三重分局,没入攤架,0,0
109,1,新莊分局,没入攤架,0,0
109,1,土城分局,没入攤架,0,0
109,1,新店分局,没入攤架,0,0
109,1,蘆洲分局,没入攤架,0,0
109,1,三峽分局,没入攤架,0,0
109,1,樹林分局,没入攤架,0,0
109,1,汐止分局,没入攤架,0,0
109,1,淡水分局,没入攤架,1,1
109,1,瑞芳分局,没入攤架,0,0
109,1,金山分局,没入攤架,0,0
109,1,林口分局,没入攤架,0,0
109,1,總　　　計,拆除攤架,0,0
109,1,板橋分局,拆除攤架,0,0
109,1,海山分局,拆除攤架,0,0
109,1,中和分局,拆除攤架,0,0
109,1,永和分局,拆除攤架,0,0
109,1,三重分局,拆除攤架,0,0
109,1,新莊分局,拆除攤架,0,0
109,1,土城分局,拆除攤架,0,0
109,1,新店分局,拆除攤架,0,0
109,1,蘆洲分局,拆除攤架,0,0
109,1,三峽分局,拆除攤架,0,0
109,1,樹林分局,拆除攤架,0,0
109,1,汐止分局,拆除攤架,0,0
109,1,淡水分局,拆除攤架,0,0
109,1,瑞芳分局,拆除攤架,0,0
109,1,金山分局,拆除攤架,0,0
109,1,林口分局,拆除攤架,0,0
109,1,總　　　計,勸導,1341,1341
109,1,板橋分局,勸導,420,420
109,1,海山分局,勸導,10,10
109,1,中和分局,勸導,222,222
109,1,永和分局,勸導,8,8
109,1,三重分局,勸導,41,41
109,1,新莊分局,勸導,120,120
109,1,土城分局,勸導,52,52
109,1,新店分局,勸導,68,68
109,1,蘆洲分局,勸導,102,102
109,1,三峽分局,勸導,89,89
109,1,樹林分局,勸導,115,115
109,1,汐止分局,勸導,16,16
109,1,淡水分局,勸導,30,30
109,1,瑞芳分局,勸導,28,28
109,1,金山分局,勸導,8,8
109,1,林口分局,勸導,12,12
109,2,總　　　計,總計,3413,3413
109,2,板橋分局,總計,612,612
109,2,海山分局,總計,70,70
109,2,中和分局,總計,455,455
109,2,永和分局,總計,221,221
109,2,三重分局,總計,186,186
109,2,新莊分局,總計,407,407
109,2,土城分局,總計,222,222
109,2,新店分局,總計,133,133
109,2,蘆洲分局,總計,242,242
109,2,三峽分局,總計,448,448
109,2,樹林分局,總計,169,169
109,2,汐止分局,總計,37,37
109,2,淡水分局,總計,175,175
109,2,瑞芳分局,總計,21,21
109,2,金山分局,總計,7,7
109,2,林口分局,總計,8,8
109,2,總　　　計,罰鍰,1869,1869
109,2,板橋分局,罰鍰,210,210
109,2,海山分局,罰鍰,62,62
109,2,中和分局,罰鍰,110,110
109,2,永和分局,罰鍰,198,198
109,2,三重分局,罰鍰,131,131
109,2,新莊分局,罰鍰,165,165
109,2,土城分局,罰鍰,140,140
109,2,新店分局,罰鍰,111,111
109,2,蘆洲分局,罰鍰,142,142
109,2,三峽分局,罰鍰,349,349
109,2,樹林分局,罰鍰,78,78
109,2,汐止分局,罰鍰,29,29
109,2,淡水分局,罰鍰,131,131
109,2,瑞芳分局,罰鍰,8,8
109,2,金山分局,罰鍰,0,0
109,2,林口分局,罰鍰,5,5
109,2,總　　　計,没入攤架,2,2
109,2,板橋分局,没入攤架,0,0
109,2,海山分局,没入攤架,0,0
109,2,中和分局,没入攤架,0,0
109,2,永和分局,没入攤架,0,0
109,2,三重分局,没入攤架,0,0
109,2,新莊分局,没入攤架,0,0
109,2,土城分局,没入攤架,0,0
109,2,新店分局,没入攤架,0,0
109,2,蘆洲分局,没入攤架,0,0
109,2,三峽分局,没入攤架,0,0
109,2,樹林分局,没入攤架,0,0
109,2,汐止分局,没入攤架,0,0
109,2,淡水分局,没入攤架,2,2
109,2,瑞芳分局,没入攤架,0,0
109,2,金山分局,没入攤架,0,0
109,2,林口分局,没入攤架,0,0
109,2,總　　　計,拆除攤架,0,0
109,2,板橋分局,拆除攤架,0,0
109,2,海山分局,拆除攤架,0,0
109,2,中和分局,拆除攤架,0,0
109,2,永和分局,拆除攤架,0,0
109,2,三重分局,拆除攤架,0,0
109,2,新莊分局,拆除攤架,0,0
109,2,土城分局,拆除攤架,0,0
109,2,新店分局,拆除攤架,0,0
109,2,蘆洲分局,拆除攤架,0,0
109,2,三峽分局,拆除攤架,0,0
109,2,樹林分局,拆除攤架,0,0
109,2,汐止分局,拆除攤架,0,0
109,2,淡水分局,拆除攤架,0,0
109,2,瑞芳分局,拆除攤架,0,0
109,2,金山分局,拆除攤架,0,0
109,2,林口分局,拆除攤架,0,0
109,2,總　　　計,勸導,1542,1542
109,2,板橋分局,勸導,402,402
109,2,海山分局,勸導,8,8
109,2,中和分局,勸導,345,345
109,2,永和分局,勸導,23,23
109,2,三重分局,勸導,55,55
109,2,新莊分局,勸導,242,242
109,2,土城分局,勸導,82,82
109,2,新店分局,勸導,22,22
109,2,蘆洲分局,勸導,100,100
109,2,三峽分局,勸導,99,99
109,2,樹林分局,勸導,91,91
109,2,汐止分局,勸導,8,8
109,2,淡水分局,勸導,42,42
109,2,瑞芳分局,勸導,13,13
109,2,金山分局,勸導,7,7
109,2,林口分局,勸導,3,3
109,3,總　　　計,總計,3422,3422
109,3,板橋分局,總計,652,652
109,3,海山分局,總計,110,110
109,3,中和分局,總計,326,326
109,3,永和分局,總計,251,251
109,3,三重分局,總計,233,233
109,3,新莊分局,總計,290,290
109,3,土城分局,總計,204,204
109,3,新店分局,總計,180,180
109,3,蘆洲分局,總計,270,270
109,3,三峽分局,總計,442,442
109,3,樹林分局,總計,222,222
109,3,汐止分局,總計,42,42
109,3,淡水分局,總計,127,127
109,3,瑞芳分局,總計,27,27
109,3,金山分局,總計,7,7
109,3,林口分局,總計,39,39
109,3,總　　　計,罰鍰,2076,2076
109,3,板橋分局,罰鍰,232,232
109,3,海山分局,罰鍰,70,70
109,3,中和分局,罰鍰,140,140
109,3,永和分局,罰鍰,217,217
109,3,三重分局,罰鍰,180,180
109,3,新莊分局,罰鍰,150,150
109,3,土城分局,罰鍰,134,134
109,3,新店分局,罰鍰,148,148
109,3,蘆洲分局,罰鍰,165,165
109,3,三峽分局,罰鍰,343,343
109,3,樹林分局,罰鍰,143,143
109,3,汐止分局,罰鍰,32,32
109,3,淡水分局,罰鍰,84,84
109,3,瑞芳分局,罰鍰,11,11
109,3,金山分局,罰鍰,0,0
109,3,林口分局,罰鍰,27,27
109,3,總　　　計,没入攤架,1,1
109,3,板橋分局,没入攤架,0,0
109,3,海山分局,没入攤架,0,0
109,3,中和分局,没入攤架,0,0
109,3,永和分局,没入攤架,0,0
109,3,三重分局,没入攤架,0,0
109,3,新莊分局,没入攤架,0,0
109,3,土城分局,没入攤架,0,0
109,3,新店分局,没入攤架,0,0
109,3,蘆洲分局,没入攤架,0,0
109,3,三峽分局,没入攤架,0,0
109,3,樹林分局,没入攤架,0,0
109,3,汐止分局,没入攤架,0,0
109,3,淡水分局,没入攤架,1,1
109,3,瑞芳分局,没入攤架,0,0
109,3,金山分局,没入攤架,0,0
109,3,林口分局,没入攤架,0,0
109,3,總　　　計,拆除攤架,0,0
109,3,板橋分局,拆除攤架,0,0
109,3,海山分局,拆除攤架,0,0
109,3,中和分局,拆除攤架,0,0
109,3,永和分局,拆除攤架,0,0
109,3,三重分局,拆除攤架,0,0
109,3,新莊分局,拆除攤架,0,0
109,3,土城分局,拆除攤架,0,0
109,3,新店分局,拆除攤架,0,0
109,3,蘆洲分局,拆除攤架,0,0
109,3,三峽分局,拆除攤架,0,0
109,3,樹林分局,拆除攤架,0,0
109,3,汐止分局,拆除攤架,0,0
109,3,淡水分局,拆除攤架,0,0
109,3,瑞芳分局,拆除攤架,0,0
109,3,金山分局,拆除攤架,0,0
109,3,林口分局,拆除攤架,0,0
109,3,總　　　計,勸導,1345,1345
109,3,板橋分局,勸導,420,420
109,3,海山分局,勸導,40,40
109,3,中和分局,勸導,186,186
109,3,永和分局,勸導,34,34
109,3,三重分局,勸導,53,53
109,3,新莊分局,勸導,140,140
109,3,土城分局,勸導,70,70
109,3,新店分局,勸導,32,32
109,3,蘆洲分局,勸導,105,105
109,3,三峽分局,勸導,99,99
109,3,樹林分局,勸導,79,79
109,3,汐止分局,勸導,10,10
109,3,淡水分局,勸導,42,42
109,3,瑞芳分局,勸導,16,16
109,3,金山分局,勸導,7,7
109,3,林口分局,勸導,12,12
109,4,總　　　計,總計,3501,3501
109,4,板橋分局,總計,764,764
109,4,海山分局,總計,93,93
109,4,中和分局,總計,291,291
109,4,永和分局,總計,165,165
109,4,三重分局,總計,237,237
109,4,新莊分局,總計,472,472
109,4,土城分局,總計,291,291
109,4,新店分局,總計,313,313
109,4,蘆洲分局,總計,223,223
109,4,三峽分局,總計,357,357
109,4,樹林分局,總計,167,167
109,4,汐止分局,總計,22,22
109,4,淡水分局,總計,48,48
109,4,瑞芳分局,總計,16,16
109,4,金山分局,總計,7,7
109,4,林口分局,總計,35,35
109,4,總　　　計,罰鍰,2008,2008
109,4,板橋分局,罰鍰,344,344
109,4,海山分局,罰鍰,80,80
109,4,中和分局,罰鍰,142,142
109,4,永和分局,罰鍰,140,140
109,4,三重分局,罰鍰,179,179
109,4,新莊分局,罰鍰,190,190
109,4,土城分局,罰鍰,142,142
109,4,新店分局,罰鍰,245,245
109,4,蘆洲分局,罰鍰,113,113
109,4,三峽分局,罰鍰,279,279
109,4,樹林分局,罰鍰,82,82
109,4,汐止分局,罰鍰,17,17
109,4,淡水分局,罰鍰,30,30
109,4,瑞芳分局,罰鍰,6,6
109,4,金山分局,罰鍰,0,0
109,4,林口分局,罰鍰,19,19
109,4,總　　　計,没入攤架,0,0
109,4,板橋分局,没入攤架,0,0
109,4,海山分局,没入攤架,0,0
109,4,中和分局,没入攤架,0,0
109,4,永和分局,没入攤架,0,0
109,4,三重分局,没入攤架,0,0
109,4,新莊分局,没入攤架,0,0
109,4,土城分局,没入攤架,0,0
109,4,新店分局,没入攤架,0,0
109,4,蘆洲分局,没入攤架,0,0
109,4,三峽分局,没入攤架,0,0
109,4,樹林分局,没入攤架,0,0
109,4,汐止分局,没入攤架,0,0
109,4,淡水分局,没入攤架,0,0
109,4,瑞芳分局,没入攤架,0,0
109,4,金山分局,没入攤架,0,0
109,4,林口分局,没入攤架,0,0
109,4,總　　　計,拆除攤架,0,0
109,4,板橋分局,拆除攤架,0,0
109,4,海山分局,拆除攤架,0,0
109,4,中和分局,拆除攤架,0,0
109,4,永和分局,拆除攤架,0,0
109,4,三重分局,拆除攤架,0,0
109,4,新莊分局,拆除攤架,0,0
109,4,土城分局,拆除攤架,0,0
109,4,新店分局,拆除攤架,0,0
109,4,蘆洲分局,拆除攤架,0,0
109,4,三峽分局,拆除攤架,0,0
109,4,樹林分局,拆除攤架,0,0
109,4,汐止分局,拆除攤架,0,0
109,4,淡水分局,拆除攤架,0,0
109,4,瑞芳分局,拆除攤架,0,0
109,4,金山分局,拆除攤架,0,0
109,4,林口分局,拆除攤架,0,0
109,4,總　　　計,勸導,1493,1493
109,4,板橋分局,勸導,420,420
109,4,海山分局,勸導,13,13
109,4,中和分局,勸導,149,149
109,4,永和分局,勸導,25,25
109,4,三重分局,勸導,58,58
109,4,新莊分局,勸導,282,282
109,4,土城分局,勸導,149,149
109,4,新店分局,勸導,68,68
109,4,蘆洲分局,勸導,110,110
109,4,三峽分局,勸導,78,78
109,4,樹林分局,勸導,85,85
109,4,汐止分局,勸導,5,5
109,4,淡水分局,勸導,18,18
109,4,瑞芳分局,勸導,10,10
109,4,金山分局,勸導,7,7
109,4,林口分局,勸導,16,16
109,5,總　　　計,總計,3582,3582
109,5,板橋分局,總計,696,696
109,5,海山分局,總計,86,86
109,5,中和分局,總計,300,300
109,5,永和分局,總計,192,192
109,5,三重分局,總計,306,306
109,5,新莊分局,總計,320,320
109,5,土城分局,總計,153,153
109,5,新店分局,總計,573,573
109,5,蘆洲分局,總計,246,246
109,5,三峽分局,總計,357,357
109,5,樹林分局,總計,161,161
109,5,汐止分局,總計,38,38
109,5,淡水分局,總計,105,105
109,5,瑞芳分局,總計,18,18
109,5,金山分局,總計,9,9
109,5,林口分局,總計,22,22
109,5,總　　　計,罰鍰,2232,2232
109,5,板橋分局,罰鍰,276,276
109,5,海山分局,罰鍰,74,74
109,5,中和分局,罰鍰,159,159
109,5,永和分局,罰鍰,174,174
109,5,三重分局,罰鍰,223,223
109,5,新莊分局,罰鍰,103,103
109,5,土城分局,罰鍰,83,83
109,5,新店分局,罰鍰,513,513
109,5,蘆洲分局,罰鍰,138,138
109,5,三峽分局,罰鍰,279,279
109,5,樹林分局,罰鍰,84,84
109,5,汐止分局,罰鍰,30,30
109,5,淡水分局,罰鍰,80,80
109,5,瑞芳分局,罰鍰,2,2
109,5,金山分局,罰鍰,0,0
109,5,林口分局,罰鍰,14,14
109,5,總　　　計,没入攤架,0,0
109,5,板橋分局,没入攤架,0,0
109,5,海山分局,没入攤架,0,0
109,5,中和分局,没入攤架,0,0
109,5,永和分局,没入攤架,0,0
109,5,三重分局,没入攤架,0,0
109,5,新莊分局,没入攤架,0,0
109,5,土城分局,没入攤架,0,0
109,5,新店分局,没入攤架,0,0
109,5,蘆洲分局,没入攤架,0,0
109,5,三峽分局,没入攤架,0,0
109,5,樹林分局,没入攤架,0,0
109,5,汐止分局,没入攤架,0,0
109,5,淡水分局,没入攤架,0,0
109,5,瑞芳分局,没入攤架,0,0
109,5,金山分局,没入攤架,0,0
109,5,林口分局,没入攤架,0,0
109,5,總　　　計,拆除攤架,0,0
109,5,板橋分局,拆除攤架,0,0
109,5,海山分局,拆除攤架,0,0
109,5,中和分局,拆除攤架,0,0
109,5,永和分局,拆除攤架,0,0
109,5,三重分局,拆除攤架,0,0
109,5,新莊分局,拆除攤架,0,0
109,5,土城分局,拆除攤架,0,0
109,5,新店分局,拆除攤架,0,0
109,5,蘆洲分局,拆除攤架,0,0
109,5,三峽分局,拆除攤架,0,0
109,5,樹林分局,拆除攤架,0,0
109,5,汐止分局,拆除攤架,0,0
109,5,淡水分局,拆除攤架,0,0
109,5,瑞芳分局,拆除攤架,0,0
109,5,金山分局,拆除攤架,0,0
109,5,林口分局,拆除攤架,0,0
109,5,總　　　計,勸導,1350,1350
109,5,板橋分局,勸導,420,420
109,5,海山分局,勸導,12,12
109,5,中和分局,勸導,141,141
109,5,永和分局,勸導,18,18
109,5,三重分局,勸導,83,83
109,5,新莊分局,勸導,217,217
109,5,土城分局,勸導,70,70
109,5,新店分局,勸導,60,60
109,5,蘆洲分局,勸導,108,108
109,5,三峽分局,勸導,78,78
109,5,樹林分局,勸導,77,77
109,5,汐止分局,勸導,8,8
109,5,淡水分局,勸導,25,25
109,5,瑞芳分局,勸導,16,16
109,5,金山分局,勸導,9,9
109,5,林口分局,勸導,8,8
109,6,總　　　計,總計,3506,3506
109,6,板橋分局,總計,769,769
109,6,海山分局,總計,71,71
109,6,中和分局,總計,288,288
109,6,永和分局,總計,129,129
109,6,三重分局,總計,277,277
109,6,新莊分局,總計,310,310
109,6,土城分局,總計,185,185
109,6,新店分局,總計,563,563
109,6,蘆洲分局,總計,223,223
109,6,三峽分局,總計,328,328
109,6,樹林分局,總計,126,126
109,6,汐止分局,總計,97,97
109,6,淡水分局,總計,98,98
109,6,瑞芳分局,總計,16,16
109,6,金山分局,總計,16,16
109,6,林口分局,總計,10,10
109,6,總　　　計,罰鍰,2092,2092
109,6,板橋分局,罰鍰,349,349
109,6,海山分局,罰鍰,59,59
109,6,中和分局,罰鍰,138,138
109,6,永和分局,罰鍰,110,110
109,6,三重分局,罰鍰,214,214
109,6,新莊分局,罰鍰,103,103
109,6,土城分局,罰鍰,103,103
109,6,新店分局,罰鍰,443,443
109,6,蘆洲分局,罰鍰,111,111
109,6,三峽分局,罰鍰,249,249
109,6,樹林分局,罰鍰,52,52
109,6,汐止分局,罰鍰,74,74
109,6,淡水分局,罰鍰,70,70
109,6,瑞芳分局,罰鍰,6,6
109,6,金山分局,罰鍰,10,10
109,6,林口分局,罰鍰,1,1
109,6,總　　　計,没入攤架,0,0
109,6,板橋分局,没入攤架,0,0
109,6,海山分局,没入攤架,0,0
109,6,中和分局,没入攤架,0,0
109,6,永和分局,没入攤架,0,0
109,6,三重分局,没入攤架,0,0
109,6,新莊分局,没入攤架,0,0
109,6,土城分局,没入攤架,0,0
109,6,新店分局,没入攤架,0,0
109,6,蘆洲分局,没入攤架,0,0
109,6,三峽分局,没入攤架,0,0
109,6,樹林分局,没入攤架,0,0
109,6,汐止分局,没入攤架,0,0
109,6,淡水分局,没入攤架,0,0
109,6,瑞芳分局,没入攤架,0,0
109,6,金山分局,没入攤架,0,0
109,6,林口分局,没入攤架,0,0
109,6,總　　　計,拆除攤架,0,0
109,6,板橋分局,拆除攤架,0,0
109,6,海山分局,拆除攤架,0,0
109,6,中和分局,拆除攤架,0,0
109,6,永和分局,拆除攤架,0,0
109,6,三重分局,拆除攤架,0,0
109,6,新莊分局,拆除攤架,0,0
109,6,土城分局,拆除攤架,0,0
109,6,新店分局,拆除攤架,0,0
109,6,蘆洲分局,拆除攤架,0,0
109,6,三峽分局,拆除攤架,0,0
109,6,樹林分局,拆除攤架,0,0
109,6,汐止分局,拆除攤架,0,0
109,6,淡水分局,拆除攤架,0,0
109,6,瑞芳分局,拆除攤架,0,0
109,6,金山分局,拆除攤架,0,0
109,6,林口分局,拆除攤架,0,0
109,6,總　　　計,勸導,1414,1414
109,6,板橋分局,勸導,420,420
109,6,海山分局,勸導,12,12
109,6,中和分局,勸導,150,150
109,6,永和分局,勸導,19,19
109,6,三重分局,勸導,63,63
109,6,新莊分局,勸導,207,207
109,6,土城分局,勸導,82,82
109,6,新店分局,勸導,120,120
109,6,蘆洲分局,勸導,112,112
109,6,三峽分局,勸導,79,79
109,6,樹林分局,勸導,74,74
109,6,汐止分局,勸導,23,23
109,6,淡水分局,勸導,28,28
109,6,瑞芳分局,勸導,10,10
109,6,金山分局,勸導,6,6
109,6,林口分局,勸導,9,9
109,7,總　　　計,總計,3280,3280
109,7,板橋分局,總計,512,512
109,7,海山分局,總計,73,73
109,7,中和分局,總計,364,364
109,7,永和分局,總計,106,106
109,7,三重分局,總計,253,253
109,7,新莊分局,總計,292,292
109,7,土城分局,總計,185,185
109,7,新店分局,總計,426,426
109,7,蘆洲分局,總計,217,217
109,7,三峽分局,總計,421,421
109,7,樹林分局,總計,157,157
109,7,汐止分局,總計,105,105
109,7,淡水分局,總計,92,92
109,7,瑞芳分局,總計,21,21
109,7,金山分局,總計,33,33
109,7,林口分局,總計,23,23
109,7,總　　　計,罰鍰,2037,2037
109,7,板橋分局,罰鍰,192,192
109,7,海山分局,罰鍰,65,65
109,7,中和分局,罰鍰,189,189
109,7,永和分局,罰鍰,100,100
109,7,三重分局,罰鍰,172,172
109,7,新莊分局,罰鍰,134,134
109,7,土城分局,罰鍰,103,103
109,7,新店分局,罰鍰,346,346
109,7,蘆洲分局,罰鍰,105,105
109,7,三峽分局,罰鍰,346,346
109,7,樹林分局,罰鍰,89,89
109,7,汐止分局,罰鍰,93,93
109,7,淡水分局,罰鍰,60,60
109,7,瑞芳分局,罰鍰,1,1
109,7,金山分局,罰鍰,27,27
109,7,林口分局,罰鍰,15,15
109,7,總　　　計,没入攤架,0,0
109,7,板橋分局,没入攤架,0,0
109,7,海山分局,没入攤架,0,0
109,7,中和分局,没入攤架,0,0
109,7,永和分局,没入攤架,0,0
109,7,三重分局,没入攤架,0,0
109,7,新莊分局,没入攤架,0,0
109,7,土城分局,没入攤架,0,0
109,7,新店分局,没入攤架,0,0
109,7,蘆洲分局,没入攤架,0,0
109,7,三峽分局,没入攤架,0,0
109,7,樹林分局,没入攤架,0,0
109,7,汐止分局,没入攤架,0,0
109,7,淡水分局,没入攤架,0,0
109,7,瑞芳分局,没入攤架,0,0
109,7,金山分局,没入攤架,0,0
109,7,林口分局,没入攤架,0,0
109,7,總　　　計,拆除攤架,0,0
109,7,板橋分局,拆除攤架,0,0
109,7,海山分局,拆除攤架,0,0
109,7,中和分局,拆除攤架,0,0
109,7,永和分局,拆除攤架,0,0
109,7,三重分局,拆除攤架,0,0
109,7,新莊分局,拆除攤架,0,0
109,7,土城分局,拆除攤架,0,0
109,7,新店分局,拆除攤架,0,0
109,7,蘆洲分局,拆除攤架,0,0
109,7,三峽分局,拆除攤架,0,0
109,7,樹林分局,拆除攤架,0,0
109,7,汐止分局,拆除攤架,0,0
109,7,淡水分局,拆除攤架,0,0
109,7,瑞芳分局,拆除攤架,0,0
109,7,金山分局,拆除攤架,0,0
109,7,林口分局,拆除攤架,0,0
109,7,總　　　計,勸導,1243,1243
109,7,板橋分局,勸導,320,320
109,7,海山分局,勸導,8,8
109,7,中和分局,勸導,175,175
109,7,永和分局,勸導,6,6
109,7,三重分局,勸導,81,81
109,7,新莊分局,勸導,158,158
109,7,土城分局,勸導,82,82
109,7,新店分局,勸導,80,80
109,7,蘆洲分局,勸導,112,112
109,7,三峽分局,勸導,75,75
109,7,樹林分局,勸導,68,68
109,7,汐止分局,勸導,12,12
109,7,淡水分局,勸導,32,32
109,7,瑞芳分局,勸導,20,20
109,7,金山分局,勸導,6,6
109,7,林口分局,勸導,8,8
109,8,總　　　計,總計,3359,3359
109,8,板橋分局,總計,530,530
109,8,海山分局,總計,78,78
109,8,中和分局,總計,394,394
109,8,永和分局,總計,64,64
109,8,三重分局,總計,249,249
109,8,新莊分局,總計,358,358
109,8,土城分局,總計,185,185
109,8,新店分局,總計,371,371
109,8,蘆洲分局,總計,241,241
109,8,三峽分局,總計,440,440
109,8,樹林分局,總計,147,147
109,8,汐止分局,總計,91,91
109,8,淡水分局,總計,48,48
109,8,瑞芳分局,總計,86,86
109,8,金山分局,總計,22,22
109,8,林口分局,總計,55,55
109,8,總　　　計,罰鍰,2067,2067
109,8,板橋分局,罰鍰,210,210
109,8,海山分局,罰鍰,71,71
109,8,中和分局,罰鍰,244,244
109,8,永和分局,罰鍰,52,52
109,8,三重分局,罰鍰,169,169
109,8,新莊分局,罰鍰,122,122
109,8,土城分局,罰鍰,103,103
109,8,新店分局,罰鍰,301,301
109,8,蘆洲分局,罰鍰,129,129
109,8,三峽分局,罰鍰,363,363
109,8,樹林分局,罰鍰,89,89
109,8,汐止分局,罰鍰,83,83
109,8,淡水分局,罰鍰,33,33
109,8,瑞芳分局,罰鍰,36,36
109,8,金山分局,罰鍰,17,17
109,8,林口分局,罰鍰,45,45
109,8,總　　　計,没入攤架,0,0
109,8,板橋分局,没入攤架,0,0
109,8,海山分局,没入攤架,0,0
109,8,中和分局,没入攤架,0,0
109,8,永和分局,没入攤架,0,0
109,8,三重分局,没入攤架,0,0
109,8,新莊分局,没入攤架,0,0
109,8,土城分局,没入攤架,0,0
109,8,新店分局,没入攤架,0,0
109,8,蘆洲分局,没入攤架,0,0
109,8,三峽分局,没入攤架,0,0
109,8,樹林分局,没入攤架,0,0
109,8,汐止分局,没入攤架,0,0
109,8,淡水分局,没入攤架,0,0
109,8,瑞芳分局,没入攤架,0,0
109,8,金山分局,没入攤架,0,0
109,8,林口分局,没入攤架,0,0
109,8,總　　　計,拆除攤架,0,0
109,8,板橋分局,拆除攤架,0,0
109,8,海山分局,拆除攤架,0,0
109,8,中和分局,拆除攤架,0,0
109,8,永和分局,拆除攤架,0,0
109,8,三重分局,拆除攤架,0,0
109,8,新莊分局,拆除攤架,0,0
109,8,土城分局,拆除攤架,0,0
109,8,新店分局,拆除攤架,0,0
109,8,蘆洲分局,拆除攤架,0,0
109,8,三峽分局,拆除攤架,0,0
109,8,樹林分局,拆除攤架,0,0
109,8,汐止分局,拆除攤架,0,0
109,8,淡水分局,拆除攤架,0,0
109,8,瑞芳分局,拆除攤架,0,0
109,8,金山分局,拆除攤架,0,0
109,8,林口分局,拆除攤架,0,0
109,8,總　　　計,勸導,1292,1292
109,8,板橋分局,勸導,320,320
109,8,海山分局,勸導,7,7
109,8,中和分局,勸導,150,150
109,8,永和分局,勸導,12,12
109,8,三重分局,勸導,80,80
109,8,新莊分局,勸導,236,236
109,8,土城分局,勸導,82,82
109,8,新店分局,勸導,70,70
109,8,蘆洲分局,勸導,112,112
109,8,三峽分局,勸導,77,77
109,8,樹林分局,勸導,58,58
109,8,汐止分局,勸導,8,8
109,8,淡水分局,勸導,15,15
109,8,瑞芳分局,勸導,50,50
109,8,金山分局,勸導,5,5
109,8,林口分局,勸導,10,10
109,9,總　　　計,總計,3125,3125
109,9,板橋分局,總計,614,614
109,9,海山分局,總計,80,80
109,9,中和分局,總計,205,205
109,9,永和分局,總計,66,66
109,9,三重分局,總計,232,232
109,9,新莊分局,總計,300,300
109,9,土城分局,總計,211,211
109,9,新店分局,總計,417,417
109,9,蘆洲分局,總計,282,282
109,9,三峽分局,總計,378,378
109,9,樹林分局,總計,135,135
109,9,汐止分局,總計,71,71
109,9,淡水分局,總計,39,39
109,9,瑞芳分局,總計,65,65
109,9,金山分局,總計,10,10
109,9,林口分局,總計,20,20
109,9,總　　　計,罰鍰,1880,1880
109,9,板橋分局,罰鍰,234,234
109,9,海山分局,罰鍰,73,73
109,9,中和分局,罰鍰,103,103
109,9,永和分局,罰鍰,46,46
109,9,三重分局,罰鍰,166,166
109,9,新莊分局,罰鍰,120,120
109,9,土城分局,罰鍰,113,113
109,9,新店分局,罰鍰,357,357
109,9,蘆洲分局,罰鍰,170,170
109,9,三峽分局,罰鍰,301,301
109,9,樹林分局,罰鍰,82,82
109,9,汐止分局,罰鍰,61,61
109,9,淡水分局,罰鍰,29,29
109,9,瑞芳分局,罰鍰,9,9
109,9,金山分局,罰鍰,4,4
109,9,林口分局,罰鍰,12,12
109,9,總　　　計,没入攤架,0,0
109,9,板橋分局,没入攤架,0,0
109,9,海山分局,没入攤架,0,0
109,9,中和分局,没入攤架,0,0
109,9,永和分局,没入攤架,0,0
109,9,三重分局,没入攤架,0,0
109,9,新莊分局,没入攤架,0,0
109,9,土城分局,没入攤架,0,0
109,9,新店分局,没入攤架,0,0
109,9,蘆洲分局,没入攤架,0,0
109,9,三峽分局,没入攤架,0,0
109,9,樹林分局,没入攤架,0,0
109,9,汐止分局,没入攤架,0,0
109,9,淡水分局,没入攤架,0,0
109,9,瑞芳分局,没入攤架,0,0
109,9,金山分局,没入攤架,0,0
109,9,林口分局,没入攤架,0,0
109,9,總　　　計,拆除攤架,0,0
109,9,板橋分局,拆除攤架,0,0
109,9,海山分局,拆除攤架,0,0
109,9,中和分局,拆除攤架,0,0
109,9,永和分局,拆除攤架,0,0
109,9,三重分局,拆除攤架,0,0
109,9,新莊分局,拆除攤架,0,0
109,9,土城分局,拆除攤架,0,0
109,9,新店分局,拆除攤架,0,0
109,9,蘆洲分局,拆除攤架,0,0
109,9,三峽分局,拆除攤架,0,0
109,9,樹林分局,拆除攤架,0,0
109,9,汐止分局,拆除攤架,0,0
109,9,淡水分局,拆除攤架,0,0
109,9,瑞芳分局,拆除攤架,0,0
109,9,金山分局,拆除攤架,0,0
109,9,林口分局,拆除攤架,0,0
109,9,總　　　計,勸導,1245,1245
109,9,板橋分局,勸導,380,380
109,9,海山分局,勸導,7,7
109,9,中和分局,勸導,102,102
109,9,永和分局,勸導,20,20
109,9,三重分局,勸導,66,66
109,9,新莊分局,勸導,180,180
109,9,土城分局,勸導,98,98
109,9,新店分局,勸導,60,60
109,9,蘆洲分局,勸導,112,112
109,9,三峽分局,勸導,77,77
109,9,樹林分局,勸導,53,53
109,9,汐止分局,勸導,10,10
109,9,淡水分局,勸導,10,10
109,9,瑞芳分局,勸導,56,56
109,9,金山分局,勸導,6,6
109,9,林口分局,勸導,8,8
109,10,總　　　計,總計,3475,3475
109,10,板橋分局,總計,552,552
109,10,海山分局,總計,258,258
109,10,中和分局,總計,245,245
109,10,永和分局,總計,97,97
109,10,三重分局,總計,187,187
109,10,新莊分局,總計,302,302
109,10,土城分局,總計,197,197
109,10,新店分局,總計,302,302
109,10,蘆洲分局,總計,285,285
109,10,三峽分局,總計,482,482
109,10,樹林分局,總計,96,96
109,10,汐止分局,總計,87,87
109,10,淡水分局,總計,273,273
109,10,瑞芳分局,總計,75,75
109,10,金山分局,總計,12,12
109,10,林口分局,總計,25,25
109,10,總　　　計,罰鍰,2063,2063
109,10,板橋分局,罰鍰,132,132
109,10,海山分局,罰鍰,238,238
109,10,中和分局,罰鍰,125,125
109,10,永和分局,罰鍰,92,92
109,10,三重分局,罰鍰,124,124
109,10,新莊分局,罰鍰,105,105
109,10,土城分局,罰鍰,112,112
109,10,新店分局,罰鍰,236,236
109,10,蘆洲分局,罰鍰,160,160
109,10,三峽分局,罰鍰,397,397
109,10,樹林分局,罰鍰,49,49
109,10,汐止分局,罰鍰,67,67
109,10,淡水分局,罰鍰,187,187
109,10,瑞芳分局,罰鍰,17,17
109,10,金山分局,罰鍰,7,7
109,10,林口分局,罰鍰,15,15
109,10,總　　　計,没入攤架,0,0
109,10,板橋分局,没入攤架,0,0
109,10,海山分局,没入攤架,0,0
109,10,中和分局,没入攤架,0,0
109,10,永和分局,没入攤架,0,0
109,10,三重分局,没入攤架,0,0
109,10,新莊分局,没入攤架,0,0
109,10,土城分局,没入攤架,0,0
109,10,新店分局,没入攤架,0,0
109,10,蘆洲分局,没入攤架,0,0
109,10,三峽分局,没入攤架,0,0
109,10,樹林分局,没入攤架,0,0
109,10,汐止分局,没入攤架,0,0
109,10,淡水分局,没入攤架,0,0
109,10,瑞芳分局,没入攤架,0,0
109,10,金山分局,没入攤架,0,0
109,10,林口分局,没入攤架,0,0
109,10,總　　　計,拆除攤架,0,0
109,10,板橋分局,拆除攤架,0,0
109,10,海山分局,拆除攤架,0,0
109,10,中和分局,拆除攤架,0,0
109,10,永和分局,拆除攤架,0,0
109,10,三重分局,拆除攤架,0,0
109,10,新莊分局,拆除攤架,0,0
109,10,土城分局,拆除攤架,0,0
109,10,新店分局,拆除攤架,0,0
109,10,蘆洲分局,拆除攤架,0,0
109,10,三峽分局,拆除攤架,0,0
109,10,樹林分局,拆除攤架,0,0
109,10,汐止分局,拆除攤架,0,0
109,10,淡水分局,拆除攤架,0,0
109,10,瑞芳分局,拆除攤架,0,0
109,10,金山分局,拆除攤架,0,0
109,10,林口分局,拆除攤架,0,0
109,10,總　　　計,勸導,1412,1412
109,10,板橋分局,勸導,420,420
109,10,海山分局,勸導,20,20
109,10,中和分局,勸導,120,120
109,10,永和分局,勸導,5,5
109,10,三重分局,勸導,63,63
109,10,新莊分局,勸導,197,197
109,10,土城分局,勸導,85,85
109,10,新店分局,勸導,66,66
109,10,蘆洲分局,勸導,125,125
109,10,三峽分局,勸導,85,85
109,10,樹林分局,勸導,47,47
109,10,汐止分局,勸導,20,20
109,10,淡水分局,勸導,86,86
109,10,瑞芳分局,勸導,58,58
109,10,金山分局,勸導,5,5
109,10,林口分局,勸導,10,10
109,11,總　　　計,總計,3507,3507
109,11,板橋分局,總計,693,693
109,11,海山分局,總計,253,253
109,11,中和分局,總計,291,291
109,11,永和分局,總計,125,125
109,11,三重分局,總計,206,206
109,11,新莊分局,總計,381,381
109,11,土城分局,總計,228,228
109,11,新店分局,總計,289,289
109,11,蘆洲分局,總計,314,314
109,11,三峽分局,總計,279,279
109,11,樹林分局,總計,102,102
109,11,汐止分局,總計,98,98
109,11,淡水分局,總計,174,174
109,11,瑞芳分局,總計,46,46
109,11,金山分局,總計,8,8
109,11,林口分局,總計,20,20
109,11,總　　　計,罰鍰,2113,2113
109,11,板橋分局,罰鍰,273,273
109,11,海山分局,罰鍰,230,230
109,11,中和分局,罰鍰,152,152
109,11,永和分局,罰鍰,85,85
109,11,三重分局,罰鍰,137,137
109,11,新莊分局,罰鍰,158,158
109,11,土城分局,罰鍰,138,138
109,11,新店分局,罰鍰,244,244
109,11,蘆洲分局,罰鍰,190,190
109,11,三峽分局,罰鍰,191,191
109,11,樹林分局,罰鍰,65,65
109,11,汐止分局,罰鍰,82,82
109,11,淡水分局,罰鍰,139,139
109,11,瑞芳分局,罰鍰,10,10
109,11,金山分局,罰鍰,5,5
109,11,林口分局,罰鍰,14,14
109,11,總　　　計,没入攤架,0,0
109,11,板橋分局,没入攤架,0,0
109,11,海山分局,没入攤架,0,0
109,11,中和分局,没入攤架,0,0
109,11,永和分局,没入攤架,0,0
109,11,三重分局,没入攤架,0,0
109,11,新莊分局,没入攤架,0,0
109,11,土城分局,没入攤架,0,0
109,11,新店分局,没入攤架,0,0
109,11,蘆洲分局,没入攤架,0,0
109,11,三峽分局,没入攤架,0,0
109,11,樹林分局,没入攤架,0,0
109,11,汐止分局,没入攤架,0,0
109,11,淡水分局,没入攤架,0,0
109,11,瑞芳分局,没入攤架,0,0
109,11,金山分局,没入攤架,0,0
109,11,林口分局,没入攤架,0,0
109,11,總　　　計,拆除攤架,0,0
109,11,板橋分局,拆除攤架,0,0
109,11,海山分局,拆除攤架,0,0
109,11,中和分局,拆除攤架,0,0
109,11,永和分局,拆除攤架,0,0
109,11,三重分局,拆除攤架,0,0
109,11,新莊分局,拆除攤架,0,0
109,11,土城分局,拆除攤架,0,0
109,11,新店分局,拆除攤架,0,0
109,11,蘆洲分局,拆除攤架,0,0
109,11,三峽分局,拆除攤架,0,0
109,11,樹林分局,拆除攤架,0,0
109,11,汐止分局,拆除攤架,0,0
109,11,淡水分局,拆除攤架,0,0
109,11,瑞芳分局,拆除攤架,0,0
109,11,金山分局,拆除攤架,0,0
109,11,林口分局,拆除攤架,0,0
109,11,總　　　計,勸導,1394,1394
109,11,板橋分局,勸導,420,420
109,11,海山分局,勸導,23,23
109,11,中和分局,勸導,139,139
109,11,永和分局,勸導,40,40
109,11,三重分局,勸導,69,69
109,11,新莊分局,勸導,223,223
109,11,土城分局,勸導,90,90
109,11,新店分局,勸導,45,45
109,11,蘆洲分局,勸導,124,124
109,11,三峽分局,勸導,88,88
109,11,樹林分局,勸導,37,37
109,11,汐止分局,勸導,16,16
109,11,淡水分局,勸導,35,35
109,11,瑞芳分局,勸導,36,36
109,11,金山分局,勸導,3,3
109,11,林口分局,勸導,6,6
109,12,總　　　計,總計,3658,3658
109,12,板橋分局,總計,834,834
109,12,海山分局,總計,599,599
109,12,中和分局,總計,308,308
109,12,永和分局,總計,119,119
109,12,三重分局,總計,243,243
109,12,新莊分局,總計,393,393
109,12,土城分局,總計,177,177
109,12,新店分局,總計,237,237
109,12,蘆洲分局,總計,209,209
109,12,三峽分局,總計,98,98
109,12,樹林分局,總計,93,93
109,12,汐止分局,總計,90,90
109,12,淡水分局,總計,159,159
109,12,瑞芳分局,總計,19,19
109,12,金山分局,總計,4,4
109,12,林口分局,總計,76,76
109,12,總　　　計,罰鍰,2231,2231
109,12,板橋分局,罰鍰,414,414
109,12,海山分局,罰鍰,531,531
109,12,中和分局,罰鍰,153,153
109,12,永和分局,罰鍰,89,89
109,12,三重分局,罰鍰,170,170
109,12,新莊分局,罰鍰,160,160
109,12,土城分局,罰鍰,81,81
109,12,新店分局,罰鍰,177,177
109,12,蘆洲分局,罰鍰,115,115
109,12,三峽分局,罰鍰,32,32
109,12,樹林分局,罰鍰,52,52
109,12,汐止分局,罰鍰,70,70
109,12,淡水分局,罰鍰,123,123
109,12,瑞芳分局,罰鍰,3,3
109,12,金山分局,罰鍰,1,1
109,12,林口分局,罰鍰,60,60
109,12,總　　　計,没入攤架,1,1
109,12,板橋分局,没入攤架,0,0
109,12,海山分局,没入攤架,0,0
109,12,中和分局,没入攤架,0,0
109,12,永和分局,没入攤架,0,0
109,12,三重分局,没入攤架,0,0
109,12,新莊分局,没入攤架,0,0
109,12,土城分局,没入攤架,0,0
109,12,新店分局,没入攤架,0,0
109,12,蘆洲分局,没入攤架,0,0
109,12,三峽分局,没入攤架,1,1
109,12,樹林分局,没入攤架,0,0
109,12,汐止分局,没入攤架,0,0
109,12,淡水分局,没入攤架,0,0
109,12,瑞芳分局,没入攤架,0,0
109,12,金山分局,没入攤架,0,0
109,12,林口分局,没入攤架,0,0
109,12,總　　　計,拆除攤架,0,0
109,12,板橋分局,拆除攤架,0,0
109,12,海山分局,拆除攤架,0,0
109,12,中和分局,拆除攤架,0,0
109,12,永和分局,拆除攤架,0,0
109,12,三重分局,拆除攤架,0,0
109,12,新莊分局,拆除攤架,0,0
109,12,土城分局,拆除攤架,0,0
109,12,新店分局,拆除攤架,0,0
109,12,蘆洲分局,拆除攤架,0,0
109,12,三峽分局,拆除攤架,0,0
109,12,樹林分局,拆除攤架,0,0
109,12,汐止分局,拆除攤架,0,0
109,12,淡水分局,拆除攤架,0,0
109,12,瑞芳分局,拆除攤架,0,0
109,12,金山分局,拆除攤架,0,0
109,12,林口分局,拆除攤架,0,0
109,12,總　　　計,勸導,1426,1426
109,12,板橋分局,勸導,420,420
109,12,海山分局,勸導,68,68
109,12,中和分局,勸導,155,155
109,12,永和分局,勸導,30,30
109,12,三重分局,勸導,73,73
109,12,新莊分局,勸導,233,233
109,12,土城分局,勸導,96,96
109,12,新店分局,勸導,60,60
109,12,蘆洲分局,勸導,94,94
109,12,三峽分局,勸導,65,65
109,12,樹林分局,勸導,41,41
109,12,汐止分局,勸導,20,20
109,12,淡水分局,勸導,36,36
109,12,瑞芳分局,勸導,16,16
109,12,金山分局,勸導,3,3
109,12,林口分局,勸導,16,16
110,1,總　　　計,總計,3168,3168
110,1,板橋分局,總計,756,756
110,1,海山分局,總計,115,115
110,1,中和分局,總計,304,304
110,1,永和分局,總計,81,81
110,1,三重分局,總計,200,200
110,1,新莊分局,總計,394,394
110,1,土城分局,總計,193,193
110,1,新店分局,總計,215,215
110,1,蘆洲分局,總計,374,374
110,1,三峽分局,總計,105,105
110,1,樹林分局,總計,111,111
110,1,汐止分局,總計,72,72
110,1,淡水分局,總計,193,193
110,1,瑞芳分局,總計,28,28
110,1,金山分局,總計,4,4
110,1,林口分局,總計,23,23
110,1,總　　　計,罰鍰,1660,1660
110,1,板橋分局,罰鍰,336,336
110,1,海山分局,罰鍰,104,104
110,1,中和分局,罰鍰,136,136
110,1,永和分局,罰鍰,66,66
110,1,三重分局,罰鍰,137,137
110,1,新莊分局,罰鍰,150,150
110,1,土城分局,罰鍰,101,101
110,1,新店分局,罰鍰,155,155
110,1,蘆洲分局,罰鍰,106,106
110,1,三峽分局,罰鍰,39,39
110,1,樹林分局,罰鍰,77,77
110,1,汐止分局,罰鍰,62,62
110,1,淡水分局,罰鍰,171,171
110,1,瑞芳分局,罰鍰,5,5
110,1,金山分局,罰鍰,0,0
110,1,林口分局,罰鍰,15,15
110,1,總　　　計,没入攤架,0,0
110,1,板橋分局,没入攤架,0,0
110,1,海山分局,没入攤架,0,0
110,1,中和分局,没入攤架,0,0
110,1,永和分局,没入攤架,0,0
110,1,三重分局,没入攤架,0,0
110,1,新莊分局,没入攤架,0,0
110,1,土城分局,没入攤架,0,0
110,1,新店分局,没入攤架,0,0
110,1,蘆洲分局,没入攤架,0,0
110,1,三峽分局,没入攤架,0,0
110,1,樹林分局,没入攤架,0,0
110,1,汐止分局,没入攤架,0,0
110,1,淡水分局,没入攤架,0,0
110,1,瑞芳分局,没入攤架,0,0
110,1,金山分局,没入攤架,0,0
110,1,林口分局,没入攤架,0,0
110,1,總　　　計,拆除攤架,0,0
110,1,板橋分局,拆除攤架,0,0
110,1,海山分局,拆除攤架,0,0
110,1,中和分局,拆除攤架,0,0
110,1,永和分局,拆除攤架,0,0
110,1,三重分局,拆除攤架,0,0
110,1,新莊分局,拆除攤架,0,0
110,1,土城分局,拆除攤架,0,0
110,1,新店分局,拆除攤架,0,0
110,1,蘆洲分局,拆除攤架,0,0
110,1,三峽分局,拆除攤架,0,0
110,1,樹林分局,拆除攤架,0,0
110,1,汐止分局,拆除攤架,0,0
110,1,淡水分局,拆除攤架,0,0
110,1,瑞芳分局,拆除攤架,0,0
110,1,金山分局,拆除攤架,0,0
110,1,林口分局,拆除攤架,0,0
110,1,總　　　計,勸導,1508,1508
110,1,板橋分局,勸導,420,420
110,1,海山分局,勸導,11,11
110,1,中和分局,勸導,168,168
110,1,永和分局,勸導,15,15
110,1,三重分局,勸導,63,63
110,1,新莊分局,勸導,244,244
110,1,土城分局,勸導,92,92
110,1,新店分局,勸導,60,60
110,1,蘆洲分局,勸導,268,268
110,1,三峽分局,勸導,66,66
110,1,樹林分局,勸導,34,34
110,1,汐止分局,勸導,10,10
110,1,淡水分局,勸導,22,22
110,1,瑞芳分局,勸導,23,23
110,1,金山分局,勸導,4,4
110,1,林口分局,勸導,8,8
110,2,總　　　計,總計,3141,3141
110,2,板橋分局,總計,641,641
110,2,海山分局,總計,103,103
110,2,中和分局,總計,253,253
110,2,永和分局,總計,76,76
110,2,三重分局,總計,221,221
110,2,新莊分局,總計,297,297
110,2,土城分局,總計,179,179
110,2,新店分局,總計,270,270
110,2,蘆洲分局,總計,379,379
110,2,三峽分局,總計,149,149
110,2,樹林分局,總計,156,156
110,2,汐止分局,總計,100,100
110,2,淡水分局,總計,264,264
110,2,瑞芳分局,總計,22,22
110,2,金山分局,總計,4,4
110,2,林口分局,總計,27,27
110,2,總　　　計,罰鍰,1784,1784
110,2,板橋分局,罰鍰,259,259
110,2,海山分局,罰鍰,91,91
110,2,中和分局,罰鍰,119,119
110,2,永和分局,罰鍰,72,72
110,2,三重分局,罰鍰,151,151
110,2,新莊分局,罰鍰,135,135
110,2,土城分局,罰鍰,97,97
110,2,新店分局,罰鍰,220,220
110,2,蘆洲分局,罰鍰,111,111
110,2,三峽分局,罰鍰,93,93
110,2,樹林分局,罰鍰,127,127
110,2,汐止分局,罰鍰,84,84
110,2,淡水分局,罰鍰,204,204
110,2,瑞芳分局,罰鍰,2,2
110,2,金山分局,罰鍰,0,0
110,2,林口分局,罰鍰,19,19
110,2,總　　　計,没入攤架,0,0
110,2,板橋分局,没入攤架,0,0
110,2,海山分局,没入攤架,0,0
110,2,中和分局,没入攤架,0,0
110,2,永和分局,没入攤架,0,0
110,2,三重分局,没入攤架,0,0
110,2,新莊分局,没入攤架,0,0
110,2,土城分局,没入攤架,0,0
110,2,新店分局,没入攤架,0,0
110,2,蘆洲分局,没入攤架,0,0
110,2,三峽分局,没入攤架,0,0
110,2,樹林分局,没入攤架,0,0
110,2,汐止分局,没入攤架,0,0
110,2,淡水分局,没入攤架,0,0
110,2,瑞芳分局,没入攤架,0,0
110,2,金山分局,没入攤架,0,0
110,2,林口分局,没入攤架,0,0
110,2,總　　　計,拆除攤架,0,0
110,2,板橋分局,拆除攤架,0,0
110,2,海山分局,拆除攤架,0,0
110,2,中和分局,拆除攤架,0,0
110,2,永和分局,拆除攤架,0,0
110,2,三重分局,拆除攤架,0,0
110,2,新莊分局,拆除攤架,0,0
110,2,土城分局,拆除攤架,0,0
110,2,新店分局,拆除攤架,0,0
110,2,蘆洲分局,拆除攤架,0,0
110,2,三峽分局,拆除攤架,0,0
110,2,樹林分局,拆除攤架,0,0
110,2,汐止分局,拆除攤架,0,0
110,2,淡水分局,拆除攤架,0,0
110,2,瑞芳分局,拆除攤架,0,0
110,2,金山分局,拆除攤架,0,0
110,2,林口分局,拆除攤架,0,0
110,2,總　　　計,勸導,1357,1357
110,2,板橋分局,勸導,382,382
110,2,海山分局,勸導,12,12
110,2,中和分局,勸導,134,134
110,2,永和分局,勸導,4,4
110,2,三重分局,勸導,70,70
110,2,新莊分局,勸導,162,162
110,2,土城分局,勸導,82,82
110,2,新店分局,勸導,50,50
110,2,蘆洲分局,勸導,268,268
110,2,三峽分局,勸導,56,56
110,2,樹林分局,勸導,29,29
110,2,汐止分局,勸導,16,16
110,2,淡水分局,勸導,60,60
110,2,瑞芳分局,勸導,20,20
110,2,金山分局,勸導,4,4
110,2,林口分局,勸導,8,8
110,3,總　　　計,總計,3663,3663
110,3,板橋分局,總計,805,805
110,3,海山分局,總計,96,96
110,3,中和分局,總計,393,393
110,3,永和分局,總計,141,141
110,3,三重分局,總計,215,215
110,3,新莊分局,總計,456,456
110,3,土城分局,總計,214,214
110,3,新店分局,總計,349,349
110,3,蘆洲分局,總計,375,375
110,3,三峽分局,總計,111,111
110,3,樹林分局,總計,105,105
110,3,汐止分局,總計,140,140
110,3,淡水分局,總計,201,201
110,3,瑞芳分局,總計,18,18
110,3,金山分局,總計,8,8
110,3,林口分局,總計,36,36
110,3,總　　　計,罰鍰,2239,2239
110,3,板橋分局,罰鍰,423,423
110,3,海山分局,罰鍰,86,86
110,3,中和分局,罰鍰,214,214
110,3,永和分局,罰鍰,101,101
110,3,三重分局,罰鍰,153,153
110,3,新莊分局,罰鍰,291,291
110,3,土城分局,罰鍰,126,126
110,3,新店分局,罰鍰,288,288
110,3,蘆洲分局,罰鍰,107,107
110,3,三峽分局,罰鍰,52,52
110,3,樹林分局,罰鍰,73,73
110,3,汐止分局,罰鍰,122,122
110,3,淡水分局,罰鍰,165,165
110,3,瑞芳分局,罰鍰,8,8
110,3,金山分局,罰鍰,6,6
110,3,林口分局,罰鍰,24,24
110,3,總　　　計,没入攤架,1,1
110,3,板橋分局,没入攤架,0,0
110,3,海山分局,没入攤架,0,0
110,3,中和分局,没入攤架,0,0
110,3,永和分局,没入攤架,0,0
110,3,三重分局,没入攤架,0,0
110,3,新莊分局,没入攤架,0,0
110,3,土城分局,没入攤架,0,0
110,3,新店分局,没入攤架,1,1
110,3,蘆洲分局,没入攤架,0,0
110,3,三峽分局,没入攤架,0,0
110,3,樹林分局,没入攤架,0,0
110,3,汐止分局,没入攤架,0,0
110,3,淡水分局,没入攤架,0,0
110,3,瑞芳分局,没入攤架,0,0
110,3,金山分局,没入攤架,0,0
110,3,林口分局,没入攤架,0,0
110,3,總　　　計,拆除攤架,0,0
110,3,板橋分局,拆除攤架,0,0
110,3,海山分局,拆除攤架,0,0
110,3,中和分局,拆除攤架,0,0
110,3,永和分局,拆除攤架,0,0
110,3,三重分局,拆除攤架,0,0
110,3,新莊分局,拆除攤架,0,0
110,3,土城分局,拆除攤架,0,0
110,3,新店分局,拆除攤架,0,0
110,3,蘆洲分局,拆除攤架,0,0
110,3,三峽分局,拆除攤架,0,0
110,3,樹林分局,拆除攤架,0,0
110,3,汐止分局,拆除攤架,0,0
110,3,淡水分局,拆除攤架,0,0
110,3,瑞芳分局,拆除攤架,0,0
110,3,金山分局,拆除攤架,0,0
110,3,林口分局,拆除攤架,0,0
110,3,總　　　計,勸導,1423,1423
110,3,板橋分局,勸導,382,382
110,3,海山分局,勸導,10,10
110,3,中和分局,勸導,179,179
110,3,永和分局,勸導,40,40
110,3,三重分局,勸導,62,62
110,3,新莊分局,勸導,165,165
110,3,土城分局,勸導,88,88
110,3,新店分局,勸導,60,60
110,3,蘆洲分局,勸導,268,268
110,3,三峽分局,勸導,59,59
110,3,樹林分局,勸導,32,32
110,3,汐止分局,勸導,18,18
110,3,淡水分局,勸導,36,36
110,3,瑞芳分局,勸導,10,10
110,3,金山分局,勸導,2,2
110,3,林口分局,勸導,12,12
110,4,總　　　計,總計,3475,3475
110,4,板橋分局,總計,916,916
110,4,海山分局,總計,94,94
110,4,中和分局,總計,308,308
110,4,永和分局,總計,144,144
110,4,三重分局,總計,203,203
110,4,新莊分局,總計,456,456
110,4,土城分局,總計,218,218
110,4,新店分局,總計,468,468
110,4,蘆洲分局,總計,235,235
110,4,三峽分局,總計,108,108
110,4,樹林分局,總計,106,106
110,4,汐止分局,總計,40,40
110,4,淡水分局,總計,117,117
110,4,瑞芳分局,總計,19,19
110,4,金山分局,總計,5,5
110,4,林口分局,總計,38,38
110,4,總　　　計,罰鍰,2220,2220
110,4,板橋分局,罰鍰,534,534
110,4,海山分局,罰鍰,82,82
110,4,中和分局,罰鍰,161,161
110,4,永和分局,罰鍰,129,129
110,4,三重分局,罰鍰,126,126
110,4,新莊分局,罰鍰,271,271
110,4,土城分局,罰鍰,128,128
110,4,新店分局,罰鍰,388,388
110,4,蘆洲分局,罰鍰,131,131
110,4,三峽分局,罰鍰,53,53
110,4,樹林分局,罰鍰,65,65
110,4,汐止分局,罰鍰,30,30
110,4,淡水分局,罰鍰,87,87
110,4,瑞芳分局,罰鍰,3,3
110,4,金山分局,罰鍰,2,2
110,4,林口分局,罰鍰,30,30
110,4,總　　　計,没入攤架,0,0
110,4,板橋分局,没入攤架,0,0
110,4,海山分局,没入攤架,0,0
110,4,中和分局,没入攤架,0,0
110,4,永和分局,没入攤架,0,0
110,4,三重分局,没入攤架,0,0
110,4,新莊分局,没入攤架,0,0
110,4,土城分局,没入攤架,0,0
110,4,新店分局,没入攤架,0,0
110,4,蘆洲分局,没入攤架,0,0
110,4,三峽分局,没入攤架,0,0
110,4,樹林分局,没入攤架,0,0
110,4,汐止分局,没入攤架,0,0
110,4,淡水分局,没入攤架,0,0
110,4,瑞芳分局,没入攤架,0,0
110,4,金山分局,没入攤架,0,0
110,4,林口分局,没入攤架,0,0
110,4,總　　　計,拆除攤架,0,0
110,4,板橋分局,拆除攤架,0,0
110,4,海山分局,拆除攤架,0,0
110,4,中和分局,拆除攤架,0,0
110,4,永和分局,拆除攤架,0,0
110,4,三重分局,拆除攤架,0,0
110,4,新莊分局,拆除攤架,0,0
110,4,土城分局,拆除攤架,0,0
110,4,新店分局,拆除攤架,0,0
110,4,蘆洲分局,拆除攤架,0,0
110,4,三峽分局,拆除攤架,0,0
110,4,樹林分局,拆除攤架,0,0
110,4,汐止分局,拆除攤架,0,0
110,4,淡水分局,拆除攤架,0,0
110,4,瑞芳分局,拆除攤架,0,0
110,4,金山分局,拆除攤架,0,0
110,4,林口分局,拆除攤架,0,0
110,4,總　　　計,勸導,1255,1255
110,4,板橋分局,勸導,382,382
110,4,海山分局,勸導,12,12
110,4,中和分局,勸導,147,147
110,4,永和分局,勸導,15,15
110,4,三重分局,勸導,77,77
110,4,新莊分局,勸導,185,185
110,4,土城分局,勸導,90,90
110,4,新店分局,勸導,80,80
110,4,蘆洲分局,勸導,104,104
110,4,三峽分局,勸導,55,55
110,4,樹林分局,勸導,41,41
110,4,汐止分局,勸導,10,10
110,4,淡水分局,勸導,30,30
110,4,瑞芳分局,勸導,16,16
110,4,金山分局,勸導,3,3
110,4,林口分局,勸導,8,8
110,5,總　　　計,總計,2464,2464
110,5,板橋分局,總計,609,609
110,5,海山分局,總計,62,62
110,5,中和分局,總計,229,229
110,5,永和分局,總計,128,128
110,5,三重分局,總計,188,188
110,5,新莊分局,總計,294,294
110,5,土城分局,總計,115,115
110,5,新店分局,總計,358,358
110,5,蘆洲分局,總計,141,141
110,5,三峽分局,總計,73,73
110,5,樹林分局,總計,65,65
110,5,汐止分局,總計,46,46
110,5,淡水分局,總計,86,86
110,5,瑞芳分局,總計,24,24
110,5,金山分局,總計,3,3
110,5,林口分局,總計,43,43
110,5,總　　　計,罰鍰,1460,1460
110,5,板橋分局,罰鍰,311,311
110,5,海山分局,罰鍰,52,52
110,5,中和分局,罰鍰,112,112
110,5,永和分局,罰鍰,122,122
110,5,三重分局,罰鍰,126,126
110,5,新莊分局,罰鍰,127,127
110,5,土城分局,罰鍰,60,60
110,5,新店分局,罰鍰,298,298
110,5,蘆洲分局,罰鍰,81,81
110,5,三峽分局,罰鍰,18,18
110,5,樹林分局,罰鍰,30,30
110,5,汐止分局,罰鍰,31,31
110,5,淡水分局,罰鍰,56,56
110,5,瑞芳分局,罰鍰,4,4
110,5,金山分局,罰鍰,1,1
110,5,林口分局,罰鍰,31,31
110,5,總　　　計,没入攤架,0,0
110,5,板橋分局,没入攤架,0,0
110,5,海山分局,没入攤架,0,0
110,5,中和分局,没入攤架,0,0
110,5,永和分局,没入攤架,0,0
110,5,三重分局,没入攤架,0,0
110,5,新莊分局,没入攤架,0,0
110,5,土城分局,没入攤架,0,0
110,5,新店分局,没入攤架,0,0
110,5,蘆洲分局,没入攤架,0,0
110,5,三峽分局,没入攤架,0,0
110,5,樹林分局,没入攤架,0,0
110,5,汐止分局,没入攤架,0,0
110,5,淡水分局,没入攤架,0,0
110,5,瑞芳分局,没入攤架,0,0
110,5,金山分局,没入攤架,0,0
110,5,林口分局,没入攤架,0,0
110,5,總　　　計,拆除攤架,0,0
110,5,板橋分局,拆除攤架,0,0
110,5,海山分局,拆除攤架,0,0
110,5,中和分局,拆除攤架,0,0
110,5,永和分局,拆除攤架,0,0
110,5,三重分局,拆除攤架,0,0
110,5,新莊分局,拆除攤架,0,0
110,5,土城分局,拆除攤架,0,0
110,5,新店分局,拆除攤架,0,0
110,5,蘆洲分局,拆除攤架,0,0
110,5,三峽分局,拆除攤架,0,0
110,5,樹林分局,拆除攤架,0,0
110,5,汐止分局,拆除攤架,0,0
110,5,淡水分局,拆除攤架,0,0
110,5,瑞芳分局,拆除攤架,0,0
110,5,金山分局,拆除攤架,0,0
110,5,林口分局,拆除攤架,0,0
110,5,總　　　計,勸導,1004,1004
110,5,板橋分局,勸導,298,298
110,5,海山分局,勸導,10,10
110,5,中和分局,勸導,117,117
110,5,永和分局,勸導,6,6
110,5,三重分局,勸導,62,62
110,5,新莊分局,勸導,167,167
110,5,土城分局,勸導,55,55
110,5,新店分局,勸導,60,60
110,5,蘆洲分局,勸導,60,60
110,5,三峽分局,勸導,55,55
110,5,樹林分局,勸導,35,35
110,5,汐止分局,勸導,15,15
110,5,淡水分局,勸導,30,30
110,5,瑞芳分局,勸導,20,20
110,5,金山分局,勸導,2,2
110,5,林口分局,勸導,12,12
110,6,總　　　計,總計,1112,1112
110,6,板橋分局,總計,20,20
110,6,海山分局,總計,36,36
110,6,中和分局,總計,78,78
110,6,永和分局,總計,46,46
110,6,三重分局,總計,113,113
110,6,新莊分局,總計,259,259
110,6,土城分局,總計,61,61
110,6,新店分局,總計,101,101
110,6,蘆洲分局,總計,78,78
110,6,三峽分局,總計,131,131
110,6,樹林分局,總計,35,35
110,6,汐止分局,總計,41,41
110,6,淡水分局,總計,60,60
110,6,瑞芳分局,總計,24,24
110,6,金山分局,總計,13,13
110,6,林口分局,總計,16,16
110,6,總　　　計,罰鍰,627,627
110,6,板橋分局,罰鍰,15,15
110,6,海山分局,罰鍰,29,29
110,6,中和分局,罰鍰,38,38
110,6,永和分局,罰鍰,34,34
110,6,三重分局,罰鍰,74,74
110,6,新莊分局,罰鍰,90,90
110,6,土城分局,罰鍰,31,31
110,6,新店分局,罰鍰,78,78
110,6,蘆洲分局,罰鍰,49,49
110,6,三峽分局,罰鍰,67,67
110,6,樹林分局,罰鍰,16,16
110,6,汐止分局,罰鍰,31,31
110,6,淡水分局,罰鍰,50,50
110,6,瑞芳分局,罰鍰,4,4
110,6,金山分局,罰鍰,11,11
110,6,林口分局,罰鍰,10,10
110,6,總　　　計,没入攤架,0,0
110,6,板橋分局,没入攤架,0,0
110,6,海山分局,没入攤架,0,0
110,6,中和分局,没入攤架,0,0
110,6,永和分局,没入攤架,0,0
110,6,三重分局,没入攤架,0,0
110,6,新莊分局,没入攤架,0,0
110,6,土城分局,没入攤架,0,0
110,6,新店分局,没入攤架,0,0
110,6,蘆洲分局,没入攤架,0,0
110,6,三峽分局,没入攤架,0,0
110,6,樹林分局,没入攤架,0,0
110,6,汐止分局,没入攤架,0,0
110,6,淡水分局,没入攤架,0,0
110,6,瑞芳分局,没入攤架,0,0
110,6,金山分局,没入攤架,0,0
110,6,林口分局,没入攤架,0,0
110,6,總　　　計,拆除攤架,0,0
110,6,板橋分局,拆除攤架,0,0
110,6,海山分局,拆除攤架,0,0
110,6,中和分局,拆除攤架,0,0
110,6,永和分局,拆除攤架,0,0
110,6,三重分局,拆除攤架,0,0
110,6,新莊分局,拆除攤架,0,0
110,6,土城分局,拆除攤架,0,0
110,6,新店分局,拆除攤架,0,0
110,6,蘆洲分局,拆除攤架,0,0
110,6,三峽分局,拆除攤架,0,0
110,6,樹林分局,拆除攤架,0,0
110,6,汐止分局,拆除攤架,0,0
110,6,淡水分局,拆除攤架,0,0
110,6,瑞芳分局,拆除攤架,0,0
110,6,金山分局,拆除攤架,0,0
110,6,林口分局,拆除攤架,0,0
110,6,總　　　計,勸導,485,485
110,6,板橋分局,勸導,5,5
110,6,海山分局,勸導,7,7
110,6,中和分局,勸導,40,40
110,6,永和分局,勸導,12,12
110,6,三重分局,勸導,39,39
110,6,新莊分局,勸導,169,169
110,6,土城分局,勸導,30,30
110,6,新店分局,勸導,23,23
110,6,蘆洲分局,勸導,29,29
110,6,三峽分局,勸導,64,64
110,6,樹林分局,勸導,19,19
110,6,汐止分局,勸導,10,10
110,6,淡水分局,勸導,10,10
110,6,瑞芳分局,勸導,20,20
110,6,金山分局,勸導,2,2
110,6,林口分局,勸導,6,6
110,7,總　　　計,總計,1308,1308
110,7,板橋分局,總計,33,33
110,7,海山分局,總計,36,36
110,7,中和分局,總計,223,223
110,7,永和分局,總計,55,55
110,7,三重分局,總計,134,134
110,7,新莊分局,總計,255,255
110,7,土城分局,總計,112,112
110,7,新店分局,總計,144,144
110,7,蘆洲分局,總計,63,63
110,7,三峽分局,總計,86,86
110,7,樹林分局,總計,21,21
110,7,汐止分局,總計,40,40
110,7,淡水分局,總計,58,58
110,7,瑞芳分局,總計,30,30
110,7,金山分局,總計,6,6
110,7,林口分局,總計,12,12
110,7,總　　　計,罰鍰,662,662
110,7,板橋分局,罰鍰,18,18
110,7,海山分局,罰鍰,29,29
110,7,中和分局,罰鍰,116,116
110,7,永和分局,罰鍰,45,45
110,7,三重分局,罰鍰,80,80
110,7,新莊分局,罰鍰,67,67
110,7,土城分局,罰鍰,67,67
110,7,新店分局,罰鍰,114,114
110,7,蘆洲分局,罰鍰,34,34
110,7,三峽分局,罰鍰,8,8
110,7,樹林分局,罰鍰,10,10
110,7,汐止分局,罰鍰,25,25
110,7,淡水分局,罰鍰,38,38
110,7,瑞芳分局,罰鍰,0,0
110,7,金山分局,罰鍰,4,4
110,7,林口分局,罰鍰,7,7
110,7,總　　　計,没入攤架,0,0
110,7,板橋分局,没入攤架,0,0
110,7,海山分局,没入攤架,0,0
110,7,中和分局,没入攤架,0,0
110,7,永和分局,没入攤架,0,0
110,7,三重分局,没入攤架,0,0
110,7,新莊分局,没入攤架,0,0
110,7,土城分局,没入攤架,0,0
110,7,新店分局,没入攤架,0,0
110,7,蘆洲分局,没入攤架,0,0
110,7,三峽分局,没入攤架,0,0
110,7,樹林分局,没入攤架,0,0
110,7,汐止分局,没入攤架,0,0
110,7,淡水分局,没入攤架,0,0
110,7,瑞芳分局,没入攤架,0,0
110,7,金山分局,没入攤架,0,0
110,7,林口分局,没入攤架,0,0
110,7,總　　　計,拆除攤架,0,0
110,7,板橋分局,拆除攤架,0,0
110,7,海山分局,拆除攤架,0,0
110,7,中和分局,拆除攤架,0,0
110,7,永和分局,拆除攤架,0,0
110,7,三重分局,拆除攤架,0,0
110,7,新莊分局,拆除攤架,0,0
110,7,土城分局,拆除攤架,0,0
110,7,新店分局,拆除攤架,0,0
110,7,蘆洲分局,拆除攤架,0,0
110,7,三峽分局,拆除攤架,0,0
110,7,樹林分局,拆除攤架,0,0
110,7,汐止分局,拆除攤架,0,0
110,7,淡水分局,拆除攤架,0,0
110,7,瑞芳分局,拆除攤架,0,0
110,7,金山分局,拆除攤架,0,0
110,7,林口分局,拆除攤架,0,0
110,7,總　　　計,勸導,646,646
110,7,板橋分局,勸導,15,15
110,7,海山分局,勸導,7,7
110,7,中和分局,勸導,107,107
110,7,永和分局,勸導,10,10
110,7,三重分局,勸導,54,54
110,7,新莊分局,勸導,188,188
110,7,土城分局,勸導,45,45
110,7,新店分局,勸導,30,30
110,7,蘆洲分局,勸導,29,29
110,7,三峽分局,勸導,78,78
110,7,樹林分局,勸導,11,11
110,7,汐止分局,勸導,15,15
110,7,淡水分局,勸導,20,20
110,7,瑞芳分局,勸導,30,30
110,7,金山分局,勸導,2,2
110,7,林口分局,勸導,5,5
110,8,總　　　計,總計,1977,1977
110,8,板橋分局,總計,131,131
110,8,海山分局,總計,36,36
110,8,中和分局,總計,296,296
110,8,永和分局,總計,140,140
110,8,三重分局,總計,200,200
110,8,新莊分局,總計,242,242
110,8,土城分局,總計,160,160
110,8,新店分局,總計,326,326
110,8,蘆洲分局,總計,155,155
110,8,三峽分局,總計,154,154
110,8,樹林分局,總計,34,34
110,8,汐止分局,總計,39,39
110,8,淡水分局,總計,15,15
110,8,瑞芳分局,總計,30,30
110,8,金山分局,總計,2,2
110,8,林口分局,總計,17,17
110,8,總　　　計,罰鍰,1153,1153
110,8,板橋分局,罰鍰,86,86
110,8,海山分局,罰鍰,29,29
110,8,中和分局,罰鍰,150,150
110,8,永和分局,罰鍰,105,105
110,8,三重分局,罰鍰,144,144
110,8,新莊分局,罰鍰,49,49
110,8,土城分局,罰鍰,108,108
110,8,新店分局,罰鍰,266,266
110,8,蘆洲分局,罰鍰,92,92
110,8,三峽分局,罰鍰,59,59
110,8,樹林分局,罰鍰,16,16
110,8,汐止分局,罰鍰,27,27
110,8,淡水分局,罰鍰,9,9
110,8,瑞芳分局,罰鍰,2,2
110,8,金山分局,罰鍰,0,0
110,8,林口分局,罰鍰,11,11
110,8,總　　　計,没入攤架,0,0
110,8,板橋分局,没入攤架,0,0
110,8,海山分局,没入攤架,0,0
110,8,中和分局,没入攤架,0,0
110,8,永和分局,没入攤架,0,0
110,8,三重分局,没入攤架,0,0
110,8,新莊分局,没入攤架,0,0
110,8,土城分局,没入攤架,0,0
110,8,新店分局,没入攤架,0,0
110,8,蘆洲分局,没入攤架,0,0
110,8,三峽分局,没入攤架,0,0
110,8,樹林分局,没入攤架,0,0
110,8,汐止分局,没入攤架,0,0
110,8,淡水分局,没入攤架,0,0
110,8,瑞芳分局,没入攤架,0,0
110,8,金山分局,没入攤架,0,0
110,8,林口分局,没入攤架,0,0
110,8,總　　　計,拆除攤架,0,0
110,8,板橋分局,拆除攤架,0,0
110,8,海山分局,拆除攤架,0,0
110,8,中和分局,拆除攤架,0,0
110,8,永和分局,拆除攤架,0,0
110,8,三重分局,拆除攤架,0,0
110,8,新莊分局,拆除攤架,0,0
110,8,土城分局,拆除攤架,0,0
110,8,新店分局,拆除攤架,0,0
110,8,蘆洲分局,拆除攤架,0,0
110,8,三峽分局,拆除攤架,0,0
110,8,樹林分局,拆除攤架,0,0
110,8,汐止分局,拆除攤架,0,0
110,8,淡水分局,拆除攤架,0,0
110,8,瑞芳分局,拆除攤架,0,0
110,8,金山分局,拆除攤架,0,0
110,8,林口分局,拆除攤架,0,0
110,8,總　　　計,勸導,824,824
110,8,板橋分局,勸導,45,45
110,8,海山分局,勸導,7,7
110,8,中和分局,勸導,146,146
110,8,永和分局,勸導,35,35
110,8,三重分局,勸導,56,56
110,8,新莊分局,勸導,193,193
110,8,土城分局,勸導,52,52
110,8,新店分局,勸導,60,60
110,8,蘆洲分局,勸導,63,63
110,8,三峽分局,勸導,95,95
110,8,樹林分局,勸導,18,18
110,8,汐止分局,勸導,12,12
110,8,淡水分局,勸導,6,6
110,8,瑞芳分局,勸導,28,28
110,8,金山分局,勸導,2,2
110,8,林口分局,勸導,6,6
110,9,總　　　計,總計,2345,2345
110,9,板橋分局,總計,191,191
110,9,海山分局,總計,29,29
110,9,中和分局,總計,345,345
110,9,永和分局,總計,151,151
110,9,三重分局,總計,168,168
110,9,新莊分局,總計,407,407
110,9,土城分局,總計,186,186
110,9,新店分局,總計,363,363
110,9,蘆洲分局,總計,178,178
110,9,三峽分局,總計,128,128
110,9,樹林分局,總計,29,29
110,9,汐止分局,總計,55,55
110,9,淡水分局,總計,57,57
110,9,瑞芳分局,總計,36,36
110,9,金山分局,總計,3,3
110,9,林口分局,總計,19,19
110,9,總　　　計,罰鍰,1387,1387
110,9,板橋分局,罰鍰,141,141
110,9,海山分局,罰鍰,22,22
110,9,中和分局,罰鍰,185,185
110,9,永和分局,罰鍰,105,105
110,9,三重分局,罰鍰,98,98
110,9,新莊分局,罰鍰,183,183
110,9,土城分局,罰鍰,138,138
110,9,新店分局,罰鍰,296,296
110,9,蘆洲分局,罰鍰,99,99
110,9,三峽分局,罰鍰,13,13
110,9,樹林分局,罰鍰,11,11
110,9,汐止分局,罰鍰,37,37
110,9,淡水分局,罰鍰,41,41
110,9,瑞芳分局,罰鍰,5,5
110,9,金山分局,罰鍰,1,1
110,9,林口分局,罰鍰,12,12
110,9,總　　　計,没入攤架,0,0
110,9,板橋分局,没入攤架,0,0
110,9,海山分局,没入攤架,0,0
110,9,中和分局,没入攤架,0,0
110,9,永和分局,没入攤架,0,0
110,9,三重分局,没入攤架,0,0
110,9,新莊分局,没入攤架,0,0
110,9,土城分局,没入攤架,0,0
110,9,新店分局,没入攤架,0,0
110,9,蘆洲分局,没入攤架,0,0
110,9,三峽分局,没入攤架,0,0
110,9,樹林分局,没入攤架,0,0
110,9,汐止分局,没入攤架,0,0
110,9,淡水分局,没入攤架,0,0
110,9,瑞芳分局,没入攤架,0,0
110,9,金山分局,没入攤架,0,0
110,9,林口分局,没入攤架,0,0
110,9,總　　　計,拆除攤架,0,0
110,9,板橋分局,拆除攤架,0,0
110,9,海山分局,拆除攤架,0,0
110,9,中和分局,拆除攤架,0,0
110,9,永和分局,拆除攤架,0,0
110,9,三重分局,拆除攤架,0,0
110,9,新莊分局,拆除攤架,0,0
110,9,土城分局,拆除攤架,0,0
110,9,新店分局,拆除攤架,0,0
110,9,蘆洲分局,拆除攤架,0,0
110,9,三峽分局,拆除攤架,0,0
110,9,樹林分局,拆除攤架,0,0
110,9,汐止分局,拆除攤架,0,0
110,9,淡水分局,拆除攤架,0,0
110,9,瑞芳分局,拆除攤架,0,0
110,9,金山分局,拆除攤架,0,0
110,9,林口分局,拆除攤架,0,0
110,9,總　　　計,勸導,958,958
110,9,板橋分局,勸導,50,50
110,9,海山分局,勸導,7,7
110,9,中和分局,勸導,160,160
110,9,永和分局,勸導,46,46
110,9,三重分局,勸導,70,70
110,9,新莊分局,勸導,224,224
110,9,土城分局,勸導,48,48
110,9,新店分局,勸導,67,67
110,9,蘆洲分局,勸導,79,79
110,9,三峽分局,勸導,115,115
110,9,樹林分局,勸導,18,18
110,9,汐止分局,勸導,18,18
110,9,淡水分局,勸導,16,16
110,9,瑞芳分局,勸導,31,31
110,9,金山分局,勸導,2,2
110,9,林口分局,勸導,7,7
110,10,總　　　計,總計,2285,2285
110,10,板橋分局,總計,137,137
110,10,海山分局,總計,42,42
110,10,中和分局,總計,363,363
110,10,永和分局,總計,148,148
110,10,三重分局,總計,235,235
110,10,新莊分局,總計,330,330
110,10,土城分局,總計,189,189
110,10,新店分局,總計,351,351
110,10,蘆洲分局,總計,160,160
110,10,三峽分局,總計,123,123
110,10,樹林分局,總計,43,43
110,10,汐止分局,總計,40,40
110,10,淡水分局,總計,51,51
110,10,瑞芳分局,總計,38,38
110,10,金山分局,總計,2,2
110,10,林口分局,總計,33,33
110,10,總　　　計,罰鍰,1365,1365
110,10,板橋分局,罰鍰,87,87
110,10,海山分局,罰鍰,35,35
110,10,中和分局,罰鍰,189,189
110,10,永和分局,罰鍰,116,116
110,10,三重分局,罰鍰,167,167
110,10,新莊分局,罰鍰,122,122
110,10,土城分局,罰鍰,133,133
110,10,新店分局,罰鍰,288,288
110,10,蘆洲分局,罰鍰,77,77
110,10,三峽分局,罰鍰,33,33
110,10,樹林分局,罰鍰,24,24
110,10,汐止分局,罰鍰,32,32
110,10,淡水分局,罰鍰,38,38
110,10,瑞芳分局,罰鍰,3,3
110,10,金山分局,罰鍰,0,0
110,10,林口分局,罰鍰,21,21
110,10,總　　　計,没入攤架,0,0
110,10,板橋分局,没入攤架,0,0
110,10,海山分局,没入攤架,0,0
110,10,中和分局,没入攤架,0,0
110,10,永和分局,没入攤架,0,0
110,10,三重分局,没入攤架,0,0
110,10,新莊分局,没入攤架,0,0
110,10,土城分局,没入攤架,0,0
110,10,新店分局,没入攤架,0,0
110,10,蘆洲分局,没入攤架,0,0
110,10,三峽分局,没入攤架,0,0
110,10,樹林分局,没入攤架,0,0
110,10,汐止分局,没入攤架,0,0
110,10,淡水分局,没入攤架,0,0
110,10,瑞芳分局,没入攤架,0,0
110,10,金山分局,没入攤架,0,0
110,10,林口分局,没入攤架,0,0
110,10,總　　　計,拆除攤架,0,0
110,10,板橋分局,拆除攤架,0,0
110,10,海山分局,拆除攤架,0,0
110,10,中和分局,拆除攤架,0,0
110,10,永和分局,拆除攤架,0,0
110,10,三重分局,拆除攤架,0,0
110,10,新莊分局,拆除攤架,0,0
110,10,土城分局,拆除攤架,0,0
110,10,新店分局,拆除攤架,0,0
110,10,蘆洲分局,拆除攤架,0,0
110,10,三峽分局,拆除攤架,0,0
110,10,樹林分局,拆除攤架,0,0
110,10,汐止分局,拆除攤架,0,0
110,10,淡水分局,拆除攤架,0,0
110,10,瑞芳分局,拆除攤架,0,0
110,10,金山分局,拆除攤架,0,0
110,10,林口分局,拆除攤架,0,0
110,10,總　　　計,勸導,920,920
110,10,板橋分局,勸導,50,50
110,10,海山分局,勸導,7,7
110,10,中和分局,勸導,174,174
110,10,永和分局,勸導,32,32
110,10,三重分局,勸導,68,68
110,10,新莊分局,勸導,208,208
110,10,土城分局,勸導,56,56
110,10,新店分局,勸導,63,63
110,10,蘆洲分局,勸導,83,83
110,10,三峽分局,勸導,90,90
110,10,樹林分局,勸導,19,19
110,10,汐止分局,勸導,8,8
110,10,淡水分局,勸導,13,13
110,10,瑞芳分局,勸導,35,35
110,10,金山分局,勸導,2,2
110,10,林口分局,勸導,12,12
110,11,總　　　計,總計,2562,2562
110,11,板橋分局,總計,115,115
110,11,海山分局,總計,57,57
110,11,中和分局,總計,274,274
110,11,永和分局,總計,215,215
110,11,三重分局,總計,263,263
110,11,新莊分局,總計,367,367
110,11,土城分局,總計,169,169
110,11,新店分局,總計,413,413
110,11,蘆洲分局,總計,189,189
110,11,三峽分局,總計,155,155
110,11,樹林分局,總計,47,47
110,11,汐止分局,總計,39,39
110,11,淡水分局,總計,202,202
110,11,瑞芳分局,總計,31,31
110,11,金山分局,總計,2,2
110,11,林口分局,總計,24,24
110,11,總　　　計,罰鍰,1572,1572
110,11,板橋分局,罰鍰,80,80
110,11,海山分局,罰鍰,48,48
110,11,中和分局,罰鍰,134,134
110,11,永和分局,罰鍰,165,165
110,11,三重分局,罰鍰,175,175
110,11,新莊分局,罰鍰,143,143
110,11,土城分局,罰鍰,105,105
110,11,新店分局,罰鍰,353,353
110,11,蘆洲分局,罰鍰,96,96
110,11,三峽分局,罰鍰,24,24
110,11,樹林分局,罰鍰,26,26
110,11,汐止分局,罰鍰,27,27
110,11,淡水分局,罰鍰,179,179
110,11,瑞芳分局,罰鍰,1,1
110,11,金山分局,罰鍰,0,0
110,11,林口分局,罰鍰,16,16
110,11,總　　　計,没入攤架,0,0
110,11,板橋分局,没入攤架,0,0
110,11,海山分局,没入攤架,0,0
110,11,中和分局,没入攤架,0,0
110,11,永和分局,没入攤架,0,0
110,11,三重分局,没入攤架,0,0
110,11,新莊分局,没入攤架,0,0
110,11,土城分局,没入攤架,0,0
110,11,新店分局,没入攤架,0,0
110,11,蘆洲分局,没入攤架,0,0
110,11,三峽分局,没入攤架,0,0
110,11,樹林分局,没入攤架,0,0
110,11,汐止分局,没入攤架,0,0
110,11,淡水分局,没入攤架,0,0
110,11,瑞芳分局,没入攤架,0,0
110,11,金山分局,没入攤架,0,0
110,11,林口分局,没入攤架,0,0
110,11,總　　　計,拆除攤架,0,0
110,11,板橋分局,拆除攤架,0,0
110,11,海山分局,拆除攤架,0,0
110,11,中和分局,拆除攤架,0,0
110,11,永和分局,拆除攤架,0,0
110,11,三重分局,拆除攤架,0,0
110,11,新莊分局,拆除攤架,0,0
110,11,土城分局,拆除攤架,0,0
110,11,新店分局,拆除攤架,0,0
110,11,蘆洲分局,拆除攤架,0,0
110,11,三峽分局,拆除攤架,0,0
110,11,樹林分局,拆除攤架,0,0
110,11,汐止分局,拆除攤架,0,0
110,11,淡水分局,拆除攤架,0,0
110,11,瑞芳分局,拆除攤架,0,0
110,11,金山分局,拆除攤架,0,0
110,11,林口分局,拆除攤架,0,0
110,11,總　　　計,勸導,990,990
110,11,板橋分局,勸導,35,35
110,11,海山分局,勸導,9,9
110,11,中和分局,勸導,140,140
110,11,永和分局,勸導,50,50
110,11,三重分局,勸導,88,88
110,11,新莊分局,勸導,224,224
110,11,土城分局,勸導,64,64
110,11,新店分局,勸導,60,60
110,11,蘆洲分局,勸導,93,93
110,11,三峽分局,勸導,131,131
110,11,樹林分局,勸導,21,21
110,11,汐止分局,勸導,12,12
110,11,淡水分局,勸導,23,23
110,11,瑞芳分局,勸導,30,30
110,11,金山分局,勸導,2,2
110,11,林口分局,勸導,8,8
110,12,總　　　計,總計,2817,2817
110,12,板橋分局,總計,214,214
110,12,海山分局,總計,398,398
110,12,中和分局,總計,272,272
110,12,永和分局,總計,147,147
110,12,三重分局,總計,203,203
110,12,新莊分局,總計,321,321
110,12,土城分局,總計,179,179
110,12,新店分局,總計,434,434
110,12,蘆洲分局,總計,208,208
110,12,三峽分局,總計,101,101
110,12,樹林分局,總計,53,53
110,12,汐止分局,總計,46,46
110,12,淡水分局,總計,185,185
110,12,瑞芳分局,總計,33,33
110,12,金山分局,總計,3,3
110,12,林口分局,總計,20,20
110,12,總　　　計,罰鍰,1831,1831
110,12,板橋分局,罰鍰,159,159
110,12,海山分局,罰鍰,389,389
110,12,中和分局,罰鍰,132,132
110,12,永和分局,罰鍰,111,111
110,12,三重分局,罰鍰,148,148
110,12,新莊分局,罰鍰,87,87
110,12,土城分局,罰鍰,125,125
110,12,新店分局,罰鍰,348,348
110,12,蘆洲分局,罰鍰,107,107
110,12,三峽分局,罰鍰,15,15
110,12,樹林分局,罰鍰,32,32
110,12,汐止分局,罰鍰,36,36
110,12,淡水分局,罰鍰,127,127
110,12,瑞芳分局,罰鍰,1,1
110,12,金山分局,罰鍰,0,0
110,12,林口分局,罰鍰,14,14
110,12,總　　　計,没入攤架,0,0
110,12,板橋分局,没入攤架,0,0
110,12,海山分局,没入攤架,0,0
110,12,中和分局,没入攤架,0,0
110,12,永和分局,没入攤架,0,0
110,12,三重分局,没入攤架,0,0
110,12,新莊分局,没入攤架,0,0
110,12,土城分局,没入攤架,0,0
110,12,新店分局,没入攤架,0,0
110,12,蘆洲分局,没入攤架,0,0
110,12,三峽分局,没入攤架,0,0
110,12,樹林分局,没入攤架,0,0
110,12,汐止分局,没入攤架,0,0
110,12,淡水分局,没入攤架,0,0
110,12,瑞芳分局,没入攤架,0,0
110,12,金山分局,没入攤架,0,0
110,12,林口分局,没入攤架,0,0
110,12,總　　　計,拆除攤架,0,0
110,12,板橋分局,拆除攤架,0,0
110,12,海山分局,拆除攤架,0,0
110,12,中和分局,拆除攤架,0,0
110,12,永和分局,拆除攤架,0,0
110,12,三重分局,拆除攤架,0,0
110,12,新莊分局,拆除攤架,0,0
110,12,土城分局,拆除攤架,0,0
110,12,新店分局,拆除攤架,0,0
110,12,蘆洲分局,拆除攤架,0,0
110,12,三峽分局,拆除攤架,0,0
110,12,樹林分局,拆除攤架,0,0
110,12,汐止分局,拆除攤架,0,0
110,12,淡水分局,拆除攤架,0,0
110,12,瑞芳分局,拆除攤架,0,0
110,12,金山分局,拆除攤架,0,0
110,12,林口分局,拆除攤架,0,0
110,12,總　　　計,勸導,986,986
110,12,板橋分局,勸導,55,55
110,12,海山分局,勸導,9,9
110,12,中和分局,勸導,140,140
110,12,永和分局,勸導,36,36
110,12,三重分局,勸導,55,55
110,12,新莊分局,勸導,234,234
110,12,土城分局,勸導,54,54
110,12,新店分局,勸導,86,86
110,12,蘆洲分局,勸導,101,101
110,12,三峽分局,勸導,86,86
110,12,樹林分局,勸導,21,21
110,12,汐止分局,勸導,10,10
110,12,淡水分局,勸導,58,58
110,12,瑞芳分局,勸導,32,32
110,12,金山分局,勸導,3,3
110,12,林口分局,勸導,6,6
111,1,總　　　計,總計,2539,2539
111,1,板橋分局,總計,278,278
111,1,海山分局,總計,85,85
111,1,中和分局,總計,318,318
111,1,永和分局,總計,142,142
111,1,三重分局,總計,251,251
111,1,新莊分局,總計,292,292
111,1,土城分局,總計,150,150
111,1,新店分局,總計,371,371
111,1,蘆洲分局,總計,174,174
111,1,三峽分局,總計,126,126
111,1,樹林分局,總計,34,34
111,1,汐止分局,總計,49,49
111,1,淡水分局,總計,205,205
111,1,瑞芳分局,總計,22,22
111,1,金山分局,總計,2,2
111,1,林口分局,總計,40,40
111,1,總　　　計,罰鍰,1567,1567
111,1,板橋分局,罰鍰,202,202
111,1,海山分局,罰鍰,76,76
111,1,中和分局,罰鍰,168,168
111,1,永和分局,罰鍰,108,108
111,1,三重分局,罰鍰,160,160
111,1,新莊分局,罰鍰,99,99
111,1,土城分局,罰鍰,86,86
111,1,新店分局,罰鍰,324,324
111,1,蘆洲分局,罰鍰,80,80
111,1,三峽分局,罰鍰,45,45
111,1,樹林分局,罰鍰,18,18
111,1,汐止分局,罰鍰,38,38
111,1,淡水分局,罰鍰,135,135
111,1,瑞芳分局,罰鍰,2,2
111,1,金山分局,罰鍰,0,0
111,1,林口分局,罰鍰,26,26
111,1,總　　　計,没入攤架,0,0
111,1,板橋分局,没入攤架,0,0
111,1,海山分局,没入攤架,0,0
111,1,中和分局,没入攤架,0,0
111,1,永和分局,没入攤架,0,0
111,1,三重分局,没入攤架,0,0
111,1,新莊分局,没入攤架,0,0
111,1,土城分局,没入攤架,0,0
111,1,新店分局,没入攤架,0,0
111,1,蘆洲分局,没入攤架,0,0
111,1,三峽分局,没入攤架,0,0
111,1,樹林分局,没入攤架,0,0
111,1,汐止分局,没入攤架,0,0
111,1,淡水分局,没入攤架,0,0
111,1,瑞芳分局,没入攤架,0,0
111,1,金山分局,没入攤架,0,0
111,1,林口分局,没入攤架,0,0
111,1,總　　　計,拆除攤架,0,0
111,1,板橋分局,拆除攤架,0,0
111,1,海山分局,拆除攤架,0,0
111,1,中和分局,拆除攤架,0,0
111,1,永和分局,拆除攤架,0,0
111,1,三重分局,拆除攤架,0,0
111,1,新莊分局,拆除攤架,0,0
111,1,土城分局,拆除攤架,0,0
111,1,新店分局,拆除攤架,0,0
111,1,蘆洲分局,拆除攤架,0,0
111,1,三峽分局,拆除攤架,0,0
111,1,樹林分局,拆除攤架,0,0
111,1,汐止分局,拆除攤架,0,0
111,1,淡水分局,拆除攤架,0,0
111,1,瑞芳分局,拆除攤架,0,0
111,1,金山分局,拆除攤架,0,0
111,1,林口分局,拆除攤架,0,0
111,1,總　　　計,勸導,972,972
111,1,板橋分局,勸導,76,76
111,1,海山分局,勸導,9,9
111,1,中和分局,勸導,150,150
111,1,永和分局,勸導,34,34
111,1,三重分局,勸導,91,91
111,1,新莊分局,勸導,193,193
111,1,土城分局,勸導,64,64
111,1,新店分局,勸導,47,47
111,1,蘆洲分局,勸導,94,94
111,1,三峽分局,勸導,81,81
111,1,樹林分局,勸導,16,16
111,1,汐止分局,勸導,11,11
111,1,淡水分局,勸導,70,70
111,1,瑞芳分局,勸導,20,20
111,1,金山分局,勸導,2,2
111,1,林口分局,勸導,14,14
111,2,總　　　計,總計,1882,1882
111,2,板橋分局,總計,179,179
111,2,海山分局,總計,49,49
111,2,中和分局,總計,175,175
111,2,永和分局,總計,84,84
111,2,三重分局,總計,240,240
111,2,新莊分局,總計,301,301
111,2,土城分局,總計,182,182
111,2,新店分局,總計,334,334
111,2,蘆洲分局,總計,136,136
111,2,三峽分局,總計,84,84
111,2,樹林分局,總計,17,17
111,2,汐止分局,總計,39,39
111,2,淡水分局,總計,24,24
111,2,瑞芳分局,總計,16,16
111,2,金山分局,總計,3,3
111,2,林口分局,總計,19,19
111,2,總　　　計,罰鍰,973,973
111,2,板橋分局,罰鍰,91,91
111,2,海山分局,罰鍰,40,40
111,2,中和分局,罰鍰,85,85
111,2,永和分局,罰鍰,54,54
111,2,三重分局,罰鍰,141,141
111,2,新莊分局,罰鍰,63,63
111,2,土城分局,罰鍰,113,113
111,2,新店分局,罰鍰,274,274
111,2,蘆洲分局,罰鍰,42,42
111,2,三峽分局,罰鍰,15,15
111,2,樹林分局,罰鍰,7,7
111,2,汐止分局,罰鍰,26,26
111,2,淡水分局,罰鍰,12,12
111,2,瑞芳分局,罰鍰,1,1
111,2,金山分局,罰鍰,0,0
111,2,林口分局,罰鍰,9,9
111,2,總　　　計,没入攤架,0,0
111,2,板橋分局,没入攤架,0,0
111,2,海山分局,没入攤架,0,0
111,2,中和分局,没入攤架,0,0
111,2,永和分局,没入攤架,0,0
111,2,三重分局,没入攤架,0,0
111,2,新莊分局,没入攤架,0,0
111,2,土城分局,没入攤架,0,0
111,2,新店分局,没入攤架,0,0
111,2,蘆洲分局,没入攤架,0,0
111,2,三峽分局,没入攤架,0,0
111,2,樹林分局,没入攤架,0,0
111,2,汐止分局,没入攤架,0,0
111,2,淡水分局,没入攤架,0,0
111,2,瑞芳分局,没入攤架,0,0
111,2,金山分局,没入攤架,0,0
111,2,林口分局,没入攤架,0,0
111,2,總　　　計,拆除攤架,0,0
111,2,板橋分局,拆除攤架,0,0
111,2,海山分局,拆除攤架,0,0
111,2,中和分局,拆除攤架,0,0
111,2,永和分局,拆除攤架,0,0
111,2,三重分局,拆除攤架,0,0
111,2,新莊分局,拆除攤架,0,0
111,2,土城分局,拆除攤架,0,0
111,2,新店分局,拆除攤架,0,0
111,2,蘆洲分局,拆除攤架,0,0
111,2,三峽分局,拆除攤架,0,0
111,2,樹林分局,拆除攤架,0,0
111,2,汐止分局,拆除攤架,0,0
111,2,淡水分局,拆除攤架,0,0
111,2,瑞芳分局,拆除攤架,0,0
111,2,金山分局,拆除攤架,0,0
111,2,林口分局,拆除攤架,0,0
111,2,總　　　計,勸導,909,909
111,2,板橋分局,勸導,88,88
111,2,海山分局,勸導,9,9
111,2,中和分局,勸導,90,90
111,2,永和分局,勸導,30,30
111,2,三重分局,勸導,99,99
111,2,新莊分局,勸導,238,238
111,2,土城分局,勸導,69,69
111,2,新店分局,勸導,60,60
111,2,蘆洲分局,勸導,94,94
111,2,三峽分局,勸導,69,69
111,2,樹林分局,勸導,10,10
111,2,汐止分局,勸導,13,13
111,2,淡水分局,勸導,12,12
111,2,瑞芳分局,勸導,15,15
111,2,金山分局,勸導,3,3
111,2,林口分局,勸導,10,10
111,3,總　　　計,總計,2919,2919
111,3,板橋分局,總計,257,257
111,3,海山分局,總計,79,79
111,3,中和分局,總計,336,336
111,3,永和分局,總計,169,169
111,3,三重分局,總計,269,269
111,3,新莊分局,總計,367,367
111,3,土城分局,總計,216,216
111,3,新店分局,總計,521,521
111,3,蘆洲分局,總計,194,194
111,3,三峽分局,總計,96,96
111,3,樹林分局,總計,117,117
111,3,汐止分局,總計,57,57
111,3,淡水分局,總計,179,179
111,3,瑞芳分局,總計,23,23
111,3,金山分局,總計,2,2
111,3,林口分局,總計,37,37
111,3,總　　　計,罰鍰,1888,1888
111,3,板橋分局,罰鍰,167,167
111,3,海山分局,罰鍰,66,66
111,3,中和分局,罰鍰,174,174
111,3,永和分局,罰鍰,107,107
111,3,三重分局,罰鍰,197,197
111,3,新莊分局,罰鍰,147,147
111,3,土城分局,罰鍰,144,144
111,3,新店分局,罰鍰,461,461
111,3,蘆洲分局,罰鍰,87,87
111,3,三峽分局,罰鍰,39,39
111,3,樹林分局,罰鍰,92,92
111,3,汐止分局,罰鍰,35,35
111,3,淡水分局,罰鍰,143,143
111,3,瑞芳分局,罰鍰,5,5
111,3,金山分局,罰鍰,0,0
111,3,林口分局,罰鍰,24,24
111,3,總　　　計,没入攤架,0,0
111,3,板橋分局,没入攤架,0,0
111,3,海山分局,没入攤架,0,0
111,3,中和分局,没入攤架,0,0
111,3,永和分局,没入攤架,0,0
111,3,三重分局,没入攤架,0,0
111,3,新莊分局,没入攤架,0,0
111,3,土城分局,没入攤架,0,0
111,3,新店分局,没入攤架,0,0
111,3,蘆洲分局,没入攤架,0,0
111,3,三峽分局,没入攤架,0,0
111,3,樹林分局,没入攤架,0,0
111,3,汐止分局,没入攤架,0,0
111,3,淡水分局,没入攤架,0,0
111,3,瑞芳分局,没入攤架,0,0
111,3,金山分局,没入攤架,0,0
111,3,林口分局,没入攤架,0,0
111,3,總　　　計,拆除攤架,0,0
111,3,板橋分局,拆除攤架,0,0
111,3,海山分局,拆除攤架,0,0
111,3,中和分局,拆除攤架,0,0
111,3,永和分局,拆除攤架,0,0
111,3,三重分局,拆除攤架,0,0
111,3,新莊分局,拆除攤架,0,0
111,3,土城分局,拆除攤架,0,0
111,3,新店分局,拆除攤架,0,0
111,3,蘆洲分局,拆除攤架,0,0
111,3,三峽分局,拆除攤架,0,0
111,3,樹林分局,拆除攤架,0,0
111,3,汐止分局,拆除攤架,0,0
111,3,淡水分局,拆除攤架,0,0
111,3,瑞芳分局,拆除攤架,0,0
111,3,金山分局,拆除攤架,0,0
111,3,林口分局,拆除攤架,0,0
111,3,總　　　計,勸導,1031,1031
111,3,板橋分局,勸導,90,90
111,3,海山分局,勸導,13,13
111,3,中和分局,勸導,162,162
111,3,永和分局,勸導,62,62
111,3,三重分局,勸導,72,72
111,3,新莊分局,勸導,220,220
111,3,土城分局,勸導,72,72
111,3,新店分局,勸導,60,60
111,3,蘆洲分局,勸導,107,107
111,3,三峽分局,勸導,57,57
111,3,樹林分局,勸導,25,25
111,3,汐止分局,勸導,22,22
111,3,淡水分局,勸導,36,36
111,3,瑞芳分局,勸導,18,18
111,3,金山分局,勸導,2,2
111,3,林口分局,勸導,13,13
111,4,總　　　計,總計,2814,2814
111,4,板橋分局,總計,200,200
111,4,海山分局,總計,60,60
111,4,中和分局,總計,306,306
111,4,永和分局,總計,135,135
111,4,三重分局,總計,261,261
111,4,新莊分局,總計,293,293
111,4,土城分局,總計,162,162
111,4,新店分局,總計,516,516
111,4,蘆洲分局,總計,210,210
111,4,三峽分局,總計,169,169
111,4,樹林分局,總計,153,153
111,4,汐止分局,總計,81,81
111,4,淡水分局,總計,229,229
111,4,瑞芳分局,總計,18,18
111,4,金山分局,總計,9,9
111,4,林口分局,總計,12,12
111,4,總　　　計,罰鍰,1683,1683
111,4,板橋分局,罰鍰,110,110
111,4,海山分局,罰鍰,48,48
111,4,中和分局,罰鍰,157,157
111,4,永和分局,罰鍰,92,92
111,4,三重分局,罰鍰,180,180
111,4,新莊分局,罰鍰,70,70
111,4,土城分局,罰鍰,90,90
111,4,新店分局,罰鍰,448,448
111,4,蘆洲分局,罰鍰,108,108
111,4,三峽分局,罰鍰,87,87
111,4,樹林分局,罰鍰,76,76
111,4,汐止分局,罰鍰,54,54
111,4,淡水分局,罰鍰,148,148
111,4,瑞芳分局,罰鍰,2,2
111,4,金山分局,罰鍰,4,4
111,4,林口分局,罰鍰,9,9
111,4,總　　　計,没入攤架,0,0
111,4,板橋分局,没入攤架,0,0
111,4,海山分局,没入攤架,0,0
111,4,中和分局,没入攤架,0,0
111,4,永和分局,没入攤架,0,0
111,4,三重分局,没入攤架,0,0
111,4,新莊分局,没入攤架,0,0
111,4,土城分局,没入攤架,0,0
111,4,新店分局,没入攤架,0,0
111,4,蘆洲分局,没入攤架,0,0
111,4,三峽分局,没入攤架,0,0
111,4,樹林分局,没入攤架,0,0
111,4,汐止分局,没入攤架,0,0
111,4,淡水分局,没入攤架,0,0
111,4,瑞芳分局,没入攤架,0,0
111,4,金山分局,没入攤架,0,0
111,4,林口分局,没入攤架,0,0
111,4,總　　　計,拆除攤架,0,0
111,4,板橋分局,拆除攤架,0,0
111,4,海山分局,拆除攤架,0,0
111,4,中和分局,拆除攤架,0,0
111,4,永和分局,拆除攤架,0,0
111,4,三重分局,拆除攤架,0,0
111,4,新莊分局,拆除攤架,0,0
111,4,土城分局,拆除攤架,0,0
111,4,新店分局,拆除攤架,0,0
111,4,蘆洲分局,拆除攤架,0,0
111,4,三峽分局,拆除攤架,0,0
111,4,樹林分局,拆除攤架,0,0
111,4,汐止分局,拆除攤架,0,0
111,4,淡水分局,拆除攤架,0,0
111,4,瑞芳分局,拆除攤架,0,0
111,4,金山分局,拆除攤架,0,0
111,4,林口分局,拆除攤架,0,0
111,4,總　　　計,勸導,1131,1131
111,4,板橋分局,勸導,90,90
111,4,海山分局,勸導,12,12
111,4,中和分局,勸導,149,149
111,4,永和分局,勸導,43,43
111,4,三重分局,勸導,81,81
111,4,新莊分局,勸導,223,223
111,4,土城分局,勸導,72,72
111,4,新店分局,勸導,68,68
111,4,蘆洲分局,勸導,102,102
111,4,三峽分局,勸導,82,82
111,4,樹林分局,勸導,77,77
111,4,汐止分局,勸導,27,27
111,4,淡水分局,勸導,81,81
111,4,瑞芳分局,勸導,16,16
111,4,金山分局,勸導,5,5
111,4,林口分局,勸導,3,3
111,5,總　　　計,總計,2167,2167
111,5,板橋分局,總計,110,110
111,5,海山分局,總計,69,69
111,5,中和分局,總計,183,183
111,5,永和分局,總計,86,86
111,5,三重分局,總計,209,209
111,5,新莊分局,總計,312,312
111,5,土城分局,總計,130,130
111,5,新店分局,總計,430,430
111,5,蘆洲分局,總計,201,201
111,5,三峽分局,總計,119,119
111,5,樹林分局,總計,22,22
111,5,汐止分局,總計,56,56
111,5,淡水分局,總計,172,172
111,5,瑞芳分局,總計,21,21
111,5,金山分局,總計,5,5
111,5,林口分局,總計,42,42
111,5,總　　　計,罰鍰,1229,1229
111,5,板橋分局,罰鍰,60,60
111,5,海山分局,罰鍰,53,53
111,5,中和分局,罰鍰,86,86
111,5,永和分局,罰鍰,54,54
111,5,三重分局,罰鍰,153,153
111,5,新莊分局,罰鍰,83,83
111,5,土城分局,罰鍰,66,66
111,5,新店分局,罰鍰,344,344
111,5,蘆洲分局,罰鍰,98,98
111,5,三峽分局,罰鍰,45,45
111,5,樹林分局,罰鍰,4,4
111,5,汐止分局,罰鍰,40,40
111,5,淡水分局,罰鍰,112,112
111,5,瑞芳分局,罰鍰,1,1
111,5,金山分局,罰鍰,1,1
111,5,林口分局,罰鍰,29,29
111,5,總　　　計,没入攤架,1,1
111,5,板橋分局,没入攤架,0,0
111,5,海山分局,没入攤架,0,0
111,5,中和分局,没入攤架,0,0
111,5,永和分局,没入攤架,0,0
111,5,三重分局,没入攤架,0,0
111,5,新莊分局,没入攤架,0,0
111,5,土城分局,没入攤架,1,1
111,5,新店分局,没入攤架,0,0
111,5,蘆洲分局,没入攤架,0,0
111,5,三峽分局,没入攤架,0,0
111,5,樹林分局,没入攤架,0,0
111,5,汐止分局,没入攤架,0,0
111,5,淡水分局,没入攤架,0,0
111,5,瑞芳分局,没入攤架,0,0
111,5,金山分局,没入攤架,0,0
111,5,林口分局,没入攤架,0,0
111,5,總　　　計,拆除攤架,0,0
111,5,板橋分局,拆除攤架,0,0
111,5,海山分局,拆除攤架,0,0
111,5,中和分局,拆除攤架,0,0
111,5,永和分局,拆除攤架,0,0
111,5,三重分局,拆除攤架,0,0
111,5,新莊分局,拆除攤架,0,0
111,5,土城分局,拆除攤架,0,0
111,5,新店分局,拆除攤架,0,0
111,5,蘆洲分局,拆除攤架,0,0
111,5,三峽分局,拆除攤架,0,0
111,5,樹林分局,拆除攤架,0,0
111,5,汐止分局,拆除攤架,0,0
111,5,淡水分局,拆除攤架,0,0
111,5,瑞芳分局,拆除攤架,0,0
111,5,金山分局,拆除攤架,0,0
111,5,林口分局,拆除攤架,0,0
111,5,總　　　計,勸導,937,937
111,5,板橋分局,勸導,50,50
111,5,海山分局,勸導,16,16
111,5,中和分局,勸導,97,97
111,5,永和分局,勸導,32,32
111,5,三重分局,勸導,56,56
111,5,新莊分局,勸導,229,229
111,5,土城分局,勸導,63,63
111,5,新店分局,勸導,86,86
111,5,蘆洲分局,勸導,103,103
111,5,三峽分局,勸導,74,74
111,5,樹林分局,勸導,18,18
111,5,汐止分局,勸導,16,16
111,5,淡水分局,勸導,60,60
111,5,瑞芳分局,勸導,20,20
111,5,金山分局,勸導,4,4
111,5,林口分局,勸導,13,13
111,6,總　　　計,總計,2189,2189
111,6,板橋分局,總計,153,153
111,6,海山分局,總計,87,87
111,6,中和分局,總計,237,237
111,6,永和分局,總計,78,78
111,6,三重分局,總計,152,152
111,6,新莊分局,總計,308,308
111,6,土城分局,總計,144,144
111,6,新店分局,總計,332,332
111,6,蘆洲分局,總計,242,242
111,6,三峽分局,總計,180,180
111,6,樹林分局,總計,40,40
111,6,汐止分局,總計,80,80
111,6,淡水分局,總計,105,105
111,6,瑞芳分局,總計,19,19
111,6,金山分局,總計,5,5
111,6,林口分局,總計,27,27
111,6,總　　　計,罰鍰,1494,1494
111,6,板橋分局,罰鍰,82,82
111,6,海山分局,罰鍰,69,69
111,6,中和分局,罰鍰,129,129
111,6,永和分局,罰鍰,78,78
111,6,三重分局,罰鍰,152,152
111,6,新莊分局,罰鍰,89,89
111,6,土城分局,罰鍰,79,79
111,6,新店分局,罰鍰,332,332
111,6,蘆洲分局,罰鍰,146,146
111,6,三峽分局,罰鍰,111,111
111,6,樹林分局,罰鍰,14,14
111,6,汐止分局,罰鍰,80,80
111,6,淡水分局,罰鍰,105,105
111,6,瑞芳分局,罰鍰,1,1
111,6,金山分局,罰鍰,0,0
111,6,林口分局,罰鍰,27,27
111,6,總　　　計,没入攤架,0,0
111,6,板橋分局,没入攤架,0,0
111,6,海山分局,没入攤架,0,0
111,6,中和分局,没入攤架,0,0
111,6,永和分局,没入攤架,0,0
111,6,三重分局,没入攤架,0,0
111,6,新莊分局,没入攤架,0,0
111,6,土城分局,没入攤架,0,0
111,6,新店分局,没入攤架,0,0
111,6,蘆洲分局,没入攤架,0,0
111,6,三峽分局,没入攤架,0,0
111,6,樹林分局,没入攤架,0,0
111,6,汐止分局,没入攤架,0,0
111,6,淡水分局,没入攤架,0,0
111,6,瑞芳分局,没入攤架,0,0
111,6,金山分局,没入攤架,0,0
111,6,林口分局,没入攤架,0,0
111,6,總　　　計,拆除攤架,0,0
111,6,板橋分局,拆除攤架,0,0
111,6,海山分局,拆除攤架,0,0
111,6,中和分局,拆除攤架,0,0
111,6,永和分局,拆除攤架,0,0
111,6,三重分局,拆除攤架,0,0
111,6,新莊分局,拆除攤架,0,0
111,6,土城分局,拆除攤架,0,0
111,6,新店分局,拆除攤架,0,0
111,6,蘆洲分局,拆除攤架,0,0
111,6,三峽分局,拆除攤架,0,0
111,6,樹林分局,拆除攤架,0,0
111,6,汐止分局,拆除攤架,0,0
111,6,淡水分局,拆除攤架,0,0
111,6,瑞芳分局,拆除攤架,0,0
111,6,金山分局,拆除攤架,0,0
111,6,林口分局,拆除攤架,0,0
111,6,總　　　計,勸導,695,695
111,6,板橋分局,勸導,71,71
111,6,海山分局,勸導,18,18
111,6,中和分局,勸導,108,108
111,6,永和分局,勸導,0,0
111,6,三重分局,勸導,0,0
111,6,新莊分局,勸導,219,219
111,6,土城分局,勸導,65,65
111,6,新店分局,勸導,0,0
111,6,蘆洲分局,勸導,96,96
111,6,三峽分局,勸導,69,69
111,6,樹林分局,勸導,26,26
111,6,汐止分局,勸導,0,0
111,6,淡水分局,勸導,0,0
111,6,瑞芳分局,勸導,18,18
111,6,金山分局,勸導,5,5
111,6,林口分局,勸導,0,0
111,7,總　　　計,總計,2407,2407
111,7,板橋分局,總計,155,155
111,7,海山分局,總計,91,91
111,7,中和分局,總計,254,254
111,7,永和分局,總計,128,128
111,7,三重分局,總計,198,198
111,7,新莊分局,總計,338,338
111,7,土城分局,總計,163,163
111,7,新店分局,總計,365,365
111,7,蘆洲分局,總計,299,299
111,7,三峽分局,總計,183,183
111,7,樹林分局,總計,30,30
111,7,汐止分局,總計,87,87
111,7,淡水分局,總計,71,71
111,7,瑞芳分局,總計,26,26
111,7,金山分局,總計,7,7
111,7,林口分局,總計,12,12
111,7,總　　　計,罰鍰,1694,1694
111,7,板橋分局,罰鍰,82,82
111,7,海山分局,罰鍰,71,71
111,7,中和分局,罰鍰,130,130
111,7,永和分局,罰鍰,128,128
111,7,三重分局,罰鍰,198,198
111,7,新莊分局,罰鍰,119,119
111,7,土城分局,罰鍰,101,101
111,7,新店分局,罰鍰,365,365
111,7,蘆洲分局,罰鍰,189,189
111,7,三峽分局,罰鍰,111,111
111,7,樹林分局,罰鍰,26,26
111,7,汐止分局,罰鍰,87,87
111,7,淡水分局,罰鍰,71,71
111,7,瑞芳分局,罰鍰,4,4
111,7,金山分局,罰鍰,0,0
111,7,林口分局,罰鍰,12,12
111,7,總　　　計,没入攤架,0,0
111,7,板橋分局,没入攤架,0,0
111,7,海山分局,没入攤架,0,0
111,7,中和分局,没入攤架,0,0
111,7,永和分局,没入攤架,0,0
111,7,三重分局,没入攤架,0,0
111,7,新莊分局,没入攤架,0,0
111,7,土城分局,没入攤架,0,0
111,7,新店分局,没入攤架,0,0
111,7,蘆洲分局,没入攤架,0,0
111,7,三峽分局,没入攤架,0,0
111,7,樹林分局,没入攤架,0,0
111,7,汐止分局,没入攤架,0,0
111,7,淡水分局,没入攤架,0,0
111,7,瑞芳分局,没入攤架,0,0
111,7,金山分局,没入攤架,0,0
111,7,林口分局,没入攤架,0,0
111,7,總　　　計,拆除攤架,0,0
111,7,板橋分局,拆除攤架,0,0
111,7,海山分局,拆除攤架,0,0
111,7,中和分局,拆除攤架,0,0
111,7,永和分局,拆除攤架,0,0
111,7,三重分局,拆除攤架,0,0
111,7,新莊分局,拆除攤架,0,0
111,7,土城分局,拆除攤架,0,0
111,7,新店分局,拆除攤架,0,0
111,7,蘆洲分局,拆除攤架,0,0
111,7,三峽分局,拆除攤架,0,0
111,7,樹林分局,拆除攤架,0,0
111,7,汐止分局,拆除攤架,0,0
111,7,淡水分局,拆除攤架,0,0
111,7,瑞芳分局,拆除攤架,0,0
111,7,金山分局,拆除攤架,0,0
111,7,林口分局,拆除攤架,0,0
111,7,總　　　計,勸導,713,713
111,7,板橋分局,勸導,73,73
111,7,海山分局,勸導,20,20
111,7,中和分局,勸導,124,124
111,7,永和分局,勸導,0,0
111,7,三重分局,勸導,0,0
111,7,新莊分局,勸導,219,219
111,7,土城分局,勸導,62,62
111,7,新店分局,勸導,0,0
111,7,蘆洲分局,勸導,110,110
111,7,三峽分局,勸導,72,72
111,7,樹林分局,勸導,4,4
111,7,汐止分局,勸導,0,0
111,7,淡水分局,勸導,0,0
111,7,瑞芳分局,勸導,22,22
111,7,金山分局,勸導,7,7
111,7,林口分局,勸導,0,0
111,8,總　　　計,總計,2776,2776
111,8,板橋分局,總計,226,226
111,8,海山分局,總計,89,89
111,8,中和分局,總計,392,392
111,8,永和分局,總計,187,187
111,8,三重分局,總計,420,420
111,8,新莊分局,總計,273,273
111,8,土城分局,總計,155,155
111,8,新店分局,總計,379,379
111,8,蘆洲分局,總計,284,284
111,8,三峽分局,總計,136,136
111,8,樹林分局,總計,28,28
111,8,汐止分局,總計,87,87
111,8,淡水分局,總計,74,74
111,8,瑞芳分局,總計,25,25
111,8,金山分局,總計,6,6
111,8,林口分局,總計,15,15
111,8,總　　　計,罰鍰,1805,1805
111,8,板橋分局,罰鍰,146,146
111,8,海山分局,罰鍰,64,64
111,8,中和分局,罰鍰,205,205
111,8,永和分局,罰鍰,187,187
111,8,三重分局,罰鍰,222,222
111,8,新莊分局,罰鍰,80,80
111,8,土城分局,罰鍰,83,83
111,8,新店分局,罰鍰,379,379
111,8,蘆洲分局,罰鍰,166,166
111,8,三峽分局,罰鍰,72,72
111,8,樹林分局,罰鍰,23,23
111,8,汐止分局,罰鍰,87,87
111,8,淡水分局,罰鍰,74,74
111,8,瑞芳分局,罰鍰,1,1
111,8,金山分局,罰鍰,1,1
111,8,林口分局,罰鍰,15,15
111,8,總　　　計,没入攤架,0,0
111,8,板橋分局,没入攤架,0,0
111,8,海山分局,没入攤架,0,0
111,8,中和分局,没入攤架,0,0
111,8,永和分局,没入攤架,0,0
111,8,三重分局,没入攤架,0,0
111,8,新莊分局,没入攤架,0,0
111,8,土城分局,没入攤架,0,0
111,8,新店分局,没入攤架,0,0
111,8,蘆洲分局,没入攤架,0,0
111,8,三峽分局,没入攤架,0,0
111,8,樹林分局,没入攤架,0,0
111,8,汐止分局,没入攤架,0,0
111,8,淡水分局,没入攤架,0,0
111,8,瑞芳分局,没入攤架,0,0
111,8,金山分局,没入攤架,0,0
111,8,林口分局,没入攤架,0,0
111,8,總　　　計,拆除攤架,0,0
111,8,板橋分局,拆除攤架,0,0
111,8,海山分局,拆除攤架,0,0
111,8,中和分局,拆除攤架,0,0
111,8,永和分局,拆除攤架,0,0
111,8,三重分局,拆除攤架,0,0
111,8,新莊分局,拆除攤架,0,0
111,8,土城分局,拆除攤架,0,0
111,8,新店分局,拆除攤架,0,0
111,8,蘆洲分局,拆除攤架,0,0
111,8,三峽分局,拆除攤架,0,0
111,8,樹林分局,拆除攤架,0,0
111,8,汐止分局,拆除攤架,0,0
111,8,淡水分局,拆除攤架,0,0
111,8,瑞芳分局,拆除攤架,0,0
111,8,金山分局,拆除攤架,0,0
111,8,林口分局,拆除攤架,0,0
111,8,總　　　計,勸導,971,971
111,8,板橋分局,勸導,80,80
111,8,海山分局,勸導,25,25
111,8,中和分局,勸導,187,187
111,8,永和分局,勸導,0,0
111,8,三重分局,勸導,198,198
111,8,新莊分局,勸導,193,193
111,8,土城分局,勸導,72,72
111,8,新店分局,勸導,0,0
111,8,蘆洲分局,勸導,118,118
111,8,三峽分局,勸導,64,64
111,8,樹林分局,勸導,5,5
111,8,汐止分局,勸導,0,0
111,8,淡水分局,勸導,0,0
111,8,瑞芳分局,勸導,24,24
111,8,金山分局,勸導,5,5
111,8,林口分局,勸導,0,0
111,9,總　　　計,總計,2251,2251
111,9,板橋分局,總計,152,152
111,9,海山分局,總計,82,82
111,9,中和分局,總計,216,216
111,9,永和分局,總計,144,144
111,9,三重分局,總計,262,262
111,9,新莊分局,總計,272,272
111,9,土城分局,總計,169,169
111,9,新店分局,總計,322,322
111,9,蘆洲分局,總計,200,200
111,9,三峽分局,總計,121,121
111,9,樹林分局,總計,48,48
111,9,汐止分局,總計,87,87
111,9,淡水分局,總計,140,140
111,9,瑞芳分局,總計,21,21
111,9,金山分局,總計,8,8
111,9,林口分局,總計,7,7
111,9,總　　　計,罰鍰,1404,1404
111,9,板橋分局,罰鍰,80,80
111,9,海山分局,罰鍰,54,54
111,9,中和分局,罰鍰,104,104
111,9,永和分局,罰鍰,144,144
111,9,三重分局,罰鍰,199,199
111,9,新莊分局,罰鍰,56,56
111,9,土城分局,罰鍰,81,81
111,9,新店分局,罰鍰,322,322
111,9,蘆洲分局,罰鍰,98,98
111,9,三峽分局,罰鍰,57,57
111,9,樹林分局,罰鍰,43,43
111,9,汐止分局,罰鍰,87,87
111,9,淡水分局,罰鍰,70,70
111,9,瑞芳分局,罰鍰,1,1
111,9,金山分局,罰鍰,1,1
111,9,林口分局,罰鍰,7,7
111,9,總　　　計,没入攤架,0,0
111,9,板橋分局,没入攤架,0,0
111,9,海山分局,没入攤架,0,0
111,9,中和分局,没入攤架,0,0
111,9,永和分局,没入攤架,0,0
111,9,三重分局,没入攤架,0,0
111,9,新莊分局,没入攤架,0,0
111,9,土城分局,没入攤架,0,0
111,9,新店分局,没入攤架,0,0
111,9,蘆洲分局,没入攤架,0,0
111,9,三峽分局,没入攤架,0,0
111,9,樹林分局,没入攤架,0,0
111,9,汐止分局,没入攤架,0,0
111,9,淡水分局,没入攤架,0,0
111,9,瑞芳分局,没入攤架,0,0
111,9,金山分局,没入攤架,0,0
111,9,林口分局,没入攤架,0,0
111,9,總　　　計,拆除攤架,0,0
111,9,板橋分局,拆除攤架,0,0
111,9,海山分局,拆除攤架,0,0
111,9,中和分局,拆除攤架,0,0
111,9,永和分局,拆除攤架,0,0
111,9,三重分局,拆除攤架,0,0
111,9,新莊分局,拆除攤架,0,0
111,9,土城分局,拆除攤架,0,0
111,9,新店分局,拆除攤架,0,0
111,9,蘆洲分局,拆除攤架,0,0
111,9,三峽分局,拆除攤架,0,0
111,9,樹林分局,拆除攤架,0,0
111,9,汐止分局,拆除攤架,0,0
111,9,淡水分局,拆除攤架,0,0
111,9,瑞芳分局,拆除攤架,0,0
111,9,金山分局,拆除攤架,0,0
111,9,林口分局,拆除攤架,0,0
111,9,總　　　計,勸導,847,847
111,9,板橋分局,勸導,72,72
111,9,海山分局,勸導,28,28
111,9,中和分局,勸導,112,112
111,9,永和分局,勸導,0,0
111,9,三重分局,勸導,63,63
111,9,新莊分局,勸導,216,216
111,9,土城分局,勸導,88,88
111,9,新店分局,勸導,0,0
111,9,蘆洲分局,勸導,102,102
111,9,三峽分局,勸導,64,64
111,9,樹林分局,勸導,5,5
111,9,汐止分局,勸導,0,0
111,9,淡水分局,勸導,70,70
111,9,瑞芳分局,勸導,20,20
111,9,金山分局,勸導,7,7
111,9,林口分局,勸導,0,0
111,10,總　　　計,總計,2463,2463
111,10,板橋分局,總計,171,171
111,10,海山分局,總計,104,104
111,10,中和分局,總計,378,378
111,10,永和分局,總計,187,187
111,10,三重分局,總計,226,226
111,10,新莊分局,總計,293,293
111,10,土城分局,總計,155,155
111,10,新店分局,總計,366,366
111,10,蘆洲分局,總計,225,225
111,10,三峽分局,總計,120,120
111,10,樹林分局,總計,29,29
111,10,汐止分局,總計,87,87
111,10,淡水分局,總計,83,83
111,10,瑞芳分局,總計,24,24
111,10,金山分局,總計,6,6
111,10,林口分局,總計,9,9
111,10,總　　　計,罰鍰,1650,1650
111,10,板橋分局,罰鍰,91,91
111,10,海山分局,罰鍰,69,69
111,10,中和分局,罰鍰,202,202
111,10,永和分局,罰鍰,187,187
111,10,三重分局,罰鍰,181,181
111,10,新莊分局,罰鍰,74,74
111,10,土城分局,罰鍰,73,73
111,10,新店分局,罰鍰,366,366
111,10,蘆洲分局,罰鍰,135,135
111,10,三峽分局,罰鍰,67,67
111,10,樹林分局,罰鍰,24,24
111,10,汐止分局,罰鍰,87,87
111,10,淡水分局,罰鍰,83,83
111,10,瑞芳分局,罰鍰,1,1
111,10,金山分局,罰鍰,1,1
111,10,林口分局,罰鍰,9,9
111,10,總　　　計,没入攤架,0,0
111,10,板橋分局,没入攤架,0,0
111,10,海山分局,没入攤架,0,0
111,10,中和分局,没入攤架,0,0
111,10,永和分局,没入攤架,0,0
111,10,三重分局,没入攤架,0,0
111,10,新莊分局,没入攤架,0,0
111,10,土城分局,没入攤架,0,0
111,10,新店分局,没入攤架,0,0
111,10,蘆洲分局,没入攤架,0,0
111,10,三峽分局,没入攤架,0,0
111,10,樹林分局,没入攤架,0,0
111,10,汐止分局,没入攤架,0,0
111,10,淡水分局,没入攤架,0,0
111,10,瑞芳分局,没入攤架,0,0
111,10,金山分局,没入攤架,0,0
111,10,林口分局,没入攤架,0,0
111,10,總　　　計,拆除攤架,0,0
111,10,板橋分局,拆除攤架,0,0
111,10,海山分局,拆除攤架,0,0
111,10,中和分局,拆除攤架,0,0
111,10,永和分局,拆除攤架,0,0
111,10,三重分局,拆除攤架,0,0
111,10,新莊分局,拆除攤架,0,0
111,10,土城分局,拆除攤架,0,0
111,10,新店分局,拆除攤架,0,0
111,10,蘆洲分局,拆除攤架,0,0
111,10,三峽分局,拆除攤架,0,0
111,10,樹林分局,拆除攤架,0,0
111,10,汐止分局,拆除攤架,0,0
111,10,淡水分局,拆除攤架,0,0
111,10,瑞芳分局,拆除攤架,0,0
111,10,金山分局,拆除攤架,0,0
111,10,林口分局,拆除攤架,0,0
111,10,總　　　計,勸導,813,813
111,10,板橋分局,勸導,80,80
111,10,海山分局,勸導,35,35
111,10,中和分局,勸導,176,176
111,10,永和分局,勸導,0,0
111,10,三重分局,勸導,45,45
111,10,新莊分局,勸導,219,219
111,10,土城分局,勸導,82,82
111,10,新店分局,勸導,0,0
111,10,蘆洲分局,勸導,90,90
111,10,三峽分局,勸導,53,53
111,10,樹林分局,勸導,5,5
111,10,汐止分局,勸導,0,0
111,10,淡水分局,勸導,0,0
111,10,瑞芳分局,勸導,23,23
111,10,金山分局,勸導,5,5
111,10,林口分局,勸導,0,0
111,11,總　　　計,總計,3890,3890
111,11,板橋分局,總計,392,392
111,11,海山分局,總計,1210,1210
111,11,中和分局,總計,415,415
111,11,永和分局,總計,135,135
111,11,三重分局,總計,274,274
111,11,新莊分局,總計,94,94
111,11,土城分局,總計,175,175
111,11,新店分局,總計,456,456
111,11,蘆洲分局,總計,213,213
111,11,三峽分局,總計,164,164
111,11,樹林分局,總計,31,31
111,11,汐止分局,總計,87,87
111,11,淡水分局,總計,206,206
111,11,瑞芳分局,總計,19,19
111,11,金山分局,總計,9,9
111,11,林口分局,總計,10,10
111,11,總　　　計,罰鍰,2979,2979
111,11,板橋分局,罰鍰,233,233
111,11,海山分局,罰鍰,1080,1080
111,11,中和分局,罰鍰,216,216
111,11,永和分局,罰鍰,135,135
111,11,三重分局,罰鍰,253,253
111,11,新莊分局,罰鍰,67,67
111,11,土城分局,罰鍰,85,85
111,11,新店分局,罰鍰,456,456
111,11,蘆洲分局,罰鍰,113,113
111,11,三峽分局,罰鍰,112,112
111,11,樹林分局,罰鍰,26,26
111,11,汐止分局,罰鍰,87,87
111,11,淡水分局,罰鍰,103,103
111,11,瑞芳分局,罰鍰,1,1
111,11,金山分局,罰鍰,2,2
111,11,林口分局,罰鍰,10,10
111,11,總　　　計,没入攤架,0,0
111,11,板橋分局,没入攤架,0,0
111,11,海山分局,没入攤架,0,0
111,11,中和分局,没入攤架,0,0
111,11,永和分局,没入攤架,0,0
111,11,三重分局,没入攤架,0,0
111,11,新莊分局,没入攤架,0,0
111,11,土城分局,没入攤架,0,0
111,11,新店分局,没入攤架,0,0
111,11,蘆洲分局,没入攤架,0,0
111,11,三峽分局,没入攤架,0,0
111,11,樹林分局,没入攤架,0,0
111,11,汐止分局,没入攤架,0,0
111,11,淡水分局,没入攤架,0,0
111,11,瑞芳分局,没入攤架,0,0
111,11,金山分局,没入攤架,0,0
111,11,林口分局,没入攤架,0,0
111,11,總　　　計,拆除攤架,0,0
111,11,板橋分局,拆除攤架,0,0
111,11,海山分局,拆除攤架,0,0
111,11,中和分局,拆除攤架,0,0
111,11,永和分局,拆除攤架,0,0
111,11,三重分局,拆除攤架,0,0
111,11,新莊分局,拆除攤架,0,0
111,11,土城分局,拆除攤架,0,0
111,11,新店分局,拆除攤架,0,0
111,11,蘆洲分局,拆除攤架,0,0
111,11,三峽分局,拆除攤架,0,0
111,11,樹林分局,拆除攤架,0,0
111,11,汐止分局,拆除攤架,0,0
111,11,淡水分局,拆除攤架,0,0
111,11,瑞芳分局,拆除攤架,0,0
111,11,金山分局,拆除攤架,0,0
111,11,林口分局,拆除攤架,0,0
111,11,總　　　計,勸導,911,911
111,11,板橋分局,勸導,159,159
111,11,海山分局,勸導,130,130
111,11,中和分局,勸導,199,199
111,11,永和分局,勸導,0,0
111,11,三重分局,勸導,21,21
111,11,新莊分局,勸導,27,27
111,11,土城分局,勸導,90,90
111,11,新店分局,勸導,0,0
111,11,蘆洲分局,勸導,100,100
111,11,三峽分局,勸導,52,52
111,11,樹林分局,勸導,5,5
111,11,汐止分局,勸導,0,0
111,11,淡水分局,勸導,103,103
111,11,瑞芳分局,勸導,18,18
111,11,金山分局,勸導,7,7
111,11,林口分局,勸導,0,0
111,12,總　　　計,總計,4046,4046
111,12,板橋分局,總計,457,457
111,12,海山分局,總計,1389,1389
111,12,中和分局,總計,436,436
111,12,永和分局,總計,137,137
111,12,三重分局,總計,263,263
111,12,新莊分局,總計,270,270
111,12,土城分局,總計,199,199
111,12,新店分局,總計,322,322
111,12,蘆洲分局,總計,214,214
111,12,三峽分局,總計,127,127
111,12,樹林分局,總計,27,27
111,12,汐止分局,總計,87,87
111,12,淡水分局,總計,82,82
111,12,瑞芳分局,總計,21,21
111,12,金山分局,總計,5,5
111,12,林口分局,總計,10,10
111,12,總　　　計,罰鍰,2954,2954
111,12,板橋分局,罰鍰,280,280
111,12,海山分局,罰鍰,1187,1187
111,12,中和分局,罰鍰,235,235
111,12,永和分局,罰鍰,137,137
111,12,三重分局,罰鍰,263,263
111,12,新莊分局,罰鍰,62,62
111,12,土城分局,罰鍰,107,107
111,12,新店分局,罰鍰,322,322
111,12,蘆洲分局,罰鍰,124,124
111,12,三峽分局,罰鍰,75,75
111,12,樹林分局,罰鍰,22,22
111,12,汐止分局,罰鍰,87,87
111,12,淡水分局,罰鍰,41,41
111,12,瑞芳分局,罰鍰,1,1
111,12,金山分局,罰鍰,1,1
111,12,林口分局,罰鍰,10,10
111,12,總　　　計,没入攤架,0,0
111,12,板橋分局,没入攤架,0,0
111,12,海山分局,没入攤架,0,0
111,12,中和分局,没入攤架,0,0
111,12,永和分局,没入攤架,0,0
111,12,三重分局,没入攤架,0,0
111,12,新莊分局,没入攤架,0,0
111,12,土城分局,没入攤架,0,0
111,12,新店分局,没入攤架,0,0
111,12,蘆洲分局,没入攤架,0,0
111,12,三峽分局,没入攤架,0,0
111,12,樹林分局,没入攤架,0,0
111,12,汐止分局,没入攤架,0,0
111,12,淡水分局,没入攤架,0,0
111,12,瑞芳分局,没入攤架,0,0
111,12,金山分局,没入攤架,0,0
111,12,林口分局,没入攤架,0,0
111,12,總　　　計,拆除攤架,0,0
111,12,板橋分局,拆除攤架,0,0
111,12,海山分局,拆除攤架,0,0
111,12,中和分局,拆除攤架,0,0
111,12,永和分局,拆除攤架,0,0
111,12,三重分局,拆除攤架,0,0
111,12,新莊分局,拆除攤架,0,0
111,12,土城分局,拆除攤架,0,0
111,12,新店分局,拆除攤架,0,0
111,12,蘆洲分局,拆除攤架,0,0
111,12,三峽分局,拆除攤架,0,0
111,12,樹林分局,拆除攤架,0,0
111,12,汐止分局,拆除攤架,0,0
111,12,淡水分局,拆除攤架,0,0
111,12,瑞芳分局,拆除攤架,0,0
111,12,金山分局,拆除攤架,0,0
111,12,林口分局,拆除攤架,0,0
111,12,總　　　計,勸導,1092,1092
111,12,板橋分局,勸導,177,177
111,12,海山分局,勸導,202,202
111,12,中和分局,勸導,201,201
111,12,永和分局,勸導,0,0
111,12,三重分局,勸導,0,0
111,12,新莊分局,勸導,208,208
111,12,土城分局,勸導,92,92
111,12,新店分局,勸導,0,0
111,12,蘆洲分局,勸導,90,90
111,12,三峽分局,勸導,52,52
111,12,樹林分局,勸導,5,5
111,12,汐止分局,勸導,0,0
111,12,淡水分局,勸導,41,41
111,12,瑞芳分局,勸導,20,20
111,12,金山分局,勸導,4,4
111,12,林口分局,勸導,0,0
112,1,總　　　計,總計,2895,2895
112,1,板橋分局,總計,317,317
112,1,海山分局,總計,218,218
112,1,中和分局,總計,340,340
112,1,永和分局,總計,168,168
112,1,三重分局,總計,298,298
112,1,新莊分局,總計,353,353
112,1,土城分局,總計,191,191
112,1,新店分局,總計,315,315
112,1,蘆洲分局,總計,197,197
112,1,三峽分局,總計,221,221
112,1,樹林分局,總計,48,48
112,1,汐止分局,總計,87,87
112,1,淡水分局,總計,88,88
112,1,瑞芳分局,總計,29,29
112,1,金山分局,總計,2,2
112,1,林口分局,總計,23,23
112,1,總　　　計,罰鍰,1965,1965
112,1,板橋分局,罰鍰,172,172
112,1,海山分局,罰鍰,192,192
112,1,中和分局,罰鍰,174,174
112,1,永和分局,罰鍰,168,168
112,1,三重分局,罰鍰,242,242
112,1,新莊分局,罰鍰,121,121
112,1,土城分局,罰鍰,89,89
112,1,新店分局,罰鍰,315,315
112,1,蘆洲分局,罰鍰,106,106
112,1,三峽分局,罰鍰,142,142
112,1,樹林分局,罰鍰,42,42
112,1,汐止分局,罰鍰,87,87
112,1,淡水分局,罰鍰,88,88
112,1,瑞芳分局,罰鍰,4,4
112,1,金山分局,罰鍰,0,0
112,1,林口分局,罰鍰,23,23
112,1,總　　　計,没入攤架,0,0
112,1,板橋分局,没入攤架,0,0
112,1,海山分局,没入攤架,0,0
112,1,中和分局,没入攤架,0,0
112,1,永和分局,没入攤架,0,0
112,1,三重分局,没入攤架,0,0
112,1,新莊分局,没入攤架,0,0
112,1,土城分局,没入攤架,0,0
112,1,新店分局,没入攤架,0,0
112,1,蘆洲分局,没入攤架,0,0
112,1,三峽分局,没入攤架,0,0
112,1,樹林分局,没入攤架,0,0
112,1,汐止分局,没入攤架,0,0
112,1,淡水分局,没入攤架,0,0
112,1,瑞芳分局,没入攤架,0,0
112,1,金山分局,没入攤架,0,0
112,1,林口分局,没入攤架,0,0
112,1,總　　　計,拆除攤架,0,0
112,1,板橋分局,拆除攤架,0,0
112,1,海山分局,拆除攤架,0,0
112,1,中和分局,拆除攤架,0,0
112,1,永和分局,拆除攤架,0,0
112,1,三重分局,拆除攤架,0,0
112,1,新莊分局,拆除攤架,0,0
112,1,土城分局,拆除攤架,0,0
112,1,新店分局,拆除攤架,0,0
112,1,蘆洲分局,拆除攤架,0,0
112,1,三峽分局,拆除攤架,0,0
112,1,樹林分局,拆除攤架,0,0
112,1,汐止分局,拆除攤架,0,0
112,1,淡水分局,拆除攤架,0,0
112,1,瑞芳分局,拆除攤架,0,0
112,1,金山分局,拆除攤架,0,0
112,1,林口分局,拆除攤架,0,0
112,1,總　　　計,勸導,930,930
112,1,板橋分局,勸導,145,145
112,1,海山分局,勸導,26,26
112,1,中和分局,勸導,166,166
112,1,永和分局,勸導,0,0
112,1,三重分局,勸導,56,56
112,1,新莊分局,勸導,232,232
112,1,土城分局,勸導,102,102
112,1,新店分局,勸導,0,0
112,1,蘆洲分局,勸導,91,91
112,1,三峽分局,勸導,79,79
112,1,樹林分局,勸導,6,6
112,1,汐止分局,勸導,0,0
112,1,淡水分局,勸導,0,0
112,1,瑞芳分局,勸導,25,25
112,1,金山分局,勸導,2,2
112,1,林口分局,勸導,0,0
112,2,總　　　計,總計,2390,2390
112,2,板橋分局,總計,216,216
112,2,海山分局,總計,103,103
112,2,中和分局,總計,305,305
112,2,永和分局,總計,131,131
112,2,三重分局,總計,236,236
112,2,新莊分局,總計,304,304
112,2,土城分局,總計,174,174
112,2,新店分局,總計,345,345
112,2,蘆洲分局,總計,154,154
112,2,三峽分局,總計,181,181
112,2,樹林分局,總計,29,29
112,2,汐止分局,總計,87,87
112,2,淡水分局,總計,75,75
112,2,瑞芳分局,總計,25,25
112,2,金山分局,總計,4,4
112,2,林口分局,總計,21,21
112,2,總　　　計,罰鍰,1530,1530
112,2,板橋分局,罰鍰,111,111
112,2,海山分局,罰鍰,71,71
112,2,中和分局,罰鍰,149,149
112,2,永和分局,罰鍰,131,131
112,2,三重分局,罰鍰,201,201
112,2,新莊分局,罰鍰,91,91
112,2,土城分局,罰鍰,72,72
112,2,新店分局,罰鍰,345,345
112,2,蘆洲分局,罰鍰,64,64
112,2,三峽分局,罰鍰,86,86
112,2,樹林分局,罰鍰,22,22
112,2,汐止分局,罰鍰,87,87
112,2,淡水分局,罰鍰,75,75
112,2,瑞芳分局,罰鍰,3,3
112,2,金山分局,罰鍰,1,1
112,2,林口分局,罰鍰,21,21
112,2,總　　　計,没入攤架,0,0
112,2,板橋分局,没入攤架,0,0
112,2,海山分局,没入攤架,0,0
112,2,中和分局,没入攤架,0,0
112,2,永和分局,没入攤架,0,0
112,2,三重分局,没入攤架,0,0
112,2,新莊分局,没入攤架,0,0
112,2,土城分局,没入攤架,0,0
112,2,新店分局,没入攤架,0,0
112,2,蘆洲分局,没入攤架,0,0
112,2,三峽分局,没入攤架,0,0
112,2,樹林分局,没入攤架,0,0
112,2,汐止分局,没入攤架,0,0
112,2,淡水分局,没入攤架,0,0
112,2,瑞芳分局,没入攤架,0,0
112,2,金山分局,没入攤架,0,0
112,2,林口分局,没入攤架,0,0
112,2,總　　　計,拆除攤架,0,0
112,2,板橋分局,拆除攤架,0,0
112,2,海山分局,拆除攤架,0,0
112,2,中和分局,拆除攤架,0,0
112,2,永和分局,拆除攤架,0,0
112,2,三重分局,拆除攤架,0,0
112,2,新莊分局,拆除攤架,0,0
112,2,土城分局,拆除攤架,0,0
112,2,新店分局,拆除攤架,0,0
112,2,蘆洲分局,拆除攤架,0,0
112,2,三峽分局,拆除攤架,0,0
112,2,樹林分局,拆除攤架,0,0
112,2,汐止分局,拆除攤架,0,0
112,2,淡水分局,拆除攤架,0,0
112,2,瑞芳分局,拆除攤架,0,0
112,2,金山分局,拆除攤架,0,0
112,2,林口分局,拆除攤架,0,0
112,2,總　　　計,勸導,860,860
112,2,板橋分局,勸導,105,105
112,2,海山分局,勸導,32,32
112,2,中和分局,勸導,156,156
112,2,永和分局,勸導,0,0
112,2,三重分局,勸導,35,35
112,2,新莊分局,勸導,213,213
112,2,土城分局,勸導,102,102
112,2,新店分局,勸導,0,0
112,2,蘆洲分局,勸導,90,90
112,2,三峽分局,勸導,95,95
112,2,樹林分局,勸導,7,7
112,2,汐止分局,勸導,0,0
112,2,淡水分局,勸導,0,0
112,2,瑞芳分局,勸導,22,22
112,2,金山分局,勸導,3,3
112,2,林口分局,勸導,0,0
112,3,總　　　計,總計,3423,3423
112,3,板橋分局,總計,321,321
112,3,海山分局,總計,135,135
112,3,中和分局,總計,433,433
112,3,永和分局,總計,178,178
112,3,三重分局,總計,324,324
112,3,新莊分局,總計,467,467
112,3,土城分局,總計,261,261
112,3,新店分局,總計,402,402
112,3,蘆洲分局,總計,255,255
112,3,三峽分局,總計,289,289
112,3,樹林分局,總計,43,43
112,3,汐止分局,總計,87,87
112,3,淡水分局,總計,159,159
112,3,瑞芳分局,總計,34,34
112,3,金山分局,總計,6,6
112,3,林口分局,總計,29,29
112,3,總　　　計,罰鍰,2330,2330
112,3,板橋分局,罰鍰,202,202
112,3,海山分局,罰鍰,100,100
112,3,中和分局,罰鍰,227,227
112,3,永和分局,罰鍰,178,178
112,3,三重分局,罰鍰,269,269
112,3,新莊分局,罰鍰,144,144
112,3,土城分局,罰鍰,129,129
112,3,新店分局,罰鍰,402,402
112,3,蘆洲分局,罰鍰,164,164
112,3,三峽分局,罰鍰,195,195
112,3,樹林分局,罰鍰,36,36
112,3,汐止分局,罰鍰,87,87
112,3,淡水分局,罰鍰,159,159
112,3,瑞芳分局,罰鍰,7,7
112,3,金山分局,罰鍰,2,2
112,3,林口分局,罰鍰,29,29
112,3,總　　　計,没入攤架,0,0
112,3,板橋分局,没入攤架,0,0
112,3,海山分局,没入攤架,0,0
112,3,中和分局,没入攤架,0,0
112,3,永和分局,没入攤架,0,0
112,3,三重分局,没入攤架,0,0
112,3,新莊分局,没入攤架,0,0
112,3,土城分局,没入攤架,0,0
112,3,新店分局,没入攤架,0,0
112,3,蘆洲分局,没入攤架,0,0
112,3,三峽分局,没入攤架,0,0
112,3,樹林分局,没入攤架,0,0
112,3,汐止分局,没入攤架,0,0
112,3,淡水分局,没入攤架,0,0
112,3,瑞芳分局,没入攤架,0,0
112,3,金山分局,没入攤架,0,0
112,3,林口分局,没入攤架,0,0
112,3,總　　　計,拆除攤架,0,0
112,3,板橋分局,拆除攤架,0,0
112,3,海山分局,拆除攤架,0,0
112,3,中和分局,拆除攤架,0,0
112,3,永和分局,拆除攤架,0,0
112,3,三重分局,拆除攤架,0,0
112,3,新莊分局,拆除攤架,0,0
112,3,土城分局,拆除攤架,0,0
112,3,新店分局,拆除攤架,0,0
112,3,蘆洲分局,拆除攤架,0,0
112,3,三峽分局,拆除攤架,0,0
112,3,樹林分局,拆除攤架,0,0
112,3,汐止分局,拆除攤架,0,0
112,3,淡水分局,拆除攤架,0,0
112,3,瑞芳分局,拆除攤架,0,0
112,3,金山分局,拆除攤架,0,0
112,3,林口分局,拆除攤架,0,0
112,3,總　　　計,勸導,1093,1093
112,3,板橋分局,勸導,119,119
112,3,海山分局,勸導,35,35
112,3,中和分局,勸導,206,206
112,3,永和分局,勸導,0,0
112,3,三重分局,勸導,55,55
112,3,新莊分局,勸導,323,323
112,3,土城分局,勸導,132,132
112,3,新店分局,勸導,0,0
112,3,蘆洲分局,勸導,91,91
112,3,三峽分局,勸導,94,94
112,3,樹林分局,勸導,7,7
112,3,汐止分局,勸導,0,0
112,3,淡水分局,勸導,0,0
112,3,瑞芳分局,勸導,27,27
112,3,金山分局,勸導,4,4
112,3,林口分局,勸導,0,0
112,4,總　　　計,總計,3148,3148
112,4,板橋分局,總計,415,415
112,4,海山分局,總計,149,149
112,4,中和分局,總計,325,325
112,4,永和分局,總計,150,150
112,4,三重分局,總計,271,271
112,4,新莊分局,總計,424,424
112,4,土城分局,總計,228,228
112,4,新店分局,總計,424,424
112,4,蘆洲分局,總計,209,209
112,4,三峽分局,總計,214,214
112,4,樹林分局,總計,31,31
112,4,汐止分局,總計,87,87
112,4,淡水分局,總計,146,146
112,4,瑞芳分局,總計,40,40
112,4,金山分局,總計,7,7
112,4,林口分局,總計,28,28
112,4,總　　　計,罰鍰,2130,2130
112,4,板橋分局,罰鍰,284,284
112,4,海山分局,罰鍰,114,114
112,4,中和分局,罰鍰,155,155
112,4,永和分局,罰鍰,150,150
112,4,三重分局,罰鍰,215,215
112,4,新莊分局,罰鍰,121,121
112,4,土城分局,罰鍰,88,88
112,4,新店分局,罰鍰,424,424
112,4,蘆洲分局,罰鍰,117,117
112,4,三峽分局,罰鍰,165,165
112,4,樹林分局,罰鍰,24,24
112,4,汐止分局,罰鍰,87,87
112,4,淡水分局,罰鍰,146,146
112,4,瑞芳分局,罰鍰,10,10
112,4,金山分局,罰鍰,2,2
112,4,林口分局,罰鍰,28,28
112,4,總　　　計,没入攤架,0,0
112,4,板橋分局,没入攤架,0,0
112,4,海山分局,没入攤架,0,0
112,4,中和分局,没入攤架,0,0
112,4,永和分局,没入攤架,0,0
112,4,三重分局,没入攤架,0,0
112,4,新莊分局,没入攤架,0,0
112,4,土城分局,没入攤架,0,0
112,4,新店分局,没入攤架,0,0
112,4,蘆洲分局,没入攤架,0,0
112,4,三峽分局,没入攤架,0,0
112,4,樹林分局,没入攤架,0,0
112,4,汐止分局,没入攤架,0,0
112,4,淡水分局,没入攤架,0,0
112,4,瑞芳分局,没入攤架,0,0
112,4,金山分局,没入攤架,0,0
112,4,林口分局,没入攤架,0,0
112,4,總　　　計,拆除攤架,0,0
112,4,板橋分局,拆除攤架,0,0
112,4,海山分局,拆除攤架,0,0
112,4,中和分局,拆除攤架,0,0
112,4,永和分局,拆除攤架,0,0
112,4,三重分局,拆除攤架,0,0
112,4,新莊分局,拆除攤架,0,0
112,4,土城分局,拆除攤架,0,0
112,4,新店分局,拆除攤架,0,0
112,4,蘆洲分局,拆除攤架,0,0
112,4,三峽分局,拆除攤架,0,0
112,4,樹林分局,拆除攤架,0,0
112,4,汐止分局,拆除攤架,0,0
112,4,淡水分局,拆除攤架,0,0
112,4,瑞芳分局,拆除攤架,0,0
112,4,金山分局,拆除攤架,0,0
112,4,林口分局,拆除攤架,0,0
112,4,總　　　計,勸導,1018,1018
112,4,板橋分局,勸導,131,131
112,4,海山分局,勸導,35,35
112,4,中和分局,勸導,170,170
112,4,永和分局,勸導,0,0
112,4,三重分局,勸導,56,56
112,4,新莊分局,勸導,303,303
112,4,土城分局,勸導,140,140
112,4,新店分局,勸導,0,0
112,4,蘆洲分局,勸導,92,92
112,4,三峽分局,勸導,49,49
112,4,樹林分局,勸導,7,7
112,4,汐止分局,勸導,0,0
112,4,淡水分局,勸導,0,0
112,4,瑞芳分局,勸導,30,30
112,4,金山分局,勸導,5,5
112,4,林口分局,勸導,0,0
112,5,總　　　計,總計,3538,3538
112,5,板橋分局,總計,379,379
112,5,海山分局,總計,143,143
112,5,中和分局,總計,317,317
112,5,永和分局,總計,150,150
112,5,三重分局,總計,339,339
112,5,新莊分局,總計,534,534
112,5,土城分局,總計,315,315
112,5,新店分局,總計,474,474
112,5,蘆洲分局,總計,229,229
112,5,三峽分局,總計,253,253
112,5,樹林分局,總計,46,46
112,5,汐止分局,總計,87,87
112,5,淡水分局,總計,185,185
112,5,瑞芳分局,總計,35,35
112,5,金山分局,總計,6,6
112,5,林口分局,總計,46,46
112,5,總　　　計,罰鍰,2532,2532
112,5,板橋分局,罰鍰,257,257
112,5,海山分局,罰鍰,101,101
112,5,中和分局,罰鍰,154,154
112,5,永和分局,罰鍰,150,150
112,5,三重分局,罰鍰,339,339
112,5,新莊分局,罰鍰,191,191
112,5,土城分局,罰鍰,165,165
112,5,新店分局,罰鍰,474,474
112,5,蘆洲分局,罰鍰,137,137
112,5,三峽分局,罰鍰,202,202
112,5,樹林分局,罰鍰,39,39
112,5,汐止分局,罰鍰,87,87
112,5,淡水分局,罰鍰,185,185
112,5,瑞芳分局,罰鍰,3,3
112,5,金山分局,罰鍰,2,2
112,5,林口分局,罰鍰,46,46
112,5,總　　　計,没入攤架,0,0
112,5,板橋分局,没入攤架,0,0
112,5,海山分局,没入攤架,0,0
112,5,中和分局,没入攤架,0,0
112,5,永和分局,没入攤架,0,0
112,5,三重分局,没入攤架,0,0
112,5,新莊分局,没入攤架,0,0
112,5,土城分局,没入攤架,0,0
112,5,新店分局,没入攤架,0,0
112,5,蘆洲分局,没入攤架,0,0
112,5,三峽分局,没入攤架,0,0
112,5,樹林分局,没入攤架,0,0
112,5,汐止分局,没入攤架,0,0
112,5,淡水分局,没入攤架,0,0
112,5,瑞芳分局,没入攤架,0,0
112,5,金山分局,没入攤架,0,0
112,5,林口分局,没入攤架,0,0
112,5,總　　　計,拆除攤架,0,0
112,5,板橋分局,拆除攤架,0,0
112,5,海山分局,拆除攤架,0,0
112,5,中和分局,拆除攤架,0,0
112,5,永和分局,拆除攤架,0,0
112,5,三重分局,拆除攤架,0,0
112,5,新莊分局,拆除攤架,0,0
112,5,土城分局,拆除攤架,0,0
112,5,新店分局,拆除攤架,0,0
112,5,蘆洲分局,拆除攤架,0,0
112,5,三峽分局,拆除攤架,0,0
112,5,樹林分局,拆除攤架,0,0
112,5,汐止分局,拆除攤架,0,0
112,5,淡水分局,拆除攤架,0,0
112,5,瑞芳分局,拆除攤架,0,0
112,5,金山分局,拆除攤架,0,0
112,5,林口分局,拆除攤架,0,0
112,5,總　　　計,勸導,1006,1006
112,5,板橋分局,勸導,122,122
112,5,海山分局,勸導,42,42
112,5,中和分局,勸導,163,163
112,5,永和分局,勸導,0,0
112,5,三重分局,勸導,0,0
112,5,新莊分局,勸導,343,343
112,5,土城分局,勸導,150,150
112,5,新店分局,勸導,0,0
112,5,蘆洲分局,勸導,92,92
112,5,三峽分局,勸導,51,51
112,5,樹林分局,勸導,7,7
112,5,汐止分局,勸導,0,0
112,5,淡水分局,勸導,0,0
112,5,瑞芳分局,勸導,32,32
112,5,金山分局,勸導,4,4
112,5,林口分局,勸導,0,0
112,6,總　　　計,總計,3098,3098
112,6,板橋分局,總計,272,272
112,6,海山分局,總計,145,145
112,6,中和分局,總計,288,288
112,6,永和分局,總計,113,113
112,6,三重分局,總計,389,389
112,6,新莊分局,總計,456,456
112,6,土城分局,總計,281,281
112,6,新店分局,總計,400,400
112,6,蘆洲分局,總計,248,248
112,6,三峽分局,總計,211,211
112,6,樹林分局,總計,56,56
112,6,汐止分局,總計,87,87
112,6,淡水分局,總計,80,80
112,6,瑞芳分局,總計,33,33
112,6,金山分局,總計,5,5
112,6,林口分局,總計,34,34
112,6,總　　　計,罰鍰,2099,2099
112,6,板橋分局,罰鍰,173,173
112,6,海山分局,罰鍰,89,89
112,6,中和分局,罰鍰,147,147
112,6,永和分局,罰鍰,113,113
112,6,三重分局,罰鍰,347,347
112,6,新莊分局,罰鍰,142,142
112,6,土城分局,罰鍰,138,138
112,6,新店分局,罰鍰,400,400
112,6,蘆洲分局,罰鍰,138,138
112,6,三峽分局,罰鍰,152,152
112,6,樹林分局,罰鍰,51,51
112,6,汐止分局,罰鍰,87,87
112,6,淡水分局,罰鍰,80,80
112,6,瑞芳分局,罰鍰,3,3
112,6,金山分局,罰鍰,5,5
112,6,林口分局,罰鍰,34,34
112,6,總　　　計,没入攤架,0,0
112,6,板橋分局,没入攤架,0,0
112,6,海山分局,没入攤架,0,0
112,6,中和分局,没入攤架,0,0
112,6,永和分局,没入攤架,0,0
112,6,三重分局,没入攤架,0,0
112,6,新莊分局,没入攤架,0,0
112,6,土城分局,没入攤架,0,0
112,6,新店分局,没入攤架,0,0
112,6,蘆洲分局,没入攤架,0,0
112,6,三峽分局,没入攤架,0,0
112,6,樹林分局,没入攤架,0,0
112,6,汐止分局,没入攤架,0,0
112,6,淡水分局,没入攤架,0,0
112,6,瑞芳分局,没入攤架,0,0
112,6,金山分局,没入攤架,0,0
112,6,林口分局,没入攤架,0,0
112,6,總　　　計,拆除攤架,0,0
112,6,板橋分局,拆除攤架,0,0
112,6,海山分局,拆除攤架,0,0
112,6,中和分局,拆除攤架,0,0
112,6,永和分局,拆除攤架,0,0
112,6,三重分局,拆除攤架,0,0
112,6,新莊分局,拆除攤架,0,0
112,6,土城分局,拆除攤架,0,0
112,6,新店分局,拆除攤架,0,0
112,6,蘆洲分局,拆除攤架,0,0
112,6,三峽分局,拆除攤架,0,0
112,6,樹林分局,拆除攤架,0,0
112,6,汐止分局,拆除攤架,0,0
112,6,淡水分局,拆除攤架,0,0
112,6,瑞芳分局,拆除攤架,0,0
112,6,金山分局,拆除攤架,0,0
112,6,林口分局,拆除攤架,0,0
112,6,總　　　計,勸導,999,999
112,6,板橋分局,勸導,99,99
112,6,海山分局,勸導,56,56
112,6,中和分局,勸導,141,141
112,6,永和分局,勸導,0,0
112,6,三重分局,勸導,42,42
112,6,新莊分局,勸導,314,314
112,6,土城分局,勸導,143,143
112,6,新店分局,勸導,0,0
112,6,蘆洲分局,勸導,110,110
112,6,三峽分局,勸導,59,59
112,6,樹林分局,勸導,5,5
112,6,汐止分局,勸導,0,0
112,6,淡水分局,勸導,0,0
112,6,瑞芳分局,勸導,30,30
112,6,金山分局,勸導,0,0
112,6,林口分局,勸導,0,0
112,7,總　　　計,總計,3172,3172
112,7,板橋分局,總計,472,472
112,7,海山分局,總計,159,159
112,7,中和分局,總計,349,349
112,7,永和分局,總計,136,136
112,7,三重分局,總計,353,353
112,7,新莊分局,總計,377,377
112,7,土城分局,總計,286,286
112,7,新店分局,總計,300,300
112,7,蘆洲分局,總計,257,257
112,7,三峽分局,總計,158,158
112,7,樹林分局,總計,33,33
112,7,汐止分局,總計,87,87
112,7,淡水分局,總計,138,138
112,7,瑞芳分局,總計,43,43
112,7,金山分局,總計,3,3
112,7,林口分局,總計,21,21
112,7,總　　　計,罰鍰,2161,2161
112,7,板橋分局,罰鍰,345,345
112,7,海山分局,罰鍰,106,106
112,7,中和分局,罰鍰,187,187
112,7,永和分局,罰鍰,136,136
112,7,三重分局,罰鍰,317,317
112,7,新莊分局,罰鍰,105,105
112,7,土城分局,罰鍰,133,133
112,7,新店分局,罰鍰,300,300
112,7,蘆洲分局,罰鍰,158,158
112,7,三峽分局,罰鍰,90,90
112,7,樹林分局,罰鍰,28,28
112,7,汐止分局,罰鍰,87,87
112,7,淡水分局,罰鍰,138,138
112,7,瑞芳分局,罰鍰,10,10
112,7,金山分局,罰鍰,0,0
112,7,林口分局,罰鍰,21,21
112,7,總　　　計,没入攤架,0,0
112,7,板橋分局,没入攤架,0,0
112,7,海山分局,没入攤架,0,0
112,7,中和分局,没入攤架,0,0
112,7,永和分局,没入攤架,0,0
112,7,三重分局,没入攤架,0,0
112,7,新莊分局,没入攤架,0,0
112,7,土城分局,没入攤架,0,0
112,7,新店分局,没入攤架,0,0
112,7,蘆洲分局,没入攤架,0,0
112,7,三峽分局,没入攤架,0,0
112,7,樹林分局,没入攤架,0,0
112,7,汐止分局,没入攤架,0,0
112,7,淡水分局,没入攤架,0,0
112,7,瑞芳分局,没入攤架,0,0
112,7,金山分局,没入攤架,0,0
112,7,林口分局,没入攤架,0,0
112,7,總　　　計,拆除攤架,0,0
112,7,板橋分局,拆除攤架,0,0
112,7,海山分局,拆除攤架,0,0
112,7,中和分局,拆除攤架,0,0
112,7,永和分局,拆除攤架,0,0
112,7,三重分局,拆除攤架,0,0
112,7,新莊分局,拆除攤架,0,0
112,7,土城分局,拆除攤架,0,0
112,7,新店分局,拆除攤架,0,0
112,7,蘆洲分局,拆除攤架,0,0
112,7,三峽分局,拆除攤架,0,0
112,7,樹林分局,拆除攤架,0,0
112,7,汐止分局,拆除攤架,0,0
112,7,淡水分局,拆除攤架,0,0
112,7,瑞芳分局,拆除攤架,0,0
112,7,金山分局,拆除攤架,0,0
112,7,林口分局,拆除攤架,0,0
112,7,總　　　計,勸導,1011,1011
112,7,板橋分局,勸導,127,127
112,7,海山分局,勸導,53,53
112,7,中和分局,勸導,162,162
112,7,永和分局,勸導,0,0
112,7,三重分局,勸導,36,36
112,7,新莊分局,勸導,272,272
112,7,土城分局,勸導,153,153
112,7,新店分局,勸導,0,0
112,7,蘆洲分局,勸導,99,99
112,7,三峽分局,勸導,68,68
112,7,樹林分局,勸導,5,5
112,7,汐止分局,勸導,0,0
112,7,淡水分局,勸導,0,0
112,7,瑞芳分局,勸導,33,33
112,7,金山分局,勸導,3,3
112,7,林口分局,勸導,0,0
112,8,總　　　計,總計,3025,3025
112,8,板橋分局,總計,404,404
112,8,海山分局,總計,167,167
112,8,中和分局,總計,374,374
112,8,永和分局,總計,158,158
112,8,三重分局,總計,270,270
112,8,新莊分局,總計,404,404
112,8,土城分局,總計,322,322
112,8,新店分局,總計,316,316
112,8,蘆洲分局,總計,216,216
112,8,三峽分局,總計,126,126
112,8,樹林分局,總計,39,39
112,8,汐止分局,總計,87,87
112,8,淡水分局,總計,82,82
112,8,瑞芳分局,總計,33,33
112,8,金山分局,總計,5,5
112,8,林口分局,總計,22,22
112,8,總　　　計,罰鍰,1826,1826
112,8,板橋分局,罰鍰,135,135
112,8,海山分局,罰鍰,105,105
112,8,中和分局,罰鍰,183,183
112,8,永和分局,罰鍰,158,158
112,8,三重分局,罰鍰,249,249
112,8,新莊分局,罰鍰,135,135
112,8,土城分局,罰鍰,144,144
112,8,新店分局,罰鍰,316,316
112,8,蘆洲分局,罰鍰,104,104
112,8,三峽分局,罰鍰,66,66
112,8,樹林分局,罰鍰,34,34
112,8,汐止分局,罰鍰,87,87
112,8,淡水分局,罰鍰,82,82
112,8,瑞芳分局,罰鍰,5,5
112,8,金山分局,罰鍰,1,1
112,8,林口分局,罰鍰,22,22
112,8,總　　　計,没入攤架,0,0
112,8,板橋分局,没入攤架,0,0
112,8,海山分局,没入攤架,0,0
112,8,中和分局,没入攤架,0,0
112,8,永和分局,没入攤架,0,0
112,8,三重分局,没入攤架,0,0
112,8,新莊分局,没入攤架,0,0
112,8,土城分局,没入攤架,0,0
112,8,新店分局,没入攤架,0,0
112,8,蘆洲分局,没入攤架,0,0
112,8,三峽分局,没入攤架,0,0
112,8,樹林分局,没入攤架,0,0
112,8,汐止分局,没入攤架,0,0
112,8,淡水分局,没入攤架,0,0
112,8,瑞芳分局,没入攤架,0,0
112,8,金山分局,没入攤架,0,0
112,8,林口分局,没入攤架,0,0
112,8,總　　　計,拆除攤架,0,0
112,8,板橋分局,拆除攤架,0,0
112,8,海山分局,拆除攤架,0,0
112,8,中和分局,拆除攤架,0,0
112,8,永和分局,拆除攤架,0,0
112,8,三重分局,拆除攤架,0,0
112,8,新莊分局,拆除攤架,0,0
112,8,土城分局,拆除攤架,0,0
112,8,新店分局,拆除攤架,0,0
112,8,蘆洲分局,拆除攤架,0,0
112,8,三峽分局,拆除攤架,0,0
112,8,樹林分局,拆除攤架,0,0
112,8,汐止分局,拆除攤架,0,0
112,8,淡水分局,拆除攤架,0,0
112,8,瑞芳分局,拆除攤架,0,0
112,8,金山分局,拆除攤架,0,0
112,8,林口分局,拆除攤架,0,0
112,8,總　　　計,勸導,1199,1199
112,8,板橋分局,勸導,269,269
112,8,海山分局,勸導,62,62
112,8,中和分局,勸導,191,191
112,8,永和分局,勸導,0,0
112,8,三重分局,勸導,21,21
112,8,新莊分局,勸導,269,269
112,8,土城分局,勸導,178,178
112,8,新店分局,勸導,0,0
112,8,蘆洲分局,勸導,112,112
112,8,三峽分局,勸導,60,60
112,8,樹林分局,勸導,5,5
112,8,汐止分局,勸導,0,0
112,8,淡水分局,勸導,0,0
112,8,瑞芳分局,勸導,28,28
112,8,金山分局,勸導,4,4
112,8,林口分局,勸導,0,0
112,9,總　　　計,總計,2729,2729
112,9,板橋分局,總計,341,341
112,9,海山分局,總計,149,149
112,9,中和分局,總計,344,344
112,9,永和分局,總計,90,90
112,9,三重分局,總計,274,274
112,9,新莊分局,總計,272,272
112,9,土城分局,總計,330,330
112,9,新店分局,總計,278,278
112,9,蘆洲分局,總計,214,214
112,9,三峽分局,總計,154,154
112,9,樹林分局,總計,38,38
112,9,汐止分局,總計,87,87
112,9,淡水分局,總計,91,91
112,9,瑞芳分局,總計,35,35
112,9,金山分局,總計,6,6
112,9,林口分局,總計,26,26
112,9,總　　　計,罰鍰,1787,1787
112,9,板橋分局,罰鍰,246,246
112,9,海山分局,罰鍰,86,86
112,9,中和分局,罰鍰,169,169
112,9,永和分局,罰鍰,90,90
112,9,三重分局,罰鍰,242,242
112,9,新莊分局,罰鍰,90,90
112,9,土城分局,罰鍰,148,148
112,9,新店分局,罰鍰,278,278
112,9,蘆洲分局,罰鍰,104,104
112,9,三峽分局,罰鍰,88,88
112,9,樹林分局,罰鍰,34,34
112,9,汐止分局,罰鍰,87,87
112,9,淡水分局,罰鍰,91,91
112,9,瑞芳分局,罰鍰,7,7
112,9,金山分局,罰鍰,1,1
112,9,林口分局,罰鍰,26,26
112,9,總　　　計,没入攤架,0,0
112,9,板橋分局,没入攤架,0,0
112,9,海山分局,没入攤架,0,0
112,9,中和分局,没入攤架,0,0
112,9,永和分局,没入攤架,0,0
112,9,三重分局,没入攤架,0,0
112,9,新莊分局,没入攤架,0,0
112,9,土城分局,没入攤架,0,0
112,9,新店分局,没入攤架,0,0
112,9,蘆洲分局,没入攤架,0,0
112,9,三峽分局,没入攤架,0,0
112,9,樹林分局,没入攤架,0,0
112,9,汐止分局,没入攤架,0,0
112,9,淡水分局,没入攤架,0,0
112,9,瑞芳分局,没入攤架,0,0
112,9,金山分局,没入攤架,0,0
112,9,林口分局,没入攤架,0,0
112,9,總　　　計,拆除攤架,0,0
112,9,板橋分局,拆除攤架,0,0
112,9,海山分局,拆除攤架,0,0
112,9,中和分局,拆除攤架,0,0
112,9,永和分局,拆除攤架,0,0
112,9,三重分局,拆除攤架,0,0
112,9,新莊分局,拆除攤架,0,0
112,9,土城分局,拆除攤架,0,0
112,9,新店分局,拆除攤架,0,0
112,9,蘆洲分局,拆除攤架,0,0
112,9,三峽分局,拆除攤架,0,0
112,9,樹林分局,拆除攤架,0,0
112,9,汐止分局,拆除攤架,0,0
112,9,淡水分局,拆除攤架,0,0
112,9,瑞芳分局,拆除攤架,0,0
112,9,金山分局,拆除攤架,0,0
112,9,林口分局,拆除攤架,0,0
112,9,總　　　計,勸導,942,942
112,9,板橋分局,勸導,95,95
112,9,海山分局,勸導,63,63
112,9,中和分局,勸導,175,175
112,9,永和分局,勸導,0,0
112,9,三重分局,勸導,32,32
112,9,新莊分局,勸導,182,182
112,9,土城分局,勸導,182,182
112,9,新店分局,勸導,0,0
112,9,蘆洲分局,勸導,110,110
112,9,三峽分局,勸導,66,66
112,9,樹林分局,勸導,4,4
112,9,汐止分局,勸導,0,0
112,9,淡水分局,勸導,0,0
112,9,瑞芳分局,勸導,28,28
112,9,金山分局,勸導,5,5
112,9,林口分局,勸導,0,0
112,10,總　　　計,總計,2587,2587
112,10,板橋分局,總計,240,240
112,10,海山分局,總計,146,146
112,10,中和分局,總計,395,395
112,10,永和分局,總計,74,74
112,10,三重分局,總計,215,215
112,10,新莊分局,總計,403,403
112,10,土城分局,總計,286,286
112,10,新店分局,總計,237,237
112,10,蘆洲分局,總計,191,191
112,10,三峽分局,總計,103,103
112,10,樹林分局,總計,29,29
112,10,汐止分局,總計,87,87
112,10,淡水分局,總計,91,91
112,10,瑞芳分局,總計,53,53
112,10,金山分局,總計,5,5
112,10,林口分局,總計,32,32
112,10,總　　　計,罰鍰,1506,1506
112,10,板橋分局,罰鍰,152,152
112,10,海山分局,罰鍰,68,68
112,10,中和分局,罰鍰,214,214
112,10,永和分局,罰鍰,74,74
112,10,三重分局,罰鍰,183,183
112,10,新莊分局,罰鍰,100,100
112,10,土城分局,罰鍰,124,124
112,10,新店分局,罰鍰,237,237
112,10,蘆洲分局,罰鍰,65,65
112,10,三峽分局,罰鍰,39,39
112,10,樹林分局,罰鍰,25,25
112,10,汐止分局,罰鍰,87,87
112,10,淡水分局,罰鍰,87,87
112,10,瑞芳分局,罰鍰,18,18
112,10,金山分局,罰鍰,1,1
112,10,林口分局,罰鍰,32,32
112,10,總　　　計,没入攤架,0,0
112,10,板橋分局,没入攤架,0,0
112,10,海山分局,没入攤架,0,0
112,10,中和分局,没入攤架,0,0
112,10,永和分局,没入攤架,0,0
112,10,三重分局,没入攤架,0,0
112,10,新莊分局,没入攤架,0,0
112,10,土城分局,没入攤架,0,0
112,10,新店分局,没入攤架,0,0
112,10,蘆洲分局,没入攤架,0,0
112,10,三峽分局,没入攤架,0,0
112,10,樹林分局,没入攤架,0,0
112,10,汐止分局,没入攤架,0,0
112,10,淡水分局,没入攤架,0,0
112,10,瑞芳分局,没入攤架,0,0
112,10,金山分局,没入攤架,0,0
112,10,林口分局,没入攤架,0,0
112,10,總　　　計,拆除攤架,0,0
112,10,板橋分局,拆除攤架,0,0
112,10,海山分局,拆除攤架,0,0
112,10,中和分局,拆除攤架,0,0
112,10,永和分局,拆除攤架,0,0
112,10,三重分局,拆除攤架,0,0
112,10,新莊分局,拆除攤架,0,0
112,10,土城分局,拆除攤架,0,0
112,10,新店分局,拆除攤架,0,0
112,10,蘆洲分局,拆除攤架,0,0
112,10,三峽分局,拆除攤架,0,0
112,10,樹林分局,拆除攤架,0,0
112,10,汐止分局,拆除攤架,0,0
112,10,淡水分局,拆除攤架,0,0
112,10,瑞芳分局,拆除攤架,0,0
112,10,金山分局,拆除攤架,0,0
112,10,林口分局,拆除攤架,0,0
112,10,總　　　計,勸導,1081,1081
112,10,板橋分局,勸導,88,88
112,10,海山分局,勸導,78,78
112,10,中和分局,勸導,181,181
112,10,永和分局,勸導,0,0
112,10,三重分局,勸導,32,32
112,10,新莊分局,勸導,303,303
112,10,土城分局,勸導,162,162
112,10,新店分局,勸導,0,0
112,10,蘆洲分局,勸導,126,126
112,10,三峽分局,勸導,64,64
112,10,樹林分局,勸導,4,4
112,10,汐止分局,勸導,0,0
112,10,淡水分局,勸導,4,4
112,10,瑞芳分局,勸導,35,35
112,10,金山分局,勸導,4,4
112,10,林口分局,勸導,0,0
112,11,總　　　計,總計,3054,3054
112,11,板橋分局,總計,378,378
112,11,海山分局,總計,291,291
112,11,中和分局,總計,419,419
112,11,永和分局,總計,57,57
112,11,三重分局,總計,316,316
112,11,新莊分局,總計,433,433
112,11,土城分局,總計,285,285
112,11,新店分局,總計,282,282
112,11,蘆洲分局,總計,186,186
112,11,三峽分局,總計,112,112
112,11,樹林分局,總計,37,37
112,11,汐止分局,總計,87,87
112,11,淡水分局,總計,75,75
112,11,瑞芳分局,總計,45,45
112,11,金山分局,總計,4,4
112,11,林口分局,總計,47,47
112,11,總　　　計,罰鍰,1914,1914
112,11,板橋分局,罰鍰,277,277
112,11,海山分局,罰鍰,202,202
112,11,中和分局,罰鍰,219,219
112,11,永和分局,罰鍰,57,57
112,11,三重分局,罰鍰,238,238
112,11,新莊分局,罰鍰,115,115
112,11,土城分局,罰鍰,113,113
112,11,新店分局,罰鍰,282,282
112,11,蘆洲分局,罰鍰,102,102
112,11,三峽分局,罰鍰,52,52
112,11,樹林分局,罰鍰,32,32
112,11,汐止分局,罰鍰,87,87
112,11,淡水分局,罰鍰,75,75
112,11,瑞芳分局,罰鍰,15,15
112,11,金山分局,罰鍰,1,1
112,11,林口分局,罰鍰,47,47
112,11,總　　　計,没入攤架,0,0
112,11,板橋分局,没入攤架,0,0
112,11,海山分局,没入攤架,0,0
112,11,中和分局,没入攤架,0,0
112,11,永和分局,没入攤架,0,0
112,11,三重分局,没入攤架,0,0
112,11,新莊分局,没入攤架,0,0
112,11,土城分局,没入攤架,0,0
112,11,新店分局,没入攤架,0,0
112,11,蘆洲分局,没入攤架,0,0
112,11,三峽分局,没入攤架,0,0
112,11,樹林分局,没入攤架,0,0
112,11,汐止分局,没入攤架,0,0
112,11,淡水分局,没入攤架,0,0
112,11,瑞芳分局,没入攤架,0,0
112,11,金山分局,没入攤架,0,0
112,11,林口分局,没入攤架,0,0
112,11,總　　　計,拆除攤架,0,0
112,11,板橋分局,拆除攤架,0,0
112,11,海山分局,拆除攤架,0,0
112,11,中和分局,拆除攤架,0,0
112,11,永和分局,拆除攤架,0,0
112,11,三重分局,拆除攤架,0,0
112,11,新莊分局,拆除攤架,0,0
112,11,土城分局,拆除攤架,0,0
112,11,新店分局,拆除攤架,0,0
112,11,蘆洲分局,拆除攤架,0,0
112,11,三峽分局,拆除攤架,0,0
112,11,樹林分局,拆除攤架,0,0
112,11,汐止分局,拆除攤架,0,0
112,11,淡水分局,拆除攤架,0,0
112,11,瑞芳分局,拆除攤架,0,0
112,11,金山分局,拆除攤架,0,0
112,11,林口分局,拆除攤架,0,0
112,11,總　　　計,勸導,1140,1140
112,11,板橋分局,勸導,101,101
112,11,海山分局,勸導,89,89
112,11,中和分局,勸導,200,200
112,11,永和分局,勸導,0,0
112,11,三重分局,勸導,78,78
112,11,新莊分局,勸導,318,318
112,11,土城分局,勸導,172,172
112,11,新店分局,勸導,0,0
112,11,蘆洲分局,勸導,84,84
112,11,三峽分局,勸導,60,60
112,11,樹林分局,勸導,5,5
112,11,汐止分局,勸導,0,0
112,11,淡水分局,勸導,0,0
112,11,瑞芳分局,勸導,30,30
112,11,金山分局,勸導,3,3
112,11,林口分局,勸導,0,0
112,12,總　　　計,總計,3660,3660
112,12,板橋分局,總計,844,844
112,12,海山分局,總計,629,629
112,12,中和分局,總計,273,273
112,12,永和分局,總計,79,79
112,12,三重分局,總計,282,282
112,12,新莊分局,總計,413,413
112,12,土城分局,總計,243,243
112,12,新店分局,總計,371,371
112,12,蘆洲分局,總計,190,190
112,12,三峽分局,總計,98,98
112,12,樹林分局,總計,42,42
112,12,汐止分局,總計,87,87
112,12,淡水分局,總計,38,38
112,12,瑞芳分局,總計,35,35
112,12,金山分局,總計,4,4
112,12,林口分局,總計,32,32
112,12,總　　　計,罰鍰,2442,2442
112,12,板橋分局,罰鍰,605,605
112,12,海山分局,罰鍰,449,449
112,12,中和分局,罰鍰,146,146
112,12,永和分局,罰鍰,79,79
112,12,三重分局,罰鍰,259,259
112,12,新莊分局,罰鍰,143,143
112,12,土城分局,罰鍰,61,61
112,12,新店分局,罰鍰,371,371
112,12,蘆洲分局,罰鍰,92,92
112,12,三峽分局,罰鍰,38,38
112,12,樹林分局,罰鍰,37,37
112,12,汐止分局,罰鍰,87,87
112,12,淡水分局,罰鍰,38,38
112,12,瑞芳分局,罰鍰,4,4
112,12,金山分局,罰鍰,1,1
112,12,林口分局,罰鍰,32,32
112,12,總　　　計,没入攤架,0,0
112,12,板橋分局,没入攤架,0,0
112,12,海山分局,没入攤架,0,0
112,12,中和分局,没入攤架,0,0
112,12,永和分局,没入攤架,0,0
112,12,三重分局,没入攤架,0,0
112,12,新莊分局,没入攤架,0,0
112,12,土城分局,没入攤架,0,0
112,12,新店分局,没入攤架,0,0
112,12,蘆洲分局,没入攤架,0,0
112,12,三峽分局,没入攤架,0,0
112,12,樹林分局,没入攤架,0,0
112,12,汐止分局,没入攤架,0,0
112,12,淡水分局,没入攤架,0,0
112,12,瑞芳分局,没入攤架,0,0
112,12,金山分局,没入攤架,0,0
112,12,林口分局,没入攤架,0,0
112,12,總　　　計,拆除攤架,0,0
112,12,板橋分局,拆除攤架,0,0
112,12,海山分局,拆除攤架,0,0
112,12,中和分局,拆除攤架,0,0
112,12,永和分局,拆除攤架,0,0
112,12,三重分局,拆除攤架,0,0
112,12,新莊分局,拆除攤架,0,0
112,12,土城分局,拆除攤架,0,0
112,12,新店分局,拆除攤架,0,0
112,12,蘆洲分局,拆除攤架,0,0
112,12,三峽分局,拆除攤架,0,0
112,12,樹林分局,拆除攤架,0,0
112,12,汐止分局,拆除攤架,0,0
112,12,淡水分局,拆除攤架,0,0
112,12,瑞芳分局,拆除攤架,0,0
112,12,金山分局,拆除攤架,0,0
112,12,林口分局,拆除攤架,0,0
112,12,總　　　計,勸導,1218,1218
112,12,板橋分局,勸導,239,239
112,12,海山分局,勸導,180,180
112,12,中和分局,勸導,127,127
112,12,永和分局,勸導,0,0
112,12,三重分局,勸導,23,23
112,12,新莊分局,勸導,270,270
112,12,土城分局,勸導,182,182
112,12,新店分局,勸導,0,0
112,12,蘆洲分局,勸導,98,98
112,12,三峽分局,勸導,60,60
112,12,樹林分局,勸導,5,5
112,12,汐止分局,勸導,0,0
112,12,淡水分局,勸導,0,0
112,12,瑞芳分局,勸導,31,31
112,12,金山分局,勸導,3,3
112,12,林口分局,勸導,0,0
113,1,總　　　計,總計,2814,2814
113,1,板橋分局,總計,457,457
113,1,海山分局,總計,135,135
113,1,中和分局,總計,268,268
113,1,永和分局,總計,34,34
113,1,三重分局,總計,305,305
113,1,新莊分局,總計,369,369
113,1,土城分局,總計,269,269
113,1,新店分局,總計,386,386
113,1,蘆洲分局,總計,198,198
113,1,三峽分局,總計,148,148
113,1,樹林分局,總計,23,23
113,1,汐止分局,總計,87,87
113,1,淡水分局,總計,59,59
113,1,瑞芳分局,總計,39,39
113,1,金山分局,總計,6,6
113,1,林口分局,總計,31,31
113,1,總　　　計,罰鍰,1874,1874
113,1,板橋分局,罰鍰,334,334
113,1,海山分局,罰鍰,82,82
113,1,中和分局,罰鍰,137,137
113,1,永和分局,罰鍰,34,34
113,1,三重分局,罰鍰,280,280
113,1,新莊分局,罰鍰,122,122
113,1,土城分局,罰鍰,97,97
113,1,新店分局,罰鍰,386,386
113,1,蘆洲分局,罰鍰,117,117
113,1,三峽分局,罰鍰,86,86
113,1,樹林分局,罰鍰,18,18
113,1,汐止分局,罰鍰,87,87
113,1,淡水分局,罰鍰,59,59
113,1,瑞芳分局,罰鍰,4,4
113,1,金山分局,罰鍰,0,0
113,1,林口分局,罰鍰,31,31
113,1,總　　　計,没入攤架,0,0
113,1,板橋分局,没入攤架,0,0
113,1,海山分局,没入攤架,0,0
113,1,中和分局,没入攤架,0,0
113,1,永和分局,没入攤架,0,0
113,1,三重分局,没入攤架,0,0
113,1,新莊分局,没入攤架,0,0
113,1,土城分局,没入攤架,0,0
113,1,新店分局,没入攤架,0,0
113,1,蘆洲分局,没入攤架,0,0
113,1,三峽分局,没入攤架,0,0
113,1,樹林分局,没入攤架,0,0
113,1,汐止分局,没入攤架,0,0
113,1,淡水分局,没入攤架,0,0
113,1,瑞芳分局,没入攤架,0,0
113,1,金山分局,没入攤架,0,0
113,1,林口分局,没入攤架,0,0
113,1,總　　　計,拆除攤架,0,0
113,1,板橋分局,拆除攤架,0,0
113,1,海山分局,拆除攤架,0,0
113,1,中和分局,拆除攤架,0,0
113,1,永和分局,拆除攤架,0,0
113,1,三重分局,拆除攤架,0,0
113,1,新莊分局,拆除攤架,0,0
113,1,土城分局,拆除攤架,0,0
113,1,新店分局,拆除攤架,0,0
113,1,蘆洲分局,拆除攤架,0,0
113,1,三峽分局,拆除攤架,0,0
113,1,樹林分局,拆除攤架,0,0
113,1,汐止分局,拆除攤架,0,0
113,1,淡水分局,拆除攤架,0,0
113,1,瑞芳分局,拆除攤架,0,0
113,1,金山分局,拆除攤架,0,0
113,1,林口分局,拆除攤架,0,0
113,1,總　　　計,勸導,940,940
113,1,板橋分局,勸導,123,123
113,1,海山分局,勸導,53,53
113,1,中和分局,勸導,131,131
113,1,永和分局,勸導,0,0
113,1,三重分局,勸導,25,25
113,1,新莊分局,勸導,247,247
113,1,土城分局,勸導,172,172
113,1,新店分局,勸導,0,0
113,1,蘆洲分局,勸導,81,81
113,1,三峽分局,勸導,62,62
113,1,樹林分局,勸導,5,5
113,1,汐止分局,勸導,0,0
113,1,淡水分局,勸導,0,0
113,1,瑞芳分局,勸導,35,35
113,1,金山分局,勸導,6,6
113,1,林口分局,勸導,0,0
113,2,總　　　計,總計,2262,2262
113,2,板橋分局,總計,363,363
113,2,海山分局,總計,120,120
113,2,中和分局,總計,220,220
113,2,永和分局,總計,63,63
113,2,三重分局,總計,96,96
113,2,新莊分局,總計,359,359
113,2,土城分局,總計,251,251
113,2,新店分局,總計,285,285
113,2,蘆洲分局,總計,166,166
113,2,三峽分局,總計,96,96
113,2,樹林分局,總計,23,23
113,2,汐止分局,總計,64,64
113,2,淡水分局,總計,75,75
113,2,瑞芳分局,總計,48,48
113,2,金山分局,總計,8,8
113,2,林口分局,總計,25,25
113,2,總　　　計,罰鍰,1415,1415
113,2,板橋分局,罰鍰,262,262
113,2,海山分局,罰鍰,59,59
113,2,中和分局,罰鍰,119,119
113,2,永和分局,罰鍰,63,63
113,2,三重分局,罰鍰,64,64
113,2,新莊分局,罰鍰,119,119
113,2,土城分局,罰鍰,87,87
113,2,新店分局,罰鍰,285,285
113,2,蘆洲分局,罰鍰,104,104
113,2,三峽分局,罰鍰,64,64
113,2,樹林分局,罰鍰,18,18
113,2,汐止分局,罰鍰,64,64
113,2,淡水分局,罰鍰,75,75
113,2,瑞芳分局,罰鍰,6,6
113,2,金山分局,罰鍰,1,1
113,2,林口分局,罰鍰,25,25
113,2,總　　　計,没入攤架,0,0
113,2,板橋分局,没入攤架,0,0
113,2,海山分局,没入攤架,0,0
113,2,中和分局,没入攤架,0,0
113,2,永和分局,没入攤架,0,0
113,2,三重分局,没入攤架,0,0
113,2,新莊分局,没入攤架,0,0
113,2,土城分局,没入攤架,0,0
113,2,新店分局,没入攤架,0,0
113,2,蘆洲分局,没入攤架,0,0
113,2,三峽分局,没入攤架,0,0
113,2,樹林分局,没入攤架,0,0
113,2,汐止分局,没入攤架,0,0
113,2,淡水分局,没入攤架,0,0
113,2,瑞芳分局,没入攤架,0,0
113,2,金山分局,没入攤架,0,0
113,2,林口分局,没入攤架,0,0
113,2,總　　　計,拆除攤架,0,0
113,2,板橋分局,拆除攤架,0,0
113,2,海山分局,拆除攤架,0,0
113,2,中和分局,拆除攤架,0,0
113,2,永和分局,拆除攤架,0,0
113,2,三重分局,拆除攤架,0,0
113,2,新莊分局,拆除攤架,0,0
113,2,土城分局,拆除攤架,0,0
113,2,新店分局,拆除攤架,0,0
113,2,蘆洲分局,拆除攤架,0,0
113,2,三峽分局,拆除攤架,0,0
113,2,樹林分局,拆除攤架,0,0
113,2,汐止分局,拆除攤架,0,0
113,2,淡水分局,拆除攤架,0,0
113,2,瑞芳分局,拆除攤架,0,0
113,2,金山分局,拆除攤架,0,0
113,2,林口分局,拆除攤架,0,0
113,2,總　　　計,勸導,847,847
113,2,板橋分局,勸導,101,101
113,2,海山分局,勸導,61,61
113,2,中和分局,勸導,101,101
113,2,永和分局,勸導,0,0
113,2,三重分局,勸導,32,32
113,2,新莊分局,勸導,240,240
113,2,土城分局,勸導,164,164
113,2,新店分局,勸導,0,0
113,2,蘆洲分局,勸導,62,62
113,2,三峽分局,勸導,32,32
113,2,樹林分局,勸導,5,5
113,2,汐止分局,勸導,0,0
113,2,淡水分局,勸導,0,0
113,2,瑞芳分局,勸導,42,42
113,2,金山分局,勸導,7,7
113,2,林口分局,勸導,0,0
113,3,總　　　計,總計,3254,3254
113,3,板橋分局,總計,531,531
113,3,海山分局,總計,130,130
113,3,中和分局,總計,422,422
113,3,永和分局,總計,57,57
113,3,三重分局,總計,349,349
113,3,新莊分局,總計,494,494
113,3,土城分局,總計,251,251
113,3,新店分局,總計,346,346
113,3,蘆洲分局,總計,218,218
113,3,三峽分局,總計,113,113
113,3,樹林分局,總計,26,26
113,3,汐止分局,總計,87,87
113,3,淡水分局,總計,152,152
113,3,瑞芳分局,總計,42,42
113,3,金山分局,總計,6,6
113,3,林口分局,總計,30,30
113,3,總　　　計,罰鍰,2071,2071
113,3,板橋分局,罰鍰,376,376
113,3,海山分局,罰鍰,50,50
113,3,中和分局,罰鍰,207,207
113,3,永和分局,罰鍰,57,57
113,3,三重分局,罰鍰,297,297
113,3,新莊分局,罰鍰,156,156
113,3,土城分局,罰鍰,85,85
113,3,新店分局,罰鍰,346,346
113,3,蘆洲分局,罰鍰,118,118
113,3,三峽分局,罰鍰,84,84
113,3,樹林分局,罰鍰,21,21
113,3,汐止分局,罰鍰,87,87
113,3,淡水分局,罰鍰,152,152
113,3,瑞芳分局,罰鍰,4,4
113,3,金山分局,罰鍰,1,1
113,3,林口分局,罰鍰,30,30
113,3,總　　　計,没入攤架,0,0
113,3,板橋分局,没入攤架,0,0
113,3,海山分局,没入攤架,0,0
113,3,中和分局,没入攤架,0,0
113,3,永和分局,没入攤架,0,0
113,3,三重分局,没入攤架,0,0
113,3,新莊分局,没入攤架,0,0
113,3,土城分局,没入攤架,0,0
113,3,新店分局,没入攤架,0,0
113,3,蘆洲分局,没入攤架,0,0
113,3,三峽分局,没入攤架,0,0
113,3,樹林分局,没入攤架,0,0
113,3,汐止分局,没入攤架,0,0
113,3,淡水分局,没入攤架,0,0
113,3,瑞芳分局,没入攤架,0,0
113,3,金山分局,没入攤架,0,0
113,3,林口分局,没入攤架,0,0
113,3,總　　　計,拆除攤架,0,0
113,3,板橋分局,拆除攤架,0,0
113,3,海山分局,拆除攤架,0,0
113,3,中和分局,拆除攤架,0,0
113,3,永和分局,拆除攤架,0,0
113,3,三重分局,拆除攤架,0,0
113,3,新莊分局,拆除攤架,0,0
113,3,土城分局,拆除攤架,0,0
113,3,新店分局,拆除攤架,0,0
113,3,蘆洲分局,拆除攤架,0,0
113,3,三峽分局,拆除攤架,0,0
113,3,樹林分局,拆除攤架,0,0
113,3,汐止分局,拆除攤架,0,0
113,3,淡水分局,拆除攤架,0,0
113,3,瑞芳分局,拆除攤架,0,0
113,3,金山分局,拆除攤架,0,0
113,3,林口分局,拆除攤架,0,0
113,3,總　　　計,勸導,1183,1183
113,3,板橋分局,勸導,155,155
113,3,海山分局,勸導,80,80
113,3,中和分局,勸導,215,215
113,3,永和分局,勸導,0,0
113,3,三重分局,勸導,52,52
113,3,新莊分局,勸導,338,338
113,3,土城分局,勸導,166,166
113,3,新店分局,勸導,0,0
113,3,蘆洲分局,勸導,100,100
113,3,三峽分局,勸導,29,29
113,3,樹林分局,勸導,5,5
113,3,汐止分局,勸導,0,0
113,3,淡水分局,勸導,0,0
113,3,瑞芳分局,勸導,38,38
113,3,金山分局,勸導,5,5
113,3,林口分局,勸導,0,0
113,4,總　　　計,總計,2952,2952
113,4,板橋分局,總計,743,743
113,4,海山分局,總計,150,150
113,4,中和分局,總計,240,240
113,4,永和分局,總計,36,36
113,4,三重分局,總計,244,244
113,4,新莊分局,總計,334,334
113,4,土城分局,總計,229,229
113,4,新店分局,總計,385,385
113,4,蘆洲分局,總計,202,202
113,4,三峽分局,總計,137,137
113,4,樹林分局,總計,32,32
113,4,汐止分局,總計,48,48
113,4,淡水分局,總計,90,90
113,4,瑞芳分局,總計,45,45
113,4,金山分局,總計,10,10
113,4,林口分局,總計,27,27
113,4,總　　　計,罰鍰,1972,1972
113,4,板橋分局,罰鍰,542,542
113,4,海山分局,罰鍰,55,55
113,4,中和分局,罰鍰,126,126
113,4,永和分局,罰鍰,36,36
113,4,三重分局,罰鍰,212,212
113,4,新莊分局,罰鍰,117,117
113,4,土城分局,罰鍰,104,104
113,4,新店分局,罰鍰,385,385
113,4,蘆洲分局,罰鍰,118,118
113,4,三峽分局,罰鍰,77,77
113,4,樹林分局,罰鍰,27,27
113,4,汐止分局,罰鍰,48,48
113,4,淡水分局,罰鍰,90,90
113,4,瑞芳分局,罰鍰,5,5
113,4,金山分局,罰鍰,3,3
113,4,林口分局,罰鍰,27,27
113,4,總　　　計,没入攤架,0,0
113,4,板橋分局,没入攤架,0,0
113,4,海山分局,没入攤架,0,0
113,4,中和分局,没入攤架,0,0
113,4,永和分局,没入攤架,0,0
113,4,三重分局,没入攤架,0,0
113,4,新莊分局,没入攤架,0,0
113,4,土城分局,没入攤架,0,0
113,4,新店分局,没入攤架,0,0
113,4,蘆洲分局,没入攤架,0,0
113,4,三峽分局,没入攤架,0,0
113,4,樹林分局,没入攤架,0,0
113,4,汐止分局,没入攤架,0,0
113,4,淡水分局,没入攤架,0,0
113,4,瑞芳分局,没入攤架,0,0
113,4,金山分局,没入攤架,0,0
113,4,林口分局,没入攤架,0,0
113,4,總　　　計,拆除攤架,0,0
113,4,板橋分局,拆除攤架,0,0
113,4,海山分局,拆除攤架,0,0
113,4,中和分局,拆除攤架,0,0
113,4,永和分局,拆除攤架,0,0
113,4,三重分局,拆除攤架,0,0
113,4,新莊分局,拆除攤架,0,0
113,4,土城分局,拆除攤架,0,0
113,4,新店分局,拆除攤架,0,0
113,4,蘆洲分局,拆除攤架,0,0
113,4,三峽分局,拆除攤架,0,0
113,4,樹林分局,拆除攤架,0,0
113,4,汐止分局,拆除攤架,0,0
113,4,淡水分局,拆除攤架,0,0
113,4,瑞芳分局,拆除攤架,0,0
113,4,金山分局,拆除攤架,0,0
113,4,林口分局,拆除攤架,0,0
113,4,總　　　計,勸導,980,980
113,4,板橋分局,勸導,201,201
113,4,海山分局,勸導,95,95
113,4,中和分局,勸導,114,114
113,4,永和分局,勸導,0,0
113,4,三重分局,勸導,32,32
113,4,新莊分局,勸導,217,217
113,4,土城分局,勸導,125,125
113,4,新店分局,勸導,0,0
113,4,蘆洲分局,勸導,84,84
113,4,三峽分局,勸導,60,60
113,4,樹林分局,勸導,5,5
113,4,汐止分局,勸導,0,0
113,4,淡水分局,勸導,0,0
113,4,瑞芳分局,勸導,40,40
113,4,金山分局,勸導,7,7
113,4,林口分局,勸導,0,0
113,5,總　　　計,總計,3174,3174
113,5,板橋分局,總計,606,606
113,5,海山分局,總計,145,145
113,5,中和分局,總計,399,399
113,5,永和分局,總計,42,42
113,5,三重分局,總計,234,234
113,5,新莊分局,總計,407,407
113,5,土城分局,總計,342,342
113,5,新店分局,總計,399,399
113,5,蘆洲分局,總計,237,237
113,5,三峽分局,總計,144,144
113,5,樹林分局,總計,36,36
113,5,汐止分局,總計,34,34
113,5,淡水分局,總計,59,59
113,5,瑞芳分局,總計,46,46
113,5,金山分局,總計,11,11
113,5,林口分局,總計,33,33
113,5,總　　　計,罰鍰,2151,2151
113,5,板橋分局,罰鍰,417,417
113,5,海山分局,罰鍰,100,100
113,5,中和分局,罰鍰,211,211
113,5,永和分局,罰鍰,42,42
113,5,三重分局,罰鍰,211,211
113,5,新莊分局,罰鍰,176,176
113,5,土城分局,罰鍰,180,180
113,5,新店分局,罰鍰,399,399
113,5,蘆洲分局,罰鍰,137,137
113,5,三峽分局,罰鍰,111,111
113,5,樹林分局,罰鍰,31,31
113,5,汐止分局,罰鍰,34,34
113,5,淡水分局,罰鍰,59,59
113,5,瑞芳分局,罰鍰,6,6
113,5,金山分局,罰鍰,4,4
113,5,林口分局,罰鍰,33,33
113,5,總　　　計,没入攤架,0,0
113,5,板橋分局,没入攤架,0,0
113,5,海山分局,没入攤架,0,0
113,5,中和分局,没入攤架,0,0
113,5,永和分局,没入攤架,0,0
113,5,三重分局,没入攤架,0,0
113,5,新莊分局,没入攤架,0,0
113,5,土城分局,没入攤架,0,0
113,5,新店分局,没入攤架,0,0
113,5,蘆洲分局,没入攤架,0,0
113,5,三峽分局,没入攤架,0,0
113,5,樹林分局,没入攤架,0,0
113,5,汐止分局,没入攤架,0,0
113,5,淡水分局,没入攤架,0,0
113,5,瑞芳分局,没入攤架,0,0
113,5,金山分局,没入攤架,0,0
113,5,林口分局,没入攤架,0,0
113,5,總　　　計,拆除攤架,0,0
113,5,板橋分局,拆除攤架,0,0
113,5,海山分局,拆除攤架,0,0
113,5,中和分局,拆除攤架,0,0
113,5,永和分局,拆除攤架,0,0
113,5,三重分局,拆除攤架,0,0
113,5,新莊分局,拆除攤架,0,0
113,5,土城分局,拆除攤架,0,0
113,5,新店分局,拆除攤架,0,0
113,5,蘆洲分局,拆除攤架,0,0
113,5,三峽分局,拆除攤架,0,0
113,5,樹林分局,拆除攤架,0,0
113,5,汐止分局,拆除攤架,0,0
113,5,淡水分局,拆除攤架,0,0
113,5,瑞芳分局,拆除攤架,0,0
113,5,金山分局,拆除攤架,0,0
113,5,林口分局,拆除攤架,0,0
113,5,總　　　計,勸導,1023,1023
113,5,板橋分局,勸導,189,189
113,5,海山分局,勸導,45,45
113,5,中和分局,勸導,188,188
113,5,永和分局,勸導,0,0
113,5,三重分局,勸導,23,23
113,5,新莊分局,勸導,231,231
113,5,土城分局,勸導,162,162
113,5,新店分局,勸導,0,0
113,5,蘆洲分局,勸導,100,100
113,5,三峽分局,勸導,33,33
113,5,樹林分局,勸導,5,5
113,5,汐止分局,勸導,0,0
113,5,淡水分局,勸導,0,0
113,5,瑞芳分局,勸導,40,40
113,5,金山分局,勸導,7,7
113,5,林口分局,勸導,0,0
113,6,總　　　計,總計,2604,2604
113,6,板橋分局,總計,361,361
113,6,海山分局,總計,153,153
113,6,中和分局,總計,253,253
113,6,永和分局,總計,33,33
113,6,三重分局,總計,226,226
113,6,新莊分局,總計,382,382
113,6,土城分局,總計,272,272
113,6,新店分局,總計,354,354
113,6,蘆洲分局,總計,244,244
113,6,三峽分局,總計,112,112
113,6,樹林分局,總計,28,28
113,6,汐止分局,總計,24,24
113,6,淡水分局,總計,90,90
113,6,瑞芳分局,總計,40,40
113,6,金山分局,總計,6,6
113,6,林口分局,總計,26,26
113,6,總　　　計,罰鍰,1722,1722
113,6,板橋分局,罰鍰,248,248
113,6,海山分局,罰鍰,113,113
113,6,中和分局,罰鍰,134,134
113,6,永和分局,罰鍰,33,33
113,6,三重分局,罰鍰,191,191
113,6,新莊分局,罰鍰,165,165
113,6,土城分局,罰鍰,100,100
113,6,新店分局,罰鍰,354,354
113,6,蘆洲分局,罰鍰,144,144
113,6,三峽分局,罰鍰,76,76
113,6,樹林分局,罰鍰,23,23
113,6,汐止分局,罰鍰,24,24
113,6,淡水分局,罰鍰,90,90
113,6,瑞芳分局,罰鍰,0,0
113,6,金山分局,罰鍰,1,1
113,6,林口分局,罰鍰,26,26
113,6,總　　　計,没入攤架,0,0
113,6,板橋分局,没入攤架,0,0
113,6,海山分局,没入攤架,0,0
113,6,中和分局,没入攤架,0,0
113,6,永和分局,没入攤架,0,0
113,6,三重分局,没入攤架,0,0
113,6,新莊分局,没入攤架,0,0
113,6,土城分局,没入攤架,0,0
113,6,新店分局,没入攤架,0,0
113,6,蘆洲分局,没入攤架,0,0
113,6,三峽分局,没入攤架,0,0
113,6,樹林分局,没入攤架,0,0
113,6,汐止分局,没入攤架,0,0
113,6,淡水分局,没入攤架,0,0
113,6,瑞芳分局,没入攤架,0,0
113,6,金山分局,没入攤架,0,0
113,6,林口分局,没入攤架,0,0
113,6,總　　　計,拆除攤架,0,0
113,6,板橋分局,拆除攤架,0,0
113,6,海山分局,拆除攤架,0,0
113,6,中和分局,拆除攤架,0,0
113,6,永和分局,拆除攤架,0,0
113,6,三重分局,拆除攤架,0,0
113,6,新莊分局,拆除攤架,0,0
113,6,土城分局,拆除攤架,0,0
113,6,新店分局,拆除攤架,0,0
113,6,蘆洲分局,拆除攤架,0,0
113,6,三峽分局,拆除攤架,0,0
113,6,樹林分局,拆除攤架,0,0
113,6,汐止分局,拆除攤架,0,0
113,6,淡水分局,拆除攤架,0,0
113,6,瑞芳分局,拆除攤架,0,0
113,6,金山分局,拆除攤架,0,0
113,6,林口分局,拆除攤架,0,0
113,6,總　　　計,勸導,882,882
113,6,板橋分局,勸導,113,113
113,6,海山分局,勸導,40,40
113,6,中和分局,勸導,119,119
113,6,永和分局,勸導,0,0
113,6,三重分局,勸導,35,35
113,6,新莊分局,勸導,217,217
113,6,土城分局,勸導,172,172
113,6,新店分局,勸導,0,0
113,6,蘆洲分局,勸導,100,100
113,6,三峽分局,勸導,36,36
113,6,樹林分局,勸導,5,5
113,6,汐止分局,勸導,0,0
113,6,淡水分局,勸導,0,0
113,6,瑞芳分局,勸導,40,40
113,6,金山分局,勸導,5,5
113,6,林口分局,勸導,0,0
113,7,總　　　計,總計,2748,2748
113,7,板橋分局,總計,457,457
113,7,海山分局,總計,159,159
113,7,中和分局,總計,308,308
113,7,永和分局,總計,69,69
113,7,三重分局,總計,290,290
113,7,新莊分局,總計,378,378
113,7,土城分局,總計,209,209
113,7,新店分局,總計,315,315
113,7,蘆洲分局,總計,206,206
113,7,三峽分局,總計,95,95
113,7,樹林分局,總計,44,44
113,7,汐止分局,總計,25,25
113,7,淡水分局,總計,97,97
113,7,瑞芳分局,總計,41,41
113,7,金山分局,總計,8,8
113,7,林口分局,總計,47,47
113,7,總　　　計,罰鍰,1912,1912
113,7,板橋分局,罰鍰,348,348
113,7,海山分局,罰鍰,114,114
113,7,中和分局,罰鍰,164,164
113,7,永和分局,罰鍰,69,69
113,7,三重分局,罰鍰,255,255
113,7,新莊分局,罰鍰,157,157
113,7,土城分局,罰鍰,113,113
113,7,新店分局,罰鍰,315,315
113,7,蘆洲分局,罰鍰,110,110
113,7,三峽分局,罰鍰,57,57
113,7,樹林分局,罰鍰,39,39
113,7,汐止分局,罰鍰,25,25
113,7,淡水分局,罰鍰,97,97
113,7,瑞芳分局,罰鍰,1,1
113,7,金山分局,罰鍰,1,1
113,7,林口分局,罰鍰,47,47
113,7,總　　　計,没入攤架,0,0
113,7,板橋分局,没入攤架,0,0
113,7,海山分局,没入攤架,0,0
113,7,中和分局,没入攤架,0,0
113,7,永和分局,没入攤架,0,0
113,7,三重分局,没入攤架,0,0
113,7,新莊分局,没入攤架,0,0
113,7,土城分局,没入攤架,0,0
113,7,新店分局,没入攤架,0,0
113,7,蘆洲分局,没入攤架,0,0
113,7,三峽分局,没入攤架,0,0
113,7,樹林分局,没入攤架,0,0
113,7,汐止分局,没入攤架,0,0
113,7,淡水分局,没入攤架,0,0
113,7,瑞芳分局,没入攤架,0,0
113,7,金山分局,没入攤架,0,0
113,7,林口分局,没入攤架,0,0
113,7,總　　　計,拆除攤架,0,0
113,7,板橋分局,拆除攤架,0,0
113,7,海山分局,拆除攤架,0,0
113,7,中和分局,拆除攤架,0,0
113,7,永和分局,拆除攤架,0,0
113,7,三重分局,拆除攤架,0,0
113,7,新莊分局,拆除攤架,0,0
113,7,土城分局,拆除攤架,0,0
113,7,新店分局,拆除攤架,0,0
113,7,蘆洲分局,拆除攤架,0,0
113,7,三峽分局,拆除攤架,0,0
113,7,樹林分局,拆除攤架,0,0
113,7,汐止分局,拆除攤架,0,0
113,7,淡水分局,拆除攤架,0,0
113,7,瑞芳分局,拆除攤架,0,0
113,7,金山分局,拆除攤架,0,0
113,7,林口分局,拆除攤架,0,0
113,7,總　　　計,勸導,836,836
113,7,板橋分局,勸導,109,109
113,7,海山分局,勸導,45,45
113,7,中和分局,勸導,144,144
113,7,永和分局,勸導,0,0
113,7,三重分局,勸導,35,35
113,7,新莊分局,勸導,221,221
113,7,土城分局,勸導,96,96
113,7,新店分局,勸導,0,0
113,7,蘆洲分局,勸導,96,96
113,7,三峽分局,勸導,38,38
113,7,樹林分局,勸導,5,5
113,7,汐止分局,勸導,0,0
113,7,淡水分局,勸導,0,0
113,7,瑞芳分局,勸導,40,40
113,7,金山分局,勸導,7,7
113,7,林口分局,勸導,0,0
113,8,總　　　計,總計,3086,3086
113,8,板橋分局,總計,520,520
113,8,海山分局,總計,165,165
113,8,中和分局,總計,514,514
113,8,永和分局,總計,66,66
113,8,三重分局,總計,403,403
113,8,新莊分局,總計,400,400
113,8,土城分局,總計,233,233
113,8,新店分局,總計,267,267
113,8,蘆洲分局,總計,208,208
113,8,三峽分局,總計,66,66
113,8,樹林分局,總計,63,63
113,8,汐止分局,總計,31,31
113,8,淡水分局,總計,54,54
113,8,瑞芳分局,總計,47,47
113,8,金山分局,總計,9,9
113,8,林口分局,總計,40,40
113,8,總　　　計,罰鍰,2092,2092
113,8,板橋分局,罰鍰,351,351
113,8,海山分局,罰鍰,117,117
113,8,中和分局,罰鍰,251,251
113,8,永和分局,罰鍰,66,66
113,8,三重分局,罰鍰,365,365
113,8,新莊分局,罰鍰,174,174
113,8,土城分局,罰鍰,151,151
113,8,新店分局,罰鍰,267,267
113,8,蘆洲分局,罰鍰,124,124
113,8,三峽分局,罰鍰,34,34
113,8,樹林分局,罰鍰,58,58
113,8,汐止分局,罰鍰,31,31
113,8,淡水分局,罰鍰,54,54
113,8,瑞芳分局,罰鍰,7,7
113,8,金山分局,罰鍰,2,2
113,8,林口分局,罰鍰,40,40
113,8,總　　　計,没入攤架,0,0
113,8,板橋分局,没入攤架,0,0
113,8,海山分局,没入攤架,0,0
113,8,中和分局,没入攤架,0,0
113,8,永和分局,没入攤架,0,0
113,8,三重分局,没入攤架,0,0
113,8,新莊分局,没入攤架,0,0
113,8,土城分局,没入攤架,0,0
113,8,新店分局,没入攤架,0,0
113,8,蘆洲分局,没入攤架,0,0
113,8,三峽分局,没入攤架,0,0
113,8,樹林分局,没入攤架,0,0
113,8,汐止分局,没入攤架,0,0
113,8,淡水分局,没入攤架,0,0
113,8,瑞芳分局,没入攤架,0,0
113,8,金山分局,没入攤架,0,0
113,8,林口分局,没入攤架,0,0
113,8,總　　　計,拆除攤架,0,0
113,8,板橋分局,拆除攤架,0,0
113,8,海山分局,拆除攤架,0,0
113,8,中和分局,拆除攤架,0,0
113,8,永和分局,拆除攤架,0,0
113,8,三重分局,拆除攤架,0,0
113,8,新莊分局,拆除攤架,0,0
113,8,土城分局,拆除攤架,0,0
113,8,新店分局,拆除攤架,0,0
113,8,蘆洲分局,拆除攤架,0,0
113,8,三峽分局,拆除攤架,0,0
113,8,樹林分局,拆除攤架,0,0
113,8,汐止分局,拆除攤架,0,0
113,8,淡水分局,拆除攤架,0,0
113,8,瑞芳分局,拆除攤架,0,0
113,8,金山分局,拆除攤架,0,0
113,8,林口分局,拆除攤架,0,0
113,8,總　　　計,勸導,994,994
113,8,板橋分局,勸導,169,169
113,8,海山分局,勸導,48,48
113,8,中和分局,勸導,263,263
113,8,永和分局,勸導,0,0
113,8,三重分局,勸導,38,38
113,8,新莊分局,勸導,226,226
113,8,土城分局,勸導,82,82
113,8,新店分局,勸導,0,0
113,8,蘆洲分局,勸導,84,84
113,8,三峽分局,勸導,32,32
113,8,樹林分局,勸導,5,5
113,8,汐止分局,勸導,0,0
113,8,淡水分局,勸導,0,0
113,8,瑞芳分局,勸導,40,40
113,8,金山分局,勸導,7,7
113,8,林口分局,勸導,0,0
113,9,總　　　計,總計,2614,2614
113,9,板橋分局,總計,477,477
113,9,海山分局,總計,156,156
113,9,中和分局,總計,235,235
113,9,永和分局,總計,43,43
113,9,三重分局,總計,322,322
113,9,新莊分局,總計,397,397
113,9,土城分局,總計,193,193
113,9,新店分局,總計,319,319
113,9,蘆洲分局,總計,205,205
113,9,三峽分局,總計,66,66
113,9,樹林分局,總計,38,38
113,9,汐止分局,總計,29,29
113,9,淡水分局,總計,58,58
113,9,瑞芳分局,總計,50,50
113,9,金山分局,總計,4,4
113,9,林口分局,總計,22,22
113,9,總　　　計,罰鍰,1805,1805
113,9,板橋分局,罰鍰,329,329
113,9,海山分局,罰鍰,108,108
113,9,中和分局,罰鍰,126,126
113,9,永和分局,罰鍰,43,43
113,9,三重分局,罰鍰,287,287
113,9,新莊分局,罰鍰,165,165
113,9,土城分局,罰鍰,121,121
113,9,新店分局,罰鍰,319,319
113,9,蘆洲分局,罰鍰,121,121
113,9,三峽分局,罰鍰,33,33
113,9,樹林分局,罰鍰,33,33
113,9,汐止分局,罰鍰,29,29
113,9,淡水分局,罰鍰,58,58
113,9,瑞芳分局,罰鍰,10,10
113,9,金山分局,罰鍰,1,1
113,9,林口分局,罰鍰,22,22
113,9,總　　　計,没入攤架,0,0
113,9,板橋分局,没入攤架,0,0
113,9,海山分局,没入攤架,0,0
113,9,中和分局,没入攤架,0,0
113,9,永和分局,没入攤架,0,0
113,9,三重分局,没入攤架,0,0
113,9,新莊分局,没入攤架,0,0
113,9,土城分局,没入攤架,0,0
113,9,新店分局,没入攤架,0,0
113,9,蘆洲分局,没入攤架,0,0
113,9,三峽分局,没入攤架,0,0
113,9,樹林分局,没入攤架,0,0
113,9,汐止分局,没入攤架,0,0
113,9,淡水分局,没入攤架,0,0
113,9,瑞芳分局,没入攤架,0,0
113,9,金山分局,没入攤架,0,0
113,9,林口分局,没入攤架,0,0
113,9,總　　　計,拆除攤架,0,0
113,9,板橋分局,拆除攤架,0,0
113,9,海山分局,拆除攤架,0,0
113,9,中和分局,拆除攤架,0,0
113,9,永和分局,拆除攤架,0,0
113,9,三重分局,拆除攤架,0,0
113,9,新莊分局,拆除攤架,0,0
113,9,土城分局,拆除攤架,0,0
113,9,新店分局,拆除攤架,0,0
113,9,蘆洲分局,拆除攤架,0,0
113,9,三峽分局,拆除攤架,0,0
113,9,樹林分局,拆除攤架,0,0
113,9,汐止分局,拆除攤架,0,0
113,9,淡水分局,拆除攤架,0,0
113,9,瑞芳分局,拆除攤架,0,0
113,9,金山分局,拆除攤架,0,0
113,9,林口分局,拆除攤架,0,0
113,9,總　　　計,勸導,809,809
113,9,板橋分局,勸導,148,148
113,9,海山分局,勸導,48,48
113,9,中和分局,勸導,109,109
113,9,永和分局,勸導,0,0
113,9,三重分局,勸導,35,35
113,9,新莊分局,勸導,232,232
113,9,土城分局,勸導,72,72
113,9,新店分局,勸導,0,0
113,9,蘆洲分局,勸導,84,84
113,9,三峽分局,勸導,33,33
113,9,樹林分局,勸導,5,5
113,9,汐止分局,勸導,0,0
113,9,淡水分局,勸導,0,0
113,9,瑞芳分局,勸導,40,40
113,9,金山分局,勸導,3,3
113,9,林口分局,勸導,0,0
113,10,總　　　計,總計,2868,2868
113,10,板橋分局,總計,528,528
113,10,海山分局,總計,137,137
113,10,中和分局,總計,394,394
113,10,永和分局,總計,96,96
113,10,三重分局,總計,354,354
113,10,新莊分局,總計,366,366
113,10,土城分局,總計,235,235
113,10,新店分局,總計,288,288
113,10,蘆洲分局,總計,181,181
113,10,三峽分局,總計,98,98
113,10,樹林分局,總計,41,41
113,10,汐止分局,總計,16,16
113,10,淡水分局,總計,62,62
113,10,瑞芳分局,總計,42,42
113,10,金山分局,總計,4,4
113,10,林口分局,總計,26,26
113,10,總　　　計,罰鍰,2014,2014
113,10,板橋分局,罰鍰,366,366
113,10,海山分局,罰鍰,94,94
113,10,中和分局,罰鍰,193,193
113,10,永和分局,罰鍰,96,96
113,10,三重分局,罰鍰,319,319
113,10,新莊分局,罰鍰,125,125
113,10,土城分局,罰鍰,235,235
113,10,新店分局,罰鍰,288,288
113,10,蘆洲分局,罰鍰,89,89
113,10,三峽分局,罰鍰,66,66
113,10,樹林分局,罰鍰,36,36
113,10,汐止分局,罰鍰,16,16
113,10,淡水分局,罰鍰,62,62
113,10,瑞芳分局,罰鍰,2,2
113,10,金山分局,罰鍰,1,1
113,10,林口分局,罰鍰,26,26
113,10,總　　　計,没入攤架,0,0
113,10,板橋分局,没入攤架,0,0
113,10,海山分局,没入攤架,0,0
113,10,中和分局,没入攤架,0,0
113,10,永和分局,没入攤架,0,0
113,10,三重分局,没入攤架,0,0
113,10,新莊分局,没入攤架,0,0
113,10,土城分局,没入攤架,0,0
113,10,新店分局,没入攤架,0,0
113,10,蘆洲分局,没入攤架,0,0
113,10,三峽分局,没入攤架,0,0
113,10,樹林分局,没入攤架,0,0
113,10,汐止分局,没入攤架,0,0
113,10,淡水分局,没入攤架,0,0
113,10,瑞芳分局,没入攤架,0,0
113,10,金山分局,没入攤架,0,0
113,10,林口分局,没入攤架,0,0
113,10,總　　　計,拆除攤架,0,0
113,10,板橋分局,拆除攤架,0,0
113,10,海山分局,拆除攤架,0,0
113,10,中和分局,拆除攤架,0,0
113,10,永和分局,拆除攤架,0,0
113,10,三重分局,拆除攤架,0,0
113,10,新莊分局,拆除攤架,0,0
113,10,土城分局,拆除攤架,0,0
113,10,新店分局,拆除攤架,0,0
113,10,蘆洲分局,拆除攤架,0,0
113,10,三峽分局,拆除攤架,0,0
113,10,樹林分局,拆除攤架,0,0
113,10,汐止分局,拆除攤架,0,0
113,10,淡水分局,拆除攤架,0,0
113,10,瑞芳分局,拆除攤架,0,0
113,10,金山分局,拆除攤架,0,0
113,10,林口分局,拆除攤架,0,0
113,10,總　　　計,勸導,854,854
113,10,板橋分局,勸導,162,162
113,10,海山分局,勸導,43,43
113,10,中和分局,勸導,201,201
113,10,永和分局,勸導,0,0
113,10,三重分局,勸導,35,35
113,10,新莊分局,勸導,241,241
113,10,土城分局,勸導,0,0
113,10,新店分局,勸導,0,0
113,10,蘆洲分局,勸導,92,92
113,10,三峽分局,勸導,32,32
113,10,樹林分局,勸導,5,5
113,10,汐止分局,勸導,0,0
113,10,淡水分局,勸導,0,0
113,10,瑞芳分局,勸導,40,40
113,10,金山分局,勸導,3,3
113,10,林口分局,勸導,0,0
113,11,總　　　計,總計,3534,3534
113,11,板橋分局,總計,816,816
113,11,海山分局,總計,336,336
113,11,中和分局,總計,426,426
113,11,永和分局,總計,90,90
113,11,三重分局,總計,351,351
113,11,新莊分局,總計,407,407
113,11,土城分局,總計,255,255
113,11,新店分局,總計,392,392
113,11,蘆洲分局,總計,191,191
113,11,三峽分局,總計,73,73
113,11,樹林分局,總計,47,47
113,11,汐止分局,總計,37,37
113,11,淡水分局,總計,39,39
113,11,瑞芳分局,總計,43,43
113,11,金山分局,總計,5,5
113,11,林口分局,總計,26,26
113,11,總　　　計,罰鍰,2593,2593
113,11,板橋分局,罰鍰,582,582
113,11,海山分局,罰鍰,250,250
113,11,中和分局,罰鍰,220,220
113,11,永和分局,罰鍰,90,90
113,11,三重分局,罰鍰,328,328
113,11,新莊分局,罰鍰,178,178
113,11,土城分局,罰鍰,255,255
113,11,新店分局,罰鍰,392,392
113,11,蘆洲分局,罰鍰,112,112
113,11,三峽分局,罰鍰,38,38
113,11,樹林分局,罰鍰,42,42
113,11,汐止分局,罰鍰,37,37
113,11,淡水分局,罰鍰,39,39
113,11,瑞芳分局,罰鍰,3,3
113,11,金山分局,罰鍰,1,1
113,11,林口分局,罰鍰,26,26
113,11,總　　　計,没入攤架,0,0
113,11,板橋分局,没入攤架,0,0
113,11,海山分局,没入攤架,0,0
113,11,中和分局,没入攤架,0,0
113,11,永和分局,没入攤架,0,0
113,11,三重分局,没入攤架,0,0
113,11,新莊分局,没入攤架,0,0
113,11,土城分局,没入攤架,0,0
113,11,新店分局,没入攤架,0,0
113,11,蘆洲分局,没入攤架,0,0
113,11,三峽分局,没入攤架,0,0
113,11,樹林分局,没入攤架,0,0
113,11,汐止分局,没入攤架,0,0
113,11,淡水分局,没入攤架,0,0
113,11,瑞芳分局,没入攤架,0,0
113,11,金山分局,没入攤架,0,0
113,11,林口分局,没入攤架,0,0
113,11,總　　　計,拆除攤架,0,0
113,11,板橋分局,拆除攤架,0,0
113,11,海山分局,拆除攤架,0,0
113,11,中和分局,拆除攤架,0,0
113,11,永和分局,拆除攤架,0,0
113,11,三重分局,拆除攤架,0,0
113,11,新莊分局,拆除攤架,0,0
113,11,土城分局,拆除攤架,0,0
113,11,新店分局,拆除攤架,0,0
113,11,蘆洲分局,拆除攤架,0,0
113,11,三峽分局,拆除攤架,0,0
113,11,樹林分局,拆除攤架,0,0
113,11,汐止分局,拆除攤架,0,0
113,11,淡水分局,拆除攤架,0,0
113,11,瑞芳分局,拆除攤架,0,0
113,11,金山分局,拆除攤架,0,0
113,11,林口分局,拆除攤架,0,0
113,11,總　　　計,勸導,941,941
113,11,板橋分局,勸導,234,234
113,11,海山分局,勸導,86,86
113,11,中和分局,勸導,206,206
113,11,永和分局,勸導,0,0
113,11,三重分局,勸導,23,23
113,11,新莊分局,勸導,229,229
113,11,土城分局,勸導,0,0
113,11,新店分局,勸導,0,0
113,11,蘆洲分局,勸導,79,79
113,11,三峽分局,勸導,35,35
113,11,樹林分局,勸導,5,5
113,11,汐止分局,勸導,0,0
113,11,淡水分局,勸導,0,0
113,11,瑞芳分局,勸導,40,40
113,11,金山分局,勸導,4,4
113,11,林口分局,勸導,0,0
113,12,總　　　計,總計,4880,4880
113,12,板橋分局,總計,1112,1112
113,12,海山分局,總計,1022,1022
113,12,中和分局,總計,423,423
113,12,永和分局,總計,130,130
113,12,三重分局,總計,361,361
113,12,新莊分局,總計,589,589
113,12,土城分局,總計,160,160
113,12,新店分局,總計,459,459
113,12,蘆洲分局,總計,301,301
113,12,三峽分局,總計,89,89
113,12,樹林分局,總計,57,57
113,12,汐止分局,總計,40,40
113,12,淡水分局,總計,55,55
113,12,瑞芳分局,總計,44,44
113,12,金山分局,總計,4,4
113,12,林口分局,總計,34,34
113,12,總　　　計,罰鍰,3519,3519
113,12,板橋分局,罰鍰,753,753
113,12,海山分局,罰鍰,672,672
113,12,中和分局,罰鍰,207,207
113,12,永和分局,罰鍰,130,130
113,12,三重分局,罰鍰,329,329
113,12,新莊分局,罰鍰,366,366
113,12,土城分局,罰鍰,160,160
113,12,新店分局,罰鍰,459,459
113,12,蘆洲分局,罰鍰,205,205
113,12,三峽分局,罰鍰,52,52
113,12,樹林分局,罰鍰,52,52
113,12,汐止分局,罰鍰,40,40
113,12,淡水分局,罰鍰,55,55
113,12,瑞芳分局,罰鍰,4,4
113,12,金山分局,罰鍰,1,1
113,12,林口分局,罰鍰,34,34
113,12,總　　　計,没入攤架,0,0
113,12,板橋分局,没入攤架,0,0
113,12,海山分局,没入攤架,0,0
113,12,中和分局,没入攤架,0,0
113,12,永和分局,没入攤架,0,0
113,12,三重分局,没入攤架,0,0
113,12,新莊分局,没入攤架,0,0
113,12,土城分局,没入攤架,0,0
113,12,新店分局,没入攤架,0,0
113,12,蘆洲分局,没入攤架,0,0
113,12,三峽分局,没入攤架,0,0
113,12,樹林分局,没入攤架,0,0
113,12,汐止分局,没入攤架,0,0
113,12,淡水分局,没入攤架,0,0
113,12,瑞芳分局,没入攤架,0,0
113,12,金山分局,没入攤架,0,0
113,12,林口分局,没入攤架,0,0
113,12,總　　　計,拆除攤架,0,0
113,12,板橋分局,拆除攤架,0,0
113,12,海山分局,拆除攤架,0,0
113,12,中和分局,拆除攤架,0,0
113,12,永和分局,拆除攤架,0,0
113,12,三重分局,拆除攤架,0,0
113,12,新莊分局,拆除攤架,0,0
113,12,土城分局,拆除攤架,0,0
113,12,新店分局,拆除攤架,0,0
113,12,蘆洲分局,拆除攤架,0,0
113,12,三峽分局,拆除攤架,0,0
113,12,樹林分局,拆除攤架,0,0
113,12,汐止分局,拆除攤架,0,0
113,12,淡水分局,拆除攤架,0,0
113,12,瑞芳分局,拆除攤架,0,0
113,12,金山分局,拆除攤架,0,0
113,12,林口分局,拆除攤架,0,0
113,12,總　　　計,勸導,1361,1361
113,12,板橋分局,勸導,359,359
113,12,海山分局,勸導,350,350
113,12,中和分局,勸導,216,216
113,12,永和分局,勸導,0,0
113,12,三重分局,勸導,32,32
113,12,新莊分局,勸導,223,223
113,12,土城分局,勸導,0,0
113,12,新店分局,勸導,0,0
113,12,蘆洲分局,勸導,96,96
113,12,三峽分局,勸導,37,37
113,12,樹林分局,勸導,5,5
113,12,汐止分局,勸導,0,0
113,12,淡水分局,勸導,0,0
113,12,瑞芳分局,勸導,40,40
113,12,金山分局,勸導,3,3
113,12,林口分局,勸導,0,0
114,1,總　　　計,總計,2974,2974
114,1,板橋分局,總計,267,267
114,1,海山分局,總計,89,89
114,1,中和分局,總計,346,346
114,1,永和分局,總計,126,126
114,1,三重分局,總計,426,426
114,1,新莊分局,總計,532,532
114,1,土城分局,總計,224,224
114,1,新店分局,總計,302,302
114,1,蘆洲分局,總計,319,319
114,1,三峽分局,總計,102,102
114,1,樹林分局,總計,27,27
114,1,汐止分局,總計,67,67
114,1,淡水分局,總計,76,76
114,1,瑞芳分局,總計,44,44
114,1,金山分局,總計,2,2
114,1,林口分局,總計,25,25
114,1,總　　　計,罰鍰,2231,2231
114,1,板橋分局,罰鍰,162,162
114,1,海山分局,罰鍰,64,64
114,1,中和分局,罰鍰,164,164
114,1,永和分局,罰鍰,126,126
114,1,三重分局,罰鍰,426,426
114,1,新莊分局,罰鍰,313,313
114,1,土城分局,罰鍰,188,188
114,1,新店分局,罰鍰,302,302
114,1,蘆洲分局,罰鍰,239,239
114,1,三峽分局,罰鍰,52,52
114,1,樹林分局,罰鍰,22,22
114,1,汐止分局,罰鍰,67,67
114,1,淡水分局,罰鍰,76,76
114,1,瑞芳分局,罰鍰,4,4
114,1,金山分局,罰鍰,1,1
114,1,林口分局,罰鍰,25,25
114,1,總　　　計,没入攤架,0,0
114,1,板橋分局,没入攤架,0,0
114,1,海山分局,没入攤架,0,0
114,1,中和分局,没入攤架,0,0
114,1,永和分局,没入攤架,0,0
114,1,三重分局,没入攤架,0,0
114,1,新莊分局,没入攤架,0,0
114,1,土城分局,没入攤架,0,0
114,1,新店分局,没入攤架,0,0
114,1,蘆洲分局,没入攤架,0,0
114,1,三峽分局,没入攤架,0,0
114,1,樹林分局,没入攤架,0,0
114,1,汐止分局,没入攤架,0,0
114,1,淡水分局,没入攤架,0,0
114,1,瑞芳分局,没入攤架,0,0
114,1,金山分局,没入攤架,0,0
114,1,林口分局,没入攤架,0,0
114,1,總　　　計,拆除攤架,0,0
114,1,板橋分局,拆除攤架,0,0
114,1,海山分局,拆除攤架,0,0
114,1,中和分局,拆除攤架,0,0
114,1,永和分局,拆除攤架,0,0
114,1,三重分局,拆除攤架,0,0
114,1,新莊分局,拆除攤架,0,0
114,1,土城分局,拆除攤架,0,0
114,1,新店分局,拆除攤架,0,0
114,1,蘆洲分局,拆除攤架,0,0
114,1,三峽分局,拆除攤架,0,0
114,1,樹林分局,拆除攤架,0,0
114,1,汐止分局,拆除攤架,0,0
114,1,淡水分局,拆除攤架,0,0
114,1,瑞芳分局,拆除攤架,0,0
114,1,金山分局,拆除攤架,0,0
114,1,林口分局,拆除攤架,0,0
114,1,總　　　計,勸導,743,743
114,1,板橋分局,勸導,105,105
114,1,海山分局,勸導,25,25
114,1,中和分局,勸導,182,182
114,1,永和分局,勸導,0,0
114,1,三重分局,勸導,0,0
114,1,新莊分局,勸導,219,219
114,1,土城分局,勸導,36,36
114,1,新店分局,勸導,0,0
114,1,蘆洲分局,勸導,80,80
114,1,三峽分局,勸導,50,50
114,1,樹林分局,勸導,5,5
114,1,汐止分局,勸導,0,0
114,1,淡水分局,勸導,0,0
114,1,瑞芳分局,勸導,40,40
114,1,金山分局,勸導,1,1
114,1,林口分局,勸導,0,0
114,2,總　　　計,總計,2901,2901
114,2,板橋分局,總計,257,257
114,2,海山分局,總計,84,84
114,2,中和分局,總計,325,325
114,2,永和分局,總計,95,95
114,2,三重分局,總計,364,364
114,2,新莊分局,總計,612,612
114,2,土城分局,總計,125,125
114,2,新店分局,總計,414,414
114,2,蘆洲分局,總計,253,253
114,2,三峽分局,總計,133,133
114,2,樹林分局,總計,64,64
114,2,汐止分局,總計,61,61
114,2,淡水分局,總計,28,28
114,2,瑞芳分局,總計,52,52
114,2,金山分局,總計,3,3
114,2,林口分局,總計,31,31
114,2,總　　　計,罰鍰,2156,2156
114,2,板橋分局,罰鍰,157,157
114,2,海山分局,罰鍰,74,74
114,2,中和分局,罰鍰,154,154
114,2,永和分局,罰鍰,95,95
114,2,三重分局,罰鍰,349,349
114,2,新莊分局,罰鍰,346,346
114,2,土城分局,罰鍰,120,120
114,2,新店分局,罰鍰,414,414
114,2,蘆洲分局,罰鍰,168,168
114,2,三峽分局,罰鍰,87,87
114,2,樹林分局,罰鍰,59,59
114,2,汐止分局,罰鍰,61,61
114,2,淡水分局,罰鍰,28,28
114,2,瑞芳分局,罰鍰,12,12
114,2,金山分局,罰鍰,1,1
114,2,林口分局,罰鍰,31,31
114,2,總　　　計,没入攤架,0,0
114,2,板橋分局,没入攤架,0,0
114,2,海山分局,没入攤架,0,0
114,2,中和分局,没入攤架,0,0
114,2,永和分局,没入攤架,0,0
114,2,三重分局,没入攤架,0,0
114,2,新莊分局,没入攤架,0,0
114,2,土城分局,没入攤架,0,0
114,2,新店分局,没入攤架,0,0
114,2,蘆洲分局,没入攤架,0,0
114,2,三峽分局,没入攤架,0,0
114,2,樹林分局,没入攤架,0,0
114,2,汐止分局,没入攤架,0,0
114,2,淡水分局,没入攤架,0,0
114,2,瑞芳分局,没入攤架,0,0
114,2,金山分局,没入攤架,0,0
114,2,林口分局,没入攤架,0,0
114,2,總　　　計,拆除攤架,0,0
114,2,板橋分局,拆除攤架,0,0
114,2,海山分局,拆除攤架,0,0
114,2,中和分局,拆除攤架,0,0
114,2,永和分局,拆除攤架,0,0
114,2,三重分局,拆除攤架,0,0
114,2,新莊分局,拆除攤架,0,0
114,2,土城分局,拆除攤架,0,0
114,2,新店分局,拆除攤架,0,0
114,2,蘆洲分局,拆除攤架,0,0
114,2,三峽分局,拆除攤架,0,0
114,2,樹林分局,拆除攤架,0,0
114,2,汐止分局,拆除攤架,0,0
114,2,淡水分局,拆除攤架,0,0
114,2,瑞芳分局,拆除攤架,0,0
114,2,金山分局,拆除攤架,0,0
114,2,林口分局,拆除攤架,0,0
114,2,總　　　計,勸導,745,745
114,2,板橋分局,勸導,100,100
114,2,海山分局,勸導,10,10
114,2,中和分局,勸導,171,171
114,2,永和分局,勸導,0,0
114,2,三重分局,勸導,15,15
114,2,新莊分局,勸導,266,266
114,2,土城分局,勸導,5,5
114,2,新店分局,勸導,0,0
114,2,蘆洲分局,勸導,85,85
114,2,三峽分局,勸導,46,46
114,2,樹林分局,勸導,5,5
114,2,汐止分局,勸導,0,0
114,2,淡水分局,勸導,0,0
114,2,瑞芳分局,勸導,40,40
114,2,金山分局,勸導,2,2
114,2,林口分局,勸導,0,0
114,3,總　　　計,總計,2977,2977
114,3,板橋分局,總計,190,190
114,3,海山分局,總計,111,111
114,3,中和分局,總計,400,400
114,3,永和分局,總計,104,104
114,3,三重分局,總計,380,380
114,3,新莊分局,總計,516,516
114,3,土城分局,總計,140,140
114,3,新店分局,總計,504,504
114,3,蘆洲分局,總計,243,243
114,3,三峽分局,總計,147,147
114,3,樹林分局,總計,31,31
114,3,汐止分局,總計,63,63
114,3,淡水分局,總計,31,31
114,3,瑞芳分局,總計,83,83
114,3,金山分局,總計,2,2
114,3,林口分局,總計,32,32
114,3,總　　　計,罰鍰,2239,2239
114,3,板橋分局,罰鍰,106,106
114,3,海山分局,罰鍰,103,103
114,3,中和分局,罰鍰,197,197
114,3,永和分局,罰鍰,104,104
114,3,三重分局,罰鍰,366,366
114,3,新莊分局,罰鍰,270,270
114,3,土城分局,罰鍰,130,130
114,3,新店分局,罰鍰,504,504
114,3,蘆洲分局,罰鍰,166,166
114,3,三峽分局,罰鍰,98,98
114,3,樹林分局,罰鍰,26,26
114,3,汐止分局,罰鍰,63,63
114,3,淡水分局,罰鍰,31,31
114,3,瑞芳分局,罰鍰,43,43
114,3,金山分局,罰鍰,0,0
114,3,林口分局,罰鍰,32,32
114,3,總　　　計,没入攤架,0,0
114,3,板橋分局,没入攤架,0,0
114,3,海山分局,没入攤架,0,0
114,3,中和分局,没入攤架,0,0
114,3,永和分局,没入攤架,0,0
114,3,三重分局,没入攤架,0,0
114,3,新莊分局,没入攤架,0,0
114,3,土城分局,没入攤架,0,0
114,3,新店分局,没入攤架,0,0
114,3,蘆洲分局,没入攤架,0,0
114,3,三峽分局,没入攤架,0,0
114,3,樹林分局,没入攤架,0,0
114,3,汐止分局,没入攤架,0,0
114,3,淡水分局,没入攤架,0,0
114,3,瑞芳分局,没入攤架,0,0
114,3,金山分局,没入攤架,0,0
114,3,林口分局,没入攤架,0,0
114,3,總　　　計,拆除攤架,0,0
114,3,板橋分局,拆除攤架,0,0
114,3,海山分局,拆除攤架,0,0
114,3,中和分局,拆除攤架,0,0
114,3,永和分局,拆除攤架,0,0
114,3,三重分局,拆除攤架,0,0
114,3,新莊分局,拆除攤架,0,0
114,3,土城分局,拆除攤架,0,0
114,3,新店分局,拆除攤架,0,0
114,3,蘆洲分局,拆除攤架,0,0
114,3,三峽分局,拆除攤架,0,0
114,3,樹林分局,拆除攤架,0,0
114,3,汐止分局,拆除攤架,0,0
114,3,淡水分局,拆除攤架,0,0
114,3,瑞芳分局,拆除攤架,0,0
114,3,金山分局,拆除攤架,0,0
114,3,林口分局,拆除攤架,0,0
114,3,總　　　計,勸導,738,738
114,3,板橋分局,勸導,84,84
114,3,海山分局,勸導,8,8
114,3,中和分局,勸導,203,203
114,3,永和分局,勸導,0,0
114,3,三重分局,勸導,14,14
114,3,新莊分局,勸導,246,246
114,3,土城分局,勸導,10,10
114,3,新店分局,勸導,0,0
114,3,蘆洲分局,勸導,77,77
114,3,三峽分局,勸導,49,49
114,3,樹林分局,勸導,5,5
114,3,汐止分局,勸導,0,0
114,3,淡水分局,勸導,0,0
114,3,瑞芳分局,勸導,40,40
114,3,金山分局,勸導,2,2
114,3,林口分局,勸導,0,0
114,4,總　　　計,總計,3033,3033
114,4,板橋分局,總計,235,235
114,4,海山分局,總計,91,91
114,4,中和分局,總計,372,372
114,4,永和分局,總計,114,114
114,4,三重分局,總計,502,502
114,4,新莊分局,總計,505,505
114,4,土城分局,總計,138,138
114,4,新店分局,總計,391,391
114,4,蘆洲分局,總計,334,334
114,4,三峽分局,總計,99,99
114,4,樹林分局,總計,50,50
114,4,汐止分局,總計,52,52
114,4,淡水分局,總計,54,54
114,4,瑞芳分局,總計,67,67
114,4,金山分局,總計,5,5
114,4,林口分局,總計,24,24
114,4,總　　　計,罰鍰,2304,2304
114,4,板橋分局,罰鍰,140,140
114,4,海山分局,罰鍰,83,83
114,4,中和分局,罰鍰,184,184
114,4,永和分局,罰鍰,114,114
114,4,三重分局,罰鍰,489,489
114,4,新莊分局,罰鍰,267,267
114,4,土城分局,罰鍰,123,123
114,4,新店分局,罰鍰,391,391
114,4,蘆洲分局,罰鍰,250,250
114,4,三峽分局,罰鍰,56,56
114,4,樹林分局,罰鍰,45,45
114,4,汐止分局,罰鍰,52,52
114,4,淡水分局,罰鍰,54,54
114,4,瑞芳分局,罰鍰,27,27
114,4,金山分局,罰鍰,5,5
114,4,林口分局,罰鍰,24,24
114,4,總　　　計,没入攤架,0,0
114,4,板橋分局,没入攤架,0,0
114,4,海山分局,没入攤架,0,0
114,4,中和分局,没入攤架,0,0
114,4,永和分局,没入攤架,0,0
114,4,三重分局,没入攤架,0,0
114,4,新莊分局,没入攤架,0,0
114,4,土城分局,没入攤架,0,0
114,4,新店分局,没入攤架,0,0
114,4,蘆洲分局,没入攤架,0,0
114,4,三峽分局,没入攤架,0,0
114,4,樹林分局,没入攤架,0,0
114,4,汐止分局,没入攤架,0,0
114,4,淡水分局,没入攤架,0,0
114,4,瑞芳分局,没入攤架,0,0
114,4,金山分局,没入攤架,0,0
114,4,林口分局,没入攤架,0,0
114,4,總　　　計,拆除攤架,0,0
114,4,板橋分局,拆除攤架,0,0
114,4,海山分局,拆除攤架,0,0
114,4,中和分局,拆除攤架,0,0
114,4,永和分局,拆除攤架,0,0
114,4,三重分局,拆除攤架,0,0
114,4,新莊分局,拆除攤架,0,0
114,4,土城分局,拆除攤架,0,0
114,4,新店分局,拆除攤架,0,0
114,4,蘆洲分局,拆除攤架,0,0
114,4,三峽分局,拆除攤架,0,0
114,4,樹林分局,拆除攤架,0,0
114,4,汐止分局,拆除攤架,0,0
114,4,淡水分局,拆除攤架,0,0
114,4,瑞芳分局,拆除攤架,0,0
114,4,金山分局,拆除攤架,0,0
114,4,林口分局,拆除攤架,0,0
114,4,總　　　計,勸導,729,729
114,4,板橋分局,勸導,95,95
114,4,海山分局,勸導,8,8
114,4,中和分局,勸導,188,188
114,4,永和分局,勸導,0,0
114,4,三重分局,勸導,13,13
114,4,新莊分局,勸導,238,238
114,4,土城分局,勸導,15,15
114,4,新店分局,勸導,0,0
114,4,蘆洲分局,勸導,84,84
114,4,三峽分局,勸導,43,43
114,4,樹林分局,勸導,5,5
114,4,汐止分局,勸導,0,0
114,4,淡水分局,勸導,0,0
114,4,瑞芳分局,勸導,40,40
114,4,金山分局,勸導,0,0
114,4,林口分局,勸導,0,0
114,5,總　　　計,總計,2938,2938
114,5,板橋分局,總計,264,264
114,5,海山分局,總計,97,97
114,5,中和分局,總計,297,297
114,5,永和分局,總計,114,114
114,5,三重分局,總計,511,511
114,5,新莊分局,總計,498,498
114,5,土城分局,總計,191,191
114,5,新店分局,總計,313,313
114,5,蘆洲分局,總計,275,275
114,5,三峽分局,總計,95,95
114,5,樹林分局,總計,31,31
114,5,汐止分局,總計,66,66
114,5,淡水分局,總計,63,63
114,5,瑞芳分局,總計,79,79
114,5,金山分局,總計,11,11
114,5,林口分局,總計,33,33
114,5,總　　　計,罰鍰,2260,2260
114,5,板橋分局,罰鍰,163,163
114,5,海山分局,罰鍰,90,90
114,5,中和分局,罰鍰,155,155
114,5,永和分局,罰鍰,114,114
114,5,三重分局,罰鍰,496,496
114,5,新莊分局,罰鍰,281,281
114,5,土城分局,罰鍰,173,173
114,5,新店分局,罰鍰,313,313
114,5,蘆洲分局,罰鍰,190,190
114,5,三峽分局,罰鍰,47,47
114,5,樹林分局,罰鍰,26,26
114,5,汐止分局,罰鍰,66,66
114,5,淡水分局,罰鍰,63,63
114,5,瑞芳分局,罰鍰,39,39
114,5,金山分局,罰鍰,11,11
114,5,林口分局,罰鍰,33,33
114,5,總　　　計,没入攤架,0,0
114,5,板橋分局,没入攤架,0,0
114,5,海山分局,没入攤架,0,0
114,5,中和分局,没入攤架,0,0
114,5,永和分局,没入攤架,0,0
114,5,三重分局,没入攤架,0,0
114,5,新莊分局,没入攤架,0,0
114,5,土城分局,没入攤架,0,0
114,5,新店分局,没入攤架,0,0
114,5,蘆洲分局,没入攤架,0,0
114,5,三峽分局,没入攤架,0,0
114,5,樹林分局,没入攤架,0,0
114,5,汐止分局,没入攤架,0,0
114,5,淡水分局,没入攤架,0,0
114,5,瑞芳分局,没入攤架,0,0
114,5,金山分局,没入攤架,0,0
114,5,林口分局,没入攤架,0,0
114,5,總　　　計,拆除攤架,0,0
114,5,板橋分局,拆除攤架,0,0
114,5,海山分局,拆除攤架,0,0
114,5,中和分局,拆除攤架,0,0
114,5,永和分局,拆除攤架,0,0
114,5,三重分局,拆除攤架,0,0
114,5,新莊分局,拆除攤架,0,0
114,5,土城分局,拆除攤架,0,0
114,5,新店分局,拆除攤架,0,0
114,5,蘆洲分局,拆除攤架,0,0
114,5,三峽分局,拆除攤架,0,0
114,5,樹林分局,拆除攤架,0,0
114,5,汐止分局,拆除攤架,0,0
114,5,淡水分局,拆除攤架,0,0
114,5,瑞芳分局,拆除攤架,0,0
114,5,金山分局,拆除攤架,0,0
114,5,林口分局,拆除攤架,0,0
114,5,總　　　計,勸導,678,678
114,5,板橋分局,勸導,101,101
114,5,海山分局,勸導,7,7
114,5,中和分局,勸導,142,142
114,5,永和分局,勸導,0,0
114,5,三重分局,勸導,15,15
114,5,新莊分局,勸導,217,217
114,5,土城分局,勸導,18,18
114,5,新店分局,勸導,0,0
114,5,蘆洲分局,勸導,85,85
114,5,三峽分局,勸導,48,48
114,5,樹林分局,勸導,5,5
114,5,汐止分局,勸導,0,0
114,5,淡水分局,勸導,0,0
114,5,瑞芳分局,勸導,40,40
114,5,金山分局,勸導,0,0
114,5,林口分局,勸導,0,0
114,6,總　　　計,總計,3276,3276
114,6,板橋分局,總計,389,389
114,6,海山分局,總計,113,113
114,6,中和分局,總計,405,405
114,6,永和分局,總計,117,117
114,6,三重分局,總計,481,481
114,6,新莊分局,總計,532,532
114,6,土城分局,總計,259,259
114,6,新店分局,總計,361,361
114,6,蘆洲分局,總計,291,291
114,6,三峽分局,總計,88,88
114,6,樹林分局,總計,45,45
114,6,汐止分局,總計,62,62
114,6,淡水分局,總計,41,41
114,6,瑞芳分局,總計,52,52
114,6,金山分局,總計,5,5
114,6,林口分局,總計,35,35
114,6,總　　　計,罰鍰,2444,2444
114,6,板橋分局,罰鍰,216,216
114,6,海山分局,罰鍰,105,105
114,6,中和分局,罰鍰,192,192
114,6,永和分局,罰鍰,117,117
114,6,三重分局,罰鍰,468,468
114,6,新莊分局,罰鍰,301,301
114,6,土城分局,罰鍰,234,234
114,6,新店分局,罰鍰,361,361
114,6,蘆洲分局,罰鍰,214,214
114,6,三峽分局,罰鍰,42,42
114,6,樹林分局,罰鍰,40,40
114,6,汐止分局,罰鍰,62,62
114,6,淡水分局,罰鍰,41,41
114,6,瑞芳分局,罰鍰,12,12
114,6,金山分局,罰鍰,4,4
114,6,林口分局,罰鍰,35,35
114,6,總　　　計,没入攤架,0,0
114,6,板橋分局,没入攤架,0,0
114,6,海山分局,没入攤架,0,0
114,6,中和分局,没入攤架,0,0
114,6,永和分局,没入攤架,0,0
114,6,三重分局,没入攤架,0,0
114,6,新莊分局,没入攤架,0,0
114,6,土城分局,没入攤架,0,0
114,6,新店分局,没入攤架,0,0
114,6,蘆洲分局,没入攤架,0,0
114,6,三峽分局,没入攤架,0,0
114,6,樹林分局,没入攤架,0,0
114,6,汐止分局,没入攤架,0,0
114,6,淡水分局,没入攤架,0,0
114,6,瑞芳分局,没入攤架,0,0
114,6,金山分局,没入攤架,0,0
114,6,林口分局,没入攤架,0,0
114,6,總　　　計,拆除攤架,0,0
114,6,板橋分局,拆除攤架,0,0
114,6,海山分局,拆除攤架,0,0
114,6,中和分局,拆除攤架,0,0
114,6,永和分局,拆除攤架,0,0
114,6,三重分局,拆除攤架,0,0
114,6,新莊分局,拆除攤架,0,0
114,6,土城分局,拆除攤架,0,0
114,6,新店分局,拆除攤架,0,0
114,6,蘆洲分局,拆除攤架,0,0
114,6,三峽分局,拆除攤架,0,0
114,6,樹林分局,拆除攤架,0,0
114,6,汐止分局,拆除攤架,0,0
114,6,淡水分局,拆除攤架,0,0
114,6,瑞芳分局,拆除攤架,0,0
114,6,金山分局,拆除攤架,0,0
114,6,林口分局,拆除攤架,0,0
114,6,總　　　計,勸導,832,832
114,6,板橋分局,勸導,173,173
114,6,海山分局,勸導,8,8
114,6,中和分局,勸導,213,213
114,6,永和分局,勸導,0,0
114,6,三重分局,勸導,13,13
114,6,新莊分局,勸導,231,231
114,6,土城分局,勸導,25,25
114,6,新店分局,勸導,0,0
114,6,蘆洲分局,勸導,77,77
114,6,三峽分局,勸導,46,46
114,6,樹林分局,勸導,5,5
114,6,汐止分局,勸導,0,0
114,6,淡水分局,勸導,0,0
114,6,瑞芳分局,勸導,40,40
114,6,金山分局,勸導,1,1
114,6,林口分局,勸導,0,0
114,7,總　　　計,總計,3187,3187
114,7,板橋分局,總計,324,324
114,7,海山分局,總計,71,71
114,7,中和分局,總計,426,426
114,7,永和分局,總計,101,101
114,7,三重分局,總計,621,621
114,7,新莊分局,總計,442,442
114,7,土城分局,總計,152,152
114,7,新店分局,總計,373,373
114,7,蘆洲分局,總計,342,342
114,7,三峽分局,總計,88,88
114,7,樹林分局,總計,24,24
114,7,汐止分局,總計,81,81
114,7,淡水分局,總計,50,50
114,7,瑞芳分局,總計,58,58
114,7,金山分局,總計,2,2
114,7,林口分局,總計,32,32
114,7,總　　　計,罰鍰,2386,2386
114,7,板橋分局,罰鍰,203,203
114,7,海山分局,罰鍰,56,56
114,7,中和分局,罰鍰,202,202
114,7,永和分局,罰鍰,101,101
114,7,三重分局,罰鍰,621,621
114,7,新莊分局,罰鍰,232,232
114,7,土城分局,罰鍰,122,122
114,7,新店分局,罰鍰,373,373
114,7,蘆洲分局,罰鍰,235,235
114,7,三峽分局,罰鍰,40,40
114,7,樹林分局,罰鍰,19,19
114,7,汐止分局,罰鍰,81,81
114,7,淡水分局,罰鍰,50,50
114,7,瑞芳分局,罰鍰,18,18
114,7,金山分局,罰鍰,1,1
114,7,林口分局,罰鍰,32,32
114,7,總　　　計,没入攤架,0,0
114,7,板橋分局,没入攤架,0,0
114,7,海山分局,没入攤架,0,0
114,7,中和分局,没入攤架,0,0
114,7,永和分局,没入攤架,0,0
114,7,三重分局,没入攤架,0,0
114,7,新莊分局,没入攤架,0,0
114,7,土城分局,没入攤架,0,0
114,7,新店分局,没入攤架,0,0
114,7,蘆洲分局,没入攤架,0,0
114,7,三峽分局,没入攤架,0,0
114,7,樹林分局,没入攤架,0,0
114,7,汐止分局,没入攤架,0,0
114,7,淡水分局,没入攤架,0,0
114,7,瑞芳分局,没入攤架,0,0
114,7,金山分局,没入攤架,0,0
114,7,林口分局,没入攤架,0,0
114,7,總　　　計,拆除攤架,0,0
114,7,板橋分局,拆除攤架,0,0
114,7,海山分局,拆除攤架,0,0
114,7,中和分局,拆除攤架,0,0
114,7,永和分局,拆除攤架,0,0
114,7,三重分局,拆除攤架,0,0
114,7,新莊分局,拆除攤架,0,0
114,7,土城分局,拆除攤架,0,0
114,7,新店分局,拆除攤架,0,0
114,7,蘆洲分局,拆除攤架,0,0
114,7,三峽分局,拆除攤架,0,0
114,7,樹林分局,拆除攤架,0,0
114,7,汐止分局,拆除攤架,0,0
114,7,淡水分局,拆除攤架,0,0
114,7,瑞芳分局,拆除攤架,0,0
114,7,金山分局,拆除攤架,0,0
114,7,林口分局,拆除攤架,0,0
114,7,總　　　計,勸導,801,801
114,7,板橋分局,勸導,121,121
114,7,海山分局,勸導,15,15
114,7,中和分局,勸導,224,224
114,7,永和分局,勸導,0,0
114,7,三重分局,勸導,0,0
114,7,新莊分局,勸導,210,210
114,7,土城分局,勸導,30,30
114,7,新店分局,勸導,0,0
114,7,蘆洲分局,勸導,107,107
114,7,三峽分局,勸導,48,48
114,7,樹林分局,勸導,5,5
114,7,汐止分局,勸導,0,0
114,7,淡水分局,勸導,0,0
114,7,瑞芳分局,勸導,40,40
114,7,金山分局,勸導,1,1
114,7,林口分局,勸導,0,0
114,8,總　　　計,總計,2974,2974
114,8,板橋分局,總計,267,267
114,8,海山分局,總計,89,89
114,8,中和分局,總計,346,346
114,8,永和分局,總計,126,126
114,8,三重分局,總計,426,426
114,8,新莊分局,總計,532,532
114,8,土城分局,總計,224,224
114,8,新店分局,總計,302,302
114,8,蘆洲分局,總計,319,319
114,8,三峽分局,總計,102,102
114,8,樹林分局,總計,27,27
114,8,汐止分局,總計,67,67
114,8,淡水分局,總計,76,76
114,8,瑞芳分局,總計,44,44
114,8,金山分局,總計,2,2
114,8,林口分局,總計,25,25
114,8,總　　　計,罰鍰,2231,2231
114,8,板橋分局,罰鍰,162,162
114,8,海山分局,罰鍰,64,64
114,8,中和分局,罰鍰,164,164
114,8,永和分局,罰鍰,126,126
114,8,三重分局,罰鍰,426,426
114,8,新莊分局,罰鍰,313,313
114,8,土城分局,罰鍰,188,188
114,8,新店分局,罰鍰,302,302
114,8,蘆洲分局,罰鍰,239,239
114,8,三峽分局,罰鍰,52,52
114,8,樹林分局,罰鍰,22,22
114,8,汐止分局,罰鍰,67,67
114,8,淡水分局,罰鍰,76,76
114,8,瑞芳分局,罰鍰,4,4
114,8,金山分局,罰鍰,1,1
114,8,林口分局,罰鍰,25,25
114,8,總　　　計,没入攤架,0,0
114,8,板橋分局,没入攤架,0,0
114,8,海山分局,没入攤架,0,0
114,8,中和分局,没入攤架,0,0
114,8,永和分局,没入攤架,0,0
114,8,三重分局,没入攤架,0,0
114,8,新莊分局,没入攤架,0,0
114,8,土城分局,没入攤架,0,0
114,8,新店分局,没入攤架,0,0
114,8,蘆洲分局,没入攤架,0,0
114,8,三峽分局,没入攤架,0,0
114,8,樹林分局,没入攤架,0,0
114,8,汐止分局,没入攤架,0,0
114,8,淡水分局,没入攤架,0,0
114,8,瑞芳分局,没入攤架,0,0
114,8,金山分局,没入攤架,0,0
114,8,林口分局,没入攤架,0,0
114,8,總　　　計,拆除攤架,0,0
114,8,板橋分局,拆除攤架,0,0
114,8,海山分局,拆除攤架,0,0
114,8,中和分局,拆除攤架,0,0
114,8,永和分局,拆除攤架,0,0
114,8,三重分局,拆除攤架,0,0
114,8,新莊分局,拆除攤架,0,0
114,8,土城分局,拆除攤架,0,0
114,8,新店分局,拆除攤架,0,0
114,8,蘆洲分局,拆除攤架,0,0
114,8,三峽分局,拆除攤架,0,0
114,8,樹林分局,拆除攤架,0,0
114,8,汐止分局,拆除攤架,0,0
114,8,淡水分局,拆除攤架,0,0
114,8,瑞芳分局,拆除攤架,0,0
114,8,金山分局,拆除攤架,0,0
114,8,林口分局,拆除攤架,0,0
114,8,總　　　計,勸導,743,743
114,8,板橋分局,勸導,105,105
114,8,海山分局,勸導,25,25
114,8,中和分局,勸導,182,182
114,8,永和分局,勸導,0,0
114,8,三重分局,勸導,0,0
114,8,新莊分局,勸導,219,219
114,8,土城分局,勸導,36,36
114,8,新店分局,勸導,0,0
114,8,蘆洲分局,勸導,80,80
114,8,三峽分局,勸導,50,50
114,8,樹林分局,勸導,5,5
114,8,汐止分局,勸導,0,0
114,8,淡水分局,勸導,0,0
114,8,瑞芳分局,勸導,40,40
114,8,金山分局,勸導,1,1
114,8,林口分局,勸導,0,0
